from,to,date,rating,
p1,mb,01_09_25,1,
p1,jbp,01_09_25,2,
p1,wm,01_09_25,2,
p1,gn,01_09_25,2,
p1,lapd,01_09_25,1,
p1,pdc,01_09_25,1,
p1,cw,01_09_25,1,
p1,cc,01_09_25,2,
p1,cla,01_09_25,2,
p1,cny,01_09_25,2,
p1,cb,01_09_25,2,
p1,nguar,01_09_25,3,
p1,cr,01_09_25,3,
p1,le,01_09_25,3,
mb,cw,01_09_25,1,
mb,cr,01_09_25,1,
mb,le,01_09_25,1,
cw,cr,01_09_25,1,
lapd,le,01_09_25,1,
lapd,nguar,01_09_25,1,
jbp,cr,01_09_25,2,
wm,cr,01_09_25,2,
gn,cr,01_09_25,2,
cc,cr,01_09_25,2,
cla,cr,01_09_25,2,
cny,cr,01_09_25,2,
cb,cr,01_09_25,2,
,,,,
p2,rkjr,01_09_25,3,
p2,pf,01_09_25,3,
p2,dc,01_09_25,3,
p2,cdc,01_09_25,2,
p2,ows,01_09_25,3,
p2,tp,01_09_25,3,
p2,me,01_09_25,3,
p2,caaa,01_09_25	,3,
p2,js,01_09_25	,3,
pf,me,01_09_25,3,
pf,cdc,01_09_25,2,
dc,me,01_09_25,3,
dc,cdc,01_09_25,2,
cdc,js,01_09_25,2,
cdc,rkjr,01_09_25,3,
ows,caaa,01_09_25,3,
ows,dc,01_09_25,3,
tp,caaa,01_09_25,1,
,,,,
p3,i,01_09_25,2,
p3,russi,01_09_25,3,
p3,us,01_09_25,3,
p3,t,01_09_25,3,
p3,pair,01_09_25,3,
p3,nas,01_09_25,3,
i,us,01_09_25,2,
i,russi,01_09_25,3,
us,russi,01_09_25,3,
i,t,01_09_25,2,
us,t,01_09_25,2,
i,pair,01_09_25,2,
i,nas,01_09_25,2,
russi,pair,01_09_25,2,
russi,nas,01_09_25,2,
,,,,
p4,rg,01_09_25,1,
p4,us,01_09_25,3,
p4,ny,01_09_25,3,
p4,pmf,01_09_25,3,
p4,caaa,01_09_25	,3,
rg,us,01_09_25,1,
rg,ny,01_09_25,1,
us,ny,01_09_25,3,
rg,pmf,01_09_25,3,
rg,caaa,01_09_25,1,
us,caaa,01_09_25,1,
cny,caaa,01_09_25,,
,,,,
p5,cc,02_09_25,2,
p5,jbp,02_09_25,3,
p5,cw,02_09_25,1,
p5,cr,02_09_25,3,
cc,cr,02_09_25,1,
jbp,cc,02_09_25,2,
cc,cw,02_09_25,2,
jbp,cr,02_09_25,2,
cw,cr,02_09_25,1,
,,,,
p6,cc,02_09_25,2,
p6,cr,02_09_25,3,
cc,cr,02_09_25,2,
,,,,
p7,usdod,02_09_25,3,
p7,ussc,02_09_25,1,
p7,hv,02_09_25,1,
p7,ab,02_09_25,1,
ussc,hv,02_09_25,1,
hv,ab,02_09_25,1,
ussc,ab,02_09_25,1,
,,,,
p8,usdod,02_09_25,1,
p8,cr,02_09_25,3,
p8,nas,02_09_25,3,
p8,umf,02_09_25,1,
p8,usc,02_09_25,1,
p8,tda,02_09_25,2,
p8,nm,02_09_25,2,
p8,us,02_09_25,3,
p8,wh,02_09_25,3,
umf,usc,02_09_25,1,
umf,tda,02_09_25,2,
usc,tda,02_09_25,2,
tda,nm,02_09_25,2,
umf,us,02_09_25,1,
tda,us,02_09_25,2,
tda,wh,02_09_25,2,
umf,nas,02_09_25,1,
umf,cr,02_09_25,1,
umf,usdod,02_09_25,1,
usc,usdod,02_09_25,1,
usc,nas,02_09_25,1,
usc,cr,02_09_25,1,
tda,nas,02_09_25,2,
tda,cr,02_09_25,2,
nm,cr,02_09_25,2,
us ,nas,02_09_25,3,
wh,nas,02_09_25,3,
,,,,
p9,pair,02_09_25,3,
p9,pa ,02_09_25,3,
p9,nas,02_09_25,3,
p9,xi,02_09_25,2,
p9,chi,02_09_25,2,
p9,vp,02_09_25,2,
p9,kju,02_09_25,2,
p9,us,02_09_25,1,
p9,amer,02_09_25,1,
us,chi,02_09_25,1,
us,amer,02_09_25,1,
amer,chi,02_09_25,1,
us,vp,02_09_25,2,
us,kju,02_09_25,2,
xi,chi,02_09_25,3,
xi,amer,02_09_25,3,
chi,amer,02_09_25,3,
xi,pair,02_09_25,3,
chi,pair,02_09_25,1,
vp,pa,02_09_25,2,
kju,pa,02_09_25,2,
us,pair,02_09_25,2,
us,nas,02_09_25,1,
amer,nas,02_09_25,1,
,,,,
p10,gaz,03_09_25,3,
p10,isr,03_09_25,3,
p10,hama,03_09_25,2,
p10,host,03_09_25,1,
hama,host,03_09_25,2,
hama,gaz,03_09_25,2,
hama,isr,03_09_25,2,
host,isr,03_09_25,1,
host,gaz,03_09_25,1,
,,,,
p11,pa,03_09_25,3,
p11,rod,03_09_25,2,
rod,pa,03_09_25,2,
,,,,
p12,cr,04_09_25,3,
p12,le,04_09_25,3,
p12,mc,04_09_25,2,
p12,goi,04_09_25,2,
p12,cc,04_09_25,2,
mc,cc,04_09_25,2,
goi,cc,04_09_25,2,
mc,le,04_09_25,2,
mc,cr,04_09_25,2,
goi,le,04_09_25,2,
goi,cr,04_09_25,2,
cc,cr,04_09_25,2,
,,,,
p13,pair,05_09_25,3,
p13,i,05_09_25,2,
p13,russi,05_09_25,2,
p13,chi,05_09_25,2,
i,chi,05_09_25,3,
russi,chi,05_09_25,3,
i,russi,05_09_25,3,
i,pair,05_09_25,3,
russi,pair,05_09_25,3,
chi,pair,05_09_25,3,
,,,,
p14,pa,05_09_25,3,
p14,lp,05_09_25,3,
p14,js,05_09_25,3,
p14,jn,05_09_25,2,
p14,np,05_09_25,2,
p14,uc,05_09_25,2,
p14,cw,05_09_25,1,
jn,np,05_09_25,3,
jn,uc,05_09_25,3,
jn,cw,05_09_25,2,
jn,pa,05_09_25,2,
jn,lp,05_09_25,2,
np,pa,05_09_25,2,
np,lp,05_09_25,2,
uc,lp,05_09_25,2,
uc,js,05_09_25,2,
cw,js,05_09_25,1,
,,,,
p15,pa,05_09_25,3,
p15,rl,05_09_25,3,
p15,d,05_09_25,3,
p15,js,05_09_25,3,
p15,je,05_09_25,3,
p15,epsti,05_09_25,3,
p15,vic,05_09_25,2,
p15,uc,05_09_25,3,
p15,russi,05_09_25,2,
p15,bida,05_09_25,2,
p15,democ,05_09_25,2,
p15,rep,05_09_25,1,
p15,doj,05_09_25,1,
democ,je,05_09_25,2,
democ,epsti,05_09_25,2,
democ,vic,05_09_25,2,
democ,uc,05_09_25,2,
democ,russi,05_09_25,2,
democ,bida,05_09_25,2,
je,pa,05_09_25,3,
epsti,pa,05_09_25,3,
vic,js,05_09_25,2,
uc,js,05_09_25,2,
russi,rl,05_09_25,2,
bida,rl,05_09_25,2,
democ,d,05_09_25,2,
democ,pa,05_09_25,2,
democ,rl,05_09_25,2,
rep,d,05_09_25,1,
doj,js,05_09_25,1,
,,,,
p16,if,05_09_25,3,
p16,iv,05_09_25,3,
p16,pa,05_09_25,3,
p16,jp,05_09_25,2,
jp,if,05_09_25,2,
jp,iv,05_09_25,2,
jp,pa,05_09_25,2,
,,,,
p17,iv,05_09_25,3,
p17,if,05_09_25,3,
p17,ta,05_09_25,3,
p17,caaa,05_09_25,3,
p17,goog,05_09_25,3,
p17,appl,05_09_25,3,
p17,amtc,05_09_25,3,
p17,atp,05_09_25,3,
p17,tan,05_09_25,1,
p17,euro,05_09_25,2,
p17,us,05_09_25,1,
euro,goog,05_09_25,3,
euro,appl,05_09_25,3,
tan,amtc,05_09_25,1,
tan,atp,05_09_25,1,
tan,goog,05_09_25,1,
tan,appl,05_09_25,1,
tan,euro,05_09_25,2,
tan,us,05_09_25,1,
goog,iv,05_09_25,3,
goog,ta,05_09_25,2,
goog,if,05_09_25,3,
goog,caaa,05_09_25,3,
appl,iv,05_09_25,3,
appl,ta,05_09_25,2,
appl,if,05_09_25,3,
appl,caaa,05_09_25,3,
amtc,iv,05_09_25,1,
amtc,caaa,05_09_25,1,
atp,iv,05_09_25,3,
atp,ta,05_09_25,2,
tan,iv,05_09_25,1,
tan,caaa,05_09_25,1,
euro,iv,05_09_25,2,
euro,ta,05_09_25,2,
euro,caaa,05_09_25,2,
us,iv,05_09_25,1,
us,caaa,05_09_25,1,
,,,,
,,,,
p18,euroun,05_09_25,2,
p18,goog,05_09_25,3,
p18,ac,05_09_25,3,
p18,ic,05_09_25,3,
euroun,goog,05_09_25,2,
euroun,ac,05_09_25,2,
goog,ac,05_09_25,3,
goog,ic,05_09_25,2,
euroun,ic,05_09_25,2,
ac,ic,05_09_25,3,
,,,,
p19,demo,05_09_25,2,
p19,d ,05_09_25,3,
p19,pa,05_09_25,3,
demo,d,05_09_25,2,
demo,pa,05_09_25,2,
,,,,
p20,ah,05_09_25,1,
p20,uss,05_09_25,3,
p20,iw,05_09_25,3,
p20,us ,05_09_25,1,
p20,suc,05_09_25,3,
ah,uss,05_09_25,1,
ah,iw,05_09_25,1,
ah,us,05_09_25,1,
ah,suc,05_09_25,1,
uss,suc,05_09_25,1,
iw,suc,05_09_25,1,
us,suc,05_09_25,1,
,,,,
p21,count,07_09_25,2,
p21,poli,07_09_25,2,
p21,windt,07_09_25,2,
p21,pop,07_09_25,3,
p21,wt,07_09_25,3,
windt,count,07_09_25,2,
windt,poli,07_09_25,2,
windt,pop,07_09_25,2,
count,wt,07_09_25,2,
poli,wt,07_09_25,2,
windt,wt,07_09_25,2,
pop,wt,07_09_25,3,
,,,,
p22,israe,07_09_25,3,
p22,hama,07_09_25,2,
p22,pair,07_09_25,3,
israe,ham,07_09_25,2,
israe,pair,07_09_25,1,
hama,pair,07_09_25,2,
,,,,
p23,hy,07_09_25,3,
p23,us,07_09_25,1,
p23,fc,07_09_25,3,
p23,amw,07_09_25,3,
p23,iv,07_09_25,3,
hy,us,07_09_25,1,
hy,amw,07_09_25,1,
fc,us,07_09_25,1,
fc,amw,07_09_25,1,
hy,iv,07_09_25,3,
us,iv,07_09_25,1,
fc,iv,07_09_25,3,
amw,iv,07_09_25,1,
,,,,
p24,jb,08_09_25,2,
p24,russi,08_09_25,2,
p24,pe,08_09_25,2,
p24,ef,08_09_25,3,
jb,pe,08_09_25,2,
russi,pe,08_09_25,2,
jb,ef,08_09_25,2,
russi,ef,08_09_25,2,
pe,ef,08_09_25,2,
,,,,
p25,th,08_09_25,2,
p25,wp,08_09_25,1,
p25,aaw,08_09_25,2,
p25,oas,08_09_25,2,
p25,aa ,08_09_25,3,
wp,th,08_09_25,2,
th,aa ,08_09_25,2,
wp,aa ,08_09_25,1,
aaw,aa ,08_09_25,2,
oas,aa ,08_09_25,2,
,,,,
p26,cw,08_09_25,1,
p26,nas,08_09_25,3,
cw,nas,08_09_25,1,
,,,,
p27,jbp,08_09_25,2,
p27,cc,08_09_25,3,
p27,illi,08_09_25,1,
p27,crim,08_09_25,2,
p27,fg,08_09_25,3,
p27,le,08_09_25,3,
cc,crim,08_09_25,2,
illi,crim,08_09_25,2,
jbp,le,08_09_25,2,
cc,le,08_09_25,1,
illi,le,08_09_25,1,
crim,le,08_09_25,2,
fg,le,08_09_25,3,
,,,,
p28,mar,08_09_25,1,
p28,rb,08_09_25,3,
mar,rb,08_09_25,1,
,,,,
p29,demo,08_09_25,2,
p29,us,08_09_25,1,
p29,pa,08_09_25,3,
p29,d  ,08_09_25,3,
demo,us,08_09_25,2,
demo,pa,08_09_25,2,
demo,d,08_09_25,2,
us,pa,08_09_25,3,
us,d  ,08_09_25,2,
,,,,
p30,gc,08_09_25,1,
p30,ccw,08_09_25,1,
p30,us,08_09_25,1,
p30,cr,08_09_25,3,
p30,boo,08_09_25,3,
gc,us,08_09_25,1,
ccw,us,08_09_25,1,
gc,cr,08_09_25,2,
gc,boo,08_09_25,1,
ccw,cr,08_09_25,2,
us,cr,08_09_25,1,
,,,,
p31,ur,08_09_25,1,
p31,rc,08_09_25,2,
p31,mw,08_09_25,1,
p31,perp,08_09_25,2,
p31,demo,08_09_25,2,
p31,mainme,08_09_25,2,
p31,norc,08_09_25,1,
p31,rep,08_09_25,1,
p31,uss,08_09_25,3,
p31,le,08_09_25,3,
p31,cr,08_09_25,3,
p31,pa,08_09_25,3,
perp,ur,08_09_25,2,
demo,perp,08_09_25,2,
mw,uss,08_09_25,1,
ur,pa,08_09_25,1,
rc,pa,08_09_25,2,
mw,le,08_09_25,1,
perp,cr,08_09_25,2,
demo,pa,08_09_25,2,
mainme,pa,08_09_25,2,
norc,le,08_09_25,1,
rep,le,08_09_25,1,
uss,le,08_09_25,3,
,,,,
p32,nb,08_09_25,1,
p32,sfers,08_09_25,1,
p32,ssh,08_09_25,2,
p32,fball,08_09_25,3,
nb,sfers,08_09_25,1,
sfers,ssh,08_09_25,2,
nb,fball,08_09_25,1,
sfers,fball,08_09_25,1,
ssh,fball,08_09_25,2,
,,,,
p33,us,08_09_25,1,
p33,rb,08_09_25,3,
us,rb,08_09_25,1,
,,,,
p34,us,09_09_25,1,
p34,isr,09_09_25,3,
p34,hama,09_09_25,2,
p34,qat,09_09_25,1,
p34,bn,09_09_25,3,
p34,sw,09_09_25,1,
p34,mr,09_09_25,1,
p34,host,09_09_25,1,
p34,eoq,09_09_25,1,
p34,pmoc,09_09_25,1,
p34,pair,09_09_25,3,
p34,ham,09_09_25,3,
isr,ham,09_09_25,2,
isr,qat,09_09_25,3,
hama,qat,09_09_25,2,
host,ham,09_09_25,2,
qat,eoq,09_09_25,1,
qat,pmoc,09_09_25,1,
us,pair,09_09_25,1,
isr,pair,09_09_25,3,
hama,ham,09_09_25,2,
qat,pair,09_09_25,1,
bn,pair,09_09_25,3,
sw,pair,09_09_25,1,
mr,pair,09_09_25,1,
host,pair,09_09_25,1,
eoq,pair,09_09_25,1,
pmoc,pair,09_09_25,1,
,,,,
p35,et,09_09_25,1,
p35,soet,09_09_25,1,
p35,kh,09_09_25,2,
p35,us,09_09_25,1,
p35,hama,09_09_25,1,
p35,aeii,09_09_25,1,
p35,ham,09_09_25,3,
p35,nas,09_09_25,3,
p35,le,09_09_25,3,
p35,gaz,09_09_25,3,
kh,et,09_09_25,2,
hama,et,09_09_25,2,
aeii,et,09_09_25,1,
et,nas,09_09_25,1,
et,le,09_09_25,1,
et,gaz,09_09_25,1,
soet,nas,09_09_25,1,
kh,ham,09_09_25,2,
us,nas,09_09_25,1,
hama,ham,09_09_25,1,
aeii,le,09_09_25,1,
,,,,
p36,i,09_09_25,1,
p36,us,09_09_25,1,
p36,nm,09_09_25,1,
p36,t,09_09_25,3,
p36,pair,09_09_25,3,
i,us,09_09_25,1,
i,nm,09_09_25,1,
i,t,09_09_25,1,
i,pair,09_09_25,1,
us,t,09_09_25,1,
us,pair,09_09_25,1,
nm,pair,09_09_25,1,
,,,,
p37,mis,09_09_25,3,
p37,rep,09_09_25,1,
p37,missl,09_09_25,1,
p37,mse,09_09_25,1,
p37,suc,09_09_25,3,
p37,cf,09_09_25,3,
p37,o,09_09_25,3,
missl,mse,09_09_25,1,
missl,rep,09_09_25,1,
rep,mse,09_09_25,1,
mis,suc,09_09_25,1,
rep,suc,09_09_25,1,
missl,suc,09_09_25,1,
mse,suc,09_09_25,1,
,,,,
p38,perp,10_09_25,2,
p38,ur,10_09_25,1,
p38,mu,10_09_25,3,
p38,le,10_09_25,3,
p38,pa,10_09_25,3,
perp,ur,10_09_25,2,
ur,le,10_09_25,1,
perp,mu,10_09_25,2,
,,,,
p39,jp,10_09_25,2,
p39,if,10_09_25,3,
p39,iv,10_09_25,3,
p39,ta,10_09_25,3,
jp,if,10_09_25,2,
,,,,
p40,russi,10_09_25,2,
p40,pola,10_09_25,3,
p40,nas,10_09_25,3,
p40,b,10_09_25,3,
russi,pola,10_09_25,2,
russi,nas,10_09_25,2,
russi,b,10_09_25,2,
pola,nas,10_09_25,3,
,,,,
p41,ck,10_09_25,1,
p41,ack,10_09_25,3,
p41,rb,10_09_25,3,
ck,ack,10_09_25,1,
ck,rb,10_09_25,1,
,,,,
p42,ck,10_09_25,1,
p42,mt,10_09_25,1,
p42,ek,10_09_25,1,
p42,yotus,10_09_25,3,
p42,ack,10_09_25,3,
ck,yotus,10_09_25,1,
ck,ek,10_09_25,1,
mt,ek,10_09_25,1,
ck,ack,10_09_25,1,
mt,w,10_09_25,1,
ek,ack,10_09_25,1,
yotus,ack,10_09_25,1,
,,,,
p43,ck,10_09_25,1,
p43,us,10_09_25,3,
p43,ack,10_09_25,1,
ck,us,10_09_25,1,
ck,ack,10_09_25,1,
,,,,
p44,mh,11_09_25,1,
p44,fn,11_09_25,1,
p44,tva,11_09_25,3,
mh,fn,11_09_25,1,
mh,tva,11_09_25,1,
fn,tva,11_09_25,1,
,,,,
p45,ck,11_09_25,1,
p45,ack,11_09_25,3,
ck,ack,11_09_25,1,
,,,,
p46,us,11_09_25,1,
p46,amer,11_09_25,1,
p46,vir,11_09_25,3,
p46,ny,11_09_25,3,
p46,penn,11_09_25,3,
p46,nas,11_09_25,3,
amer,us,11_09_25,1,
vir,amer,11_09_25,1,
ny,amer,11_09_25,1,
penn,amer,11_09_25,1,
us,nas,11_09_25,1,
amer,nas,11_09_25,1,
vir,nas,11_09_25,1,
ny,nas,11_09_25,1,
penn,nas,11_09_25,1,
,,,,
p47,pent,11_09_25,3,
p47,cowor,11_09_25,1,
p47,potriv,11_09_25,3,
cowor,pent,11_09_25,1,
pent,hist,11_09_25,3,
cowor,hist,11_09_25,1,
,,,,
p48,rm,11_09_25,1,
p48,uss,11_09_25,1,
p48,usm,11_09_25,1,
p48,vet,11_09_25,1,
p48,kans,11_09_25,1,
p48,afarm,11_09_25,1,
p48,agri,11_09_25,1,
p48,suc,11_09_25,3,
p48,af ,11_09_25,3,
p48,ta,11_09_25,3,
p48,ep,11_09_25,3,
rm,uss,11_09_25,1,
rm,usm,11_09_25,1,
rm,vet,11_09_25,1,
rm,kans,11_09_25,1,
rm,afarm,11_09_25,1,
rm,agri,11_09_25,1,
rm,suc,11_09_25,1,
rm,af ,11_09_25,1,
rm,ta,11_09_25,1,
rm,ep,11_09_25,1,
uss,suc,11_09_25,1,
usm,af,11_09_25,1,
vet,af,11_09_25,1,
kans,suc,11_09_25,1,
afarm,af,11_09_25,1,
agri,af,11_09_25,1,
,,,,
p49,norc,11_09_25,1,
p49,tb,11_09_25,1,
p49,mw,11_09_25,1,
p49,ncr,11_09_25,1,
p49,js,11_09_25,3,
p49,rc,11_09_25,2,
p49,caaa,11_09_25,3,
p49,suc,11_09_25,3,
p49,o,11_09_25,3,
tb,mw,11_09_25,1,
tb,norc,11_09_25,1,
mw,norc,11_09_25,1,
norc,caaa,11_09_25,1,
tb,suc,11_09_25,1,
mw,suc,11_09_25,1,
ncr,suc,11_09_25,1,
js,caaa,11_09_25,3,
rc,o,11_09_25,2,
,,,,
p50,kans,11_09_25,1,
p50,rm,11_09_25,1,
p50,jm,11_09_25,1,
p50,rmoc,11_09_25,1,
p50,rsl,11_09_25,1,
p50,caaa,11_09_25,3,
p50,suc,11_09_25,3,
p50,af,11_09_25,3,
p50,af,11_09_25,3,
rm,kans,11_09_25,1,
jm,kans,11_09_25,1,
rm,jm,11_09_25,1,
kans,caaa,11_09_25,1,
rm,suc,11_09_25,1,
jm,suc,11_09_25,1,
rmoc,suc,11_09_25,1,
rsl,suc,11_09_25,1,
,,,,
p51,jt,11_09_25,1,
p51,swot,11_09_25,1,
p51,sd,11_09_25,1,
p51,posd,11_09_25,1,
p51,caaa,11_09_25,3,
p51,suc,11_09_25,3,
jt,swot,11_09_25,1,
jt,sd,11_09_25,1,
jt,posd,11_09_25,1,
swot,sd,11_09_25,1,
swot,posd,11_09_25,1,
sd,posd,11_09_25,1,
jt,caaa,11_09_25,1,
jt,suc,11_09_25,1,
swot,caaa,11_09_25,1,
sd,caaa,11_09_25,1,
posd,caaa,11_09_25,1,
,,,,
p52,rj,11_09_25,1,
p52,wisc,11_09_25,1,
p52,pow,11_09_25,1,
p52,caaa,11_09_25,3,
rj,wisc,11_09_25,1,
rj,pow,11_09_25,1,
wisc,pow,11_09_25,1,
rj,caaa,11_09_25,1,
wisc,caaa,11_09_25,1,
pow,caaa,11_09_25,1,
,,,,
p53,mis,12_09_25,1,
p53,mk,12_09_25,1,
p53,col,12_09_25,1,
p53,tl,12_09_25,1,
p53,cp,12_09_25,1,
p53,dd,12_09_25,1,
p53,missrl,12_09_25,1,
p53,suc,12_09_25,3,
p53,af,12_09_25,3,
mk,mis,12_09_25,1,
col,mis,12_09_25,1,
tl,mis,12_09_25,1,
cp,mis,12_09_25,1,
dd,mis,12_09_25,1,
mis,suc,12_09_25,1,
mk,suc,12_09_25,1,
col,suc,12_09_25,1,
tl,suc,12_09_25,1,
cp,suc,12_09_25,1,
dd,suc,12_09_25,1,
missrl,af,12_09_25,1,
,,,,
p54,nat,12_09_25,1,
p54,russi,12_09_25,2,
p54,ukra,12_09_25,2,
p54,chi,12_09_25,1,
p54,jb,12_09_25,2,
p54,vz,12_09_25,2,
p54,us,12_09_25,1,
p54,pair,12_09_25,3,
p54,pm,12_09_25,3,
p54,t,12_09_25,3,
nat,russi,12_09_25,2,
nat,ukra,12_09_25,2,
chi,russi,12_09_25,1,
russi,ukra,12_09_25,2,
nat,pair,12_09_25,1,
russi,pair,12_09_25,2,
ukra,pair,12_09_25,2,
chi,t,12_09_25,1,
jb,pm,12_09_25,2,
vz,pm,12_09_25,2,
us,pair,12_09_25,1,
,,,,
p55,ccurl,13_09_25,1,
p55,tngc,13_09_25,1,
p55,wc,13_09_25,1,
p55,gol,13_09_25,3,
ccurl,tngc,13_09_25,1,
ccurl,wc,13_09_25,1,
ccurl,gol,13_09_25,1,
tngc,gol,13_09_25,1,
wc,gol,13_09_25,1,
,,13_09_25,,
p56,memphi,13_09_25,2,
p56,cc,13_09_25,2,
p56,cla,13_09_25,2,
p56,cw,13_09_25,1,
p56,fbi,13_09_25,1,
p56,fg,13_09_25,1,
p56,cm,13_09_25,3,
fbi,memphi,13_09_25,1,
fg,memphi,13_09_25,1,
fbi,cc,13_09_25,1,
fg,cc,13_09_25,1,
fbi,cla,13_09_25,1,
fg,cla,13_09_25,1,
memphi,cm,13_09_25,2,
cc,cm,13_09_25,2,
cla,cm,13_09_25,2,
cw,cm,13_09_25,1,
fbi,cm,13_09_25,1,
fg,cm,13_09_25,1,
,,,,
p57,jc,14_09_25,1,
p57,medi,14_09_25,2,
p57,trum,14_09_25,1,
p57,mc,14_09_25,3,
p57,boo,14_09_25,3,
jc,trum,14_09_25,1,
jc,medi,14_09_25,1,
jc,boo,14_09_25,1,
medi,medi,14_09_25,2,
trum,medi,14_09_25,1,
,,,,
p58,fc,14_09_25,1,
p58,us,14_09_25,1,
p58,iv,14_09_25,3,
p58,ic,14_09_25,3,
fc,us,14_09_25,1,
fc,iv,14_09_25,1,
fc,ic,14_09_25,1,
us,iv,14_09_25,1,
us,ic,14_09_25,1,
,,,,
p59,gtm,14_09_25,1,
p59,gg,14_09_25,1,
p59,lnt,14_09_25,1,
p59,rlef,14_09_25,2,
p59,dth,14_09_25,2,
p59,boo,14_09_25,3,
p59,mc,14_09_25,3,
p59,suc,14_09_25,3,
gtm,gg,14_09_25,1,
gtm,lnt,14_09_25,1,
gtm,dth,14_09_25,2,
lnt,rlef,14_09_25,2,
lnt,dth,14_09_25,2,
gtm,boo,14_09_25,1,
gtm,mc,14_09_25,2,
gtm,suc,14_09_25,1,
gg,suc,14_09_25,1,
lnt,mc,14_09_25,1,
rlef,mc,14_09_25,2,
dth,mc,14_09_25,2,
,,,,
p60,cn,14_09_25,2,
p60,dal,14_09_25,2,
p60,tex,14_09_25,2,
p60,jb,14_09_25,2,
p60,kn,14_09_25,1,
p60,pb,14_09_25,1,
p60,th,14_09_25,1,
p60,cm,14_09_25,3,
p60,sec,14_09_25,3,
kn,cn,14_09_25,1,
pb,cn,14_09_25,1,
th,cn,14_09_25,1,
cn,cm,14_09_25,2,
dal,cm,14_09_25,2,
tex,cm,14_09_25,2,
jb,cm,14_09_25,2,
kn,cm,14_09_25,1,
pb,cm,14_09_25,1,
th,cm,14_09_25,1,
,,,,
p61,cw,15_09_25,1,
p61,fg,15_09_25,1,
p61,rlde,15_09_25,2,
p61,mb,15_09_25,2,
p61,ice,15_09_25,1,
p61,mpd,15_09_25,1,
p61,cm,15_09_25,3,
fg,cw,15_09_25,1,
ice,cw,15_09_25,1,
mpd,cw,15_09_25,1,
cw,cm,15_09_25,1,
fg,cm,15_09_25,1,
rlde,cm,15_09_25,2,
mb,cm,15_09_25,2,
ice,cm,15_09_25,1,
mpd,cm,15_09_25,1,
,,,,
p62,kh,15_09_25,2,
p62,zm,15_09_25,2,
p62,cny,15_09_25,3,
p62,ny,15_09_25,3,
p62,wash,15_09_25,3,
p62,o,15_09_25,3,
p62,pa,15_09_25,3,
kh,ny,15_09_25,3,
zm,cny,15_09_25,3,
kh,o,15_09_25,2,
zm,o,15_09_25,2,
zm,pa,15_09_25,2,
cny,o,15_09_25,3,
ny,o,15_09_25,3,
wash,o,15_09_25,3,
,,,,
p63,nfl,15_09_25,2,
p63,cfl,15_09_25,1,
p63,fball,15_09_25,3,
nfl,fball,15_09_25,2,
cfl,fball,15_09_25,1,
,,,,
p64,ussaec,15_09_25,3,
p64,cac,15_09_25,1,
p64,chi,15_09_25,2,
p64,caaa,15_09_25,3,
p64,iv,15_09_25,3,
cac,ussaec,15_09_25,3,
chi,cac,15_09_25,2,
ussaec,iv,15_09_25,3,
ussaec,caaa,15_09_25,3,
cac,iv,15_09_25,1,
chi,iv,15_09_25,2,
,,,,
p65,us,15_09_25,1,
p65,chi,15_09_25,1,
p65,xi,15_09_25,1,
p65,euro,15_09_25,3,
p65,t,15_09_25,3,
p65,pair,15_09_25,3,
p65,ttb,15_09_25,3,
us,chi,15_09_25,1,
us,pair,15_09_25,1,
us,ttb,15_09_25,1,
chi,pair,15_09_25,1,
chi,ttb,15_09_25,1,
xi,pair,15_09_25,1,
euro,ttb,15_09_25,1,
,,,,
p66,etru,15_09_25,1,
p66,boo,15_09_25,3,
etru,boo,15_09_25,1,
,,,,
p67,rmoc,15_09_25,1,
p67,jt,15_09_25,1,
p67,mj,15_09_25,1,
p67,cs,15_09_25,2,
p67,hor,15_09_25,3,
p67,demo,15_09_25,2,
p67,rep,15_09_25,1,
p67,caaa,15_09_25,3,
p67,cm,15_09_25,3,
rep,hor,15_09_25,1,
demo,hor,15_09_25,2,
rep,demo,15_09_25,2,
rmoc,caaa,15_09_25,1,
rmoc,cm,15_09_25,1,
jt,caaa,15_09_25,1,
mj,caaa,15_09_25,1,
cs,caaa,15_09_25,2,
cs,cm,15_09_25,2,
hor,caaa,15_09_25,3,
demo,caaa,15_09_25,2,
demo,cm,15_09_25,2,
rep,caaa,15_09_25,1,
rep,cm,15_09_25,1,
,,,,
p68,umf,15_09_25,1,
p68,usc,15_09_25,1,
p68,dtc,15_09_25,2,
p68,narco,15_09_25,2,
p68,vene,15_09_25,2,
p68,us,15_09_25,1,
p68,nas,15_09_25,3,
p68,cr,15_09_25,3,
umf,narco,15_09_25,2,
umf,dtc,15_09_25,2,
dtc,us,15_09_25,2,
narco,us,15_09_25,2,
dtc,vene,15_09_25,2,
usc,vene,15_09_25,2,
umf,nas,15_09_25,1,
usc,nas,15_09_25,1,
dtc,nas,15_09_25,2,
dtc,cr,15_09_25,2,
narco,nas,15_09_25,2,
narco,cr,15_09_25,2,
vene,nas,15_09_25,2,
us,nas,15_09_25,1,
,,,,
p69,hama,15_09_25,2,
p69,isra,15_09_25,1,
p69,host,15_09_25,2,
p69,ham ,15_09_25,3,
p69,isr ,15_09_25,3,
p69,gaz,15_09_25,3,
hama,host,15_09_25,2,
hama,isra,15_09_25,2,
isra,hama,15_09_25,2,
hama,ham ,15_09_25,2,
hama,gaz,15_09_25,2,
isra,isr ,15_09_25,1,
host,ham ,15_09_25,2,
host,gaz,15_09_25,2,
,,,,
p70,bl,15_09_25,1,
p70,memp,15_09_25,1,
p70,mstf,15_09_25,1,
p70,cm,15_09_25,3,
p70,nas,15_09_25,3,
bl,mstf,15_09_25,1,
mstf,memp,15_09_25,1,
bl,cm,15_09_25,1,
bl,nas,15_09_25,1,
memp,cm,15_09_25,1,
mstf,cm,15_09_25,1,
mstf,nas,15_09_25,1,
,,,,
p71,tnyt,15_09_25,2,
p71,kh,15_09_25,2,
p71,gs,15_09_25,2,
p71,abc,15_09_25,2,
p71,dis,15_09_25,2,
p71,minu,15_09_25,2,
p71,cbs,15_09_25,2,
p71,para,15_09_25,2,
p71,maga,15_09_25,1,
p71,rlde,15_09_25,2,
p71,pa ,15_09_25,3,
p71,fk,15_09_25,3,
p71,le,15_09_25,3,
p71,caaa,15_09_25,3,
maga,tnyt,15_09_25,2,
rlde,tnyt,15_09_25,2,
tnyt,fk,15_09_25,2,
tnyt,le,15_09_25,2,
kh,pa ,15_09_25,2,
gs,fk,15_09_25,2,
abc,fk,15_09_25,2,
dis,fk,15_09_25,2,
minu,fk,15_09_25,2,
cbs,fk,15_09_25,2,
para,fk,15_09_25,2,
maga,fk,15_09_25,1,
rlde,pa ,15_09_25,2,
rlde,fk,15_09_25,2,
,,,,
p72,rep,16_09_25,1,
p72,caaa,16_09_25,3,
p72,suc,16_09_25,3,
rep,caaa,16_09_25,1,
rep,suc,16_09_25,1,
,,,,
p73,nm,16_09_25,1,
p73,russi,16_09_25,2,
p73,ukra,16_09_25,1,
p73,pair,16_09_25,3,
p73,ukr  ,16_09_25,3,
nm,russi,16_09_25,1,
nm,ukra,16_09_25,1,
nm,pair,16_09_25,1,
russi,pair,16_09_25,2,
ukra,pair,16_09_25,1,
nm,ukr  ,16_09_25,1,
russi,ukr  ,16_09_25,2,
ukra,ukr  ,16_09_25,1,
,,,,
p74,gn,16_09_25,2,
p74,kba,16_09_25,2,
p74,lz,16_09_25,1,
p74,epa,16_09_25,1,
p74,jlin,16_09_25,3,
p74,ppa,16_09_25,3,
p74,ccit,16_09_25,1,
p74,aogo,16_09_25,3,
p74,caaa,16_09_25,3,
p74,pa,16_09_25,3,
gn,ppa,16_09_25,2,
gn,ccit,16_09_25,2,
jlin,ppa,16_09_25,3,
gn,pa,16_09_25,2,
gn,aogo,16_09_25,2,
kba,pa,16_09_25,2,
lz,aogo,16_09_25,1,
lz,caaa,16_09_25,1,
epa,caaa,16_09_25,1,
jlin,pa,16_09_25,3,
ppa,caaa,16_09_25,3,
ccit,pa,16_09_25,1,
,,,,
p75,ial,16_09_25,1,
p75,npa,16_09_25,1,
p75,us,16_09_25,1,
p75,aze,16_09_25,1,
p75,arme,16_09_25,1,
p75,pair,16_09_25,3,
p75,war,16_09_25,3,
us,aze,16_09_25,1,
us,arme,16_09_25,1,
ial,npa,16_09_25,1,
npa,ial,16_09_25,1,
aze,arme,16_09_25,1,
arme,aze,16_09_25,1,
ial,pair,16_09_25,1,
npa,pair,16_09_25,1,
us,pair,16_09_25,1,
us,war,16_09_25,1,
aze,pair,16_09_25,1,
aze,war,16_09_25,1,
arme,pair,16_09_25,1,
arme,war,16_09_25,1,
,,,,
p76,fw,16_09_25,2,
p76,nwa,16_09_25,2,
p76,gsc,16_09_25,2,
p76,bida,16_09_25,2,
p76,jsmi,16_09_25,2,
p76,demo,16_09_25,2,
p76,gamp,16_09_25,2,
p76,ajs,16_09_25,2,
p76,tog,16_09_25,2,
p76,js,16_09_25,3,
p76,le,16_09_25,3,
p76,pa,16_09_25,3,
p76,o,16_09_25,3,
gsc,fw,16_09_25,2,
gsc,nwa,16_09_25,2,
bida,jsmi,16_09_25,2,
tog,fw,16_09_25,2,
fw,nwa,16_09_25,2,
jsmi,bida,16_09_25,2,
demo,bida,16_09_25,2,
fw,js,16_09_25,2,
fw,le,16_09_25,2,
fw,pa,16_09_25,2,
fw,o,16_09_25,2,
nwa,js,16_09_25,2,
nwa,le,16_09_25,2,
nwa,pa,16_09_25,2,
gsc,js,16_09_25,1,
gsc,le,16_09_25,1,
bida,pa,16_09_25,2,
bida,o,16_09_25,2,
jsmi,js,16_09_25,2,
jsmi,le,16_09_25,2,
jsmi,pa,16_09_25,2,
jsmi,o,16_09_25,2,
gamp,le,16_09_25,2,
demo,pa,16_09_25,2,
demo,o,16_09_25,2,
demo,le,16_09_25,2,
ajs,js,16_09_25,1,
tog,le,16_09_25,3,
,,,,
p77,tnyt,16_09_25,2,
p77,raleme,16_09_25,2,
p77,flori,16_09_25,1,
p77,us,16_09_25,1,
p77,le,16_09_25,3,
p77,js,16_09_25,3,
p77,pa,16_09_25,3,
raleme,us,16_09_25,2,
tnyt,us,16_09_25,2,
tnyt,js,16_09_25,2,
tnyt,pa,16_09_25,2,
raleme,js,16_09_25,2,
raleme,pa,16_09_25,2,
flori,le,16_09_25,1,
flori,js,16_09_25,1,
us,js,16_09_25,2,
us,pa,16_09_25,2,
,,,,
p78,tpusa,16_09_25,1,
p78,ck,16_09_25,1,
p78,jsmi,16_09_25,2,
p78,bida,16_09_25,2,
p78,doj,16_09_25,2,
p78,jb,16_09_25,2,
p78,kh,16_09_25,2,
p78,us,16_09_25,2,
p78,judg,16_09_25,2,
p78,le,16_09_25,3,
p78,js  ,16_09_25,3,
p78,pa,16_09_25,3,
p78,o,16_09_25,3,
p78,cf,16_09_25,3,
p78,ack,16_09_25,3,
jsmi,tpusa,16_09_25,2,
bida,tpusa,16_09_25,2,
bida,doj,16_09_25,2,
judg,kh,16_09_25,2,
jb,kh,16_09_25,2,
tpusa,le,16_09_25,1,
tpusa,js  ,16_09_25,1,
tpusa,ack,16_09_25,1,
ck,le,16_09_25,1,
ck,js  ,16_09_25,1,
ck,ack,16_09_25,1,
jsmi,o,16_09_25,2,
jsmi,js  ,16_09_25,2,
jsmi,pa,16_09_25,2,
jsmi,le,16_09_25,2,
bida,le,16_09_25,2,
bida,js  ,16_09_25,2,
bida,o,16_09_25,2,
doj,le,16_09_25,2,
doj,js  ,16_09_25,2,
jb,pa,16_09_25,2,
jb,o,16_09_25,2,
kh,cf,16_09_25,2,
kh,o,16_09_25,2,
judg,js  ,16_09_25,2,
judg,pa,16_09_25,2,
us,js  ,16_09_25,2,
us,pa,16_09_25,2,
,,,,
p79,jkim,17_09_25,2,
p79,abc,17_09_25,1,
p79,scol,17_09_25,2,
p79,semey,17_09_25,2,
p79,nbc,17_09_25,2,
p79,us,17_09_25,1,
p79,pa,17_09_25,3,
p79,o,17_09_25,3,
p79,mc,17_09_25,3,
jkim,abc,17_09_25,2,
scol,nbc,17_09_25,2,
semey,nbc,17_09_25,2,
jkim,pa,17_09_25,2,
jkim,o,17_09_25,2,
jkim,mc,17_09_25,2,
abc,mc,17_09_25,1,
scol,pa,17_09_25,2,
scol,o,17_09_25,2,
scol,mc,17_09_25,2,
semey,pa,17_09_25,2,
semey,o,17_09_25,2,
semey,mc,17_09_25,2,
nbc,pa,17_09_25,2,
nbc,o,17_09_25,2,
nbc,mc,17_09_25,2,
us,mc,17_09_25,1,
,,,,
p80,anti,17_09_25,2,
p80,gamp,17_09_25,1,
p80,le,17_09_25,3,
p80,js,17_09_25,3,
p80,pa,17_09_25,3,
p80,o,17_09_25,3,
anti,gamp,17_09_25,2,
anti,le,17_09_25,2,
anti,js,17_09_25,2,
anti,pa,17_09_25,2,
anti,o,17_09_25,2,
gamp,le,17_09_25,1,
gamp,js,17_09_25,1,
,,,,
p81,hrepu,18_09_25,1,
p81,cs,18_09_25,2,
p81,demo,18_09_25,2,
p81,us,18_09_25,1,
p81,le,18_09_25,3,
p81,js,18_09_25,3,
p81,pa,18_09_25,3,
p81,o,18_09_25,3,
hrepu,demo,18_09_25,2,
hrepu,cs,18_09_25,2,
demo,us,18_09_25,2,
hrepu,le,18_09_25,1,
hrepu,js,18_09_25,1,
cs,pa,18_09_25,2,
cs,o,18_09_25,2,
demo,o,18_09_25,2,
us,js,18_09_25,1,
,,,,
p82,jkim,18_09_25,2,
p82,jkw,18_09_25,2,
p82,jkag,18_09_25,2,
p82,aa,18_09_25,2,
p82,pa,18_09_25,3,
p82,mc,18_09_25,3,
jkim,aa,18_09_25,2,
jkw,jkim,18_09_25,2,
jkag,jkim,18_09_25,2,
jkim,pa,18_09_25,2,
jkim,mc,18_09_25,2,
jkw,pa,18_09_25,2,
jkag,pa,18_09_25,2,
aa,mc,18_09_25,2,
,,,,
p83,chill,18_09_25,2,
p83,us,18_09_25,1,
p83,le,18_09_25,3,
p83,js,18_09_25,3,
chill,us,18_09_25,2,
chill,le,18_09_25,2,
chill,js,18_09_25,2,
us,js,18_09_25,1,
,,,,
p84,ilom,18_09_25,2,
p84,soma,18_09_25,2,
p84,peop,18_09_25,2,
p84,pa,18_09_25,3,
p84,o,18_09_25,3,
ilom,peop,18_09_25,2,
peop,soma,18_09_25,2,
ilom,pa,18_09_25,2,
ilom,o,18_09_25,2,
soma,o,18_09_25,2,
peop,pa,18_09_25,2,
peop,o,18_09_25,2,
,,,,
p85,ilom,18_09_25,2,
p85,soma,18_09_25,2,
p85,us,18_09_25,1,
p85,pa,18_09_25,3,
p85,o,18_09_25,3,
ilom,soma,18_09_25,2,
ilom,pa,18_09_25,2,
ilom,o,18_09_25,2,
soma,o,18_09_25,2,
us,pa,18_09_25,2,
us,o,,1,
,,,,
p86,xi,19_09_25,1,
p86,russi,19_09_25,2,
p86,ukra,19_09_25,2,
p86,soukor,19_09_25,2,
p86,chi,19_09_25,2,
p86,us,19_09_25,1,
p86,tito,19_09_25,2,
p86,apec,19_09_25,3,
p86,pair,19_09_25,3,
p86,pm,19_09_25,3,
p86,ttb,19_09_25,3,
p86,fy,19_09_25,3,
p86,b,19_09_25,3,
xi,us,19_09_25,1,
xi,soukor,19_09_25,1,
xi,apec,19_09_25,1,
russi,ukra,19_09_25,2,
apec,soukor,19_09_25,3,
,,,,
p87,rte,19_09_25,1,
p87,boe,19_09_25,1,
p87,boei,19_09_25,1,
p87,whiho,19_09_25,1,
p87,tur,19_09_25,1,
p87,us,19_09_25,3,
p87,pair,19_09_25,3,
p87,pm,19_09_25,3,
p87,ma,19_09_25,3,
p87,t,19_09_25,3,
p87,iv,19_09_25,3,
rte,tur,19_09_25,1,
rte,us,19_09_25,1,
rte,boe,19_09_25,1,
rte,boei,19_09_25,1,
tur,boe,19_09_25,1,
tur,boei,19_09_25,1,
us,boe,19_09_25,1,
us,boei,19_09_25,1,
rte,pair,19_09_25,1,
rte,pm,19_09_25,1,
rte,ma,19_09_25,1,
rte,t,19_09_25,1,
rte,iv,19_09_25,1,
boe,ma,19_09_25,1,
boe,t,19_09_25,1,
boe,iv,19_09_25,1,
boei,ma,19_09_25,1,
boei,t,19_09_25,1,
boei,iv,19_09_25,1,
whiho,pm,19_09_25,1,
tur,pair,19_09_25,1,
tur,pm,19_09_25,1,
tur,ma,19_09_25,1,
tur,t,19_09_25,1,
us,pair,19_09_25,1,
us,pm,19_09_25,1,
us,ma,19_09_25,1,
us,t,19_09_25,1,
,,,,
p88,amerp,19_09_25,1,
p88,atp,19_09_25,1,
p88,illali,19_09_25,2,
p88,corp,19_09_25,1,
p88,ttgc,19_09_25,1,
p88,iv,19_09_25,3,
p88,ta,19_09_25,3,
p88,pa,19_09_25,3,
amerp,ttgc,19_09_25,1,
atp,ttgc,19_09_25,1,
corp,ttgc,19_09_25,1,
amerp,iv,19_09_25,1,
amerp,ta,19_09_25,1,
atp,iv,19_09_25,1,
atp,ta,19_09_25,1,
illali,iv,19_09_25,2,
corp,ta,19_09_25,1,
ttgc,iv,19_09_25,1,
ttgc,ta,19_09_25,1,
,,,,
p89,hrepu,19_09_25,1,
p89,hdemo,19_09_25,2,
p89,serep,19_09_25,1,
p89,jfe,19_09_25,1,
p89,demo,19_09_25,2,
p89,ck,19_09_25,3,
p89,us,19_09_25,1,
p89,dc,19_09_25,1,
p89,le,19_09_25,3,
p89,js,19_09_25,3,
p89,pa,19_09_25,3,
p89,o,19_09_25,3,
p89,cap,19_09_25,3,
p89,ack,19_09_25,3,
hrepu,hdemo,19_09_25,2,
hrepu,demo,19_09_25,2,
hdemo,ck,19_09_25,2,
demo,ck,19_09_25,2,
hrepu,le,19_09_25,1,
hrepu,js,19_09_25,1,
serep,le,19_09_25,1,
serep,js,19_09_25,1,
jfe,o,19_09_25,1,
hdemo,o,19_09_25,2,
demo,o,19_09_25,2,
ck,ack,19_09_25,2,
us,le,19_09_25,1,
us,js,19_09_25,1,
dc,le,19_09_25,1,
dc,js,19_09_25,1,
,,,,
p90,phe,19_09_25,1,
p90,usc,19_09_25,1,
p90,dto,19_09_25,2,
p90,umf,19_09_25,1,
p90,amer,19_09_25,1,
p90,ma,19_09_25,3,
p90,le,19_09_25,3,
p90,js,19_09_25,3,
p90,fy,19_09_25,3,
p90,pa,19_09_25,3,
p90,npp,19_09_25,3,
phe,dto,19_09_25,2,
usc,dto,19_09_25,2,
phe,ma,19_09_25,1,
phe,le,19_09_25,1,
usc,ma,19_09_25,1,
usc,le,19_09_25,1,
dto,ma,19_09_25,2,
dto,le,19_09_25,2,
dto,pa,19_09_25,2,
dto,npp,19_09_25,2,
dto,js,19_09_25,2,
dto,fy,19_09_25,2,
umf,ma,19_09_25,1,
amer,pa,19_09_25,1,
amer,npp,19_09_25,1,
,,,,
p91,rep,19_09_25,1,
p91,us,19_09_25,1,
p91,suc,19_09_25,3,
rep,us,19_09_25,1,
rep,suc,19_09_25,1,
us,suc,19_09_25,1,
,,,,
p92,dlet,19_09_25,2,
p92,us,19_09_25,1,
p92,pa,19_09_25,3,
p92,mc,19_09_25,3,
p92,o,19_09_25,3,
dlet,pa,19_09_25,2,
dlet,mc,19_09_25,2,
dlet,o,19_09_25,2,
us,mc,19_09_25,1,
,,,,
p93,ersie,20_09_25,2,
p93,mawar,20_09_25,2,
p93,tkai,20_09_25,2,
p93,rep,20_09_25,1,
p93,le,20_09_25,3,
p93,js,20_09_25,3,
p93,pa,20_09_25,3,
p93,o,20_09_25,3,
ersie,mawar,20_09_25,2,
ersie,tkai,20_09_25,2,
ersie,le,20_09_25,2,
ersie,js,20_09_25,2,
ersie,pa,20_09_25,2,
mawar,pa,20_09_25,2,
mawar,o,20_09_25,2,
tkai,pa,20_09_25,2,
tkai,o,20_09_25,2,
rep,o,20_09_25,1,
,,,,
p94,ven,20_09_25,2,
p94,usa,20_09_25,3,
p94,pr,20_09_25,3,
p94,mhi,20_09_25,2,
p94,immi,20_09_25,3,
ven,pr,20_09_25,2,
ven,mhi,20_09_25,2,
pr,mhi,20_09_25,2,
ven,immi,20_09_25,2,
usa,immi,20_09_25,2,
pr,immi,20_09_25,2,
mhi,immi,20_09_25,2,
,,,,
p95,np,20_09_25,1,
p95,fn,20_09_25,1,
p95,mc,20_09_25,3,
np,fn,20_09_25,1,
np,mc,20_09_25,1,
fn,mc,20_09_25,1,
,,,,
p96,af,20_09_25,3,
p96,afg,20_09_25,2,
p96,baa,20_09_25,3,
p96,usa,20_09_25,1,
afg,baa,20_09_25,2,
afg,af,20_09_25,2,
usa,af,20_09_25,1,
usa,afg,20_09_25,1,
usa,baa,20_09_25,1,
,,,,
p97,cw,20_09_25,1,
p97,cm,20_09_25,3,
cw,cm,20_09_25,2,
,,,,
p98,pb,20_09_25,1,
p98,lhal,20_09_25,1,
p98,ersie,20_09_25,1,
p98,lp,20_09_25,3,
pb,lp,20_09_25,1,
lhal,lp,20_09_25,1,
ersie,lp,20_09_25,1,
lhal,pb,20_09_25,1,
lhal,ersie,20_09_25,1,
,,,,
p99,lhal,20_09_25,1,
p99,pb,20_09_25,1,
p99,tobla,20_09_25,1,
p99,jb,20_09_25,2,
p99,demo,20_09_25,2,
p99,whiho,20_09_25,1,
p99,marla,20_09_25,1,
p99,lawfirm,20_09_25,1,
p99,ersie,20_09_25,1,
p99,lp,20_09_25,3,
lhal,pb,20_09_25,1,
lhal,tobla,20_09_25,1,
lhal,ersie,20_09_25,1,
pb,tobla,20_09_25,1,
tobla,ersie,20_09_25,1,
jb,demo,20_09_25,1,
lhal,lp,20_09_25,1,
pb,lp,20_09_25,1,
tobla,lp,20_09_25,1,
jb,lp,20_09_25,1,
demo,lp,20_09_25,1,
whiho,lp,20_09_25,1,
marla,lp,20_09_25,1,
lawfirm,lp,20_09_25,1,
ersie,lp,20_09_25,1,
,,,,
p100,vmil,22_09_25,2,
p100,nas,22_09_25,3,
vmil,nas,22_09_25,2,
,,,,
p101,kjkt,22_09_25,1,
p101,kaz,22_09_25,1,
p101,usri,22_09_25,1,
p101,faen,22_09_25,2,
p101,pm,22_09_25,3,
p101,pair,22_09_25,3,
p101,iv,22_09_25,3,
p101,cc,22_09_25,3,
kjkt,kaz,22_09_25,1,
kjkt,pair,22_09_25,1,
kjkt,pm,22_09_25,1,
kaz,usri,22_09_25,1,
kaz,iv,22_09_25,1,
usri,iv,22_09_25,1,
faen,cc,22_09_25,2,
faen,usri,22_09_25,2,
,,,,
p102,mir,22_09_25,1,
p102,uzb,22_09_25,1,
p102,uza,22_09_25,1,
p102,boein,22_09_25,1,
p102,amer,22_09_25,1,
p102,pm,22_09_25,3,
p102,pair,22_09_25,3,
p102,iv,22_09_25,3,
p102,caaa,22_09_25,3,
mir,uzb,22_09_25,1,
mir,pm,22_09_25,1,
mir,pair,22_09_25,1,
uzb,uza,22_09_25,1,
uza,boein,22_09_25,1,
boein,iv,22_09_25,1,
boein,caaa,22_09_25,1,
uza,iv,22_09_25,1,
boe,amer,22_09_25,1,
amer,iv,22_09_25,1,
,,,,
p103,demopa,23_09_25,2,
p103,demo,23_09_25,2,
p103,rep,23_09_25,1,
p103,gov,23_09_25,3,
p103,amerci,23_09_25,1,
p103,atp,23_09_25,1,
p103,ia,23_09_25,2,
p103,crim,23_09_25,2,
p103,o,23_09_25,3,
p103,rl,23_09_25,3,
p103,ta,23_09_25,3,
p103,me,23_09_25,3,
p103,cm,23_09_25,3,
p103,nas,23_09_25,3,
p103,af,23_09_25,3,
demopa,demo,23_09_25,2,
demopa,o,23_09_25,2,
demopa,rl,23_09_25,2,
demopa,ta,23_09_25,2,
demopa,me,23_09_25,2,
demopa,cm,23_09_25,2,
demopa,nas,23_09_25,2,
rep,af,23_09_25,1,
rep,amerci,23_09_25,1,
amerci,af,23_09_25,1,
atp,ta,23_09_25,1,
illali,cm,23_09_25,2,
crim,cm,23_09_25,2,
gov,o,23_09_25,3,
,,,,
p104,una,23_09_25,1,
p104,ep,23_09_25,3,
p104,nas,23_09_25,3,
p104,af,23_09_25,3,
una,ep,23_09_25,1,
una,nas,23_09_25,1,
af,ep,23_09_25,1,
af,nas,23_09_25,1,
,,,,
p105,mil,23_09_25,1,
p105,arg,23_09_25,1,
p105,jb,23_09_25,2,
p105,pair,23_09_25,3,
p105,if,23_09_25,3,
p105,rl,23_09_25,3,
p105,suc,23_09_25,3,
mil,arg,23_09_25,1,
mil,pair,23_09_25,1,
mil,suc,23_09_25,1,
arg,pair,23_09_25,1,
arg,if,23_09_25,1,
jb,rl,23_09_25,2,
jb,if,23_09_25,2,
,,,,
p106,pb,23_09_25,1,
p106,tobla,23_09_25,1,
p106,doj,23_09_25,1,
p106,judg,23_09_25,1,
p106,jur,23_09_25,1,
p106,sser,23_09_25,1,
p106,fdle,23_09_25,1,
p106,sher,23_09_25,1,
p106,att,23_09_25,2,
p106,amer,23_09_25,1,
p106,ack,23_09_25,3,
p106,js,23_09_25,3,
p106,le,23_09_25,3,
p106,lp,23_09_25,3,
p106,cm,23_09_25,3,
pb,doj,23_09_25,1,
tobla,doj,23_09_25,1,
doj,lp,23_09_25,1,
doj,js,23_09_25,1,
judg,js,23_09_25,1,
jur,js,23_09_25,1,
sser,le,23_09_25,1,
fdle,le,23_09_25,1,
sher,le,23_09_25,1,
att,cm,23_09_25,2,
att,ack,23_09_25,2,
amer,js,23_09_25,1,
,,,,
p107,ukra,23_09_25,1,
p107,russi,23_09_25,2,
p107,euroun,23_09_25,1,
p107,nato,23_09_25,1,
p107,war,23_09_25,3,
p107,iv,23_09_25,3,
p107,nas,23_09_25,3,
p107,pair,23_09_25,3,
ukra,war,23_09_25,1,
ukra,pair,23_09_25,1,
ukra,nas,23_09_25,1,
euroun,ukra,23_09_25,1,
euroun,iv,23_09_25,1,
nato,ukra,23_09_25,1,
nato,nas,23_09_25,1,
russi,war,23_09_25,2,
russi,iv,23_09_25,2,
russi,nas,23_09_25,2,
euroun,russi,23_09_25,2,
,,,,
p108,abc,23_09_25,2,
p108,jkim,23_09_25,2,
p108,dnc,23_09_25,2,
p108,demo,23_09_25,2,
p108,fk,23_09_25,3,
p108,mc,23_09_25,3,
p108,p,23_09_25,3,
p108,o,23_09_25,3,
p108,rl,23_09_25,3,
abc,jkim,23_09_25,2,
abc,fk,23_09_25,2,
abc,mc,23_09_25,2,
abc,p,23_09_25,2,
jkim,dnc,23_09_25,2,
jkim,demo,23_09_25,2,
demo,o,23_09_25,2,
demo,rl,23_09_25,2,
dnc,o,23_09_25,2,
dnc,rl,23_09_25,2,
,,,,
p109,demopa,24_09_25,2,
p109,demo,24_09_25,2,
p109,rep,24_09_25,1,
p109,gov,24_09_25,3,
p109,amerci,24_09_25,1,
p109,atp,24_09_25,1,
p109,ia,24_09_25,2,
p109,crim,24_09_25,2,
p109,o,24_09_25,3,
p109,rl,24_09_25,3,
p109,ta,24_09_25,3,
p109,me,24_09_25,3,
p109,cm,24_09_25,3,
p109,nas,24_09_25,3,
p109,af,24_09_25,3,
demopa,demo,24_09_25,2,
demopa,o,24_09_25,2,
demopa,rl,24_09_25,2,
demopa,ta,24_09_25,2,
demopa,me,24_09_25,2,
demopa,cm,24_09_25,2,
demopa,nas,24_09_25,2,
rep,af,24_09_25,1,
rep,amerci,24_09_25,1,
amerci,af,24_09_25,1,
atp,ta,24_09_25,1,
illali,cm,24_09_25,2,
crim,cm,24_09_25,2,
gov,o,24_09_25,3,
,,,,
p110,demo,24_09_25,2,
p110,rlno,24_09_25,2,
p110,illali,24_09_25,2,
p110,crim,24_09_25,2,
p110,amerci,24_09_25,1,
p110,me,24_09_25,3,
p110,ta,24_09_25,3,
p110,bbb,24_09_25,3,
p110,o,24_09_25,3,
p110,rl,24_09_25,3,
p110,cm,24_09_25,3,
demo,rlno,24_09_25,2,
demo,o,24_09_25,2,
demo,rl,24_09_25,2,
demo,ta,24_09_25,2,
demo,me,24_09_25,2,
demo,cm,24_09_25,2,
rlno,cm,24_09_25,2,
illali,cm,24_09_25,2,
amerci,me,24_09_25,1,
bbb,ta,24_09_25,3,
,,,,
p111,icefo,24_09_25,1,
p111,att,24_09_25,2,
p111,demo,24_09_25,2,
p111,lae,24_09_25,1,
p111,anti,24_09_25,2,
p111,dt,24_09_25,2,
p111,cm,24_09_25,3,
p111,o,24_09_25,3,
p111,rl,24_09_25,3,
p111,cap,24_09_25,3,
icefo,lae,24_09_25,1,
icefo,cm,24_09_25,1,
att,cm,24_09_25,2,
demo,o,24_09_25,2,
demo,rl,24_09_25,2,
anti,rl,24_09_25,2,
anti,cm,24_09_25,2,
lae,cm,24_09_25,1,
dt,cap,24_09_25,2,
,,,,
p112,kh,24_09_25,2,
p112,dem,24_09_25,2,
p112,fox,24_09_25,3,
p112,gb,24_09_25,3,
p112,ec,24_09_25,3,
p112,pv,24_09_25,3,
p112,o,24_09_25,3,
p112,rl,24_09_25,3,
p112,fk,24_09_25,3,
p112,mc,24_09_25,3,
p112,suc,24_09_25,3,
p112,af,24_09_25,3,
kh,dem,24_09_25,2,
kh,o,24_09_25,2,
dem,rl,24_09_25,2,
dem,o,24_09_25,2,
fox,mc,24_09_25,3,
ec,pv,24_09_25,3,
kh,suc,24_09_25,2,
kh,af,24_09_25,2,
,,,,
p113,una,24_09_25,3,
p113,mt,24_09_25,1,
p113,sser,24_09_25,1,
mt,sser,24_09_25,1,
,,,,
p114,jc,25_09_25,1,
p114,ms,25_09_25,2,
p114,nj,25_09_25,3,
p114,cny,25_09_25,3,
jc,ms,25_09_25,2,
jc,cny,25_09_25,1,
jc,nj,25_09_25,1,
ms,cny,25_09_25,2,
ms,nj,25_09_25,2,
,,,,
p115,htm,25_09_25,1,
p115,pbt,25_09_25,1,
p115,knw,25_09_25,1,
p115,fln,25_09_25,1,
p115,mck,25_09_25,1,
p115,truk,25_09_25,1,
p115,us,25_09_25,1,
htm,truk,25_09_25,1,
,,,,
p116,uscab,25_09_25,1,
p116,usfur,25_09_25,1,
p116,usman,25_09_25,1,
p116,us,25_09_25,1,
p116,t,25_09_25,3,
uscab,t,25_09_25,1,
usfur,t,25_09_25,1,
usman,t,25_09_25,1,
,,,,
p117,phco,25_09_25,1,
p117,usphm,25_09_25,1,
p117,us,25_09_25,1,
p117,t,25_09_25,3,
phco,usphm,25_09_25,1,
usphm,t,25_09_25,1,
,,,,
p118,jco,25_09_25,2,
p118,fbi,25_09_25,2,
p118,gj,25_09_25,1,
p118,us,25_09_25,1,
p118,js,25_09_25,3,
p118,lp,25_09_25,3,
p118,le,25_09_25,3,
p118,pa,25_09_25,3,
jco,fbi,25_09_25,2,
gj,jco,25_09_25,2,
gj,js,25_09_25,1,
,,,,
p119,jp,25_09_25,2,
p119,us,25_09_25,1,
p119,if,25_09_25,3,
p119,iv,25_09_25,3,
jp,if,25_09_25,2,
us,if,25_09_25,1,
,,,,
p120,jco,26_09_25,2,
p120,judg,26_09_25,2,
p120,jb,26_09_25,2,
p120,us,26_09_25,2,
p120,js,26_09_25,3,
p120,lp,26_09_25,3,
p120,pa,26_09_25,3,
jb,judg,26_09_25,2,
judg,jco,26_09_25,2,
jco,js,26_09_25,2,
,,,,
p121,jco,26_09_25,2,
p121,us,26_09_25,2,
p121,pa,26_09_25,3,
p121,js,26_09_25,3,
jco,pa,26_09_25,2,
jco,js,26_09_25,2,
,,,,
p122,ty,26_09_25,2,
p122,me,26_09_25,2,
p122,c,26_09_25,3,
p122,tp,26_09_25,3,
p122,ty,26_09_25,3,
p122,me,26_09_25,3,
ty,me,26_09_25,2,
me,c,26_09_25,2,
,,,,
p123,aa,26_09_25,3,
p123,us,26_09_25,3,
p123,hist,26_09_25,3,
p123,aogo,26_09_25,3,
aa,us,26_09_25,3,
,,,,
p124,lm,26_09_25,2,
p124,aw,26_09_25,2,
p124,mg,26_09_25,2,
p124,jb,26_09_25,2,
p124,ms,26_09_25,2,
p124,us,26_09_25,3,
p124,pa,26_09_25,3,
p124,nas,26_09_25,3,
p124,aogo,26_09_25,3,
lm,aw,26_09_25,2,
lm,mg,26_09_25,2,
lm,jb,26_09_25,2,
lm,ms,26_09_25,2,
ms,us,26_09_25,3,
,,,,
p125,bc,26_09_25,1,
p125,fcc,26_09_25,3,
p125,tan,26_09_25,3,
p125,aogo,26_09_25,3,
p125,pa,26_09_25,3,
bc,fcc,26_09_25,3,
bc,tan,26_09_25,3,
,,,,
p126,ham,26_09_25,3,
p126,isra,26_09_25,3,
p126,bn,26_09_25,1,
p126,host,26_09_25,3,
p126,amer,26_09_25,3,
p126,pair,26_09_25,3,
p126,un,26_09_25,3,
p126,nas,26_09_25,3,
ham,isra,26_09_25,3,
ham,bn,26_09_25,3,
isra,bn,26_09_25,3,
,,,,
p127,jc,26_09_25,2,
p127,fbi,26_09_25,1,
p127,kbp,26_09_25,1,
p127,lhal,26_09_25,1,
p127,doj,26_09_25,1,
p127,lp,26_09_25,3,
p127,js,26_09_25,3,
kbp,fbi,26_09_25,1,
kbp,lhal,26_09_25,1,
kbp,doj,26_09_25,1,
fbi,lhal,26_09_25,1,
fbi,doj,26_09_25,1,
lhal,doj,26_09_25,1,
jc,fbi,26_09_25,2,
jc,kbp,26_09_25,2,
jc,lhal,26_09_25,2,
jc,doj,26_09_25,2,
,,,,
p128,kn,27_09_25,1,
p128,ph,27_09_25,1,
p128,ice,27_09_25,1,
p128,usm,27_09_25,1,
p128,anti,27_09_25,2,
p128,por,27_09_25,3,
p128,ns,27_09_25,3,
p128,le,27_09_25,3,
p128,mil,27_09_25,3,
p128,dt,27_09_25,3,
kn,ph,27_09_25,1,
ph,usm,27_09_25,1,
usm,ice,27_09_25,1,
anti,ice,27_09_25,2,
anti,usm,27_09_25,2,
anti,por,27_09_25,2,
,,,,
p129,fbi,27_09_25,2,
p129,cw,27_09_25,2,
p129,jc,27_09_25,2,
p129,pat,27_09_25,1,
p129,pol,27_09_25,2,
p129,le,27_09_25,3,
p129,polab,27_09_25,3,
p129,acct,27_09_25,3,
cw,fbi,27_09_25,2,
jc,fbi,27_09_25,2,
fbi,pat,27_09_25,2,
pol,fbi,27_09_25,2,
,,,,
,,,,
p130,cw,27_09_25,2,
p130,ccr,27_09_25,2,
p130,pers,27_09_25,3,
p130,appoint,27_09_25,3,
p130,polconf,27_09_25,3,
ccr,cw,27_09_25,2,
,,,,
p131,dm,27_09_25,1,
p131,boo,27_09_25,3,
dm,boo,27_09_25,1,
,,,,
p132,kc,28_09_25,1,
p132,qc,28_09_25,1,
p132,rfam,28_09_25,1,
p132,pair,28_09_25,3,
kc,pair,28_09_25,1,
qc,pair,28_09_25,1,
rfam,pair,28_09_25,1,
kc,qc,28_09_25,1,
kc,rfam,28_09_25,1,
qc,rfam,28_09_25,1,
,,,,
p133,fbi,28_09_25,1,
p133,tan,28_09_25,1,
p133,tp,28_09_25,3,
p133,cm,28_09_25,3,
fbi,cm,28_09_25,1,
tan,cm,28_09_25,1,
tp,cm,28_09_25,3,
fbi,tan,28_09_25,1,
fbi,tp,28_09_25,3,
tan,tp,28_09_25,3,
,,,,
p134,rmn,28_09_25,1,
p134,wnel,28_09_25,1,
p134,cjcls,28_09_25,1,
p134,hist,28_09_25,3,
rmn,wnel,28_09_25,1,
rmn,cjcls,28_09_25,1,
wnel,cjcls,28_09_25,1,
rmn,hist,28_09_25,1,
wnel,hist,28_09_25,1,
cjcls,hist,28_09_25,1,
,,,,
p135,whiho,28_09_25,1,
p135,aogo,28_09_25,3,
whiho,aogo,28_09_25,1,
,,,,
p136,nfl,28_09_25,2,
p136,fball,28_09_25,3,
nfl,fball,28_09_25,2,
,,,,
p137,zm,29_09_25,2,
p137,rep,29_09_25,1,
p137,cny,29_09_25,2,
p137,pa,29_09_25,3,
zm,pa,29_09_25,2,
rep,pa,29_09_25,1,
cny,pa,29_09_25,2,
zm,rep,29_09_25,2,
zm,cny,29_09_25,2,
rep,cny,29_09_25,1,
,,,,
p138,us,29_09_25,1,
p138,cali,29_09_25,2,
p138,t,29_09_25,3,
us,t,29_09_25,1,
cali,t,29_09_25,2,
us,cali,29_09_25,1,
,,,,
p139,noca,29_09_25,1,
p139,us,29_09_25,1,
p139,t,29_09_25,3,
noca,t,29_09_25,1,
us,t,29_09_25,1,
noca,us,29_09_25,1,
,,,,
p140,nguar,01_10_25,1,
p140,ore,01_10_25,3,
p140,lae,01_10_25,1,
p140,anti,01_10_25,2,
p140,demo,01_10_25,2,
p140,cm,01_10_25,3,
nguar,cm,01_10_25,1,
lae,cm,01_10_25,1,
anti,cm,01_10_25,2,
demo,cm,01_10_25,2,
nguar,lae,01_10_25,1,
nguar,anti,01_10_25,2,
nguar,demo,01_10_25,2,
lae,anti,01_10_25,2,
lae,demo,01_10_25,2,
anti,demo,01_10_25,2,
nguar,ore,01_10_25,1,
lae,ore,01_10_25,1,
anti,ore,01_10_25,2,
demo,ore,01_10_25,2,
,,,,
p141,ore,01_10_25,2,
p141,pat,01_10_25,1,
p141,cm,01_10_25,3,
ore,cm,01_10_25,2,
pat,cm,01_10_25,1,
ore,pat,01_10_25,2,
,,,,
p142,afarm,01_10_25,1,
p142,us,01_10_25,1,
p142,chi,01_10_25,2,
p142,t,01_10_25,3,
afarm,t,01_10_25,1,
us,t,01_10_25,1,
chi,t,01_10_25,2,
afarm,us,01_10_25,1,
afarm,chi,01_10_25,2,
us,chi,01_10_25,2,
,,,,
p143,jp,01_10_25,2,
p143,pa,01_10_25,3,
jp,pa,01_10_25,2,
,,,,
p144,mw,01_10_25,2,
p144,illali,01_10_25,2,
p144,atp,01_10_25,1,
p144,health,01_10_25,3,
mw,health,01_10_25,2,
illali,health,01_10_25,2,
atp,health,01_10_25,1,
mw,illali,01_10_25,2,
mw,atp,01_10_25,2,
illali,atp,01_10_25,2,
,,,,
p145,rep,01_10_25,1,
p145,demo,01_10_25,2,
p145,sc,01_10_25,3,
rep,sc,01_10_25,1,
demo,sc,01_10_25,2,
rep,demo,01_10_25,2,
,,,,
p146,demo,02_10_25,2,
p146,illali,02_10_25,2,
p146,atp,02_10_25,1,
p146,health,02_10_25,3,
p146,cm,02_10_25,3,
demo,health,02_10_25,2,
illali,health,02_10_25,2,
atp,health,02_10_25,1,
demo,cm,02_10_25,2,
illali,cm,02_10_25,2,
atp,cm,02_10_25,1,
demo,illali,02_10_25,2,
demo,atp,02_10_25,2,
illali,atp,02_10_25,2,
,,,,
p147,rv,02_10_25,1,
p147,demo,02_10_25,2,
p147,sc,02_10_25,3,
rv,sc,02_10_25,1,
rlde,sc,02_10_25,1,
demo,sc,02_10_25,2,
rv,demo,02_10_25,2,
,,,,
p148,rep,02_10_25,1,
p148,demo,02_10_25,2,
p148,zm,02_10_25,2,
p148,pa,02_10_25,3,
rep,pa,02_10_25,1,
demo,pa,02_10_25,2,
zm,pa,02_10_25,2,
rep,demo,02_10_25,2,
rep,zm,02_10_25,1,
demo,zm,02_10_25,2,
,,,,
p149,hama,03_10_25,2,
p149,isra,03_10_25,1,
p149,us,03_10_25,1,
p149,host,03_10_25,1,
p149,war,03_10_25,3,
hama,war,03_10_25,2,
isra,war,03_10_25,1,
us,war,03_10_25,1,
host,war,03_10_25,1,
hama,isra,03_10_25,2,
hama,us,03_10_25,2,
,,,,
p150,idah,03_10_25,1,
p150,jrisch,03_10_25,1,
p150,vet,03_10_25,1,
p150,fam,03_10_25,3,
idah,fam,03_10_25,1,
jrisch,fam,03_10_25,1,
vet,fam,03_10_25,1,
idah,jrisch,03_10_25,1,
idah,vet,03_10_25,1,
jrisch,vet,03_10_25,1,
,,,,
p151,cny,03_10_25,1,
p151,ny,03_10_25,1,
p151,hs,03_10_25,1,
p151,ct,03_10_25,1,
p151,nas,03_10_25,3,
cny,nas,03_10_25,1,
ny,nas,03_10_25,1,
hs,nas,03_10_25,1,
ct,nas,03_10_25,1,
cny,ny,03_10_25,1,
cny,hs,03_10_25,1,
cny,ct,03_10_25,1,
ny,hs,03_10_25,1,
ny,ct,03_10_25,1,
hs,ct,03_10_25,1,
,,,,
p152,vene,03_10_25,2,
p152,us,03_10_25,1,
p152,dtc,03_10_25,2,
p152,cm,03_10_25,3,
vene,cm,03_10_25,2,
us,cm,03_10_25,1,
dtc,cm,03_10_25,2,
vene,us,03_10_25,2,
vene,dtc,03_10_25,2,
us,dtc,03_10_25,1,
,,,,
p153,mve,03_10_25,1,
p153,jjordan,03_10_25,1,
p153,uc,03_10_25,1,
p153,rep,03_10_25,1,
p153,vet,03_10_25,1,
p153,aogo,03_10_25,3,
mve,aogo,03_10_25,1,
jjordan,aogo,03_10_25,1,
uc,aogo,03_10_25,1,
rep,aogo,03_10_25,1,
vet,aogo,03_10_25,1,
mve,jjordan,03_10_25,1,
mve,uc,03_10_25,1,
mve,rep,03_10_25,1,
mve,vet,03_10_25,1,
jjordan,uc,03_10_25,1,
jjordan,rep,03_10_25,1,
jjordan,vet,03_10_25,1,
uc,rep,03_10_25,1,
uc,vet,03_10_25,1,
rep,vet,03_10_25,1,
,,,,
p154,hama,03_10_25,1,
p154,isra,03_10_25,1,
p154,host,03_10_25,1,
p154,us,03_10_25,1,
p154,war,03_10_25,3,
hama,war,03_10_25,1,
isra,war,03_10_25,1,
us,war,03_10_25,1,
host,war,03_10_25,1,
hama,isra,03_10_25,1,
hama,us,03_10_25,1,
isra,us,03_10_25,1,
hama,host,03_10_25,1,
isra,host,03_10_25,1,
us,host,03_10_25,1,
,,,,
p155,ussn,03_10_25,1,
p155,phe,03_10_25,1,
p155,jp,03_10_25,1,
p155,cs,03_10_25,2,
p155,hjeff,03_10_25,2,
p155,demo,03_10_25,2,
p155,umf,03_10_25,1,
p155,vir,03_10_25,1,
p155,us,03_10_25,1,
p155,mil,03_10_25,3,
ussn,mil,03_10_25,1,
phe,mil,03_10_25,1,
jp,mil,03_10_25,1,
umf,mil,03_10_25,1,
cs,mil,03_10_25,2,
hjeff,mil,03_10_25,2,
demo,mil,03_10_25,2,
phe,ussn,03_10_25,1,
jp,ussn,03_10_25,1,
umf,ussn,03_10_25,1,
cs,ussn,03_10_25,2,
hjeff,ussn,03_10_25,2,
demo,ussn,03_10_25,2,
phe,umf,03_10_25,1,
jp,umf,03_10_25,1,
cs,umf,03_10_25,2,
hjeff,umf,03_10_25,2,
demo,umf,03_10_25,2,
,,,,
p155,ussn,03_10_25,1,
p155,ph,03_10_25,1,
p155,jp,03_10_25,1,
p155,cs,03_10_25,2,
p155,hjeff,03_10_25,2,
p155,demo,03_10_25,2,
p155,umf,03_10_25,1,
p155,vir,03_10_25,1,
p155,us,03_10_25,1,
p155,mil,03_10_25,3,
ussn,mil,03_10_25,1,
ph,mil,03_10_25,1,
jp,mil,03_10_25,1,
umf,mil,03_10_25,1,
cs,mil,03_10_25,2,
hjeff,mil,03_10_25,2,
demo,mil,03_10_25,2,
ph,ussn,03_10_25,1,
jp,ussn,03_10_25,1,
umf,ussn,03_10_25,1,
cs,ussn,03_10_25,2,
hjeff,ussn,03_10_25,2,
demo,ussn,03_10_25,2,
ph,umf,03_10_25,1,
jp,umf,03_10_25,1,
cs,umf,03_10_25,2,
hjeff,umf,03_10_25,2,
demo,umf,03_10_25,2,
,,,,
p156,ice,03_10_25,1,
p156,lae,03_10_25,1,
p156,umf,03_10_25,1,
p156,nas,03_10_25,3,
ice,nas,03_10_25,1,
lae,nas,03_10_25,1,
umf,nas,03_10_25,1,
ice,lae,03_10_25,1,
ice,umf,03_10_25,1,
lae,umf,03_10_25,1,
,,,,
p157,isra,04_10_25,1,
p157,hama,04_10_25,1,
p157,host,04_10_25,1,
p157,us,04_10_25,1,
p157,war,04_10_25,3,
isra,war,04_10_25,1,
hama,war,04_10_25,1,
us,war,04_10_25,1,
host,war,04_10_25,1,
isra,hama,04_10_25,1,
isra,host,04_10_25,1,
isra,us,04_10_25,1,
hama,host,04_10_25,1,
hama,us,04_10_25,1,
host,us,04_10_25,1,
,,,,
p158,lj,04_10_25,2,
p158,kh,04_10_25,2,
p158,nystate,04_10_25,2,
p158,corp,04_10_25,1,
p158,txex,04_10_25,1,
p158,demo,04_10_25,2,
p158,cor,04_10_25,3,
lj,cor,04_10_25,2,
kh,cor,04_10_25,2,
nystate,cor,04_10_25,2,
corp,cor,04_10_25,1,
txex,cor,04_10_25,1,
demo,cor,04_10_25,2,
lj,kh,04_10_25,2,
lj,nystate,04_10_25,2,
kh,nystate,04_10_25,2,
corp,txex,04_10_25,1,
,,,,
p159,isra,04_10_25,1,
p159,hama,04_10_25,1,
p159,host,04_10_25,1,
p159,pr,04_10_25,1,
p159,us,04_10_25,1,
p159,war,04_10_25,3,
isra,war,04_10_25,1,
hama,war,04_10_25,1,
us,war,04_10_25,1,
host,war,04_10_25,1,
pr,war,04_10_25,1,
isra,hama,04_10_25,1,
isra,host,04_10_25,1,
isra,pr,04_10_25,1,
isra,us,04_10_25,1,
hama,host,04_10_25,1,
hama,pr,04_10_25,1,
hama,us,04_10_25,1,
host,pr,04_10_25,1,
host,us,04_10_25,1,
pr,us,04_10_25,1,
,,,,
p160,u,04_10_25,1,
p160,goog,04_10_25,2,
p160,rep,04_10_25,1,
p160,mc,04_10_25,3,
u,mc,04_10_25,1,
goog,mc,04_10_25,2,
rep,mc,04_10_25,1,
u,goog,04_10_25,1,
u,rep,04_10_25,1,
goog,rep,04_10_25,2,
,,,,
p161,umf,05_10_25,1,
p161,us,05_10_25,1,
p161,mil,05_10_25,3,
umf,mil,05_10_25,1,
us,mil,05_10_25,1,
umf,us,05_10_25,1,
,,,,
p162,jj,05_10_25,2,
p162,jm,05_10_25,1,
p162,as,05_10_25,2,
p162,va,05_10_25,3,
p162,rep,05_10_25,3,
p162,demo,05_10_25,3,
p162,pa,05_10_25,3,
p162,cm,05_10_25,3,
jj,rep,05_10_25,2,
jj,pa,05_10_25,2,
jj,cm,05_10_25,2,
jm,rep,05_10_25,1,
jm,pa,05_10_25,1,
as,demo,05_10_25,2,
as,pa,05_10_25,2,
demo,rep,05_10_25,2,
,,,,
p163,fn,05_10_25,2,
p163,pd,05_10_25,2,
p163,mkel,05_10_25,2,
p163,demo,05_10_25,2,
p163,rep,05_10_25,1,
p163,mc,05_10_25,3,
p163,me,05_10_25,3,
fn,pd,05_10_25,2,
fn,mkel,05_10_25,2,
fn,demo,05_10_25,2,
pd,mkel,05_10_25,2,
pd,demo,05_10_25,2,
mkel,demo,05_10_25,2,
rep,fn,05_10_25,2,
rep,mc,05_10_25,2,
demo,mc,05_10_25,1,
,,,,
p164,hama,05_10_25,1,
p164,host,05_10_25,1,
p164,isra,05_10_25,3,
p164,gaza,05_10_25,3,
p164,count,05_10_25,1,
p164,egy,05_10_25,1,
p164,war,05_10_25,3,
p164,pair,05_10_25,3,
p164,hist,05_10_25,3,
hama,host,05_10_25,1,
hama,isra,05_10_25,3,
hama,war,05_10_25,3,
isra,host,05_10_25,1,
isra,war,05_10_25,3,
count,hama,05_10_25,1,
count,isra,05_10_25,1,
egy,hama,05_10_25,1,
egy,isra,05_10_25,1,
egy,pair,05_10_25,1,
,,,,
p165,opec,05_10_25,2,
p165,bhb,05_10_25,1,
p165,fm,05_10_25,1,
p165,fmac,05_10_25,1,
p165,iv,05_10_25,3,
opec,bhb,05_10_25,2,
bhb,fm,05_10_25,1,
bhb,fmac,05_10_25,1,
fm,iv,05_10_25,1,
fmac,iv,05_10_25,1,
,,,,
p166,as,05_10_25,2,
p166,br,05_10_25,2,
p166,nbc,05_10_25,2,
p166,abc,05_10_25,2,
p166,fcc,05_10_25,3,
p166,demo,05_10_25,2,
p166,rep,05_10_25,1,
p166,mc,05_10_25,3,
p166,fk,05_10_25,3,
as,br,05_10_25,2,
as,nbc,05_10_25,2,
as,abc,05_10_25,2,
br,nbc,05_10_25,2,
nbc,demo,05_10_25,2,
abc,demo,05_10_25,2,
rep,nbc,05_10_25,2,
rep,abc,05_10_25,2,
,,,,
p167,us,06_10_25,1,
p167,ta,06_10_25,3,
p167,iv,06_10_25,3,
p167,if,06_10_25,3,
us,ta,06_10_25,1,
us,iv,06_10_25,1,
us,if,06_10_25,1,
ta,iv,06_10_25,3,
ta,if,06_10_25,3,
iv,if,06_10_25,3,
,,,,
p168,jpn,06_10_25,1,
p168,pmj,06_10_25,3,
p168,aw,06_10_25,3,
jpn,aw,06_10_25,1,
pmj,aw,06_10_25,1,
,,,,
p169,br,06_10_25,1,
p169,us,06_10_25,1,
p169,lula,06_10_25,1,
p169,iv,06_10_25,3,
p169,pair,06_10_25,3,
br,us,06_10_25,1,
br,lula,06_10_25,1,
br,iv,06_10_25,1,
br,pair,06_10_25,1,
us,lula,06_10_25,1,
us,iv,06_10_25,1,
us,pair,06_10_25,1,
lula,iv,06_10_25,1,
lula,pair,06_10_25,1,
,,,,
p170,us,06_10_25,1,
p170,count,06_10_25,3,
p170,htm,06_10_25,1,
p170,ta,06_10_25,3,
p170,iv,06_10_25,3,
us,count,06_10_25,1,
us,htm,06_10_25,1,
us,ta,06_10_25,1,
us,iv,06_10_25,1,
count,ta,06_10_25,3,
count,iv,06_10_25,3,
htm,ta,06_10_25,1,
htm,iv,06_10_25,1,
,,,,
p171,us,06_10_25,1,
p171,demo,06_10_25,2,
p171,amer,06_10_25,1,
p171,usgov,06_10_25,3,
p171,iv,06_10_25,3,
p171,ta,06_10_25,3,
us,demo,06_10_25,1,
us,amer,06_10_25,1,
us,usgov,06_10_25,1,
us,iv,06_10_25,1,
us,ta,06_10_25,1,
demo,usgov,06_10_25,2,
demo,iv,06_10_25,2,
demo,ta,06_10_25,2,
amer,usgov,06_10_25,1,
amer,iv,06_10_25,1,
amer,ta,06_10_25,1,
,,,,
p172,mbau,07_10_25,1,
p172,rep,07_10_25,1,
p172,wa,07_10_25,1,
p172,mbart,07_10_25,1,
p172,mc,07_10_25,3,
mbau,rep,07_10_25,1,
mbau,wa,07_10_25,1,
mbau,mbart,07_10_25,1,
rep,wa,07_10_25,1,
rep,mbart,07_10_25,1,
wa,mbart,07_10_25,1,
mbau,mc,07_10_25,1,
rep,mc,07_10_25,1,
wa,mc,07_10_25,1,
mbart,mc,07_10_25,1,
,,,,
p173,jsmi,07_10_25,2,
p173,doj,07_10_25,3,
p173,iv,07_10_25,3,
jsmi,doj,07_10_25,2,
,,,,
p174,mve,07_10_25,1,
p174,jt,07_10_25,1,
p174,vet,07_10_25,1,
p174,us,07_10_25,1,
p174,cf,07_10_25,3,
p174,pa,07_10_25,3,
p174,ma,07_10_25,3,
p174,ttb,07_10_25,3,
p174,ta,07_10_25,3,
p174,edu,07_10_25,3,
p174,ep,07_10_25,3,
mve,cf,07_10_25,1,
mve,pa,07_10_25,1,
mve,ma,07_10_25,1,
mve,ttb,07_10_25,1,
mve,ta,07_10_25,1,
mve,edu,07_10_25,1,
mve,ep,07_10_25,1,
jt,cf,07_10_25,1,
jt,pa,07_10_25,1,
jt,ma,07_10_25,1,
jt,ttb,07_10_25,1,
jt,ta,07_10_25,1,
jt,edu,07_10_25,1,
jt,ep,07_10_25,1,
vet,cf,07_10_25,1,
vet,pa,07_10_25,1,
vet,ma,07_10_25,1,
vet,ttb,07_10_25,1,
vet,ta,07_10_25,1,
vet,edu,07_10_25,1,
vet,ep,07_10_25,1,
us,cf,07_10_25,1,
us,pa,07_10_25,1,
us,ma,07_10_25,1,
us,ttb,07_10_25,1,
us,ta,07_10_25,1,
us,edu,07_10_25,1,
us,ep,07_10_25,1,
,,,,
p175,rbl,07_10_25,2,
p175,us,07_10_25,1,
p175,sen,07_10_25,2,
p175,vnm,07_10_25,1,
p175,doj,07_10_25,3,
p175,medi,07_10_25,3,
rbl,doj,07_10_25,2,
us,doj,07_10_25,1,
sen,doj,07_10_25,2,
vnm,doj,07_10_25,1,
rbl,medi,07_10_25,2,
us,medi,07_10_25,1,
sen,medi,07_10_25,2,
vnm,medi,07_10_25,1,
,,,,
p176,mve,07_10_25,1,
p176,us,07_10_25,1,
p176,cf,07_10_25,3,
mve,cf,07_10_25,1,
us,cf,07_10_25,1,
,,,,
p177,jsmi,07_10_25,2,
p177,bidoj,07_10_25,2,
p177,repsen,07_10_25,2,
p177,repcong,07_10_25,2,
p177,doj,07_10_25,3,
jsmi,doj,07_10_25,2,
bidoj,doj,07_10_25,2,
repsen,doj,07_10_25,2,
repcong,doj,07_10_25,2,
,,,,
p178,cc,08_10_25,1,
p178,le,08_10_25,3,
cc,le,08_10_25,1,
,,,,
p179,mb,08_10_25,2,
p179,jbp,08_10_25,2,
p179,ice,08_10_25,1,
p179,le,08_10_25,3,
mb,le,08_10_25,2,
jbp,le,08_10_25,2,
ice,le,08_10_25,1,
,,,,
p180,uth,08_10_25,1,
p180,us,08_10_25,1,
p180,maga,08_10_25,1,
p180,aa,08_10_25,1,
p180,scot,08_10_25,1,
p180,dsb,08_10_25,2,
p180,cped,08_10_25,1,
p180,c,08_10_25,1,
p180,lemb,08_10_25,1,
p180,fl,08_10_25,1,
p180,le,08_10_25,3,
uth,le,08_10_25,1,
us,le,08_10_25,1,
maga,le,08_10_25,1,
aa,le,08_10_25,1,
scot,le,08_10_25,1,
dsb,le,08_10_25,2,
cped,le,08_10_25,1,
c,le,08_10_25,1,
lemb,le,08_10_25,1,
fl,le,08_10_25,1,
,,,,
p181,csmi,08_10_25,1,
p181,amer,08_10_25,1,
p181,amerf,08_10_25,1,
p181,us,08_10_25,1,
p181,hcfa,08_10_25,1,
p181,ta,08_10_25,3,
p181,le,08_10_25,3,
csmi,ta,08_10_25,1,
csmi,le,08_10_25,1,
csmi,hcfa,08_10_25,1,
amer,ta,08_10_25,1,
amer,le,08_10_25,1,
amerf,ta,08_10_25,1,
amerf,le,08_10_25,1,
us,ta,08_10_25,1,
us,le,08_10_25,1,
us,hcfa,08_10_25,1,
hcfa,ta,08_10_25,1,
hcfa,le,08_10_25,1,
,,,,
p182,jvd,08_10_25,1,
p182,maga,08_10_25,1,
p182,amer,08_10_25,1,
p182,amerf,08_10_25,1,
p182,us,08_10_25,1,
p182,hjso,08_10_25,1,
p182,ponj,08_10_25,1,
p182,ta,08_10_25,3,
p182,le,08_10_25,3,
jvd,ta,08_10_25,1,
jvd,le,08_10_25,1,
jvd,hjso,08_10_25,1,
jvd,ponj,08_10_25,1,
maga,ta,08_10_25,1,
maga,le,08_10_25,1,
amer,ta,08_10_25,1,
amer,le,08_10_25,1,
amerf,ta,08_10_25,1,
amerf,le,08_10_25,1,
us,ta,08_10_25,1,
us,le,08_10_25,1,
us,hjso,08_10_25,1,
hjso,ta,08_10_25,1,
hjso,le,08_10_25,1,
ponj,ta,08_10_25,1,
ponj,le,08_10_25,1,
,,,,
p183,isra,08_10_25,1,
p183,hama,08_10_25,1,
p183,host,08_10_25,1,
p183,us,08_10_25,1,
p183,count,08_10_25,1,
p183,egy,08_10_25,1,
p183,qat,08_10_25,1,
p183,tur,08_10_25,1,
p183,medi,08_10_25,1,
p183,pair,08_10_25,3,
isra,pair,08_10_25,1,
hama,pair,08_10_25,1,
host,pair,08_10_25,1,
us,pair,08_10_25,1,
count,pair,08_10_25,1,
egy,pair,08_10_25,1,
qat,pair,08_10_25,1,
tur,pair,08_10_25,1,
medi,pair,08_10_25,1,
,,,,
p184,mh,09_10_25,1,
p184,us,09_10_25,1,
p184,me,09_10_25,1,
p184,pair,09_10_25,3,
mh,pair,09_10_25,1,
us,pair,09_10_25,1,
me,pair,09_10_25,1,
,,,,
p185,eyl,09_10_25,1,
p185,fn,09_10_25,1,
p185,me,09_10_25,1,
p185,pair,09_10_25,3,
eyl,pair,09_10_25,1,
fn,pair,09_10_25,1,
me,pair,09_10_25,1,
,,,,
p186,bc,09_10_25,1,
p186,usda,09_10_25,1,
p186,us,09_10_25,1,
p186,amer,09_10_25,1,
p186,af,09_10_25,3,
bc,af,09_10_25,1,
bc,usda,09_10_25,1,
bc,us,09_10_25,1,
bc,amer,09_10_25,1,
usda,us,09_10_25,1,
,,,,
p187,fbi,09_10_25,1,
p187,cw,09_10_25,2,
p187,kbp,09_10_25,1,
p187,pb,09_10_25,1,
p187,doj,09_10_25,1,
p187,crim,09_10_25,2,
p187,cap,09_10_25,3,
p187,js,09_10_25,3,
p187,lp,09_10_25,3,
fbi,cw,09_10_25,2,
fbi,kbp,09_10_25,1,
fbi,doj,09_10_25,1,
kbp,doj,09_10_25,1,
pb,doj,09_10_25,1,
fbi,crim,09_10_25,2,
,,,,
p188,us,09_10_25,1,
p188,count,09_10_25,2,
p188,twc,09_10_25,1,
p188,t,09_10_25,3,
us,t,09_10_25,1,
twc,t,09_10_25,1,
,,,,
p189,chi,10_10_25,2,
p189,us,10_10_25,1,
p189,count,10_10_25,3,
p189,euro,10_10_25,1,
p189,xi,10_10_25,2,
p189,apec,10_10_25,3,
p189,sk,10_10_25,3,
p189,me,10_10_25,3,
p189,t,10_10_25,3,
chi,us,10_10_25,2,
chi,count,10_10_25,2,
chi,xi,10_10_25,2,
us,count,10_10_25,1,
us,euro,10_10_25,1,
us,apec,10_10_25,1,
us,sk,10_10_25,1,
us,me,10_10_25,1,
xi,us,10_10_25,1,
xi,count,10_10_25,2,
,,,,
p190,chi,10_10_25,2,
p190,us,10_10_25,1,
p190,count,10_10_25,2,
p190,t,10_10_25,3,
chi,us,10_10_25,2,
chi,count,10_10_25,2,
us,count,10_10_25,1,
,,,,
p191,uscab,10_10_25,1,
p191,cw,10_10_25,3,
p191,js,10_10_25,3,
uscab,cw,10_10_25,1,
uscab,js,10_10_25,1,
cw,js,10_10_25,3,
,,,,
p192,cs,11_10_25,2,
p192,demo,11_10_25,2,
p192,tro,11_10_25,1,
p192,phe,11_10_25,1,
p192,umf,11_10_25,1,
p192,t,11_10_25,3,
cs,demo,11_10_25,1,
phe,umf,11_10_25,1,
phe,tro,11_10_25,1,
umf,tro,11_10_25,1,
,,,,
p193,bb,11_10_25,1,
p193,cnn,11_10_25,2,
p193,fk,11_10_25,3,
p193,lp,11_10_25,3,
bb,cnn,11_10_25,1,
bb,lp,11_10_25,2,
cnn,fk,11_10_25,1,
,,,,
p194,ds,12_10_25,1,
p194,sg,12_10_25,1,
p194,whppo,12_10_25,1,
p194,ind,12_10_25,3,
p194,aogo,12_10_25,3,
ds,whppo,12_10_25,1,
sg,ind,12_10_25,1,
,,,,
p195,fbi,12_10_25,2,
p195,fbiag,12_10_25,2,
p195,lae,12_10_25,3,
fbiag,fbi,12_10_25,2,
fbiag,lae,12_10_25,2,
,,,,
p196,asch,12_10_25,2,
p196,uc,12_10_25,2,
p196,lp,12_10_25,3,
p196,cor,12_10_25,3,
p196,js,12_10_25,3,
asch,uc,12_10_25,2,
asch,lp,12_10_25,2,
asch,cor,12_10_25,2,
asch,js,12_10_25,2,
uc,lp,12_10_25,2,
uc,cor,12_10_25,2,
uc,js,12_10_25,2,
,,,,
p197,xi,12_10_25,1,
p197,chi,12_10_25,1,
p197,us,12_10_25,1,
p197,pair,12_10_25,3,
xi,chi,12_10_25,1,
xi,us,12_10_25,1,
us,chi,12_10_25,1,
xi,pair,12_10_25,1,
chi,pair,12_10_25,1,
us,pair,12_10_25,1,
,,,,
p198,acu,12_10_25,2,
p198,youth,12_10_25,2,
p198,soc,12_10_25,2,
p198,fg,12_10_25,1,
p198,amer,12_10_25,1,
p198,uni,12_10_25,3,
p198,sch,12_10_25,3,
p198,lp,12_10_25,3,
p198,fos,12_10_25,3,
acu,youth,12_10_25,2,
acu,soc,12_10_25,2,
acu,lp,12_10_25,2,
acu,fos,12_10_25,2,
fg,acu,12_10_25,1,
fg,lp,12_10_25,1,
fg,fos,12_10_25,1,
amer,youth,12_10_25,1,
amer,soc,12_10_25,1,
,,,,
p199,cb,12_10_25,3,
p199,isra,12_10_25,1,
p199,me,12_10_25,1,
p199,pair,12_10_25,3,
cb,isra,12_10_25,1,
cb,me,12_10_25,1,
isra,me,12_10_25,1,
cb,pair,12_10_25,3,
isra,pair,12_10_25,1,
me,pair,12_10_25,1,
,,,,
p200,ussn,13_10_25,1,
p200,umf,13_10_25,3,
ussn,umf,13_10_25,1,
,,,,
p201,gm,14_10_25,1,
p201,ital,14_10_25,1,
p201,boo,14_10_25,3,
p201,rb,14_10_25,3,
p201,w,14_10_25,3,
gm,ital,14_10_25,1,
gm,boo,14_10_25,3,
gm,rb,14_10_25,1,
gm,w,14_10_25,1,
ital,boo,14_10_25,3,
ital,rb,14_10_25,1,
ital,w,14_10_25,1,
,,,,
p202,isra,14_10_25,1,
p202,egy,14_10_25,1,
p202,gaza,14_10_25,1,
p202,count,14_10_25,1,
p202,me,14_10_25,1,
p202,gaz,14_10_25,3,
p202,pair,14_10_25,3,
isra,egy,14_10_25,1,
isra,gaza,14_10_25,1,
isra,count,14_10_25,1,
isra,me,14_10_25,1,
egy,gaza,14_10_25,1,
egy,count,14_10_25,1,
egy,me,14_10_25,1,
gaza,count,14_10_25,1,
gaza,me,14_10_25,1,
count,me,14_10_25,1,
isra,pair,14_10_25,1,
egy,pair,14_10_25,1,
gaza,pair,14_10_25,1,
count,pair,14_10_25,1,
me,pair,14_10_25,1,
gaz,pair,14_10_25,3,
,,,,
p203,tm,14_10_25,2,
p203,p,14_10_25,3,
p203,mc,14_10_25,3,
tm,p,14_10_25,3,
tm,mc,14_10_25,3,
,,,,
p204,ck,14_10_25,1,
p204,me,14_10_25,1,
p204,pmf,14_10_25,3,
p204,tva,14_10_25,3,
ck,pmf,14_10_25,1,
ck,tva,14_10_25,1,
ck,me,14_10_25,1,
me,pmf,14_10_25,1,
me,tva,14_10_25,1,
,,,,
p205,host,14_10_25,1,
p205,amer,14_10_25,1,
p205,gaz,14_10_25,3,
host,amer,14_10_25,1,
host,gaz,14_10_25,3,
amer,gaz,14_10_25,3,
,,,,
p206,etru,14_10_25,1,
p206,boo,14_10_25,3,
etru,boo,14_10_25,1,
,,,,
p207,phe,14_10_25,3,
p207,vsl,14_10_25,2,
p207,dto,14_10_25,2,
p207,us,14_10_25,1,
p207,usc,14_10_25,1,
p207,vene,14_10_25,3,
p207,ntw,14_10_25,2,
p207,ven,14_10_25,3,
phe,vsl,14_10_25,3,
phe,dto,14_10_25,3,
phe,us,14_10_25,1,
phe,usc,14_10_25,1,
phe,ntw,14_10_25,2,
phe,vene,14_10_25,3,
phe,ven,14_10_25,3,
vsl,dto,14_10_25,2,
vsl,us,14_10_25,1,
vsl,usc,14_10_25,1,
vsl,ntw,14_10_25,2,
vsl,vene,14_10_25,3,
vsl,ven,14_10_25,3,
dto,ntw,14_10_25,2,
dto,us,14_10_25,2,
dto,usc,14_10_25,2,
dto,vene,14_10_25,3,
dto,ven,14_10_25,3,
usc,us,14_10_25,1,
usc,vene,14_10_25,3,
usc,ven,14_10_25,3,
us,vene,14_10_25,3,
us,ven,14_10_25,3,
ntw,vene,14_10_25,3,
ntw,ven,14_10_25,3,
,,,,
p208,chi,14_10_25,2,
p208,us,14_10_25,1,
p208,afarm,14_10_25,1,
p208,t,14_10_25,3,
p208,if,14_10_25,3,
chi,us,14_10_25,2,
chi,afarm,14_10_25,2,
us,afarm,14_10_25,1,
chi,t,14_10_25,3,
chi,if,14_10_25,3,
us,t,14_10_25,3,
us,if,14_10_25,3,
afarm,t,14_10_25,3,
afarm,if,14_10_25,3,
,,,,
p209,jm,14_10_25,1,
p209,arg,14_10_25,1,
p209,peopa,14_10_25,1,
p209,aa,14_10_25,3,
jm,arg,14_10_25,1,
jm,peopa,14_10_25,1,
arg,peopa,14_10_25,1,
,,,,
p210,bo,14_10_25,1,
p210,mo,14_10_25,1,
p210,vet,14_10_25,1,
p210,ec,14_10_25,3,
bo,mo,14_10_25,1,
bo,vet,14_10_25,1,
mo,vet,14_10_25,1,
bo,ec,14_10_25,1,
mo,ec,14_10_25,3,
vet,ec,14_10_25,1,
,,,,
p211,nd,14_10_25,1,
p211,fl,14_10_25,1,
p211,vet,14_10_25,1,
p211,ec,14_10_25,3,
nd,fl,14_10_25,1,
nd,vet,14_10_25,1,
nd,ec,14_10_25,3,
fl,vet,14_10_25,1,
fl,ec,14_10_25,3,
vet,ec,14_10_25,3,
,,,,
p212,kc,14_10_25,1,
p212,fl,14_10_25,1,
p212,vet,14_10_25,1,
p212,afarm,14_10_25,1,
p212,ec,14_10_25,3,
p212,ec,14_10_25,3,
p212,ec,14_10_25,3,
p212,ec,14_10_25,3,
p212,ec,14_10_25,3,
kc,fl,14_10_25,1,
kc,vet,14_10_25,1,
kc,afarm,14_10_25,1,
kc,ec,14_10_25,3,
fl,vet,14_10_25,1,
fl,afarm,14_10_25,1,
fl,ec,14_10_25,3,
vet,afarm,14_10_25,1,
vet,ec,14_10_25,3,
afarm,ec,14_10_25,3,
,,,,
p213,ll,14_10_25,1,
p213,umf,14_10_25,1,
p213,vet,14_10_25,1,
p213,if,14_10_25,3,
p213,ta,14_10_25,3,
p213,sec,14_10_25,3,
ll,umf,14_10_25,1,
ll,vet,14_10_25,1,
ll,if,14_10_25,3,
ll,ta,14_10_25,3,
ll,sec,14_10_25,3,
umf,vet,14_10_25,1,
umf,if,14_10_25,3,
umf,ta,14_10_25,3,
umf,sec,14_10_25,3,
vet,if,14_10_25,3,
vet,ta,14_10_25,3,
vet,sec,14_10_25,3,
,,,,
p214,tm,14_10_25,1,
p214,umf,14_10_25,1,
p214,vet,14_10_25,1,
p214,if,14_10_25,3,
p214,ta,14_10_25,3,
p214,sec,14_10_25,3,
p214,cm,14_10_25,3,
tm,umf,14_10_25,1,
tm,vet,14_10_25,1,
tm,if,14_10_25,3,
tm,ta,14_10_25,3,
tm,sec,14_10_25,3,
tm,cm,14_10_25,3,
umf,vet,14_10_25,1,
umf,if,14_10_25,3,
umf,ta,14_10_25,3,
umf,sec,14_10_25,3,
umf,cm,14_10_25,3,
vet,if,14_10_25,3,
vet,ta,14_10_25,3,
vet,sec,14_10_25,3,
vet,cm,14_10_25,3,
,,,,
p215,vf,14_10_25,1,
p215,umf,14_10_25,1,
p215,vet,14_10_25,1,
p215,afarm,14_10_25,1,
p215,if,14_10_25,3,
p215,ta,14_10_25,3,
p215,sec,14_10_25,3,
vf,umf,14_10_25,1,
vf,vet,14_10_25,1,
vf,afarm,14_10_25,1,
vf,if,14_10_25,3,
vf,ta,14_10_25,3,
vf,sec,14_10_25,3,
vf,afarm,14_10_25,1,
umf,vet,14_10_25,1,
umf,afarm,14_10_25,1,
umf,if,14_10_25,3,
umf,ta,14_10_25,3,
umf,sec,14_10_25,3,
vet,afarm,14_10_25,1,
vet,if,14_10_25,3,
vet,ta,14_10_25,3,
vet,sec,14_10_25,3,
afarm,if,14_10_25,3,
afarm,ta,14_10_25,3,
afarm,sec,14_10_25,3,
,,,,
p216,wt,14_10_25,1,
p216,umf,14_10_25,1,
p216,vet,14_10_25,1,
p216,lae,14_10_25,1,
p216,if,14_10_25,3,
p216,ta,14_10_25,3,
p216,sec,14_10_25,3,
wt,umf,14_10_25,1,
wt,vet,14_10_25,1,
wt,lae,14_10_25,1,
wt,if,14_10_25,3,
wt,ta,14_10_25,3,
wt,sec,14_10_25,3,
umf,vet,14_10_25,1,
umf,lae,14_10_25,1,
umf,if,14_10_25,3,
umf,ta,14_10_25,3,
umf,sec,14_10_25,3,
vet,lae,14_10_25,1,
vet,if,14_10_25,3,
vet,ta,14_10_25,3,
vet,sec,14_10_25,3,
lae,if,14_10_25,3,
lae,ta,14_10_25,3,
lae,sec,14_10_25,3,
,,,,
p217,rf,14_10_25,1,
p217,umf,14_10_25,1,
p217,vet,14_10_25,1,
p217,if,14_10_25,3,
p217,ta,14_10_25,3,
p217,sec,14_10_25,3,
rf,umf,14_10_25,1,
rf,vet,14_10_25,1,
rf,if,14_10_25,3,
rf,ta,14_10_25,3,
rf,sec,14_10_25,3,
umf,vet,14_10_25,1,
umf,if,14_10_25,3,
umf,ta,14_10_25,3,
umf,sec,14_10_25,3,
vet,if,14_10_25,3,
vet,ta,14_10_25,3,
vet,sec,14_10_25,3,
,,,,
p218,tc,14_10_25,1,
p218,umf,14_10_25,1,
p218,vet,14_10_25,1,
p218,if,14_10_25,3,
p218,ta,14_10_25,3,
p218,sec,14_10_25,3,
p218,af,14_10_25,3,
tc,umf,14_10_25,1,
tc,vet,14_10_25,1,
tc,if,14_10_25,3,
tc,ta,14_10_25,3,
tc,sec,14_10_25,3,
tc,af,14_10_25,3,
umf,vet,14_10_25,1,
umf,if,14_10_25,3,
umf,ta,14_10_25,3,
umf,sec,14_10_25,3,
umf,af,14_10_25,3,
vet,if,14_10_25,3,
vet,ta,14_10_25,3,
vet,sec,14_10_25,3,
vet,af,14_10_25,3,
,,,,
p219,jm,14_10_25,1,
p219,umf,14_10_25,1,
p219,vet,14_10_25,1,
p219,if,14_10_25,3,
p219,ta,14_10_25,3,
p219,sec,14_10_25,3,
p219,af,14_10_25,3,
jm,umf,14_10_25,1,
jm,vet,14_10_25,1,
jm,if,14_10_25,3,
jm,ta,14_10_25,3,
jm,sec,14_10_25,3,
jm,af,14_10_25,3,
umf,vet,14_10_25,1,
umf,if,14_10_25,3,
umf,ta,14_10_25,3,
umf,sec,14_10_25,3,
umf,af,14_10_25,3,
vet,if,14_10_25,3,
vet,ta,14_10_25,3,
vet,sec,14_10_25,3,
vet,af,14_10_25,3,
,,,,
p220,fp,16_10_25,3,
vp,fp,16_10_25,3,
,,,,
p213,vp,16_10_25,1,
p213,russi,16_10_25,1,
p213,us,16_10_25,1,
p213,ukra,16_10_25,3,
p213,mt,16_10_25,1,
p213,c,16_10_25,1,
p213,mr,16_10_25,1,
p213,vz,16_10_25,1,
p213,whiho,16_10_25,3,
p213,war,16_10_25,3,
p213,pm,16_10_25,3,
p213,pair,16_10_25,3,
vp,russi,16_10_25,1,
vp,us,16_10_25,1,
russi,ukra,16_10_25,2,
us,ukra,16_10_25,1,
vp,mt,16_10_25,1,
mt,c,16_10_25,1,
us,mr,16_10_25,1,
us,vz,16_10_25,1,
vp,vz,16_10_25,1,
vp,war,16_10_25,3,
vp,pm,16_10_25,3,
vp,pair,16_10_25,3,
russi,war,16_10_25,3,
russi,pm,16_10_25,3,
russi,pair,16_10_25,3,
us,war,16_10_25,3,
us,pm,16_10_25,3,
us,pair,16_10_25,3,
ukra,war,16_10_25,3,
ukra,pm,16_10_25,3,
ukra,pair,16_10_25,3,
mt,war,16_10_25,3,
mt,pm,16_10_25,3,
mt,pair,16_10_25,3,
c,war,16_10_25,3,
c,pm,16_10_25,3,
c,pair,16_10_25,3,
mr,war,16_10_25,3,
mr,pm,16_10_25,3,
mr,pair,16_10_25,3,
vz,war,16_10_25,3,
vz,pm,16_10_25,3,
vz,pair,16_10_25,3,
whiho,war,16_10_25,3,
whiho,pm,16_10_25,3,
whiho,pair,16_10_25,3,
,,,,
p214,hama,16_10_25,2,
p214,gaza,16_10_25,3,
p214,us,16_10_25,1,
p214,war,16_10_25,3,
hama,gaza,16_10_25,2,
us,ham,16_10_25,2,
hama,war,16_10_25,3,
gaza,war,16_10_25,3,
us,war,16_10_25,3,
,,,,
p215,imo,16_10_25,2,
p215,us,16_10_25,1,
p215,atp,16_10_25,1,
p215,ep,16_10_25,3,
imo,ep,16_10_25,3,
us,ep,16_10_25,3,
atp,ep,16_10_25,3,
us,imo,16_10_25,2,
,,,,
p216,rep,16_10_25,1,
p216,democ,16_10_25,2,
p216,usatt,16_10_25,1,
p216,demo ,16_10_25,2,
p216,cg,16_10_25,2,
p216,doj,16_10_25,3,
rep,doj,16_10_25,3,
democ,doj,16_10_25,3,
usatt,doj,16_10_25,3,
demo ,doj,16_10_25,3,
cg,doj,16_10_25,3,
rep,democ,16_10_25,2,
rep,demo ,16_10_25,1,
democ,demo ,16_10_25,2,
demo ,cg,16_10_25,2,
usatt,rep,16_10_25,1,
,,,,
p217,afacad,16_10_25,3,
p217,cadchap,16_10_25,2,
p217,fg,16_10_25,3,
p217,caaa,16_10_25,3,
afacad,caaa,16_10_25,3,
cadchap,caaa,16_10_25,3,
fg,caaa,16_10_25,3,
cadchap,afacad,16_10_25,2,
cadchap,fg,16_10_25,2,
afacad,fg,16_10_25,3,
,,,,
p218,rep,16_10_25,1,
p218,democ,16_10_25,2,
p218,usatt,16_10_25,1,
p218,dsen,16_10_25,2,
p218,doj,16_10_25,3,
rep,doj,16_10_25,3,
democ,doj,16_10_25,3,
usatt,doj,16_10_25,3,
dsen,doj,16_10_25,3,
rep,usatt,16_10_25,1,
rep,dsen,16_10_25,2,
democ,dsen,16_10_25,2,
usatt,dsen,16_10_25,2,
,,,,
p219,ukra,17_10_25,1,
p219,vp,17_10_25,1,
p219,vz,17_10_25,1,
p219,amer,17_10_25,1,
p219,war,17_10_25,3,
ukra,war,17_10_25,3,
vp,war,17_10_25,3,
vz,war,17_10_25,3,
amer,war,17_10_25,3,
ukra,vp,17_10_25,1,
ukra,vz,17_10_25,1,
ukra,amer,17_10_25,1,
vp,vz,17_10_25,1,
vp,amer,17_10_25,1,
vz,amer,17_10_25,1,
,,,,
p220,ncr,17_10_25,1,
p220,rep,17_10_25,1,
p220,maga,17_10_25,1,
p220,pop,17_10_25,1,
p220,amer,17_10_25,1,
p220,caaa,17_10_25,3,
ncr,rep,17_10_25,1,
ncr,maga,17_10_25,1,
ncr,pop,17_10_25,1,
rep,maga,17_10_25,1,
rep,pop,17_10_25,1,
rep,amer,17_10_25,1,
maga,pop,17_10_25,1,
maga,amer,17_10_25,1,
pop,amer,17_10_25,1,
ncr,caaa,17_10_25,3,
rep,caaa,17_10_25,3,
maga,caaa,17_10_25,3,
pop,caaa,17_10_25,3,
amer,caaa,17_10_25,3,
p220,caaa,17_10_25,3,
,,,,
p221,gs,17_10_25,1,
p221,rb,17_10_25,2,
p221,us,17_10_25,1,
p221,amer,17_10_25,1,
p221,mil,17_10_25,3,
p221,rep,17_10_25,1,
p221,pa,17_10_25,3,
p221,hist,17_10_25,3,
gs,rb,17_10_25,2,
gs,us,17_10_25,1,
gs,amer,17_10_25,1,
gs,mil,17_10_25,1,
gs,rep,17_10_25,1,
rb,us,17_10_25,2,
rb,amer,17_10_25,2,
rb,mil,17_10_25,2,
us,amer,17_10_25,1,
us,mil,17_10_25,3,
us,rep,17_10_25,3,
amer,mil,17_10_25,3,
amer,rep,17_10_25,3,
gs,hist,17_10_25,3,
rb,pa,17_10_25,3,
,,,,
p222,rp,17_10_25,2,
p222,tm,17_10_25,2,
p222,rep,17_10_25,1,
p222,maga,17_10_25,1,
p222,us,17_10_25,1,
p222,amer,17_10_25,1,
p222,pa,17_10_25,3,
p222,ec,17_10_25,3,
rp,tm,17_10_25,2,
rp,rep,17_10_25,2,
rp,maga,17_10_25,2,
rp,us,17_10_25,2,
rp,amer,17_10_25,2,
tm,rep,17_10_25,2,
tm,maga,17_10_25,2,
tm,us,17_10_25,2,
tm,amer,17_10_25,2,
rep,maga,17_10_25,1,
rep,us,17_10_25,1,
rep,amer,17_10_25,1,
maga,us,17_10_25,1,
maga,amer,17_10_25,1,
us,amer,17_10_25,1,
rp,pa,17_10_25,3,
tm,pa,17_10_25,3,
,,,,
p223,tm,17_10_25,2,
p223,eg,17_10_25,1,
p223,rep,17_10_25,1,
p223,maga,17_10_25,1,
p223,us,17_10_25,1,
p223,amer,17_10_25,1,
p223,mil,17_10_25,1,
p223,afarm,17_10_25,1,
p223,cong,17_10_25,1,
p223,mig,17_10_25,1,
p223,pk,17_10_25,1,
p223,pa,17_10_25,3,
p223,nas,17_10_25,3,
tm,eg,17_10_25,2,
tm,rep,17_10_25,2,
tm,maga,17_10_25,2,
tm,us,17_10_25,2,
tm,amer,17_10_25,2,
tm,mil,17_10_25,2,
tm,afarm,17_10_25,2,
tm,cong,17_10_25,2,
tm,mig,17_10_25,2,
tm,pk,17_10_25,2,
eg,rep,17_10_25,1,
eg,maga,17_10_25,1,
eg,us,17_10_25,1,
eg,amer,17_10_25,1,
eg,mil,17_10_25,1,
eg,afarm,17_10_25,1,
eg,cong,17_10_25,1,
eg,mig,17_10_25,1,
eg,pk,17_10_25,1,
rep,maga,17_10_25,1,
rep,us,17_10_25,1,
rep,amer,17_10_25,1,
rep,mil,17_10_25,1,
rep,afarm,17_10_25,1,
rep,cong,17_10_25,1,
rep,mig,17_10_25,1,
rep,pk,17_10_25,1,
maga,us,17_10_25,1,
maga,amer,17_10_25,1,
maga,mil,17_10_25,1,
maga,afarm,17_10_25,1,
maga,cong,17_10_25,1,
maga,mig,17_10_25,1,
maga,pk,17_10_25,1,
us,amer,17_10_25,1,
us,mil,17_10_25,1,
us,afarm,17_10_25,1,
us,cong,17_10_25,1,
us,mig,17_10_25,1,
us,pk,17_10_25,1,
amer,mil,17_10_25,1,
amer,afarm,17_10_25,1,
amer,cong,17_10_25,1,
amer,mig,17_10_25,1,
amer,pk,17_10_25,1,
mil,afarm,17_10_25,1,
mil,cong,17_10_25,1,
mil,mig,17_10_25,1,
mil,pk,17_10_25,1,
afarm,cong,17_10_25,1,
afarm,mig,17_10_25,1,
afarm,pk,17_10_25,1,
cong,mig,17_10_25,1,
cong,pk,17_10_25,1,
mig,pk,17_10_25,1,
tm,pa,17_10_25,3,
,,,,
p224,sub,18_10_25,2,
p224,usint,18_10_25,1,
p224,narco,18_10_25,2,
p224,ecu,18_10_25,3,
p224,col,18_10_25,3,
p224,usf,18_10_25,1,
p224,us,18_10_25,1,
p224,amer,18_10_25,1,
p224,fy,18_10_25,3,
p224,cm,18_10_25,3,
sub,narco,18_10_25,2,
sub,fy,18_10_25,2,
sub,cm,18_10_25,2,
usint,sub,18_10_25,1,
usint,narco,18_10_25,2,
usint,fy,18_10_25,1,
usf,sub,18_10_25,2,
usf,narco,18_10_25,2,
usf,cm,18_10_25,1,
us,usf,18_10_25,1,
us,amer,18_10_25,1,
narco,fy,18_10_25,2,
narco,cm,18_10_25,2,
ecu,narco,18_10_25,3,
col,narco,18_10_25,3,
amer,fy,18_10_25,1,
amer,cm,18_10_25,1,
,,,,
p225,gp,19_10_25,2,
p225,col,19_10_25,2,
p225,us,19_10_25,1,
p225,amer,19_10_25,1,
p225,subsi,19_10_25,2,
p225,drugfields,19_10_25,2,
p225,cm,19_10_25,3,
gp,col,19_10_25,2,
gp,drugfields,19_10_25,2,
gp,subsi,19_10_25,2,
col,drugfields,19_10_25,2,
col,subsi,19_10_25,2,
us,amer,19_10_25,1,
us,subsi,19_10_25,2,
us,cm,19_10_25,1,
amer,cm,19_10_25,1,
drugfields,cm,19_10_25,2,
gp,cm,19_10_25,2,
col,cm,19_10_25,2,
,,,,
p226,mbart,19_10_25,1,
p226,fn,19_10_25,1,
p226,tva,19_10_25,3,
p226,fn,19_10_25,3,
mbart,fn,19_10_25,1,
mbart,tva,19_10_25,1,
mbart,fn,19_10_25,1,
fn,tva,19_10_25,1,
,,,,
p227,msav,19_10_25,1,
p227,iraq,19_10_25,1,
p227,amerp,19_10_25,1,
p227,musam,19_10_25,1,
p227,mich,19_10_25,3,
p227,aogo,19_10_25,3,
p227,suc,19_10_25,3,
msav,iraq,19_10_25,1,
msav,amerp,19_10_25,1,
msav,musam,19_10_25,1,
msav,mich,19_10_25,1,
msav,aogo,19_10_25,1,
msav,suc,19_10_25,1,
iraq,aogo,19_10_25,1,
amerp,suc,19_10_25,1,
musam,suc,19_10_25,1,
,,,,
p228,wcr,20_10_25,1,
p228,la,20_10_25,1,
p228,lsu,20_10_25,1,
p228,lsc,20_10_25,1,
p228,us,20_10_25,1,
p228,usdcl,20_10_25,1,
p228,crim,20_10_25,3,
p228,aogo,20_10_25,3,
p228,lp,20_10_25,3,
wcr,la,20_10_25,1,
wcr,lsu,20_10_25,1,
wcr,lsc,20_10_25,1,
wcr,us,20_10_25,1,
wcr,usdcl,20_10_25,1,
wcr,crim,20_10_25,1,
wcr,aogo,20_10_25,1,
wcr,lp,20_10_25,1,
la,lsu,20_10_25,3,
la,lsc,20_10_25,3,
la,us,20_10_25,3,
la,usdcl,20_10_25,3,
la,crim,20_10_25,3,
lsu,lsc,20_10_25,3,
lsu,us,20_10_25,3,
lsu,usdcl,20_10_25,3,
lsu,crim,20_10_25,3,
lsc,us,20_10_25,3,
lsc,usdcl,20_10_25,3,
lsc,crim,20_10_25,3,
us,usdcl,20_10_25,1,
us,crim,20_10_25,3,
usdcl,crim,20_10_25,3,
,,,,
p229,avh,20_10_25,1,
p229,la,20_10_25,1,
p229,ccl,20_10_25,1,
p229,lsu,20_10_25,1,
p229,us,20_10_25,1,
p229,usdclw,20_10_25,1,
p229,crights,20_10_25,3,
p229,aogo,20_10_25,3,
p229,lp,20_10_25,3,
avh,la,20_10_25,1,
avh,ccl,20_10_25,1,
avh,lsu,20_10_25,1,
avh,us,20_10_25,1,
avh,usdclw,20_10_25,1,
avh,crights,20_10_25,1,
avh,aogo,20_10_25,1,
avh,lp,20_10_25,1,
la,ccl,20_10_25,3,
la,lsu,20_10_25,3,
la,us,20_10_25,3,
la,usdclw,20_10_25,3,
la,crights,20_10_25,3,
la,aogo,20_10_25,3,
la,lp,20_10_25,3,
ccl,lsu,20_10_25,3,
ccl,us,20_10_25,3,
ccl,usdclw,20_10_25,3,
ccl,crights,20_10_25,3,
ccl,aogo,20_10_25,3,
ccl,lp,20_10_25,3,
lsu,us,20_10_25,3,
lsu,usdclw,20_10_25,3,
lsu,crights,20_10_25,3,
lsu,aogo,20_10_25,3,
lsu,lp,20_10_25,3,
us,usdclw,20_10_25,1,
us,crights,20_10_25,3,
us,aogo,20_10_25,3,
us,lp,20_10_25,3,
usdclw,crights,20_10_25,3,
usdclw,aogo,20_10_25,3,
usdclw,lp,20_10_25,3,
crights,aogo,20_10_25,3,
crights,lp,20_10_25,3,
,,,,
p230,whball,20_10_25,1,
p230,wh,20_10_25,1,
p230,ew,20_10_25,1,
p230,atp,20_10_25,1,
p230,gac,20_10_25,1,
p230,pat,20_10_25,1,
p230,aogo,20_10_25,3,
p230,caaa,20_10_25,3,
whball,wh,20_10_25,1,
whball,ew,20_10_25,1,
whball,atp,20_10_25,1,
whball,gac,20_10_25,1,
whball,pat,20_10_25,1,
whball,aogo,20_10_25,1,
whball,caaa,20_10_25,1,
wh,ew,20_10_25,1,
wh,atp,20_10_25,1,
wh,gac,20_10_25,1,
wh,pat,20_10_25,1,
wh,aogo,20_10_25,1,
wh,caaa,20_10_25,1,
ew,atp,20_10_25,1,
ew,gac,20_10_25,1,
ew,pat,20_10_25,1,
ew,aogo,20_10_25,1,
ew,caaa,20_10_25,1,
atp,gac,20_10_25,1,
atp,pat,20_10_25,1,
atp,aogo,20_10_25,1,
atp,caaa,20_10_25,1,
gac,pat,20_10_25,1,
gac,aogo,20_10_25,1,
gac,caaa,20_10_25,1,
pat,aogo,20_10_25,1,
pat,caaa,20_10_25,1,
,,,,
p231,jc,20_10_25,1,
p231,ms,20_10_25,2,
p231,nj,20_10_25,3,
p231,wash,20_10_25,3,
p231,whiho,20_10_25,3,
p231,suc,20_10_25,3,
p231,ep,20_10_25,3,
p231,pa,20_10_25,3,
jc,ms,20_10_25,2,
jc,nj,20_10_25,1,
jc,wash,20_10_25,1,
jc,whiho,20_10_25,1,
jc,suc,20_10_25,1,
jc,ep,20_10_25,1,
jc,pa,20_10_25,1,
ms,nj,20_10_25,2,
ms,wash,20_10_25,3,
ms,whiho,20_10_25,3,
ms,suc,20_10_25,2,
ms,ep,20_10_25,2,
ms,pa,20_10_25,2,
nj,wash,20_10_25,3,
nj,whiho,20_10_25,3,
nj,suc,20_10_25,3,
nj,ep,20_10_25,3,
nj,pa,20_10_25,3,
wash,whiho,20_10_25,3,
wash,suc,20_10_25,3,
wash,ep,20_10_25,3,
wash,pa,20_10_25,3,
whiho,suc,20_10_25,3,
whiho,ep,20_10_25,3,
whiho,pa,20_10_25,3,
,,,,
p232,jc,20_10_25,1,
p232,ms,20_10_25,2,
p232,dem,20_10_25,2,
p232,nj,20_10_25,3,
p232,country,20_10_25,3,
p232,suc,20_10_25,3,
p232,ep,20_10_25,3,
p232,pa,20_10_25,3,
jc,ms,20_10_25,2,
jc,dem,20_10_25,2,
jc,nj,20_10_25,1,
jc,country,20_10_25,1,
jc,suc,20_10_25,1,
jc,ep,20_10_25,1,
jc,pa,20_10_25,1,
ms,dem,20_10_25,2,
ms,nj,20_10_25,2,
ms,country,20_10_25,2,
ms,suc,20_10_25,2,
ms,ep,20_10_25,2,
ms,pa,20_10_25,2,
dem,nj,20_10_25,2,
dem,country,20_10_25,2,
dem,suc,20_10_25,2,
dem,ep,20_10_25,2,
dem,pa,20_10_25,2,
nj,country,20_10_25,3,
nj,suc,20_10_25,3,
nj,ep,20_10_25,3,
nj,pa,20_10_25,3,
country,suc,20_10_25,3,
country,ep,20_10_25,3,
country,pa,20_10_25,3,
,,,,
p233,fbi,20_10_25,1,
p233,kash,20_10_25,1,
p233,dan,20_10_25,1,
p233,andi,20_10_25,1,
p233,america,20_10_25,1,
p233,vcrim,20_10_25,2,
p233,cpred,20_10_25,2,
p233,htraf,20_10_25,2,
p233,cent,20_10_25,2,
p233,fent,20_10_25,3,
p233,ichild,20_10_25,3,
p233,le,20_10_25,3,
p233,im,20_10_25,3,
fbi,le,20_10_25,1,
fbi,im,20_10_25,1,
kash,fbi,20_10_25,1,
dan,fbi,20_10_25,1,
andi,fbi,20_10_25,1,
vcrim,le,20_10_25,2,
cpred,le,20_10_25,2,
htraf,le,20_10_25,2,
cent,le,20_10_25,2,
fent,im,20_10_25,3,
ichild,le,20_10_25,1,
america,le,20_10_25,1,
america,im,20_10_25,1,
,,,,
p234,mea,21_10_25,1,
p234,gaza,21_10_25,3,
p234,hamas,21_10_25,2,
p234,isr,21_10_25,1,
p234,indo,21_10_25,1,
p234,us,21_10_25,1,
p234,ir,21_10_25,3,
p234,mil,21_10_25,3,
p234,dip,21_10_25,3,
mea,gaza,21_10_25,1,
mea,hama,21_10_25,2,
mea,isra,21_10_25,1,
mea,indo,21_10_25,1,
mea,us,21_10_25,1,
mea,ir,21_10_25,1,
mea,mil,21_10_25,1,
mea,dip,21_10_25,1,
gaza,hama,21_10_25,2,
gaza,ir,21_10_25,3,
gaza,mil,21_10_25,3,
gaza,dip,21_10_25,3,
hamas,ir,21_10_25,2,
hamas,mil,21_10_25,2,
hamas,dip,21_10_25,2,
isra,us,21_10_25,1,
isra,ir,21_10_25,1,
isra,mil,21_10_25,1,
isra,dip,21_10_25,1,
indo,us,21_10_25,1,
indo,ir,21_10_25,1,
indo,mil,21_10_25,1,
indo,dip,21_10_25,1,
us,ir,21_10_25,1,
us,mil,21_10_25,1,
us,dip,21_10_25,1,
ir,mil,21_10_25,3,
ir,dip,21_10_25,3,
mil,dip,21_10_25,3,
,,,,
p235,pg,21_10_25,1,
p235,az9,21_10_25,1,
p235,milv,21_10_25,1,
p235,sa,21_10_25,1,
p235,border,21_10_25,1,
p235,eco,21_10_25,1,
p235,aenergy,21_10_25,1,
p235,us,21_10_25,3,
p235,suc,21_10_25,3,
p235,ep,21_10_25,3,
p235,eco_sub,21_10_25,3,
p235,im,21_10_25,3,
p235,mil,21_10_25,3,
p235,gun,21_10_25,3,
pg,az9,21_10_25,1,
pg,milv,21_10_25,1,
pg,sa,21_10_25,1,
pg,border,21_10_25,1,
pg,eco,21_10_25,1,
pg,aenergy,21_10_25,1,
pg,us,21_10_25,1,
pg,suc,21_10_25,1,
pg,ep,21_10_25,1,
pg,im,21_10_25,1,
pg,mil,21_10_25,1,
pg,gun,21_10_25,1,
az9,suc,21_10_25,3,
az9,ep,21_10_25,3,
az9,im,21_10_25,3,
az9,mil,21_10_25,3,
az9,gun,21_10_25,3,
milv,mil,21_10_25,1,
sa,gun,21_10_25,1,
border,im,21_10_25,1,
aenergy,ep,21_10_25,1,
us,suc,21_10_25,3,
ep,im,21_10_25,3,
ep,mil,21_10_25,3,
ep,gun,21_10_25,3,
im,mil,21_10_25,3,
im,gun,21_10_25,3,
mil,gun,21_10_25,3,
,,,,
p236,us,22_10_25,1,
p236,br,22_10_25,2,
p236,catr,22_10_25,1,
p236,cons,22_10_25,1,
p236,t,22_10_25,3,
catr,t,22_10_25,1,
br,t,22_10_25,2,
us,t,22_10_25,1,
cons,t,22_10_25,1,
us,br,22_10_25,2,
catr,cons,22_10_25,3,
,,,,
p238,mbau,22_10_25,1,
p238,bf,22_10_25,1,
p238,us,22_10_25,1,
p238,tmf,22_10_25,1,
p238,t,22_10_25,3,
mbau,t,22_10_25,1,
bf,t,22_10_25,1,
us,t,22_10_25,1,
tmf,t,22_10_25,1,
mbau,bf,22_10_25,3,
mbau,tmf,22_10_25,3,
bf,tmf,22_10_25,3,
,,,,
p239,rep,22_10_25,1,
p239,demo,22_10_25,2,
p239,pop,22_10_25,3,
p239,nj,22_10_25,3,
p239,vir,22_10_25,3,
p239,t,22_10_25,3,
rep,t,22_10_25,1,
demo,t,22_10_25,2,
pop,t,22_10_25,3,
nj,t,22_10_25,3,
vir,t,22_10_25,3,
rep,demo,22_10_25,3,
rep,pop,22_10_25,1,
demo,pop,22_10_25,2,
,,,,
p240,mk,22_10_25,1,
p240,mo,22_10_25,3,
p240,pat,22_10_25,1,
p240,aogo,22_10_25,3,
mk,aogo,22_10_25,1,
mo,aogo,22_10_25,3,
pat,aogo,22_10_25,1,
mk,mo,22_10_25,3,
mk,pat,22_10_25,1,
mo,pat,22_10_25,3,
,,,,
p241,jpill,22_10_25,1,
p241,neb,22_10_25,3,
p241,pop,22_10_25,1,
p241,aogo,22_10_25,3,
jpill,aogo,22_10_25,1,
neb,aogo,22_10_25,3,
pop,aogo,22_10_25,1,
jpill,neb,22_10_25,3,
jpill,pop,22_10_25,1,
neb,pop,22_10_25,3,
,,,,
p242,llb,22_10_25,1,
p242,pop,22_10_25,1,
p242,aogo,22_10_25,3,
llb,aogo,22_10_25,1,
pop,aogo,22_10_25,1,
llb,pop,22_10_25,3,
,,,,
p243,md,22_10_25,1,
p243,ak,22_10_25,3,
p243,pop,22_10_25,1,
p243,aogo,22_10_25,3,
md,aogo,22_10_25,1,
ak,aogo,22_10_25,3,
pop,aogo,22_10_25,1,
md,ak,22_10_25,3,
md,pop,22_10_25,1,
ak,pop,22_10_25,3,
,,,,
p244,ws,22_10_25,1,
p244,fl,22_10_25,1,
p244,afarm,22_10_25,1,
p244,catr,22_10_25,1,
p244,af,22_10_25,3,
p244,ta,22_10_25,3,
p244,ep,22_10_25,3,
p244,sec,22_10_25,3,
p244,cm,22_10_25,3,
ws,af,22_10_25,1,
ws,ta,22_10_25,1,
ws,ep,22_10_25,1,
ws,sec,22_10_25,1,
ws,cm,22_10_25,1,
ws,fl,22_10_25,1,
ws,afarm,22_10_25,1,
ws,catr,22_10_25,1,
afarm,ep,22_10_25,1,
catr,ep,22_10_25,1,
,,,,
p245,wsj,22_10_25,2,
p245,us,22_10_25,3,
p245,ukra,22_10_25,3,
p245,russi,22_10_25,3,
p245,fk,22_10_25,3,
p245,war,22_10_25,3,
wsj,fk,22_10_25,2,
ukra,war,22_10_25,3,
russi,war,22_10_25,3,
us,ukra,22_10_25,3,
ukra,russi,22_10_25,3,
ukra,fk,22_10_25,3,
russi,fk,22_10_25,3,
us,fk,22_10_25,3,
wsj,war,22_10_25,3,
us,war,22_10_25,3,
,,,,
p246,etru,22_10_25,1,
p246,boo,22_10_25,3,
etru,boo,22_10_25,1,
,,,,
p247,bb,22_10_25,1,
p247,tr,22_10_25,1,
p247,us,22_10_25,1,
p247,boo,22_10_25,3,
bb,boo,22_10_25,1,
tr,boo,22_10_25,1,
us,boo,22_10_25,3,
bb,tr,22_10_25,3,
,,,,
p248,bo,22_10_25,2,
p248,jb,22_10_25,2,
p248,pe,22_10_25,2,
p248,pop,22_10_25,3,
p248,ef,22_10_25,3,
bo,pe,22_10_25,3,
jb,pe,22_10_25,2,
pe,ef,22_10_25,2,
jb,bo,22_10_25,2,
pop,pe,22_10_25,3,
bo,ef,22_10_25,2,
jb,ef,22_10_25,2,
pop,ef,22_10_25,3,
,,,,
p249,cc,22_10_25,2,
p249,jbp,22_10_25,2,
p249,mb,22_10_25,2,
p249,fg,22_10_25,3,
p249,cm,22_10_25,3,
p249,le,22_10_25,3,
cc,cm,22_10_25,2,
cc,le,22_10_25,2,
jbp,cm,22_10_25,2,
jbp,le,22_10_25,2,
mb,cm,22_10_25,2,
mb,le,22_10_25,2,
fg,cm,22_10_25,3,
fg,le,22_10_25,1,
jbp,mb,22_10_25,3,
jbp,cc,22_10_25,3,
mb,cc,22_10_25,3,
,,,,
p250,ka,23_10_25,1,
p250,nd,23_10_25,3,
p250,pop,23_10_25,1,
p250,aogo,23_10_25,3,
ka,aogo,23_10_25,1,
nd,aogo,23_10_25,3,
pop,aogo,23_10_25,1,
ka,nd,23_10_25,3,
ka,pop,23_10_25,1,
nd,pop,23_10_25,3,
,,,,
p251,cc,23_10_25,3,
p251,cali,23_10_25,3,
p251,sf,23_10_25,1,
p251,dl,23_10_25,1,
p251,jh,23_10_25,1,
p251,mb,23_10_25,1,
p251,fg,23_10_25,3,
p251,cm,23_10_25,3,
p251,le,23_10_25,3,
cc,cm,23_10_25,3,
cc,le,23_10_25,3,
cali,cm,23_10_25,3,
cali,le,23_10_25,3,
sf,cm,23_10_25,1,
sf,le,23_10_25,1,
dl,cm,23_10_25,1,
dl,le,23_10_25,1,
jh,cm,23_10_25,1,
jh,le,23_10_25,1,
mb,cm,23_10_25,1,
mb,le,23_10_25,1,
fg,cm,23_10_25,3,
fg,le,23_10_25,3,
cc,sf,23_10_25,3,
cc,cali,23_10_25,3,
sf,dl,23_10_25,1,
sf,jh,23_10_25,1,
sf,mb,23_10_25,1,
dl,jh,23_10_25,1,
dl,mb,23_10_25,1,
jh,mb,23_10_25,1,
,,,,
p252,dp,23_10_25,3,
p252,demo,23_10_25,2,
p252,tp,23_10_25,1,
p252,country,23_10_25,1,
demo,dp,23_10_25,2,
tp,dp,23_10_25,1,
country,dp,23_10_25,1,
demo,tp,23_10_25,2,
demo,country,23_10_25,2,
tp,country,23_10_25,1,
,,,,
p253,dam,23_10_25,3,
p253,c,23_10_25,1,
p253,pa,23_10_25,1,
p253,country,23_10_25,1,
c,dam,23_10_25,1,
pa,dam,23_10_25,1,
country,dam,23_10_25,1,
c,pa,23_10_25,1,
c,country,23_10_25,1,
pa,country,23_10_25,1,
,,,,
p254,t,23_10_25,3,
p254,nas,23_10_25,3,
p254,if,23_10_25,3,
p254,rrf,23_10_25,3,
p254,count,23_10_25,3,
p254,ussc,23_10_25,1,
rrf,t,23_10_25,3,
rrf,nas,23_10_25,3,
rrf,if,23_10_25,3,
rrf,ussc,23_10_25,3,
rrf,count,23_10_25,3,
count,t,23_10_25,2,
count,nas,23_10_25,2,
count,if,23_10_25,2,
count,ussc,23_10_25,2,
count,rrf,23_10_25,2,
t,ussc,23_10_25,1,
t,nas,23_10_25,1,
t,if,23_10_25,1,
ussc,nas,23_10_25,1,
ussc,if,23_10_25,1,
nas,if,23_10_25,1,
,,,,
p255,t,24_10_25,3,
p255,count,24_10_25,3,
p255,for,24_10_25,1,
p255,mbau,24_10_25,1,
for,t,24_10_25,1,
for,count,24_10_25,2,
for,mbau,24_10_25,1,
mbau,t,24_10_25,1,
mbau,count,24_10_25,2,
t,count,24_10_25,2,
,,,,
p256,t,24_10_25,3,
p256,nas,24_10_25,3,
p256,count,24_10_25,3,
p256,rrf,24_10_25,3,
p256,ussc,24_10_25,3,
p256,amer,24_10_25,3,
count,rrf,24_10_25,2,
count,t,24_10_25,2,
count,ussc,24_10_25,2,
count,nas,24_10_25,2,
count,amer,24_10_25,2,
rrf,t,24_10_25,1,
rrf,ussc,24_10_25,1,
rrf,nas,24_10_25,1,
rrf,amer,24_10_25,1,
t,ussc,24_10_25,1,
t,nas,24_10_25,1,
t,amer,24_10_25,1,
ussc,nas,24_10_25,1,
ussc,amer,24_10_25,1,
nas,amer,24_10_25,1,
,,,,
p256,t,24_10_25,3,
p256,nas,24_10_25,3,
p256,count,24_10_25,3,
p256,rrf,24_10_25,3,
p256,ussc,24_10_25,3,
p256,amer,24_10_25,3,
count,rrf,24_10_25,2,
count,t,24_10_25,2,
count,ussc,24_10_25,2,
count,nas,24_10_25,2,
count,amer,24_10_25,2,
rrf,t,24_10_25,1,
rrf,ussc,24_10_25,1,
rrf,nas,24_10_25,1,
rrf,amer,24_10_25,1,
t,ussc,24_10_25,1,
t,nas,24_10_25,1,
t,amer,24_10_25,1,
ussc,nas,24_10_25,1,
ussc,amer,24_10_25,1,
nas,amer,24_10_25,1,
,,,,
p257,t,24_10_25,3,
p257,sm,24_10_25,3,
sm,t,24_10_25,1,
,,,,
p258,t,24_10_25,3,
p258,eco,24_10_25,3,
p258,umf,24_10_25,3,
p258,vete,24_10_25,3,
p258,us,24_10_25,3,
p258,secam,24_10_25,3,
acly,umf,24_10_25,1,
acly,vete,24_10_25,1,
acly,us,24_10_25,1,
acly,t,24_10_25,1,
acly,eco,24_10_25,1,
acly,secam,24_10_25,1,
umf,vete,24_10_25,1,
umf,us,24_10_25,1,
umf,t,24_10_25,1,
umf,eco,24_10_25,1,
umf,secam,24_10_25,1,
vete,us,24_10_25,1,
vete,t,24_10_25,1,
vete,eco,24_10_25,1,
vete,secam,24_10_25,1,
us,t,24_10_25,1,
us,eco,24_10_25,1,
us,secam,24_10_25,1,
,,,,
p259,cw,24_10_25,2,
p259,jsmi,24_10_25,2,
p259,mg,24_10_25,2,
p259,lm,24_10_25,2,
p259,bida,24_10_25,2,
p259,democ,24_10_25,2,
p259,ef,24_10_25,3,
p259,js,24_10_25,3,
cw,jsmi,24_10_25,2,
cw,mg,24_10_25,2,
cw,lm,24_10_25,2,
cw,bida,24_10_25,2,
cw,democ,24_10_25,2,
jsmi,mg,24_10_25,2,
jsmi,lm,24_10_25,2,
jsmi,bida,24_10_25,2,
jsmi,democ,24_10_25,2,
mg,lm,24_10_25,2,
mg,bida,24_10_25,2,
mg,democ,24_10_25,2,
lm,bida,24_10_25,2,
lm,democ,24_10_25,2,
bida,democ,24_10_25,2,
cw,ef,24_10_25,2,
jsmi,ef,24_10_25,2,
mg,ef,24_10_25,2,
lm,ef,24_10_25,2,
bida,ef,24_10_25,2,
democ,ef,24_10_25,2,
cw,js,24_10_25,2,
jsmi,js,24_10_25,2,
mg,js,24_10_25,2,
lm,js,24_10_25,2,
bida,js,24_10_25,2,
democ,js,24_10_25,2,
,,,,
p260,ec,25_10_25,1,
p260,umf,25_10_25,1,
p260,amer,25_10_25,1,
p260,afacad,25_10_25,1,
p260,af,25_10_25,3,
ec,umf,25_10_25,1,
ec,amer,25_10_25,1,
ec,afacad,25_10_25,1,
umf,amer,25_10_25,1,
umf,afacad,25_10_25,1,
amer,afacad,25_10_25,1,
ec,af,25_10_25,1,
umf,af,25_10_25,1,
amer,af,25_10_25,1,
afacad,af,25_10_25,1,
p260,ta,25_10_25,3,
p260,c,25_10_25,3,
p260,sc,25_10_25,3,
p260,sec,25_10_25,1,
,,,,
p261,nl,25_10_25,1,
p261,nysrc,25_10_25,1,
p261,umf,25_10_25,1,
p261,vete,25_10_25,1,
p261,us,25_10_25,1,
p261,eco,25_10_25,3,
p261,t,25_10_25,3,
p261,secam,25_10_25,3,
p261,af,25_10_25,3,
nl,nysrc,25_10_25,1,
nl,umf,25_10_25,1,
nl,vete,25_10_25,1,
nl,us,25_10_25,1,
nysrc,us,25_10_25,1,
umf,vete,25_10_25,1,
umf,us,25_10_25,1,
vete,us,25_10_25,1,
nl,eco,25_10_25,1,
nl,t,25_10_25,1,
nl,secam,25_10_25,1,
nl,af,25_10_25,1,
umf,eco,25_10_25,1,
umf,secam,25_10_25,1,
vete,eco,25_10_25,1,
vete,secam,25_10_25,1,
us,eco,25_10_25,1,
us,t,25_10_25,1,
us,secam,25_10_25,1,
,,,,
p262,ks,25_10_25,1,
p262,umf,25_10_25,1,
p262,vete,25_10_25,1,
p262,us,25_10_25,1,
p262,t,25_10_25,3,
p262,secam,25_10_25,3,
p262,ef,25_10_25,3,
p262,eco,25_10_25,3,
ks,umf,25_10_25,1,
ks,vete,25_10_25,1,
ks,us,25_10_25,1,
umf,vete,25_10_25,1,
umf,us,25_10_25,1,
vete,us,25_10_25,1,
ks,t,25_10_25,1,
ks,secam,25_10_25,1,
ks,ef,25_10_25,1,
ks,eco,25_10_25,1,
umf,secam,25_10_25,1,
vete,secam,25_10_25,1,
us,t,25_10_25,1,
us,secam,25_10_25,1,
us,eco,25_10_25,1,
,,,,
p263,tn,25_10_25,1,
p263,le,25_10_25,1,
p263,umf,25_10_25,1,
p263,vete,25_10_25,1,
p263,us,25_10_25,1,
p263,t,25_10_25,3,
p263,secam,25_10_25,3,
p263,eco,25_10_25,3,
p263,lo,25_10_25,3,
tn,le,25_10_25,1,
tn,umf,25_10_25,1,
tn,vete,25_10_25,1,
tn,us,25_10_25,1,
le,umf,25_10_25,1,
le,vete,25_10_25,1,
le,us,25_10_25,1,
umf,vete,25_10_25,1,
umf,us,25_10_25,1,
vete,us,25_10_25,1,
tn,t,25_10_25,1,
tn,secam,25_10_25,1,
tn,eco,25_10_25,1,
tn,lo,25_10_25,1,
le,lo,25_10_25,1,
us,t,25_10_25,1,
us,secam,25_10_25,1,
us,eco,25_10_25,1,
,,,,
p264,lg,25_10_25,1,
p264,umf,25_10_25,1,
p264,vete,25_10_25,1,
p264,us,25_10_25,1,
p264,eco,25_10_25,3,
p264,t,25_10_25,3,
p264,secam,25_10_25,3,
p264,af,25_10_25,3,
lg,umf,25_10_25,1,
lg,vete,25_10_25,1,
lg,us,25_10_25,1,
umf,vete,25_10_25,1,
umf,us,25_10_25,1,
vete,us,25_10_25,1,
lg,eco,25_10_25,1,
lg,t,25_10_25,1,
lg,secam,25_10_25,1,
lg,af,25_10_25,1,
umf,secam,25_10_25,1,
vete,secam,25_10_25,1,
us,eco,25_10_25,1,
us,t,25_10_25,1,
us,secam,25_10_25,1,
,,,,
p265,je,25_10_25,1,
p265,umf,25_10_25,1,
p265,vete,25_10_25,1,
p265,us,25_10_25,1,
p265,eco,25_10_25,3,
p265,t,25_10_25,3,
p265,secam,25_10_25,3,
p265,af,25_10_25,3,
je,umf,25_10_25,1,
je,vete,25_10_25,1,
je,us,25_10_25,1,
umf,vete,25_10_25,1,
umf,us,25_10_25,1,
vete,us,25_10_25,1,
je,eco,25_10_25,1,
je,t,25_10_25,1,
je,secam,25_10_25,1,
je,af,25_10_25,1,
umf,secam,25_10_25,1,
vete,secam,25_10_25,1,
us,eco,25_10_25,1,
us,t,25_10_25,1,
us,secam,25_10_25,1,
,,,,
p266,rj,25_10_25,1,
p266,umf,25_10_25,1,
p266,vete,25_10_25,1,
p266,us,25_10_25,1,
p266,eco,25_10_25,3,
p266,t,25_10_25,3,
p266,secam,25_10_25,3,
p266,af,25_10_25,3,
p266,ef,25_10_25,3,
rj,umf,25_10_25,1,
rj,vete,25_10_25,1,
rj,us,25_10_25,1,
umf,vete,25_10_25,1,
umf,us,25_10_25,1,
vete,us,25_10_25,1,
rj,eco,25_10_25,1,
rj,t,25_10_25,1,
rj,secam,25_10_25,1,
rj,af,25_10_25,1,
rj,ef,25_10_25,1,
umf,secam,25_10_25,1,
vete,secam,25_10_25,1,
us,eco,25_10_25,1,
us,t,25_10_25,1,
us,secam,25_10_25,1,
,,,,
p267,bb,25_10_25,1,
p267,le,25_10_25,1,
p267,umf,25_10_25,1,
p267,vete,25_10_25,1,
p267,us,25_10_25,1,
p267,eco,25_10_25,3,
p267,t,25_10_25,3,
p267,secam,25_10_25,3,
p267,af,25_10_25,3,
bb,le,25_10_25,1,
bb,umf,25_10_25,1,
bb,vete,25_10_25,1,
bb,us,25_10_25,1,
le,umf,25_10_25,1,
le,us,25_10_25,1,
umf,vete,25_10_25,1,
umf,us,25_10_25,1,
vete,us,25_10_25,1,
bb,eco,25_10_25,1,
bb,t,25_10_25,1,
bb,secam,25_10_25,1,
bb,af,25_10_25,1,
le,secam,25_10_25,1,
umf,secam,25_10_25,1,
vete,secam,25_10_25,1,
us,eco,25_10_25,1,
us,t,25_10_25,1,
us,secam,25_10_25,1,
,,,,
p268,gm,25_10_25,1,
p268,umf,25_10_25,1,
p268,vete,25_10_25,1,
p268,us,25_10_25,1,
p268,eco,25_10_25,3,
p268,t,25_10_25,3,
p268,secam,25_10_25,3,
p268,af,25_10_25,3,
gm,umf,25_10_25,1,
gm,vete,25_10_25,1,
gm,us,25_10_25,1,
umf,vete,25_10_25,1,
umf,us,25_10_25,1,
vete,us,25_10_25,1,
gm,eco,25_10_25,1,
gm,t,25_10_25,1,
gm,secam,25_10_25,1,
gm,af,25_10_25,1,
umf,secam,25_10_25,1,
vete,secam,25_10_25,1,
us,eco,25_10_25,1,
us,t,25_10_25,1,
us,secam,25_10_25,1,
,,,,
p269,ce,25_10_25,1,
p269,umf,25_10_25,1,
p269,vete,25_10_25,1,
p269,us,25_10_25,1,
p269,eco,25_10_25,3,
p269,t,25_10_25,3,
p269,secam,25_10_25,3,
p269,af,25_10_25,3,
p269,ef,25_10_25,3,
ce,umf,25_10_25,1,
ce,vete,25_10_25,1,
ce,us,25_10_25,1,
umf,vete,25_10_25,1,
umf,us,25_10_25,1,
vete,us,25_10_25,1,
ce,eco,25_10_25,1,
ce,t,25_10_25,1,
ce,secam,25_10_25,1,
ce,af,25_10_25,1,
ce,ef,25_10_25,1,
umf,secam,25_10_25,1,
vete,secam,25_10_25,1,
us,eco,25_10_25,1,
us,t,25_10_25,1,
us,secam,25_10_25,1,
,,,,
p270,bk,25_10_25,1,
p270,le,25_10_25,1,
p270,umf,25_10_25,1,
p270,vete,25_10_25,1,
p270,us,25_10_25,1,
p270,eco,25_10_25,3,
p270,t,25_10_25,3,
p270,secam,25_10_25,3,
p270,af,25_10_25,3,
p270,lo,25_10_25,3,
bk,le,25_10_25,1,
bk,umf,25_10_25,1,
bk,vete,25_10_25,1,
bk,us,25_10_25,1,
le,umf,25_10_25,1,
le,us,25_10_25,1,
umf,vete,25_10_25,1,
umf,us,25_10_25,1,
vete,us,25_10_25,1,
bk,eco,25_10_25,1,
bk,t,25_10_25,1,
bk,,,,
,,,,
p271,me,25_10_25,1,
p271,le,25_10_25,1,
p271,umf,25_10_25,1,
p271,vete,25_10_25,1,
p271,us,25_10_25,1,
p271,eco,25_10_25,3,
p271,t,25_10_25,3,
p271,secam,25_10_25,3,
p271,af,25_10_25,3,
p271,lo,25_10_25,3,
me,le,25_10_25,1,
me,umf,25_10_25,1,
me,vete,25_10_25,1,
me,us,25_10_25,1,
le,umf,25_10_25,1,
le,us,25_10_25,1,
umf,vete,25_10_25,1,
umf,us,25_10_25,1,
vene,us,25_10_25,1,
me,eco,25_10_25,1,
me,t,25_10_25,1,
me,secam,25_10_25,1,
me,af,25_10_25,1,
me,lo,25_10_25,1,
le,lo,25_10_25,1,
umf,secam,25_10_25,1,
vete,secam,25_10_25,1,
us,eco,25_10_25,1,
us,t,25_10_25,1,
us,secam,25_10_25,1,
,,,,
p272,dlah,25_10_25,1,
p272,hvm,25_10_25,3,
p272,amer,25_10_25,1,
p272,umfv,25_10_25,1,
p272,af,25_10_25,3,
dlah,hvm,25_10_25,3,
dlah,amer,25_10_25,1,
dlah,umfv,25_10_25,1,
dlah,af,25_10_25,3,
hvm,af,25_10_25,3,
amer,af,25_10_25,3,
umfv,af,25_10_25,3,
,,,,
p273,mstz,25_10_25,1,
p273,amer,25_10_25,1,
p273,afarm,25_10_25,1,
p273,umfv,25_10_25,1,
p273,af,25_10_25,3,
mstz,amer,25_10_25,1,
mstz,afarm,25_10_25,1,
mstz,umfv,25_10_25,1,
mstz,af,25_10_25,3,
amer,af,25_10_25,3,
afarm,af,25_10_25,3,
umfv,af,25_10_25,3,
,,,,
p274,aog,25_10_25,1,
p274,amer,25_10_25,1,
p274,umfv,25_10_25,1,
p274,af,25_10_25,3,
aog,amer,25_10_25,1,
aog,umfv,25_10_25,1,
aog,af,25_10_25,3,
amer,af,25_10_25,3,
umfv,af,25_10_25,3,
,,,,
p275,jhurd,25_10_25,1,
p275,amer,25_10_25,1,
p275,umfv,25_10_25,1,
p275,af,25_10_25,3,
jhurd,amer,25_10_25,1,
jhurd,umfv,25_10_25,1,
jhurd,af,25_10_25,3,
amer,af,25_10_25,3,
umfv,af,25_10_25,3,
,,,,
p276,rfine,25_10_25,1,
p276,amer,25_10_25,1,
p276,umfv,25_10_25,1,
p276,af,25_10_25,3,
rfine,amer,25_10_25,1,
rfine,umfv,25_10_25,1,
rfine,af,25_10_25,3,
amer,af,25_10_25,3,
umfv,af,25_10_25,3,
,,,,
p277,mhar,25_10_25,1,
p277,amer,25_10_25,1,
p277,umfv,25_10_25,1,
p277,af,25_10_25,3,
mhar,amer,25_10_25,1,
mhar,umfv,25_10_25,1,
mhar,af,25_10_25,3,
amer,af,25_10_25,3,
umfv,af,25_10_25,3,
,,,,
p278,gste,25_10_25,1,
p278,amer,25_10_25,1,
p278,umfv,25_10_25,1,
p278,af,25_10_25,3,
gste,amer,25_10_25,1,
gste,umfv,25_10_25,1,
gste,af,25_10_25,3,
amer,af,25_10_25,3,
umfv,af,25_10_25,3,
,,,,
p279,lmc,25_10_25,1,
p279,amer,25_10_25,1,
p279,umfv,25_10_25,1,
p279,afarm,25_10_25,1,
p279,af,25_10_25,3,
lmc,amer,25_10_25,1,
lmc,umfv,25_10_25,1,
lmc,afarm,25_10_25,1,
lmc,af,25_10_25,3,
amer,af,25_10_25,3,
umfv,af,25_10_25,3,
afarm,af,25_10_25,3,
,,,,
p280,jberg,25_10_25,1,
p280,amer,25_10_25,1,
p280,umfv,25_10_25,1,
p280,afarm,25_10_25,1,
p280,af,25_10_25,3,
jberg,amer,25_10_25,1,
jberg,umfv,25_10_25,1,
jberg,afarm,25_10_25,1,
jberg,af,25_10_25,3,
amer,af,25_10_25,3,
umfv,af,25_10_25,3,
afarm,af,25_10_25,3,
,,,,
p281,nmall,25_10_25,1,
p281,amer,25_10_25,1,
p281,umfv,25_10_25,1,
p281,nypd,25_10_25,1,
p281,nyfd,25_10_25,1,
p281,af,25_10_25,3,
nmall,amer,25_10_25,1,
nmall,umfv,25_10_25,1,
nmall,nypd,25_10_25,1,
nmall,nyfd,25_10_25,1,
nmall,af,25_10_25,3,
amer,af,25_10_25,3,
umfv,af,25_10_25,3,
nypd,af,25_10_25,3,
nyfd,af,25_10_25,3,
,,,,
p282,amcd,25_10_25,1,
p282,farm,25_10_25,1,
p282,umfv,25_10_25,1,
p282,af,25_10_25,3,
amcd,farm,25_10_25,1,
amcd,umfv,25_10_25,1,
amcd,af,25_10_25,3,
farm,af,25_10_25,3,
umfv,af,25_10_25,3,
,,,,
p283,drou,25_10_25,1,
p283,farm,25_10_25,1,
p283,eco,25_10_25,1,
p283,umfv,25_10_25,1,
p283,af,25_10_25,3,
drou,farm,25_10_25,1,
drou,eco,25_10_25,1,
drou,umfv,25_10_25,1,
drou,af,25_10_25,3,
farm,af,25_10_25,3,
eco,af,25_10_25,3,
umfv,af,25_10_25,3,
,,,,
p284,rhus,25_10_25,1,
p284,eco,25_10_25,1,
p284,farm,25_10_25,1,
p284,umfv,25_10_25,1,
p284,af,25_10_25,3,
rhus,eco,25_10_25,1,
rhus,farm,25_10_25,1,
rhus,umfv,25_10_25,1,
rhus,af,25_10_25,3,
eco,af,25_10_25,3,
farm,af,25_10_25,3,
umfv,af,25_10_25,3,
,,,,
p285,jpat,25_10_25,1,
p285,eco,25_10_25,1,
p285,umfv,25_10_25,1,
p285,farm,25_10_25,1,
p285,af,25_10_25,3,
jpat,eco,25_10_25,1,
jpat,umfv,25_10_25,1,
jpat,farm,25_10_25,1,
jpat,af,25_10_25,3,
eco,af,25_10_25,3,
umfv,af,25_10_25,3,
farm,af,25_10_25,3,
,,,,
p286,me,25_10_25,1,
p286,hama,25_10_25,2,
p286,count,25_10_25,3,
p286,pair,25_10_25,3,
p286,gaz,25_10_25,3,
me,hama,25_10_25,3,
me,count,25_10_25,3,
me,pair,25_10_25,3,
me,gaz,25_10_25,3,
hama,count,25_10_25,3,
hama,pair,25_10_25,3,
hama,gaz,25_10_25,3,
count,pair,25_10_25,3,
count,gaz,25_10_25,3,
pair,gaz,25_10_25,3,
,,,,
p287,count,25_10_25,2,
p287,rrf,25_10_25,3,
p287,ussc,25_10_25,3,
p287,caaa,25_10_25,3,
count,rrf,25_10_25,3,
count,ussc,25_10_25,3,
count,caaa,25_10_25,3,
rrf,ussc,25_10_25,3,
rrf,caaa,25_10_25,3,
ussc,caaa,25_10_25,3,
,,,,
p288,kam,25_10_25,3,
p288,tha,25_10_25,3,
p288,mal,25_10_25,3,
p288,qmth,25_10_25,3,
p288,popth,25_10_25,3,
p288,pm,25_10_25,3,
kam,tha,25_10_25,3,
kam,mal,25_10_25,3,
kam,qmth,25_10_25,3,
kam,popth,25_10_25,3,
kam,pm,25_10_25,3,
tha,mal,25_10_25,3,
tha,qmth,25_10_25,3,
tha,popth,25_10_25,3,
tha,pm,25_10_25,3,
mal,qmth,25_10_25,3,
mal,popth,25_10_25,3,
mal,pm,25_10_25,3,
qmth,popth,25_10_25,3,
qmth,pm,25_10_25,3,
popth,pm,25_10_25,3,
,,,,
p289,demo,26_10_25,2,
p289,pe,26_10_25,3,
p289,doj,26_10_25,3,
p289,nba,26_10_25,2,
p289,coun,26_10_25,3,
p289,ca,26_10_25,3,
p289,rep,26_10_25,1,
demo,pe,26_10_25,2,
demo,doj,26_10_25,2,
demo,nba,26_10_25,2,
demo,coun,26_10_25,2,
demo,ca,26_10_25,2,
demo,rep,26_10_25,2,
pe,doj,26_10_25,3,
pe,nba,26_10_25,3,
pe,coun,26_10_25,3,
pe,ca,26_10_25,3,
pe,rep,26_10_25,3,
doj,nba,26_10_25,3,
doj,coun,26_10_25,3,
doj,ca,26_10_25,3,
doj,rep,26_10_25,3,
nba,coun,26_10_25,2,
nba,ca,26_10_25,2,
nba,rep,26_10_25,2,
coun,ca,26_10_25,3,
coun,rep,26_10_25,1,
ca,rep,26_10_25,3,
p289,pe,26_10_25,3,
,,,,
p290,ty,26_10_25,3,
p290,c,26_10_25,3,
p290,me,26_10_25,3,
p290,pw,26_10_25,3,
ty,c,26_10_25,3,
ty,me,26_10_25,3,
ty,pw,26_10_25,3,
c,me,26_10_25,3,
c,pw,26_10_25,3,
me,pw,26_10_25,3,
p290,me,26_10_25,3,
,,,,
p291,mal,26_10_25,1,
p291,tha,26_10_25,1,
p291,cam,26_10_25,1,
p291,jp,26_10_25,1,
mal,tha,26_10_25,1,
mal,cam,26_10_25,1,
mal,jp,26_10_25,1,
tha,cam,26_10_25,1,
tha,jp,26_10_25,1,
cam,jp,26_10_25,1,
p291,pair,26_10_25,3,
mal,pair,26_10_25,3,
tha,pair,26_10_25,3,
cam,pair,26_10_25,3,
jp,pair,26_10_25,3,
,,,,
p292,jm,27_10_25,1,
p292,peop,27_10_25,1,
p292,arg,27_10_25,1,
jm,peop,27_10_25,1,
jm,arg,27_10_25,1,
peop,arg,27_10_25,1,
,,,,
p293,ms,27_10_25,2,
p293,as,27_10_25,2,
p293,nj,27_10_25,3,
p293,vir,27_10_25,3,
p293,pair,27_10_25,3,
ms,as,27_10_25,2,
ms,nj,27_10_25,3,
ms,vir,27_10_25,3,
as,nj,27_10_25,3,
as,vir,27_10_25,3,
nj,vir,27_10_25,3,
ms,pair,27_10_25,3,
as,pair,27_10_25,3,
nj,pair,27_10_25,3,
vir,pair,27_10_25,3,
,,,,
p294,kc,27_10_25,1,
p294,us,27_10_25,3,
p294,caaa,27_10_25,3,
kc,us,27_10_25,3,
kc,caaa,27_10_25,3,
us,caaa,27_10_25,3,
,,,,
p295,jm,27_10_25,1,
p295,arg,27_10_25,3,
p295,pair,27_10_25,3,
jm,arg,27_10_25,3,
,,,,
p296,pres,27_10_25,3,
p296,hist,27_10_25,3,
pres,hist,27_10_25,3,
,,,,
p297,rep,27_10_25,1,
p297,rl,27_10_25,2,
p297,people,27_10_25,3,
p297,cf,27_10_25,3,
rep,rl,27_10_25,2,
rep,people,27_10_25,1,
rl,people,27_10_25,3,
rep,cf,27_10_25,1,
rl,cf,27_10_25,2,
people,cf,27_10_25,3,
,,,,
p298,rep,27_10_25,1,
p298,rl,27_10_25,2,
p298,people,27_10_25,3,
p298,cf,27_10_25,3,
p298,if,27_10_25,3,
p298,iv,27_10_25,3,
p298,cr,27_10_25,3,
p298,nas,27_10_25,3,
p298,ep,27_10_25,3,
p298,sch,27_10_25,3,
p298,js,27_10_25,3,
p298,fk,27_10_25,3,
p298,pa,27_10_25,3,
p298,mc,27_10_25,3,
p298,war,27_10_25,3,
rep,rl,27_10_25,2,
rep,people,27_10_25,1,
rep,cf,27_10_25,1,
rep,if,27_10_25,1,
rep,iv,27_10_25,1,
rep,cr,27_10_25,3,
rep,nas,27_10_25,1,
rep,ep,27_10_25,1,
rep,sch,27_10_25,3,
rep,js,27_10_25,3,
rep,fk,27_10_25,2,
rep,pa,27_10_25,2,
rep,mc,27_10_25,2,
rep,war,27_10_25,1,
rl,people,27_10_25,2,
rl,cf,27_10_25,2,
rl,if,27_10_25,2,
rl,iv,27_10_25,2,
rl,cr,27_10_25,2,
rl,nas,27_10_25,2,
rl,ep,27_10_25,2,
rl,sch,27_10_25,2,
rl,js,27_10_25,2,
rl,fk,27_10_25,2,
rl,pa,27_10_25,2,
rl,mc,27_10_25,2,
rl,war,27_10_25,2,
people,cf,27_10_25,3,
people,if,27_10_25,3,
people,iv,27_10_25,3,
people,cr,27_10_25,3,
people,nas,27_10_25,3,
people,ep,27_10_25,3,
people,sch,27_10_25,3,
people,js,27_10_25,3,
people,fk,27_10_25,3,
people,pa,27_10_25,3,
people,mc,27_10_25,3,
people,war,27_10_25,3,
rep,rl,27_10_25,2,
rep,people,27_10_25,1,
rl,people,27_10_25,2,
,,,,
p299,soukor,28_10_25,3,
p299,count,28_10_25,3,
p299,pair,28_10_25,3,
soukor,count,28_10_25,3,
soukor,pair,28_10_25,3,
count,pair,28_10_25,3,
,,,,
p300,xi,29_10_25,3,
p300,chi,29_10_25,3,
p300,pair,29_10_25,3,
xi,chi,29_10_25,3,
xi,pair,29_10_25,3,
chi,pair,29_10_25,3,
,,,,
p301,soukor,29_10_25,3,
p301,pair,29_10_25,3,
soukor,pair,29_10_25,3,
,,,,
p302,zm,29_10_25,3,
p302,pa,29_10_25,3,
zm,pa,29_10_25,3,
,,,,
p303,wg,29_10_25,3,
p303,jsmi,29_10_25,3,
p303,lm,29_10_25,3,
p303,aw,29_10_25,3,
p303,jb,29_10_25,3,
p303,ne,29_10_25,3,
p303,crew,29_10_25,3,
p303,cw,29_10_25,3,
p303,mg,29_10_25,3,
p303,tw,29_10_25,3,
p303,pa,29_10_25,3,
wg,pa,29_10_25,3,
jsmi,pa,29_10_25,3,
lm,pa,29_10_25,3,
aw,pa,29_10_25,3,
jb,pa,29_10_25,3,
ne,pa,29_10_25,3,
crew,pa,29_10_25,3,
cw,pa,29_10_25,3,
mg,pa,29_10_25,3,
tw,pa,29_10_25,3,
wg,jsmi,29_10_25,3,
wg,lm,29_10_25,3,
wg,aw,29_10_25,3,
wg,jb,29_10_25,3,
wg,ne,29_10_25,3,
wg,crew,29_10_25,3,
wg,cw,29_10_25,3,
wg,mg,29_10_25,3,
wg,tw,29_10_25,3,
jsmi,lm,29_10_25,3,
jsmi,aw,29_10_25,3,
jsmi,jb,29_10_25,3,
jsmi,ne,29_10_25,3,
jsmi,crew,29_10_25,3,
jsmi,cw,29_10_25,3,
jsmi,mg,29_10_25,3,
jsmi,tw,29_10_25,3,
lm,aw,29_10_25,3,
lm,jb,29_10_25,3,
lm,ne,29_10_25,3,
lm,crew,29_10_25,3,
lm,cw,29_10_25,3,
lm,mg,29_10_25,3,
lm,tw,29_10_25,3,
aw,jb,29_10_25,3,
aw,ne,29_10_25,3,
aw,crew,29_10_25,3,
aw,cw,29_10_25,3,
aw,mg,29_10_25,3,
aw,tw,29_10_25,3,
jb,ne,29_10_25,3,
jb,crew,29_10_25,3,
jb,cw,29_10_25,3,
jb,mg,29_10_25,3,
jb,tw,29_10_25,3,
ne,crew,29_10_25,3,
ne,cw,29_10_25,3,
ne,mg,29_10_25,3,
ne,tw,29_10_25,3,
crew,cw,29_10_25,3,
crew,mg,29_10_25,3,
crew,tw,29_10_25,3,
cw,mg,29_10_25,3,
cw,tw,29_10_25,3,
mg,tw,29_10_25,3,
,,,,
p304,xi,29_10_25,3,
p304,chi,29_10_25,3,
p304,pair,29_10_25,3,
xi,pair,29_10_25,3,
chi,pair,29_10_25,3,
xi,chi,29_10_25,3,
,,,,
p305,rep,29_10_25,3,
p305,demo,29_10_25,3,
p305,vir,29_10_25,3,
p305,nj,29_10_25,3,
p305,pa,29_10_25,3,
rep,pa,29_10_25,3,
demo,pa,29_10_25,3,
vir,pa,29_10_25,3,
nj,pa,29_10_25,3,
rep,demo,29_10_25,2,
rep,vir,29_10_25,1,
rep,nj,29_10_25,1,
demo,vir,29_10_25,2,
demo,nj,29_10_25,2,
vir,nj,29_10_25,3,
,,,,
p306,bg,29_10_25,3,
p306,cc,29_10_25,3,
bg,cc,29_10_25,3,
,,,,
p307,sk,29_10_25,1,1
p307,us,29_10_25,1,
p307,skco,29_10_25,1,
p307,ma,29_10_25,1,
p307,pair,29_10_25,3,
sk,pair,29_10_25,1,
us,pair,29_10_25,1,
skco,pair,29_10_25,1,
ma,pair,29_10_25,1,
sk,us,29_10_25,1,
sk,skco,29_10_25,1,
sk,ma,29_10_25,1,
us,skco,29_10_25,1,
us,ma,29_10_25,1,
skco,ma,29_10_25,1,
,,,,
p308,sk,29_10_25,1,
p308,ps,29_10_25,1,
p308,us,29_10_25,1,
p308,pair,29_10_25,3,
sk,pair,29_10_25,1,
ps,pair,29_10_25,1,
us,pair,29_10_25,1,
sk,us,29_10_25,1,
sk,ps,29_10_25,1,
us,ps,29_10_25,1,
,,,,
p309,us,29_10_25,1,
p309,russi,29_10_25,2,
p309,chi,29_10_25,3,
p309,dow,29_10_25,1,
p309,nwt,29_10_25,3,
us,nwt,29_10_25,1,
russi,nwt,29_10_25,2,
chi,nwt,29_10_25,3,
dow,nwt,29_10_25,1,
us,russi,29_10_25,2,
us,chi,29_10_25,3,
us,dow,29_10_25,1,
russi,chi,29_10_25,3,
russi,dow,29_10_25,2,
chi,dow,29_10_25,3,
,,,,
p310,gtwo,29_10_25,3,
p310,pair,29_10_25,3,
gtwo,pair,29_10_25,3,
,,,,
p311,cs,30_10_25,2,
cs,pair,30_10_25,2,
p311,pair,30_10_25,3,
,,,,
p312,xi,30_10_25,1,
p312,chi,30_10_25,1,
p312,amer,30_10_25,1,
p312,cw,30_10_25,1,
p312,db,30_10_25,1,
p312,et,30_10_25,1,
p312,count,30_10_25,1,
p312,mal,30_10_25,1,
p312,jpn,30_10_25,1,
p312,sk,30_10_25,1,
p312,aus,30_10_25,1,
p312,can,30_10_25,1,
p312,nz,30_10_25,1,
p312,sgp,30_10_25,1,
p312,tha,30_10_25,1,
p312,vn,30_10_25,1,
xi,pair,30_10_25,1,
chi,pair,30_10_25,1,
amer,pair,30_10_25,1,
cw,pair,30_10_25,1,
db,pair,30_10_25,1,
et,pair,30_10_25,1,
count,pair,30_10_25,1,
mal,pair,30_10_25,1,
jpn,pair,30_10_25,1,
sk,pair,30_10_25,1,
aus,pair,30_10_25,1,
can,pair,30_10_25,1,
nz,pair,30_10_25,1,
sgp,pair,30_10_25,1,
tha,pair,30_10_25,1,
vn,pair,30_10_25,1,
p312,pair,30_10_25,3,
,,,,
p313,us,30_10_25,1,
p313,jpn,30_10_25,1,
us,pair,30_10_25,1,
jpn,pair,30_10_25,1,
p313,pair,30_10_25,3,
us,jpn,30_10_25,1,
,,,,
p314,lawenf,30_10_25,1,
p314,mdcstf,30_10_25,1,
lawenf,pair,30_10_25,1,
mdcstf,pair,30_10_25,1,
lawenf,mdcstf,30_10_25,1,
p314,pair,30_10_25,3,
,,,,
p315,demo,30_10_25,2,
p315,obamacare,30_10_25,2,
p315,me,30_10_25,3,
demo,obamacare,30_10_25,2,
obamacare,demo,30_10_25,2,
demo,me,30_10_25,2,
obamacare,me,30_10_25,2,
,,,,
p316,demo,30_10_25,2,
p316,rep,30_10_25,1,
p316,jt,30_10_25,1,
p316,mj,30_10_25,1,
p316,jm,30_10_25,2,
p316,ks,30_10_25,2,
p316,bo,30_10_25,2,
p316,hr,30_10_25,2,
p316,us,30_10_25,3,
p316,ussc,30_10_25,3,
demo,rep,30_10_25,2,
demo,jt,30_10_25,2,
demo,mj,30_10_25,2,
demo,jm,30_10_25,2,
demo,ks,30_10_25,2,
demo,bo,30_10_25,2,
demo,hr,30_10_25,2,
rep,jt,30_10_25,1,
rep,mj,30_10_25,1,
jt,mj,30_10_25,1,
jm,ks,30_10_25,2,
bo,hr,30_10_25,2,
ussc,demo,30_10_25,2,
ussc,rep,30_10_25,1,
demo,ussc,30_10_25,2,
rep,ussc,30_10_25,1,
,,,,
p317,whiho,31_10_25,1,
p317,lincoln,31_10_25,1,
p317,hist,31_10_25,3,
whiho,lincoln,31_10_25,1,
lincoln,whiho,31_10_25,1,
whiho,hist,31_10_25,3,
lincoln,hist,31_10_25,3,
hist,whiho,31_10_25,3,
hist,lincoln,31_10_25,3,
,,,,
p318,kennedy,31_10_25,1,
p318,amer,31_10_25,1,
p318,hist,31_10_25,3,
kennedy,amer,31_10_25,1,
amer,kennedy,31_10_25,1,
kennedy,hist,31_10_25,3,
amer,hist,31_10_25,3,
,,,,
p319,christ,31_10_25,1,
p319,radislam,31_10_25,2,
p319,nigeria,31_10_25,3,
p319,rm,31_10_25,1,
p319,tc,31_10_25,1,
p319,hapc,31_10_25,1,
p319,us,31_10_25,1,
p319,rb,31_10_25,3,
christ,radislam,31_10_25,2,
christ,nigeria,31_10_25,1,
christ,rm,31_10_25,1,
christ,tc,31_10_25,1,
christ,hapc,31_10_25,1,
christ,us,31_10_25,1,
radislam,nigeria,31_10_25,3,
radislam,rm,31_10_25,2,
radislam,tc,31_10_25,2,
radislam,hapc,31_10_25,2,
radislam,us,31_10_25,2,
nigeria,rm,31_10_25,3,
nigeria,tc,31_10_25,3,
nigeria,hapc,31_10_25,3,
nigeria,us,31_10_25,3,
rm,tc,31_10_25,1,
rm,hapc,31_10_25,1,
rm,us,31_10_25,1,
tc,hapc,31_10_25,1,
tc,us,31_10_25,1,
hapc,us,31_10_25,1,
christ,rb,31_10_25,3,
radislam,rb,31_10_25,3,
nigeria,rb,31_10_25,3,
rm,rb,31_10_25,3,
tc,rb,31_10_25,3,
hapc,rb,31_10_25,3,
us,rb,31_10_25,3,
,,,,
p320,snap,31_10_25,1,
p320,raddem,31_10_25,2,
p320,courts,31_10_25,3,
p320,uslaw,31_10_25,1,
p320,sd,31_10_25,2,
p320,gov,31_10_25,3,
snap,raddem,31_10_25,2,
snap,courts,31_10_25,3,
snap,uslaw,31_10_25,1,
snap,sd,31_10_25,2,
raddem,courts,31_10_25,2,
raddem,uslaw,31_10_25,2,
raddem,sd,31_10_25,2,
courts,uslaw,31_10_25,3,
courts,sd,31_10_25,3,
uslaw,sd,31_10_25,1,
snap,gov,31_10_25,3,
raddem,gov,31_10_25,3,
courts,gov,31_10_25,3,
uslaw,gov,31_10_25,3,
sd,gov,31_10_25,3,
,,,,
p321,semey,01_11_25,2,
p321,nbc,01_11_25,2,
p321,mc,01_11_25,3,
semey,nbc,01_11_25,3,
semey,mc,01_11_25,3,
nbc,mc,01_11_25,3,
,,,,
p322,xi,01_11_25,1,
p322,chi,01_11_25,1,
p322,us,01_11_25,1,
p322,pm,01_11_25,3,
xi,chi,01_11_25,1,
xi,us,01_11_25,1,
chi,us,01_11_25,1,
xi,pm,01_11_25,3,
chi,pm,01_11_25,3,
us,pm,01_11_25,3,
,,,,
p323,nga,01_11_25,-1,
p323,us,01_11_25,1,
p323,it,01_11_25,-1,
p323,chr,01_11_25,1,
p323,ft,01_11_25,3,
nga,us,01_11_25,-1,
nga,it,01_11_25,-1,
nga,chr,01_11_25,1,
us,it,01_11_25,-1,
us,chr,01_11_25,1,
it,chr,01_11_25,-1,
nga,ft,01_11_25,3,
us,ft,01_11_25,3,
it,ft,01_11_25,3,
chr,ft,01_11_25,3,
,,,,
p324,rep,01_11_25,1,
p324,dem,01_11_25,2,
p324,amer,01_11_25,1,
p324,sc,01_11_25,3,
p324,ef,01_11_25,3,
rep,dem,01_11_25,2,
rep,sc,01_11_25,1,
rep,amer,01_11_25,1,
rep,ef,01_11_25,3,
dem,sc,01_11_25,2,
dem,amer,01_11_25,2,
dem,ef,01_11_25,2,
sc,ef,01_11_25,2,
amer,ef,01_11_25,3,
,,,,
p325,cc,02_11_25,1,
p325,dod,02_11_25,1,
,,,,
p325,wh,02_11_25,3,
p325,ba,02_11_25,3,
cc,dod,02_11_25,1,
cc,ba,02_11_25,3,
dod,own,02_11_25,1,
dod,ba,02_11_25,3,
wh,ba,02_11_25,3,
,,,,
p326,bb,02_11_25,1,
p326,le,02_11_25,1,
p326,ice,02_11_25,1,
p326,bp,02_11_25,1,
p326,amer,02_11_25,1,
p326,af,02_11_25,3,
bb,le,02_11_25,1,
bb,ice,02_11_25,1,
bb,bp,02_11_25,1,
bb,amer,02_11_25,1,
bb,af,02_11_25,3,
le,ice,02_11_25,1,
le,bp,02_11_25,1,
le,amer,02_11_25,1,
le,af,02_11_25,3,
ice,bp,02_11_25,1,
ice,amer,02_11_25,1,
ice,af,02_11_25,3,
bp,amer,02_11_25,1,
bp,af,02_11_25,3,
amer,af,02_11_25,3,
,,,,
p327,us,02_11_25,1,
p327,t,02_11_25,3,
p327,chi,02_11_25,3,
us,t,02_11_25,1,
us,chi,02_11_25,3,
t,chi,02_11_25,3,
,,,,
p328,jc,02_11_25,1,
p328,us,02_11_25,1,
p328,nj,02_11_25,3,
p328,jew,02_11_25,1,
p328,cf,02_11_25,3,
jc,us,02_11_25,1,
jc,nj,02_11_25,3,
jc,jew,02_11_25,1,
jc,cf,02_11_25,3,
us,nj,02_11_25,3,
us,jew,02_11_25,1,
us,cf,02_11_25,3,
nj,jew,02_11_25,3,
nj,cf,02_11_25,3,
jew,cf,02_11_25,3,
,,,,
p329,minu,02_11_25,3,
p329,nfl,02_11_25,1,
p329,fball,02_11_25,3,
p329,kh,02_11_25,2,
minu,nfl,02_11_25,3,
minu,fball,02_11_25,3,
minu,kh,02_11_25,2,
nfl,fball,02_11_25,1,
nfl,kh,02_11_25,2,
fball,kh,02_11_25,2,
,,,,
p330,nfl,02_11_25,2,
p330,cfl,02_11_25,2,
p330,minu,02_11_25,3,
p330,tva,02_11_25,3,
nfl,cfl,02_11_25,2,
nfl,minu,02_11_25,2,
nfl,tva,02_11_25,2,
cfl,minu,02_11_25,2,
cfl,tva,02_11_25,2,
minu,tva,02_11_25,3,
,,,,
p331,penn,02_11_25,1,
p331,rdemscj,02_11_25,2,
p331,donohue,02_11_25,2,
p331,dougherty,02_11_25,2,
p331,wecht,02_11_25,2,
p331,ef,02_11_25,3,
penn,rdemscj,02_11_25,2,
penn,donohue,02_11_25,2,
penn,dougherty,02_11_25,2,
penn,wecht,02_11_25,2,
penn,ef,02_11_25,3,
rdemscj,donohue,02_11_25,2,
rdemscj,dougherty,02_11_25,2,
rdemscj,wecht,02_11_25,2,
rdemscj,ef,02_11_25,2,
donohue,dougherty,02_11_25,2,
donohue,wecht,02_11_25,2,
donohue,ef,02_11_25,2,
dougherty,wecht,02_11_25,2,
dougherty,ef,02_11_25,2,
wecht,ef,02_11_25,2,
p331,jb,02_11_25,2,
jb,ef,02_11_25,2,
jb ,donohue,02_11_25,2,
jb ,dougherty,02_11_25,2,
jb ,wecht,02_11_25,2,
,,,,
p332,shuckabee,02_11_25,1,
p332,ark,02_11_25,1,
p332,whiho,02_11_25,1,
p332,mil,02_11_25,1,
p332,vete,02_11_25,1,
p332,le,02_11_25,1,
p332,ec,02_11_25,3,
shuckabee,ark,02_11_25,1,
shuckabee,whiho,02_11_25,1,
shuckabee,mil,02_11_25,1,
shuckabee,vete,02_11_25,1,
shuckabee,le,02_11_25,1,
shuckabee,ec,02_11_25,3,
ark,whiho,02_11_25,1,
ark,mil,02_11_25,1,
ark,vete,02_11_25,1,
ark,le,02_11_25,1,
ark,ec,02_11_25,3,
whiho,mil,02_11_25,1,
whiho,vete,02_11_25,1,
whiho,le,02_11_25,1,
whiho,ec,02_11_25,3,
mil,vete,02_11_25,1,
mil,le,02_11_25,1,
mil,ec,02_11_25,3,
vete,le,02_11_25,1,
vete,ec,02_11_25,3,
le,ec,02_11_25,3,
,,,,
p333,mkelly,02_11_25,1,
p333,penn,02_11_25,1,
p333,hwc,02_11_25,1,
p333,mil,02_11_25,1,
p333,vete,02_11_25,1,
p333,ec,02_11_25,3,
mkelly,penn,02_11_25,1,
mkelly,hwc,02_11_25,1,
mkelly,mil,02_11_25,1,
mkelly,vete,02_11_25,1,
mkelly,ec,02_11_25,3,
penn,hwc,02_11_25,1,
penn,mil,02_11_25,1,
penn,vete,02_11_25,1,
penn,ec,02_11_25,3,
hwc,mil,02_11_25,1,
hwc,vete,02_11_25,1,
hwc,ec,02_11_25,3,
mil,vete,02_11_25,1,
mil,ec,02_11_25,1,
vete,ec,02_11_25,1,
,,,,
p334,mguest,02_11_25,1,
p334,miss,02_11_25,1,
p334,hec,02_11_25,1,
p334,mil,02_11_25,1,
p334,vete,02_11_25,1,
p334,ec,02_11_25,3,
mguest,miss,02_11_25,1,
mguest,hec,02_11_25,1,
mguest,mil,02_11_25,1,
mguest,vete,02_11_25,1,
mguest,ec,02_11_25,3,
miss,hec,02_11_25,1,
miss,mil,02_11_25,1,
miss,vete,02_11_25,1,
miss,ec,02_11_25,3,
hec,mil,02_11_25,1,
hec,vete,02_11_25,1,
hec,ec,02_11_25,3,
mil,vete,02_11_25,1,
mil,ec,02_11_25,1,
vete,ec,02_11_25,1,
,,,,
p335,mmmeeks,02_11_25,1,
p335,iowa,02_11_25,1,
p335,army,02_11_25,1,
p335,mil,02_11_25,1,
p335,vete,02_11_25,1,
p335,ec,02_11_25,3,
mmmeeks,iowa,02_11_25,1,
mmmeeks,army,02_11_25,1,
mmmeeks,mil,02_11_25,1,
mmmeeks,vete,02_11_25,1,
mmmeeks,ec,02_11_25,1,
iowa,army,02_11_25,1,
iowa,mil,02_11_25,1,
iowa,vete,02_11_25,1,
iowa,ec,02_11_25,1,
army,mil,02_11_25,1,
army,vete,02_11_25,1,
army,ec,02_11_25,1,
mil,vete,02_11_25,1,
mil,ec,02_11_25,1,
vete,ec,02_11_25,1,
,,,,
p336,pfallon,02_11_25,1,
p336,tex,02_11_25,1,
p336,af,02_11_25,1,
p336,mil,02_11_25,1,
p336,vete,02_11_25,1,
p336,nd,02_11_25,1,
p336,ec,02_11_25,3,
pfallon,tex,02_11_25,1,
pfallon,af,02_11_25,1,
pfallon,mil,02_11_25,1,
pfallon,vete,02_11_25,1,
pfallon,nd,02_11_25,1,
pfallon,ec,02_11_25,1,
tex,af,02_11_25,1,
tex,mil,02_11_25,1,
tex,vete,02_11_25,1,
tex,nd,02_11_25,1,
tex,ec,02_11_25,1,
af,mil,02_11_25,1,
af,vete,02_11_25,1,
af,ec,02_11_25,1,
mil,vete,02_11_25,1,
mil,ec,02_11_25,1,
vete,ec,02_11_25,1,
nd,ec,02_11_25,1,
,,,,
p337,va,02_11_25,1,
p337,nj,02_11_25,1,
p337,rep,02_11_25,1,
p337,demo,02_11_25,2,
p337,ec,02_11_25,3,
va,nj,02_11_25,3,
va,rep,02_11_25,1,
va,demo,02_11_25,2,
va,ec,02_11_25,1,
nj,rep,02_11_25,1,
nj,dem,02_11_25,2,
nj,ec,02_11_25,1,
rep,demo,02_11_25,2,
rep,ec,02_11_25,1,
demo,ec,02_11_25,2,
,,,,
p338,nj,02_11_25,1,
p338,va,02_11_25,1,
p338,msherrill,02_11_25,2,
p338,aspanberger,02_11_25,2,
p338,rep,02_11_25,1,
p338,demo,02_11_25,2,
p338,ec,02_11_25,3,
nj,va,02_11_25,3,
nj,msherrill,02_11_25,2,
nj,aspanberger,02_11_25,2,
nj,rep,02_11_25,1,
nj,demo,02_11_25,2,
nj,ec,02_11_25,1,
va,msherrill,02_11_25,2,
va,aspanberger,02_11_25,2,
va,rep,02_11_25,1,
va,demo,02_11_25,2,
va,ec,02_11_25,1,
msherrill,aspanberger,02_11_25,2,
msherrill,rep,02_11_25,2,
msherrill,demo,02_11_25,2,
msherrill,ec,02_11_25,2,
aspanberger,rep,02_11_25,2,
aspanberger,demo,02_11_25,2,
aspanberger,ec,02_11_25,2,
rep,demo,02_11_25,2,
rep,ec,02_11_25,1,
demo,ec,02_11_25,2,
,,,,
p339,nj,02_11_25,1,
p339,va,02_11_25,1,
p339,rep,02_11_25,1,
p339,demo,02_11_25,2,
p339,amer,02_11_25,1,
p339,ec,02_11_25,3,
nj,va,02_11_25,3,
nj,rep,02_11_25,1,
nj,demo,02_11_25,2,
nj,amer,02_11_25,1,
nj,ec,02_11_25,1,
va,rep,02_11_25,1,
va,demo,02_11_25,2,
va,amer,02_11_25,1,
va,ec,02_11_25,1,
rep,demo,02_11_25,2,
rep,amer,02_11_25,1,
rep,ec,02_11_25,1,
demo,amer,02_11_25,2,
demo,ec,02_11_25,2,
amer,ec,02_11_25,1,
,,,,
p340,tkelly,02_11_25,1,
p340,miss,02_11_25,1,
p340,army,02_11_25,1,
p340,le,02_11_25,1,
p340,mil,02_11_25,1,
p340,vete,02_11_25,1,
p340,ec,02_11_25,3,
tkelly,miss,02_11_25,1,
tkelly,army,02_11_25,1,
tkelly,le,02_11_25,1,
tkelly,mil,02_11_25,1,
tkelly,vete,02_11_25,1,
tkelly,ec,02_11_25,1,
miss,army,02_11_25,1,
miss,le,02_11_25,1,
miss,mil,02_11_25,1,
miss,vete,02_11_25,1,
miss,ec,02_11_25,1,
army,le,02_11_25,1,
army,mil,02_11_25,1,
army,vete,02_11_25,1,
army,ec,02_11_25,1,
le,mil,02_11_25,1,
le,vete,02_11_25,1,
le,ec,02_11_25,1,
mil,vete,02_11_25,1,
mil,ec,02_11_25,1,
vete,ec,02_11_25,1,
,,,,
p341,bmoore,02_11_25,1,
p341,ut,02_11_25,1,
p341,mil,02_11_25,1,
p341,vete,02_11_25,1,
p341,le,02_11_25,1,
p341,ec,02_11_25,3,
bmoore,ut,02_11_25,1,
bmoore,mil,02_11_25,1,
bmoore,vete,02_11_25,1,
bmoore,le,02_11_25,1,
bmoore,ec,02_11_25,1,
ut,mil,02_11_25,1,
ut,vete,02_11_25,1,
ut,le,02_11_25,1,
ut,ec,02_11_25,1,
mil,vete,02_11_25,1,
mil,le,02_11_25,1,
mil,ec,02_11_25,1,
vete,le,02_11_25,1,
vete,ec,02_11_25,1,
le,ec,02_11_25,1,
,,,,
p342,cmal,02_11_25,1,
p342,uta,02_11_25,1,
p342,comm,02_11_25,1,
p342,mig,02_11_25,2,
p342,milv,02_11_25,1,
p342,us,02_11_25,1,
p342,cm,02_11_25,3,
p342,sec,02_11_25,1,
p342,ta,02_11_25,1,
cmal,uta,02_11_25,1,
cmal,comm,02_11_25,1,
cmal,milv,02_11_25,1,
cmal,cm,02_11_25,2,
cmal,sec,02_11_25,1,
cmal,ta,02_11_25,1,
mig,cm,02_11_25,2,
milv,sec,02_11_25,1,
,,,,
p343,mken,02_11_25,1,
p343,ut3,02_11_25,1,
p343,comm,02_11_25,1,
p343,mig,02_11_25,2,
p343,milv,02_11_25,1,
p343,us,02_11_25,1,
p343,cm,02_11_25,3,
p343,sec,02_11_25,1,
p343,ta,02_11_25,1,
mken,ut3,02_11_25,1,
mken,comm,02_11_25,1,
mken,milv,02_11_25,1,
mken,cm,02_11_25,2,
mken,sec,02_11_25,1,
mken,ta,02_11_25,1,
mig,cm,02_11_25,2,
milv,sec,02_11_25,1,
,,,,
p344,bo,02_11_25,1,
p344,ut4,02_11_25,1,
p344,pat,02_11_25,1,
p344,mig,02_11_25,2,
p344,milv,02_11_25,1,
p344,us,02_11_25,1,
p344,af,02_11_25,3,
p344,cm,02_11_25,3,
p344,sec,02_11_25,3,
p344,ta,02_11_25,1,
bo,ut4,02_11_25,1,
bo,pat,02_11_25,1,
bo,milv,02_11_25,1,
bo,af,02_11_25,1,
bo,cm,02_11_25,2,
bo,sec,02_11_25,1,
bo,ta,02_11_25,1,
mig,cm,02_11_25,2,
milv,sec,02_11_25,1,
,,,,
p345,bg,02_11_25,1,
p345,ky2,02_11_25,1,
p345,milv,02_11_25,1,
p345,mig,02_11_25,2,
p345,us,02_11_25,1,
p345,af,02_11_25,3,
p345,cm,02_11_25,3,
p345,sec,02_11_25,3,
p345,ta,02_11_25,1,
bg,ky2,02_11_25,1,
bg,milv,02_11_25,1,
bg,af,02_11_25,1,
bg,cm,02_11_25,2,
bg,sec,02_11_25,1,
bg,ta,02_11_25,1,
mig,cm,02_11_25,2,
milv,sec,02_11_25,1,
,,,,
p346,hr,02_11_25,1,
p346,ky5,02_11_25,1,
p346,milv,02_11_25,1,
p346,mig,02_11_25,2,
p346,us,02_11_25,1,
p346,af,02_11_25,3,
p346,cm,02_11_25,3,
p346,sec,02_11_25,3,
p346,ta,02_11_25,1,
hr,ky5,02_11_25,1,
hr,milv,02_11_25,1,
hr,af,02_11_25,1,
hr,cm,02_11_25,2,
hr,sec,02_11_25,1,
hr,ta,02_11_25,1,
mig,cm,02_11_25,2,
milv,sec,02_11_25,1,
,,,,
p347,jc,02_11_25,1,
p347,ky1,02_11_25,1,
p347,milv,02_11_25,1,
p347,mig,02_11_25,2,
p347,us,02_11_25,1,
p347,pat,02_11_25,1,
p347,rl,02_11_25,3,
p347,sec,02_11_25,3,
p347,ta,02_11_25,3,
p347,af,02_11_25,1,
jc,ky1,02_11_25,1,
jc,milv,02_11_25,1,
jc,mig,02_11_25,1,
jc,us,02_11_25,1,
jc,pat,02_11_25,1,
jc,rl,02_11_25,2,
jc,sec,02_11_25,1,
jc,ta,02_11_25,1,
jc,af,02_11_25,1,
mig,rl,02_11_25,2,
milv,sec,02_11_25,1,
,,,,
p348,sw,02_11_2025,1,
p348,umf,02_11_2025,1,
p348,av,02_11_2025,1,
p348,usa,02_11_2025,1,
p348,ae,02_11_2025,1,
p348,cong,02_11_2025,1,
p348,cf,02_11_2025,3,
sw,umf,02_11_2025,1,
sw,av,02_11_2025,1,
sw,usa,02_11_2025,1,
sw,ae,02_11_2025,1,
sw,cong,02_11_2025,1,
umf,av,02_11_2025,1,
umf,usa,02_11_2025,1,
umf,ae,02_11_2025,1,
umf,cong,02_11_2025,1,
av,usa,02_11_2025,1,
av,ae,02_11_2025,1,
av,cong,02_11_2025,1,
usa,ae,02_11_2025,1,
usa,cong,02_11_2025,1,
ae,cong,02_11_2025,1,
sw,cf,02_11_2025,3,
umf,cf,02_11_2025,3,
av,cf,02_11_2025,3,
usa,cf,02_11_2025,3,
ae,cf,02_11_2025,3,
cong,cf,02_11_2025,3,
,,,,
p349,rc,02_11_2025,1,
p349,umf,02_11_2025,1,
p349,usa,02_11_2025,1,
p349,ae,02_11_2025,1,
p349,afarm,02_11_2025,1,
p349,cong,02_11_2025,1,
p349,cf,02_11_2025,3,
rc,umf,02_11_2025,1,
rc,usa,02_11_2025,1,
rc,ae,02_11_2025,1,
rc,afarm,02_11_2025,1,
rc,cong,02_11_2025,1,
umf,usa,02_11_2025,1,
umf,ae,02_11_2025,1,
umf,afarm,02_11_2025,1,
umf,cong,02_11_2025,1,
usa,ae,02_11_2025,1,
usa,afarm,02_11_2025,1,
usa,cong,02_11_2025,1,
ae,afarm,02_11_2025,1,
ae,cong,02_11_2025,1,
afarm,cong,02_11_2025,1,
rc,cf,02_11_2025,3,
umf,cf,02_11_2025,3,
usa,cf,02_11_2025,3,
ae,cf,02_11_2025,3,
afarm,cf,02_11_2025,3,
cong,cf,02_11_2025,3,
,,,,
p350,bw,02_11_2025,1,
p350,umf,02_11_2025,1,
p350,ae,02_11_2025,1,
p350,afarm,02_11_2025,1,
p350,cong,02_11_2025,1,
p350,cf,02_11_2025,3,
bw,umf,02_11_2025,1,
bw,ae,02_11_2025,1,
bw,afarm,02_11_2025,1,
bw,cong,02_11_2025,1,
umf,ae,02_11_2025,1,
umf,afarm,02_11_2025,1,
umf,cong,02_11_2025,1,
ae,afarm,02_11_2025,1,
ae,cong,02_11_2025,1,
afarm,cong,02_11_2025,1,
bw,cf,02_11_2025,3,
umf,cf,02_11_2025,3,
ae,cf,02_11_2025,3,
afarm,cf,02_11_2025,3,
cong,cf,02_11_2025,3,
,,,,
p351,fh,02_11_2025,1,
p351,umf,02_11_2025,1,
p351,ae,02_11_2025,1,
p351,afarm,02_11_2025,1,
p351,cong,02_11_2025,1,
p351,cf,02_11_2025,3,
fh,umf,02_11_2025,1,
fh,ae,02_11_2025,1,
fh,afarm,02_11_2025,1,
fh,cong,02_11_2025,1,
umf,ae,02_11_2025,1,
umf,afarm,02_11_2025,1,
umf,cong,02_11_2025,1,
ae,afarm,02_11_2025,1,
ae,cong,02_11_2025,1,
afarm,cong,02_11_2025,1,
fh,cf,02_11_2025,3,
umf,cf,02_11_2025,3,
ae,cf,02_11_2025,3,
afarm,cf,02_11_2025,3,
cong,cf,02_11_2025,3,
,,,,
p352,mr,02_11_2025,1,
p352,umf,02_11_2025,1,
p352,ae,02_11_2025,1,
p352,afarm,02_11_2025,1,
p352,cong,02_11_2025,1,
p352,cf,02_11_2025,3,
mr,umf,02_11_2025,1,
mr,ae,02_11_2025,1,
mr,afarm,02_11_2025,1,
mr,cong,02_11_2025,1,
umf,ae,02_11_2025,1,
umf,afarm,02_11_2025,1,
umf,cong,02_11_2025,1,
ae,afarm,02_11_2025,1,
ae,cong,02_11_2025,1,
afarm,cong,02_11_2025,1,
mr,cf,02_11_2025,3,
umf,cf,02_11_2025,3,
ae,cf,02_11_2025,3,
afarm,cf,02_11_2025,3,
cong,cf,02_11_2025,3,
,,,,
p353,ra,02_11_2025,1,
p353,umf,02_11_2025,1,
p353,ae,02_11_2025,1,
p353,afarm,02_11_2025,1,
p353,cong,02_11_2025,1,
p353,cf,02_11_2025,3,
ra,umf,02_11_2025,1,
ra,ae,02_11_2025,1,
ra,afarm,02_11_2025,1,
ra,cong,02_11_2025,1,
umf,ae,02_11_2025,1,
umf,afarm,02_11_2025,1,
umf,cong,02_11_2025,1,
ae,afarm,02_11_2025,1,
ae,cong,02_11_2025,1,
afarm,cong,02_11_2025,1,
ra,cf,02_11_2025,3,
umf,cf,02_11_2025,3,
ae,cf,02_11_2025,3,
afarm,cf,02_11_2025,3,
cong,cf,02_11_2025,3,
,,,,
p354,ds,02_11_2025,1,
p354,umf,02_11_2025,1,
p354,ae,02_11_2025,1,
p354,afarm,02_11_2025,1,
p354,cong,02_11_2025,1,
p354,cf,02_11_2025,3,
ds,umf,02_11_2025,1,
ds,ae,02_11_2025,1,
ds,afarm,02_11_2025,1,
ds,cong,02_11_2025,1,
umf,ae,02_11_2025,1,
umf,afarm,02_11_2025,1,
umf,cong,02_11_2025,1,
ae,afarm,02_11_2025,1,
ae,cong,02_11_2025,1,
afarm,cong,02_11_2025,1,
ds,cf,02_11_2025,3,
umf,cf,02_11_2025,3,
ae,cf,02_11_2025,3,
afarm,cf,02_11_2025,3,
cong,cf,02_11_2025,3,
,,,,
p355,gp,02_11_2025,1,
p355,umf,02_11_2025,1,
p355,ae,02_11_2025,1,
p355,cong,02_11_2025,1,
p355,ei,02_11_2025,1,
p355,cf,02_11_2025,3,
gp,umf,02_11_2025,1,
gp,ae,02_11_2025,1,
gp,cong,02_11_2025,1,
gp,ei,02_11_2025,1,
umf,ae,02_11_2025,1,
umf,cong,02_11_2025,1,
umf,ei,02_11_2025,1,
ae,cong,02_11_2025,1,
ae,ei,02_11_2025,1,
cong,ei,02_11_2025,1,
gp,cf,02_11_2025,3,
umf,cf,02_11_2025,3,
ae,cf,02_11_2025,3,
cong,cf,02_11_2025,3,
ei,cf,02_11_2025,3,
,,,,
p356,ja,02_11_2025,1,
p356,umf,02_11_2025,1,
p356,ae,02_11_2025,1,
p356,cong,02_11_2025,1,
p356,cf,02_11_2025,3,
ja,umf,02_11_2025,1,
ja,ae,02_11_2025,1,
ja,cong,02_11_2025,1,
umf,ae,02_11_2025,1,
umf,cong,02_11_2025,1,
ae,cong,02_11_2025,1,
ja,cf,02_11_2025,3,
umf,cf,02_11_2025,3,
ae,cf,02_11_2025,3,
cong,cf,02_11_2025,3,
,,,,
p357,ps,02_11_2025,1,
p357,umf,02_11_2025,1,
p357,af,02_11_2025,1,
p357,ae,02_11_2025,1,
p357,cong,02_11_2025,1,
p357,cf,02_11_2025,3,
ps,umf,02_11_2025,1,
ps,af,02_11_2025,1,
ps,ae,02_11_2025,1,
ps,cong,02_11_2025,1,
umf,af,02_11_2025,1,
umf,ae,02_11_2025,1,
umf,cong,02_11_2025,1,
af,ae,02_11_2025,1,
af,cong,02_11_2025,1,
ae,cong,02_11_2025,1,
ps,cf,02_11_2025,3,
umf,cf,02_11_2025,3,
af,cf,02_11_2025,3,
ae,cf,02_11_2025,3,
cong,cf,02_11_2025,3,
,,,,
p358,bvd,02_11_2025,1,
p358,umf,02_11_2025,1,
p358,af,02_11_2025,1,
p358,ae,02_11_2025,1,
p358,cong,02_11_2025,1,
p358,cf,02_11_2025,3,
bvd,umf,02_11_2025,1,
bvd,af,02_11_2025,1,
bvd,ae,02_11_2025,1,
bvd,cong,02_11_2025,1,
umf,af,02_11_2025,1,
umf,ae,02_11_2025,1,
umf,cong,02_11_2025,1,
af,ae,02_11_2025,1,
af,cong,02_11_2025,1,
ae,cong,02_11_2025,1,
bvd,cf,02_11_2025,3,
umf,cf,02_11_2025,3,
af,cf,02_11_2025,3,
ae,cf,02_11_2025,3,
cong,cf,02_11_2025,3,
,,,,
p359,rw,02_11_2025,1,
p359,umf,02_11_2025,1,
p359,af,02_11_2025,1,
p359,ae,02_11_2025,1,
p359,econ,02_11_2025,1,
p359,cong,02_11_2025,1,
p359,cf,02_11_2025,3,
rw,umf,02_11_2025,1,
rw,af,02_11_2025,1,
rw,ae,02_11_2025,1,
rw,econ,02_11_2025,1,
rw,cong,02_11_2025,1,
umf,af,02_11_2025,1,
umf,ae,02_11_2025,1,
umf,econ,02_11_2025,1,
umf,cong,02_11_2025,1,
af,ae,02_11_2025,1,
af,econ,02_11_2025,1,
af,cong,02_11_2025,1,
ae,econ,02_11_2025,1,
ae,cong,02_11_2025,1,
econ,cong,02_11_2025,1,
rw,cf,02_11_2025,3,
umf,cf,02_11_2025,3,
af,cf,02_11_2025,3,
ae,cf,02_11_2025,3,
econ,cf,02_11_2025,3,
cong,cf,02_11_2025,3,
,,,,
post360,demo,02_11_25,2,
post360,rep,02_11_25,1,
post360,cf,02_11_25,3,
demo,cf,02_11_25,2,
rep,cf,02_11_25,1,
demo,rep,02_11_25,2,
,,,,
post361,cf,02_11_25,3,
post361,ks,02_11_25,1,
post361,umf,02_11_25,1,
post361,atp,02_11_25,1,
ks,cf,02_11_25,1,
umf,cf,02_11_25,1,
atp,cf,02_11_25,1,
ks,umf,02_11_25,1,
ks,atp,02_11_25,1,
umf,atp,02_11_25,1,
,,,,
post362,cf,02_11_25,3,
post362,lg,02_11_25,1,
post362,umf,02_11_25,1,
post362,atp,02_11_25,1,
lg,cf,02_11_25,1,
umf,cf,02_11_25,1,
atp,cf,02_11_25,1,
lg,umf,02_11_25,1,
lg,atp,02_11_25,1,
umf,atp,02_11_25,1,
,,,,
post363,cf,02_11_25,3,
post363,je,02_11_25,1,
post363,umf,02_11_25,1,
post363,atp,02_11_25,1,
je,cf,02_11_25,1,
umf,cf,02_11_25,1,
atp,cf,02_11_25,1,
je,umf,02_11_25,1,
je,atp,02_11_25,1,
umf,atp,02_11_25,1,
,,,,
post364,cf,02_11_25,3,
post364,apf,02_11_25,1,
post364,umf,02_11_25,1,
post364,afarm,02_11_25,1,
post364,atp,02_11_25,1,
apf,cf,02_11_25,1,
umf,cf,02_11_25,1,
afarm,cf,02_11_25,1,
atp,cf,02_11_25,1,
apf,umf,02_11_25,1,
apf,afarm,02_11_25,1,
apf,atp,02_11_25,1,
umf,afarm,02_11_25,1,
umf,atp,02_11_25,1,
afarm,atp,02_11_25,1,
,,,,
post365,cf,02_11_25,3,
post365,rj,02_11_25,1,
post365,umf,02_11_25,1,
post365,atp,02_11_25,1,
rj,cf,02_11_25,1,
umf,cf,02_11_25,1,
atp,cf,02_11_25,1,
rj,umf,02_11_25,1,
rj,atp,02_11_25,1,
umf,atp,02_11_25,1,
,,,,
post366,cf,02_11_25,3,
post366,mdlc,02_11_25,1,
post366,umf,02_11_25,1,
post366,atp,02_11_25,1,
mdlc,cf,02_11_25,1,
umf,cf,02_11_25,1,
atp,cf,02_11_25,1,
mdlc,umf,02_11_25,1,
mdlc,atp,02_11_25,1,
umf,atp,02_11_25,1,
,,,,
post367,cf,02_11_25,3,
post367,bg,02_11_25,1,
post367,dan,02_11_25,1,
post367,c,02_11_25,1,
post367,dds,02_11_25,1,
post367,umf,02_11_25,1,
post367,maga,02_11_25,1,
bg,cf,02_11_25,1,
dan,cf,02_11_25,1,
c,cf,02_11_25,1,
dds,cf,02_11_25,1,
umf,cf,02_11_25,1,
maga,cf,02_11_25,1,
bg,dan,02_11_25,1,
bg,c,02_11_25,1,
bg,dds,02_11_25,1,
bg,umf,02_11_25,1,
bg,maga,02_11_25,1,
dan,c,02_11_25,1,
dan,dds,02_11_25,1,
dan,umf,02_11_25,1,
dan,maga,02_11_25,1,
c,dds,02_11_25,1,
c,umf,02_11_25,1,
c,maga,02_11_25,1,
dds,umf,02_11_25,1,
dds,maga,02_11_25,1,
umf,maga,02_11_25,1,
,,,,
post369,cf,02_11_25,3,
post369,bb,02_11_25,1,
post369,umf,02_11_25,1,
post369,le,02_11_25,1,
post369,v,02_11_25,1,
post369,maga,02_11_25,1,
bb,cf,02_11_25,1,
umf,cf,02_11_25,1,
le,cf,02_11_25,1,
v,cf,02_11_25,1,
maga,cf,02_11_25,1,
bb,umf,02_11_25,1,
bb,le,02_11_25,1,
bb,v,02_11_25,1,
bb,maga,02_11_25,1,
umf,le,02_11_25,1,
umf,v,02_11_25,1,
umf,maga,02_11_25,1,
le,v,02_11_25,1,
le,maga,02_11_25,1,
v,maga,02_11_25,1,
,,,,
p370,rm,02_11_25,1,
p370,am,02_11_25,1,
p370,pa,02_11_25,1,
p370,af,02_11_25,3,
p370,sec,02_11_25,3,
p370,ep,02_11_25,3,
rm,am,02_11_25,1,
rm,pa,02_11_25,1,
rm,af,02_11_25,1,
rm,sec,02_11_25,1,
rm,ep,02_11_25,1,
am,pa,02_11_25,1,
am,af,02_11_25,1,
am,sec,02_11_25,1,
am,ep,02_11_25,1,
pa,af,02_11_25,1,
pa,sec,02_11_25,1,
pa,ep,02_11_25,1,
ae,af,02_11_25,1,
ae,sec,02_11_25,1,
ae,ep,02_11_25,1,
,,,,
p371,rb,02_11_25,1,
p371,am,02_11_25,1,
p371,pa,02_11_25,1,
p371,ad,02_11_25,1,
p371,af,02_11_25,3,
p371,sec,02_11_25,3,
p371,ep,02_11_25,3,
rb,am,02_11_25,1,
rb,pa,02_11_25,1,
rb,ad,02_11_25,1,
rb,af,02_11_25,1,
rb,sec,02_11_25,1,
rb,ep,02_11_25,1,
am,pa,02_11_25,1,
am,af,02_11_25,1,
am,sec,02_11_25,1,
am,ep,02_11_25,1,
pa,ad,02_11_25,1,
pa,af,02_11_25,1,
pa,sec,02_11_25,1,
pa,ep,02_11_25,1,
ad,af,02_11_25,1,
ad,sec,02_11_25,1,
ad,ep,02_11_25,1,
,,,,
p372,sp,02_11_25,1,
p372,am,02_11_25,1,
p372,pa,02_11_25,1,
p372,ec,02_11_25,1,
p372,rl,02_11_25,1,
p372,pts,02_11_25,1,
p372,af,02_11_25,3,
p372,sec,02_11_25,3,
p372,ep,02_11_25,3,
sp,am,02_11_25,1,
sp,pa,02_11_25,1,
sp,ec,02_11_25,1,
sp,rl,02_11_25,1,
sp,pts,02_11_25,1,
sp,af,02_11_25,1,
sp,sec,02_11_25,1,
sp,ep,02_11_25,1,
am,pa,02_11_25,1,
am,af,02_11_25,1,
am,sec,02_11_25,1,
am,ep,02_11_25,1,
pa,af,02_11_25,1,
pa,sec,02_11_25,1,
pa,ep,02_11_25,1,
ec,rl,02_11_25,1,
ec,pts,02_11_25,1,
ec,af,02_11_25,1,
ec,sec,02_11_25,1,
ec,ep,02_11_25,1,
rl,pts,02_11_25,1,
rl,af,02_11_25,1,
rl,sec,02_11_25,1,
rl,ep,02_11_25,1,
pts,af,02_11_25,1,
pts,sec,02_11_25,1,
pts,ep,02_11_25,1,
,,,,
p373,jj,02_11_25,1,
p373,am,02_11_25,1,
p373,ae,02_11_25,1,
p373,pts,02_11_25,1,
p373,af,02_11_25,3,
p373,sec,02_11_25,3,
p373,ep,02_11_25,3,
jj,am,02_11_25,1,
jj,ae,02_11_25,1,
jj,pts,02_11_25,1,
jj,af,02_11_25,1,
jj,sec,02_11_25,1,
jj,ep,02_11_25,1,
am,ae,02_11_25,1,
am,pts,02_11_25,1,
am,af,02_11_25,1,
am,sec,02_11_25,1,
am,ep,02_11_25,1,
ae,pts,02_11_25,1,
ae,af,02_11_25,1,
ae,sec,02_11_25,1,
ae,ep,02_11_25,1,
pts,af,02_11_25,1,
pts,sec,02_11_25,1,
pts,ep,02_11_25,1,
,,,,
p374,gr,02_11_25,1,
p374,am,02_11_25,1,
p374,ae,02_11_25,1,
p374,ec,02_11_25,3,
p374,af,02_11_25,3,
gr,am,02_11_25,1,
gr,ae,02_11_25,1,
gr,ec,02_11_25,1,
gr,af,02_11_25,1,
am,ae,02_11_25,1,
am,ec,02_11_25,1,
am,af,02_11_25,1,
ae,ec,02_11_25,1,
ae,af,02_11_25,1,
,,,,
p375,dm,02_11_25,1,
p375,am,02_11_25,1,
p375,ae,02_11_25,1,
p375,ec,02_11_25,3,
p375,af,02_11_25,3,
dm,am,02_11_25,1,
dm,ae,02_11_25,1,
dm,ec,02_11_25,1,
dm,af,02_11_25,1,
am,ae,02_11_25,1,
am,ec,02_11_25,1,
am,af,02_11_25,1,
ae,ec,02_11_25,1,
ae,af,02_11_25,1,
,,,,
p376,ls,02_11_25,1,
p376,am,02_11_25,1,
p376,ae,02_11_25,1,
p376,ec,02_11_25,3,
p376,af,02_11_25,3,
ls,am,02_11_25,1,
ls,ae,02_11_25,1,
ls,ec,02_11_25,1,
ls,af,02_11_25,1,
am,ae,02_11_25,1,
am,ec,02_11_25,1,
am,af,02_11_25,1,
ae,ec,02_11_25,1,
ae,af,02_11_25,1,
,,,,
p377,gt,02_11_25,1,
p377,am,02_11_25,1,
p377,ae,02_11_25,1,
p377,afr,02_11_25,1,
p377,ec,02_11_25,3,
p377,af,02_11_25,3,
gt,am,02_11_25,1,
gt,ae,02_11_25,1,
gt,afr,02_11_25,1,
gt,ec,02_11_25,1,
gt,af,02_11_25,1,
am,ae,02_11_25,1,
am,afr,02_11_25,1,
am,ec,02_11_25,1,
am,af,02_11_25,1,
ae,afr,02_11_25,1,
ae,ec,02_11_25,1,
ae,af,02_11_25,1,
afr,ec,02_11_25,1,
afr,af,02_11_25,1,
,,,,
p378,mm,02_11_25,1,
p378,am,02_11_25,1,
p378,ae,02_11_25,1,
p378,afr,02_11_25,1,
p378,ec,02_11_25,3,
p378,af,02_11_25,3,
mm,am,02_11_25,1,
mm,ae,02_11_25,1,
mm,afr,02_11_25,1,
mm,ec,02_11_25,1,
mm,af,02_11_25,1,
am,ae,02_11_25,1,
am,afr,02_11_25,1,
am,ec,02_11_25,1,
am,af,02_11_25,1,
ae,afr,02_11_25,1,
ae,ec,02_11_25,1,
ae,af,02_11_25,1,
afr,ec,02_11_25,1,
afr,af,02_11_25,1,
,,,,
p379,dt,02_11_25,1,
p379,am,02_11_25,1,
p379,ae,02_11_25,1,
p379,afr,02_11_25,1,
p379,ec,02_11_25,3,
p379,af,02_11_25,3,
dt,am,02_11_25,1,
dt,ae,02_11_25,1,
dt,afr,02_11_25,1,
dt,ec,02_11_25,1,
dt,af,02_11_25,1,
am,ae,02_11_25,1,
am,afr,02_11_25,1,
am,ec,02_11_25,1,
am,af,02_11_25,1,
ae,afr,02_11_25,1,
ae,ec,02_11_25,1,
ae,af,02_11_25,1,
afr,ec,02_11_25,1,
afr,af,02_11_25,1,
,,,,
p380,bl,02_11_25,1,
p380,am,02_11_25,1,
p380,ae,02_11_25,1,
p380,ec,02_11_25,3,
p380,af,02_11_25,3,
bl,am,02_11_25,1,
bl,ae,02_11_25,1,
bl,ec,02_11_25,1,
bl,af,02_11_25,1,
am,ae,02_11_25,1,
am,ec,02_11_25,1,
am,af,02_11_25,1,
ae,ec,02_11_25,1,
ae,af,02_11_25,1,
,,,,
p381,hg,02_11_25,1,
p381,am,02_11_25,1,
p381,ae,02_11_25,1,
p381,ec,02_11_25,3,
p381,af,02_11_25,3,
hg,am,02_11_25,1,
hg,ae,02_11_25,1,
hg,ec,02_11_25,1,
hg,af,02_11_25,1,
am,ae,02_11_25,1,
am,ec,02_11_25,1,
am,af,02_11_25,1,
ae,ec,02_11_25,1,
ae,af,02_11_25,1,
,,,,
p382,ks,02_11_25,1,
p382,am,02_11_25,1,
p382,ae,02_11_25,1,
p382,ec,02_11_25,3,
p382,af,02_11_25,3,
ks,am,02_11_25,1,
ks,ae,02_11_25,1,
ks,ec,02_11_25,1,
ks,af,02_11_25,1,
am,ae,02_11_25,1,
am,ec,02_11_25,1,
am,af,02_11_25,1,
ae,ec,02_11_25,1,
ae,af,02_11_25,1,
,,,,
p383,dv,02_11_25,1,
p383,am,02_11_25,1,
p383,ae,02_11_25,1,
p383,ec,02_11_25,3,
p383,af,02_11_25,3,
dv,am,02_11_25,1,
dv,ae,02_11_25,1,
dv,ec,02_11_25,1,
dv,af,02_11_25,1,
am,ae,02_11_25,1,
am,ec,02_11_25,1,
am,af,02_11_25,1,
ae,ec,02_11_25,1,
ae,af,02_11_25,1,
,,,,
p384,gk,02_11_25,1,
p384,am,02_11_25,1,
p384,ae,02_11_25,1,
p384,ec,02_11_25,3,
p384,af,02_11_25,3,
gk,am,02_11_25,1,
gk,ae,02_11_25,1,
gk,ec,02_11_25,1,
gk,af,02_11_25,1,
am,ae,02_11_25,1,
am,ec,02_11_25,1,
am,af,02_11_25,1,
ae,ec,02_11_25,1,
ae,af,02_11_25,1,
,,,,
p385,nf,02_11_25,1,
p385,am,02_11_25,1,
p385,ae,02_11_25,1,
p385,ec,02_11_25,3,
p385,af,02_11_25,3,
nf,am,02_11_25,1,
nf,ae,02_11_25,1,
nf,ec,02_11_25,1,
nf,af,02_11_25,1,
am,ae,02_11_25,1,
am,ec,02_11_25,1,
am,af,02_11_25,1,
ae,ec,02_11_25,1,
ae,af,02_11_25,1,
,,,,
p386,mb,02_11_25,1,
p386,am,02_11_25,1,
p386,ae,02_11_25,1,
p386,ec,02_11_25,3,
p386,af,02_11_25,3,
mb,am,02_11_25,1,
mb,ae,02_11_25,1,
mb,ec,02_11_25,1,
mb,af,02_11_25,1,
am,ae,02_11_25,1,
am,ec,02_11_25,1,
am,af,02_11_25,1,
ae,ec,02_11_25,1,
ae,af,02_11_25,1,
,,,,
p387,mk,02_11_25,1,
p387,am,02_11_25,1,
p387,ae,02_11_25,1,
p387,ec,02_11_25,3,
p387,af,02_11_25,3,
mk,am,02_11_25,1,
mk,ae,02_11_25,1,
mk,ec,02_11_25,1,
mk,af,02_11_25,1,
am,ae,02_11_25,1,
am,ec,02_11_25,1,
am,af,02_11_25,1,
ae,ec,02_11_25,1,
ae,af,02_11_25,1,
,,,,
p388,bs,02_11_25,1,
p388,am,02_11_25,1,
p388,ae,02_11_25,1,
p388,ec,02_11_25,3,
p388,af,02_11_25,3,
bs,am,02_11_25,1,
bs,ae,02_11_25,1,
bs,ec,02_11_25,1,
bs,af,02_11_25,1,
am,ae,02_11_25,1,
am,ec,02_11_25,1,
am,af,02_11_25,1,
ae,ec,02_11_25,1,
ae,af,02_11_25,1,
,,,,
p390,sf,03_11_25,1,
p390,usna,03_11_25,1,
p390,umf,03_11_25,1,
p390,amer,03_11_25,1,
p390,sec,03_11_25,3,
sf,usna,03_11_25,1,
sf,umf,03_11_25,1,
sf,amer,03_11_25,1,
sf,sec,03_11_25,3,
usna,umf,03_11_25,1,
usna,amer,03_11_25,1,
usna,sec,03_11_25,3,
umf,amer,03_11_25,1,
umf,sec,03_11_25,3,
amer,sec,03_11_25,3,
,,,,
p391,mdb,03_11_25,1,
p391,umf,03_11_25,1,
p391,amer,03_11_25,1,
p391,usna,03_11_25,1,
p391,sec,03_11_25,3,
mdb,umf,03_11_25,1,
mdb,amer,03_11_25,1,
mdb,usna,03_11_25,1,
mdb,sec,03_11_25,3,
umf,amer,03_11_25,1,
umf,usna,03_11_25,1,
umf,sec,03_11_25,3,
amer,usna,03_11_25,1,
amer,sec,03_11_25,3,
usna,sec,03_11_25,3,
,,,,
p392,sfz,03_11_25,1,
p392,umf,03_11_25,1,
p392,amer,03_11_25,1,
p392,afarm,03_11_25,1,
p392,cf,03_11_25,3,
sfz,umf,03_11_25,1,
sfz,amer,03_11_25,1,
sfz,afarm,03_11_25,1,
sfz,cf,03_11_25,3,
umf,amer,03_11_25,1,
umf,afarm,03_11_25,1,
umf,cf,03_11_25,3,
amer,afarm,03_11_25,1,
amer,cf,03_11_25,3,
afarm,cf,03_11_25,3,
,,,,
p393,gg,03_11_25,1,
p393,umf,03_11_25,1,
p393,amer,03_11_25,1,
p393,afarm,03_11_25,1,
p393,cf,03_11_25,3,
gg,umf,03_11_25,1,
gg,amer,03_11_25,1,
gg,afarm,03_11_25,1,
gg,cf,03_11_25,3,
umf,amer,03_11_25,1,
umf,afarm,03_11_25,1,
umf,cf,03_11_25,3,
amer,afarm,03_11_25,1,
amer,cf,03_11_25,3,
afarm,cf,03_11_25,3,
,,,,
p394,tw,03_11_25,1,
p394,umf,03_11_25,1,
p394,amer,03_11_25,1,
p394,afarm,03_11_25,1,
p394,cf,03_11_25,3,
tw,umf,03_11_25,1,
tw,amer,03_11_25,1,
tw,afarm,03_11_25,1,
tw,cf,03_11_25,3,
umf,amer,03_11_25,1,
umf,afarm,03_11_25,1,
umf,cf,03_11_25,3,
amer,afarm,03_11_25,1,
amer,cf,03_11_25,3,
afarm,cf,03_11_25,3,
,,,,
p395,bs,03_11_25,1,
p395,umf,03_11_25,1,
p395,afarm,03_11_25,1,
p395,amer,03_11_25,1,
p395,cf,03_11_25,3,
bs,umf,03_11_25,1,
bs,afarm,03_11_25,1,
bs,amer,03_11_25,1,
bs,cf,03_11_25,3,
umf,afarm,03_11_25,1,
umf,amer,03_11_25,1,
umf,cf,03_11_25,3,
afarm,amer,03_11_25,1,
afarm,cf,03_11_25,3,
amer,cf,03_11_25,3,
,,,,
p396,dvo,03_11_25,1,
p396,umf,03_11_25,1,
p396,afarm,03_11_25,1,
p396,amer,03_11_25,1,
p396,cf,03_11_25,3,
dvo,umf,03_11_25,1,
dvo,afarm,03_11_25,1,
dvo,amer,03_11_25,1,
dvo,cf,03_11_25,3,
umf,afarm,03_11_25,1,
umf,amer,03_11_25,1,
umf,cf,03_11_25,3,
afarm,amer,03_11_25,1,
afarm,cf,03_11_25,3,
amer,cf,03_11_25,3,
,,,,
p397,mf,03_11_25,1,
p397,umf,03_11_25,1,
p397,amer,03_11_25,1,
p397,cf,03_11_25,3,
mf,umf,03_11_25,1,
mf,amer,03_11_25,1,
mf,cf,03_11_25,3,
umf,amer,03_11_25,1,
umf,cf,03_11_25,3,
amer,cf,03_11_25,3,
,,,,
p398,as,03_11_25,1,
p398,umf,03_11_25,1,
p398,amer,03_11_25,1,
p398,cf,03_11_25,3,
as,umf,03_11_25,1,
as,amer,03_11_25,1,
as,cf,03_11_25,3,
umf,amer,03_11_25,1,
umf,cf,03_11_25,3,
amer,cf,03_11_25,3,
,,,,
p399,sg,03_11_25,1,
p399,umf,03_11_25,1,
p399,amer,03_11_25,1,
p399,cf,03_11_25,3,
sg,umf,03_11_25,1,
sg,amer,03_11_25,1,
sg,cf,03_11_25,3,
umf,amer,03_11_25,1,
umf,cf,03_11_25,3,
amer,cf,03_11_25,3,
,,,,
p400,eb,03_11_25,1,
p400,umf,03_11_25,1,
p400,amer,03_11_25,1,
p400,cf,03_11_25,3,
eb,umf,03_11_25,1,
eb,amer,03_11_25,1,
eb,cf,03_11_25,3,
umf,amer,03_11_25,1,
umf,cf,03_11_25,3,
amer,cf,03_11_25,3,
,,,,
p401,js,03_11_25,1,
p401,umf,03_11_25,1,
p401,amer,03_11_25,1,
p401,cf,03_11_25,3,
js,umf,03_11_25,1,
js,amer,03_11_25,1,
js,cf,03_11_25,3,
umf,amer,03_11_25,1,
umf,cf,03_11_25,3,
amer,cf,03_11_25,3,
,,,,
p402,aw,03_11_25,1,
p402,umf,03_11_25,1,
p402,amer,03_11_25,1,
p402,cf,03_11_25,3,
aw,umf,03_11_25,1,
aw,amer,03_11_25,1,
aw,cf,03_11_25,3,
umf,amer,03_11_25,1,
umf,cf,03_11_25,3,
amer,cf,03_11_25,3,
,,,,
p403,bo,03_11_25,1,
p403,umf,03_11_25,1,
p403,amer,03_11_25,1,
p403,cf,03_11_25,3,
bo,umf,03_11_25,1,
bo,amer,03_11_25,1,
bo,cf,03_11_25,3,
umf,amer,03_11_25,1,
umf,cf,03_11_25,3,
amer,cf,03_11_25,3,
,,,,
p404,ma,03_11_25,1,
p404,umf,03_11_25,1,
p404,amer,03_11_25,1,
p404,cf,03_11_25,3,
ma,umf,03_11_25,1,
ma,amer,03_11_25,1,
ma,cf,03_11_25,3,
umf,amer,03_11_25,1,
umf,cf,03_11_25,3,
amer,cf,03_11_25,3,
,,,,
p405,te,03_11_25,1,
p405,umf,03_11_25,1,
p405,amer,03_11_25,1,
p405,cf,03_11_25,3,
te,umf,03_11_25,1,
te,amer,03_11_25,1,
te,cf,03_11_25,3,
umf,amer,03_11_25,1,
umf,cf,03_11_25,3,
amer,cf,03_11_25,3,
,,,,
p406,te,03_11_25,1,
p406,umf,03_11_25,1,
p406,amer,03_11_25,1,
p406,cf,03_11_25,3,
te,umf,03_11_25,1,
te,amer,03_11_25,1,
te,cf,03_11_25,3,
umf,amer,03_11_25,1,
umf,cf,03_11_25,3,
amer,cf,03_11_25,3,
,,,,
p407,ps,03_11_25,1,
p407,umf,03_11_25,1,
p407,leo,03_11_25,1,
p407,amer,03_11_25,1,
p407,cf,03_11_25,3,
ps,umf,03_11_25,1,
ps,leo,03_11_25,1,
ps,amer,03_11_25,1,
ps,cf,03_11_25,3,
umf,leo,03_11_25,1,
umf,amer,03_11_25,1,
umf,cf,03_11_25,3,
leo,amer,03_11_25,1,
leo,cf,03_11_25,3,
amer,cf,03_11_25,3,
,,,,
p408,rf,03_11_25,1,
p408,umf,03_11_25,1,
p408,afarm,03_11_25,1,
p408,amer,03_11_25,1,
p408,cf,03_11_25,3,
rf,umf,03_11_25,1,
rf,afarm,03_11_25,1,
rf,amer,03_11_25,1,
rf,cf,03_11_25,3,
umf,afarm,03_11_25,1,
umf,amer,03_11_25,1,
umf,cf,03_11_25,3,
afarm,amer,03_11_25,1,
afarm,cf,03_11_25,3,
amer,cf,03_11_25,3,
,,,,
p409,ms,03_11_25,1,
p409,umf,03_11_25,1,
p409,afarm,03_11_25,1,
p409,amer,03_11_25,1,
p409,leo,03_11_25,1,
p409,cf,03_11_25,3,
ms,umf,03_11_25,1,
ms,afarm,03_11_25,1,
ms,amer,03_11_25,1,
ms,leo,03_11_25,1,
ms,cf,03_11_25,3,
umf,afarm,03_11_25,1,
umf,amer,03_11_25,1,
umf,leo,03_11_25,1,
umf,cf,03_11_25,3,
afarm,amer,03_11_25,1,
afarm,leo,03_11_25,1,
afarm,cf,03_11_25,3,
amer,leo,03_11_25,1,
amer,cf,03_11_25,3,
leo,cf,03_11_25,3,
,,,,
p410,bc,03_11_25,1,
p410,umf,03_11_25,1,
p410,leo,03_11_25,1,
p410,amer,03_11_25,1,
p410,cf,03_11_25,3,
bc,umf,03_11_25,1,
bc,leo,03_11_25,1,
bc,amer,03_11_25,1,
bc,cf,03_11_25,3,
umf,leo,03_11_25,1,
umf,amer,03_11_25,1,
umf,cf,03_11_25,3,
leo,amer,03_11_25,1,
leo,cf,03_11_25,3,
amer,cf,03_11_25,3,
,,,,
p411,mg,03_11_25,1,
p411,umf,03_11_25,1,
p411,amer,03_11_25,1,
p411,cf,03_11_25,3,
mg,umf,03_11_25,1,
mg,amer,03_11_25,1,
mg,cf,03_11_25,3,
umf,amer,03_11_25,1,
umf,cf,03_11_25,3,
amer,cf,03_11_25,3,
,,,,
p412,jk,03_11_25,1,
p412,umf,03_11_25,1,
p412,amer,03_11_25,1,
p412,cf,03_11_25,3,
jk,umf,03_11_25,1,
jk,amer,03_11_25,1,
jk,cf,03_11_25,3,
umf,amer,03_11_25,1,
umf,cf,03_11_25,3,
amer,cf,03_11_25,3,
,,,,
p413,jm,03_11_25,1,
p413,umf,03_11_25,1,
p413,amer,03_11_25,1,
p413,cf,03_11_25,3,
jm,umf,03_11_25,1,
jm,amer,03_11_25,1,
jm,cf,03_11_25,3,
umf,amer,03_11_25,1,
umf,cf,03_11_25,3,
amer,cf,03_11_25,3,
,,,,
p414,dh,03_11_25,1,
p414,umf,03_11_25,1,
p414,afarm,03_11_25,1,
p414,amer,03_11_25,1,
p414,cf,03_11_25,3,
dh,umf,03_11_25,1,
dh,afarm,03_11_25,1,
dh,amer,03_11_25,1,
dh,cf,03_11_25,3,
umf,afarm,03_11_25,1,
umf,amer,03_11_25,1,
umf,cf,03_11_25,3,
afarm,amer,03_11_25,1,
afarm,cf,03_11_25,3,
amer,cf,03_11_25,3,
,,,,
p415,tb,03_11_25,1,
p415,umf,03_11_25,1,
p415,leo,03_11_25,1,
p415,amer,03_11_25,1,
p415,cf,03_11_25,3,
tb,umf,03_11_25,1,
tb,leo,03_11_25,1,
tb,amer,03_11_25,1,
tb,cf,03_11_25,3,
umf,leo,03_11_25,1,
umf,amer,03_11_25,1,
umf,cf,03_11_25,3,
leo,amer,03_11_25,1,
leo,cf,03_11_25,3,
amer,cf,03_11_25,3,
,,,,
p416,cfm,03_11_25,1,
p416,umf,03_11_25,1,
p416,leo,03_11_25,1,
p416,amer,03_11_25,1,
p416,cf,03_11_25,3,
cfm,umf,03_11_25,1,
cfm,leo,03_11_25,1,
cfm,amer,03_11_25,1,
cfm,cf,03_11_25,3,
umf,leo,03_11_25,1,
umf,amer,03_11_25,1,
umf,cf,03_11_25,3,
leo,amer,03_11_25,1,
leo,cf,03_11_25,3,
amer,cf,03_11_25,3,
,,,,
p417,dk,03_11_25,1,
p417,umf,03_11_25,1,
p417,leo,03_11_25,1,
p417,amer,03_11_25,1,
p417,cf,03_11_25,3,
dk,umf,03_11_25,1,
dk,leo,03_11_25,1,
dk,amer,03_11_25,1,
dk,cf,03_11_25,3,
umf,leo,03_11_25,1,
umf,amer,03_11_25,1,
umf,cf,03_11_25,3,
leo,amer,03_11_25,1,
leo,cf,03_11_25,3,
amer,cf,03_11_25,3,
,,,,
p418,sd,03_11_25,1,
p418,umf,03_11_25,1,
p418,leo,03_11_25,1,
p418,amer,03_11_25,1,
p418,cf,03_11_25,3,
sd,umf,03_11_25,1,
sd,leo,03_11_25,1,
sd,amer,03_11_25,1,
sd,cf,03_11_25,3,
umf,leo,03_11_25,1,
umf,amer,03_11_25,1,
umf,cf,03_11_25,3,
leo,amer,03_11_25,1,
leo,cf,03_11_25,3,
amer,cf,03_11_25,3,
,,,,
p419,bf,03_11_25,1,
p419,umf,03_11_25,1,
p419,leo,03_11_25,1,
p419,amer,03_11_25,1,
p419,cf,03_11_25,3,
bf,umf,03_11_25,1,
bf,leo,03_11_25,1,
bf,amer,03_11_25,1,
bf,cf,03_11_25,3,
umf,leo,03_11_25,1,
umf,amer,03_11_25,1,
umf,cf,03_11_25,3,
leo,amer,03_11_25,1,
leo,cf,03_11_25,3,
amer,cf,03_11_25,3,
,,,,
p420,rz,03_11_25,1,
p420,umf,03_11_25,1,
p420,leo,03_11_25,1,
p420,amer,03_11_25,1,
p420,cf,03_11_25,3,
rz,umf,03_11_25,1,
rz,leo,03_11_25,1,
rz,amer,03_11_25,1,
rz,cf,03_11_25,3,
umf,leo,03_11_25,1,
umf,amer,03_11_25,1,
umf,cf,03_11_25,3,
leo,amer,03_11_25,1,
leo,cf,03_11_25,3,
amer,cf,03_11_25,3,
,,,,
p421,td,03_11_25,1,
p421,umf,03_11_25,1,
p421,amer,03_11_25,1,
p421,cf,03_11_25,3,
td,umf,03_11_25,1,
td,amer,03_11_25,1,
td,cf,03_11_25,3,
umf,amer,03_11_25,1,
umf,cf,03_11_25,3,
amer,cf,03_11_25,3,
,,,,
p422,mb,03_11_25,1,
p422,umf,03_11_25,1,
p422,amer,03_11_25,1,
p422,cf,03_11_25,3,
mb,umf,03_11_25,1,
mb,amer,03_11_25,1,
mb,cf,03_11_25,3,
umf,amer,03_11_25,1,
umf,cf,03_11_25,3,
amer,cf,03_11_25,3,
,,,,
p423,ma,03_11_25,1,
p423,umf,03_11_25,1,
p423,amer,03_11_25,1,
p423,cf,03_11_25,3,
ma,umf,03_11_25,1,
ma,amer,03_11_25,1,
ma,cf,03_11_25,3,
umf,amer,03_11_25,1,
umf,cf,03_11_25,3,
amer,cf,03_11_25,3,
,,,,
p424,jb,03_11_25,1,
p424,umf,03_11_25,1,
p424,amer,03_11_25,1,
p424,cf,03_11_25,3,
jb,umf,03_11_25,1,
jb,amer,03_11_25,1,
jb,cf,03_11_25,3,
umf,amer,03_11_25,1,
umf,cf,03_11_25,3,
amer,cf,03_11_25,3,
,,,,
p425,kh,03_11_25,1,
p425,umf,03_11_25,1,
p425,amer,03_11_25,1,
p425,cf,03_11_25,3,
kh,umf,03_11_25,1,
kh,amer,03_11_25,1,
kh,cf,03_11_25,3,
umf,amer,03_11_25,1,
umf,cf,03_11_25,3,
amer,cf,03_11_25,3,
,,,,
p426,fl,03_11_25,1,
p426,umf,03_11_25,1,
p426,amer,03_11_25,1,
p426,cf,03_11_25,3,
fl,umf,03_11_25,1,
fl,amer,03_11_25,1,
fl,cf,03_11_25,3,
umf,amer,03_11_25,1,
umf,cf,03_11_25,3,
amer,cf,03_11_25,3,
,,,,
p427,tc,03_11_25,1,
p427,umf,03_11_25,1,
p427,amer,03_11_25,1,
p427,cf,03_11_25,3,
tc,umf,03_11_25,1,
tc,amer,03_11_25,1,
tc,cf,03_11_25,3,
umf,amer,03_11_25,1,
umf,cf,03_11_25,3,
amer,cf,03_11_25,3,
,,,,
p428,sb,03_11_25,1,
p428,umf,03_11_25,1,
p428,amer,03_11_25,1,
p428,cf,03_11_25,3,
sb,umf,03_11_25,1,
sb,amer,03_11_25,1,
sb,cf,03_11_25,3,
umf,amer,03_11_25,1,
umf,cf,03_11_25,3,
amer,cf,03_11_25,3,
,,,,
p429,jw,03_11_25,1,
p429,umf,03_11_25,1,
p429,amer,03_11_25,1,
p429,cf,03_11_25,3,
jw,umf,03_11_25,1,
jw,amer,03_11_25,1,
jw,cf,03_11_25,3,
umf,amer,03_11_25,1,
umf,cf,03_11_25,3,
amer,cf,03_11_25,3,
,,,,
p430,sb,03_11_25,1,
p430,umf,03_11_25,1,
p430,amer,03_11_25,1,
p430,cf,03_11_25,3,
sb,umf,03_11_25,1,
sb,amer,03_11_25,1,
sb,cf,03_11_25,3,
umf,amer,03_11_25,1,
umf,cf,03_11_25,3,
amer,cf,03_11_25,3,
,,,,
p431,wt,03_11_25,1,
p431,umf,03_11_25,1,
p431,leo,03_11_25,1,
p431,amer,03_11_25,1,
p431,cf,03_11_25,3,
wt,umf,03_11_25,1,
wt,leo,03_11_25,1,
wt,amer,03_11_25,1,
wt,cf,03_11_25,3,
umf,leo,03_11_25,1,
umf,amer,03_11_25,1,
umf,cf,03_11_25,3,
leo,amer,03_11_25,1,
leo,cf,03_11_25,3,
amer,cf,03_11_25,3,
,,,,
p432,rf,03_11_25,1,
p432,umf,03_11_25,1,
p432,leo,03_11_25,1,
p432,amer,03_11_25,1,
p432,cf,03_11_25,3,
rf,umf,03_11_25,1,
rf,leo,03_11_25,1,
rf,amer,03_11_25,1,
rf,cf,03_11_25,3,
umf,leo,03_11_25,1,
umf,amer,03_11_25,1,
umf,cf,03_11_25,3,
leo,amer,03_11_25,1,
leo,cf,03_11_25,3,
amer,cf,03_11_25,3,
,,,,
p433,cb,03_11_25,1,
p433,umf,03_11_25,1,
p433,leo,03_11_25,1,
p433,amer,03_11_25,1,
p433,cf,03_11_25,3,
cb,umf,03_11_25,1,
cb,leo,03_11_25,1,
cb,amer,03_11_25,1,
cb,cf,03_11_25,3,
umf,leo,03_11_25,1,
umf,amer,03_11_25,1,
umf,cf,03_11_25,3,
leo,amer,03_11_25,1,
leo,cf,03_11_25,3,
amer,cf,03_11_25,3,
,,,,
p434,eg,03_11_25,1,
p434,tm,03_11_25,1,
p434,umf,03_11_25,1,
p434,vets,03_11_25,1,
p434,gp,03_11_25,1,
p434,rl,03_11_25,1,
p434,leo,03_11_25,1,
p434,amer,03_11_25,1,
p434,cf,03_11_25,3,
eg,tm,03_11_25,1,
eg,umf,03_11_25,1,
eg,vete,03_11_25,1,
eg,gp,03_11_25,1,
eg,rl,03_11_25,1,
eg,leo,03_11_25,1,
eg,amer,03_11_25,1,
eg,cf,03_11_25,3,
tm,umf,03_11_25,1,
tm,vete,03_11_25,1,
tm,gp,03_11_25,1,
tm,rl,03_11_25,1,
tm,leo,03_11_25,1,
tm,amer,03_11_25,1,
tm,cf,03_11_25,3,
umf,vete,03_11_25,1,
umf,gp,03_11_25,1,
umf,rl,03_11_25,1,
umf,leo,03_11_25,1,
umf,amer,03_11_25,1,
umf,cf,03_11_25,3,
vete,gp,03_11_25,1,
vete,rl,03_11_25,1,
vete,leo,03_11_25,1,
vete,amer,03_11_25,1,
vete,cf,03_11_25,3,
gp,rl,03_11_25,1,
gp,leo,03_11_25,1,
gp,amer,03_11_25,1,
gp,cf,03_11_25,3,
rl,leo,03_11_25,1,
rl,amer,03_11_25,1,
rl,cf,03_11_25,3,
leo,amer,03_11_25,1,
leo,cf,03_11_25,3,
amer,cf,03_11_25,3,
,,,,
p435,mw,03_11_25,1,
p435,umf,03_11_25,1,
p435,vets,03_11_25,1,
p435,nc,03_11_25,1,
p435,leo,03_11_25,1,
p435,amer,03_11_25,1,
p435,cf,03_11_25,3,
mw,umf,03_11_25,1,
mw,vets,03_11_25,1,
mw,nc,03_11_25,1,
mw,leo,03_11_25,1,
mw,amer,03_11_25,1,
mw,cf,03_11_25,3,
umf,vets,03_11_25,1,
umf,nc,03_11_25,1,
umf,leo,03_11_25,1,
umf,amer,03_11_25,1,
umf,cf,03_11_25,3,
vets,nc,03_11_25,1,
vets,leo,03_11_25,1,
vets,amer,03_11_25,1,
vets,cf,03_11_25,3,
nc,leo,03_11_25,1,
nc,amer,03_11_25,1,
nc,cf,03_11_25,3,
leo,amer,03_11_25,1,
leo,cf,03_11_25,3,
amer,cf,03_11_25,3,
,,,,
p436,ao,03_11_25,1,
p436,umf,03_11_25,1,
p436,vets,03_11_25,1,
p436,tn,03_11_25,1,
p436,leo,03_11_25,1,
p436,amer,03_11_25,1,
p436,cf,03_11_25,3,
ao,umf,03_11_25,1,
ao,vets,03_11_25,1,
ao,tn,03_11_25,1,
ao,leo,03_11_25,1,
ao,amer,03_11_25,1,
ao,cf,03_11_25,3,
umf,vets,03_11_25,1,
umf,tn,03_11_25,1,
umf,leo,03_11_25,1,
umf,amer,03_11_25,1,
umf,cf,03_11_25,3,
vets,tn,03_11_25,1,
vets,leo,03_11_25,1,
vets,amer,03_11_25,1,
vets,cf,03_11_25,3,
tn,leo,03_11_25,1,
tn,amer,03_11_25,1,
tn,cf,03_11_25,3,
leo,amer,03_11_25,1,
leo,cf,03_11_25,3,
amer,cf,03_11_25,3,
,,,,
p437,nl,03_11_25,1,
p437,umf,03_11_25,1,
p437,vets,03_11_25,1,
p437,ny,03_11_25,1,
p437,leo,03_11_25,1,
p437,amer,03_11_25,1,
p437,cf,03_11_25,3,
nl,umf,03_11_25,1,
nl,vets,03_11_25,1,
nl,ny,03_11_25,1,
nl,leo,03_11_25,1,
nl,amer,03_11_25,1,
nl,cf,03_11_25,3,
umf,vets,03_11_25,1,
umf,ny,03_11_25,1,
umf,leo,03_11_25,1,
umf,amer,03_11_25,1,
umf,cf,03_11_25,3,
vets,ny,03_11_25,1,
vets,leo,03_11_25,1,
vets,amer,03_11_25,1,
vets,cf,03_11_25,3,
ny,leo,03_11_25,1,
ny,amer,03_11_25,1,
ny,cf,03_11_25,3,
leo,amer,03_11_25,1,
leo,cf,03_11_25,3,
amer,cf,03_11_25,3,
,,,,
p438,ag,03_11_25,1,
p438,umf,03_11_25,1,
p438,vets,03_11_25,1,
p438,ny,03_11_25,1,
p438,cf,03_11_25,3,
ag,umf,03_11_25,1,
ag,vets,03_11_25,1,
ag,ny,03_11_25,1,
ag,cf,03_11_25,3,
umf,vets,03_11_25,1,
umf,ny,03_11_25,1,
umf,cf,03_11_25,3,
vets,ny,03_11_25,1,
vets,cf,03_11_25,3,
ny,cf,03_11_25,3,
,,,,
p439,nm,03_11_25,1,
p439,umf,03_11_25,1,
p439,vets,03_11_25,1,
p439,ny,03_11_25,1,
p439,nypd,03_11_25,1,
p439,nyfd,03_11_25,1,
p439,cf,03_11_25,3,
nm,umf,03_11_25,1,
nm,vets,03_11_25,1,
nm,ny,03_11_25,1,
nm,nypd,03_11_25,1,
nm,nyfd,03_11_25,1,
nm,cf,03_11_25,3,
umf,vets,03_11_25,1,
umf,ny,03_11_25,1,
umf,nypd,03_11_25,1,
umf,nyfd,03_11_25,1,
umf,cf,03_11_25,3,
vets,ny,03_11_25,1,
vets,nypd,03_11_25,1,
vets,nyfd,03_11_25,1,
vets,cf,03_11_25,3,
ny,nypd,03_11_25,1,
ny,nyfd,03_11_25,1,
ny,cf,03_11_25,3,
nypd,nyfd,03_11_25,1,
nypd,cf,03_11_25,3,
nyfd,cf,03_11_25,3,
,,,,
p440,ml,03_11_25,1,
p440,umf,03_11_25,1,
p440,vets,03_11_25,1,
p440,ny,03_11_25,1,
p440,leo,03_11_25,1,
p440,cf,03_11_25,3,
ml,umf,03_11_25,1,
ml,vets,03_11_25,1,
ml,ny,03_11_25,1,
ml,leo,03_11_25,1,
ml,cf,03_11_25,3,
umf,vets,03_11_25,1,
umf,ny,03_11_25,1,
umf,leo,03_11_25,1,
umf,cf,03_11_25,3,
vets,ny,03_11_25,1,
vets,leo,03_11_25,1,
vets,cf,03_11_25,3,
ny,leo,03_11_25,1,
ny,cf,03_11_25,3,
leo,cf,03_11_25,3,
,,,,
p441,nl,03_11_25,1,
p441,umf,03_11_25,1,
p441,vets,03_11_25,1,
p441,ny,03_11_25,1,
p441,cf,03_11_25,3,
nl,umf,03_11_25,1,
nl,vets,03_11_25,1,
nl,ny,03_11_25,1,
nl,cf,03_11_25,3,
umf,vets,03_11_25,1,
umf,ny,03_11_25,1,
umf,cf,03_11_25,3,
vets,ny,03_11_25,1,
vets,cf,03_11_25,3,
ny,cf,03_11_25,3,
,,,,
p442,kh,03_11_25,3,
p442,ct,03_11_25,1,
p442,ne,03_11_25,1,
p442,cny,03_11_25,2,
p442,sd,03_11_25,1,
p442,cf,03_11_25,3,
kh,ct,03_11_25,1,
kh,ne,03_11_25,1,
kh,cny,03_11_25,2,
kh,sd,03_11_25,1,
kh,cf,03_11_25,3,
ct,ne,03_11_25,1,
ct,cny,03_11_25,1,
ct,sd,03_11_25,1,
ct,cf,03_11_25,3,
ne,cny,03_11_25,2,
ne,sd,03_11_25,1,
ne,cf,03_11_25,3,
cny,sd,03_11_25,1,
cny,cf,03_11_25,3,
sd,cf,03_11_25,3,
,,,,
p443,rlm,03_11_25,3,
p443,dem,03_11_25,2,
p443,flw,03_11_25,2,
p443,fn,03_11_25,3,
p443,cf,03_11_25,3,
rlm,dem,03_11_25,2,
rlm,flw,03_11_25,2,
rlm,fn,03_11_25,2,
rlm,cf,03_11_25,3,
dem,flw,03_11_25,2,
dem,fn,03_11_25,2,
dem,cf,03_11_25,3,
flw,fn,03_11_25,2,
flw,cf,03_11_25,3,
fn,cf,03_11_25,3,
,,,,
p444,zm,03_11_25,2,
p444,cny,03_11_25,3,
p444,dem,03_11_25,2,
p444,cs,03_11_25,2,
p444,ac,03_11_25,2,
p444,comm ,03_11_25,3,
p444,cf,03_11_25,3,
p444,pa,03_11_25,3,
zm,cny,03_11_25,3,
zm,dem,03_11_25,2,
zm,cs,03_11_25,2,
zm,ac,03_11_25,2,
zm,comm ,03_11_25,3,
zm,cf,03_11_25,3,
zm,pa,03_11_25,3,
cny,dem,03_11_25,2,
cny,cs,03_11_25,2,
cny,ac,03_11_25,2,
cny,comm ,03_11_25,3,
cny,cf,03_11_25,3,
cny,pa,03_11_25,3,
dem,cs,03_11_25,2,
dem,ac,03_11_25,2,
dem,comm ,03_11_25,2,
dem,cf,03_11_25,3,
dem,pa,03_11_25,3,
cs,ac,03_11_25,2,
cs,comm ,03_11_25,2,
cs,cf,03_11_25,3,
cs,pa,03_11_25,3,
ac,comm ,03_11_25,2,
ac,cf,03_11_25,3,
ac,pa,03_11_25,3,
comm ,cf,03_11_25,3,
comm ,pa,03_11_25,3,
cf,pa,03_11_25,3,
,,,,
p445,rep,03_11_25,3,
p445,demo,03_11_25,2,
p445,va,03_11_25,3,
p445,nj,03_11_25,3,
p445,cf,03_11_25,3,
p445,pa,03_11_25,3,
rep,demo,03_11_25,3,
rep,va,03_11_25,3,
rep,nj,03_11_25,3,
rep,cf,03_11_25,3,
rep,pa,03_11_25,3,
demo,va,03_11_25,2,
demo,nj,03_11_25,2,
demo,cf,03_11_25,2,
demo,pa,03_11_25,2,
va,nj,03_11_25,2,
va,cf,03_11_25,3,
va,pa,03_11_25,3,
nj,cf,03_11_25,3,
nj,pa,03_11_25,3,
,,,,
p446,ml,03_11_25,3,
p446,le,03_11_25,3,
p446,mv,03_11_25,3,
p446,jf,03_11_25,2,
p446,cong,03_11_25,3,
p446,ae,03_11_25,3,
p446,cf,03_11_25,3,
p446,pa,03_11_25,3,
ml,le,03_11_25,3,
ml,mv,03_11_25,3,
ml,jf,03_11_25,2,
ml,cong,03_11_25,3,
ml,ae,03_11_25,3,
ml,cf,03_11_25,3,
ml,pa,03_11_25,3,
le,mv,03_11_25,3,
le,cong,03_11_25,3,
le,ae,03_11_25,3,
le,cf,03_11_25,3,
le,pa,03_11_25,3,
mv,cong,03_11_25,3,
mv,ae,03_11_25,3,
mv,cf,03_11_25,3,
mv,pa,03_11_25,3,
cong,ae,03_11_25,3,
cong,cf,03_11_25,3,
cong,pa,03_11_25,3,
ae,cf,03_11_25,3,
ae,pa,03_11_25,3,
jf,cf,03_11_25,2,
jf,pa,03_11_25,2,
,,,,
p447,rep,03_11_25,1,
p447,demo,03_11_25,2,
p447,amer,03_11_25,3,
p447,nj,03_11_25,3,
p447,vir,03_11_25,3,
p447,gove,03_11_25,3,
p447,ag,03_11_25,3,
rep,demo,03_11_25,2,
rep,amer,03_11_25,1,
rep,nj,03_11_25,1,
rep,vir,03_11_25,1,
rep,gove,03_11_25,1,
rep,ag,03_11_25,1,
demo,amer,03_11_25,2,
demo,nj,03_11_25,2,
demo,vir,03_11_25,2,
demo,gove,03_11_25,2,
demo,ag,03_11_25,2,
amer,nj,03_11_25,3,
amer,vir,03_11_25,3,
amer,gove,03_11_25,3,
amer,ag,03_11_25,3,
nj,vir,03_11_25,3,
nj,gove,03_11_25,3,
nj,ag,03_11_25,3,
vir,gov,03_11_25,3,
vir,ag,03_11_25,3,
gove,ag,03_11_25,3,
,,,,
p448,rep,03_11_25,1,
p448,demo,03_11_25,2,
p448,amer,03_11_25,3,
p448,nj,03_11_25,3,
p448,vir,03_11_25,3,
p448,ms,03_11_25,2,
p448,as,03_11_25,2,
p448,gov,03_11_25,3,
p448,ag,03_11_25,3,
p448,pa,03_11_25,3,
rep,demo,03_11_25,2,
rep,amer,03_11_25,1,
rep,nj,03_11_25,1,
rep,vir,03_11_25,1,
rep,ms,03_11_25,1,
rep,as,03_11_25,1,
rep,gov,03_11_25,1,
rep,ag,03_11_25,1,
rep,pa,03_11_25,3,
demo,amer,03_11_25,2,
demo,nj,03_11_25,2,
demo,vir,03_11_25,2,
demo,ms,03_11_25,2,
demo,as,03_11_25,2,
demo,gov,03_11_25,2,
demo,ag,03_11_25,2,
demo,pa,03_11_25,3,
ms,as,03_11_25,3,
ms,nj,03_11_25,3,
ms,vir,03_11_25,3,
ms,gov,03_11_25,3,
ms,ag,03_11_25,3,
ms,pa,03_11_25,3,
as,nj,03_11_25,3,
as,vir,03_11_25,3,
as,gov,03_11_25,3,
as,ag,03_11_25,3,
as,pa,03_11_25,3,
nj,vir,03_11_25,3,
nj,gov,03_11_25,3,
nj,ag,03_11_25,3,
nj,pa,03_11_25,3,
vir,gov,03_11_25,3,
vir,ag,03_11_25,3,
vir,pa,03_11_25,3,
gov,ag,03_11_25,3,
gov,pa,03_11_25,3,
ag,pa,03_11_25,3,
,,,,
p449,rep,03_11_25,1,
p449,demo,03_11_25,2,
p449,amer,03_11_25,1,
p449,nj,03_11_25,3,
p449,vir,03_11_25,3,
p449,pa,03_11_25,3,
rep,demo,03_11_25,2,
rep,amer,03_11_25,1,
rep,nj,03_11_25,1,
rep,vir,03_11_25,1,
rep,pa,03_11_25,3,
demo,amer,03_11_25,2,
demo,nj,03_11_25,2,
demo,vir,03_11_25,2,
demo,pa,03_11_25,3,
nj,vir,03_11_25,3,
nj,pa,03_11_25,3,
vir,pa,03_11_25,3,
amer,pa,03_11_25,3,
,,,,
p451,demo,04_11_25,3,
p451,rep,04_11_25,1,
p451,sc,04_11_25,3,
p451,cong,04_11_25,3,
p451,ds,04_11_25,2,
p451,pa,04_11_25,3,
demo,rep,04_11_25,2,
demo,sc,04_11_25,2,
demo,cong,04_11_25,2,
demo,ds,04_11_25,2,
demo,pa,04_11_25,3,
rep,sc,04_11_25,1,
rep,cong,04_11_25,1,
rep,ds,04_11_25,1,
rep,pa,04_11_25,3,
sc,cong,04_11_25,3,
sc,ds,04_11_25,3,
sc,pa,04_11_25,3,
cong,ds,04_11_25,3,
cong,pa,04_11_25,3,
ds,pa,04_11_25,3,
,,,,
p452,je,04_11_25,2,
p452,zm,04_11_25,2,
p452,pa,04_11_25,3,
je,zm,04_11_25,2,
je,pa,04_11_25,3,
zm,pa,04_11_25,2,
,,,,
p453,rep,04_11_25,1,
p453,pa,04_11_25,3,
p453,ep,04_11_25,3,
rep,pa,04_11_25,3,
rep,ep,04_11_25,3,
pa,ep,04_11_25,3,
,,,,
p454,js,04_11_25,2,
p454,msnbc,04_11_25,2,
p454,mc,04_11_25,3,
js,mc,04_11_25,2,
msnbc,mc,04_11_25,2,
js,msnbc,04_11_25,2,
,,,,
p455,jb,04_11_25,2,
p455,demo,04_11_25,2,
p455,pa,04_11_25,3,
jb,pa,04_11_25,2,
demo,pa,04_11_25,2,
jb,demo,04_11_25,2,
,,,,
p456,cali,04_11_25,3,
p456,rep,04_11_25,3,
p456,ef,04_11_25,3,
cali,ef,04_11_25,3,
rep,ef,04_11_25,3,
cali,rep,04_11_25,3,
,,,,
p457,tenney,04_11_25,1,
p457,heic,04_11_25,1,
p457,cf,04_11_25,3,
p457,ep,04_11_25,3,
tenney,cf,04_11_25,1,
tenney,ep,04_11_25,1,
heic,cf,04_11_25,3,
heic,ep,04_11_25,3,
tenney,heic,04_11_25,3,
,,,,
p458,wittman,04_11_25,1,
p458,hasc,04_11_25,3,
p458,cf,04_11_25,3,
p458,ep,04_11_25,3,
wittman,cf,04_11_25,3,
wittman,ep,04_11_25,3,
hasc,cf,04_11_25,3,
hasc,ep,04_11_25,3,
wittman,hasc,04_11_25,3,
,,,,
p459,scotus,04_11_25,3,
p459,pa,04_11_25,3,
p459,ep,04_11_25,3,
scotus,pa,04_11_25,3,
scotus,ep,04_11_25,3,
,,,,
p460,repswi,04_11_25,1,
p460,jgreer,04_11_25,1,
p460,caaa,04_11_25,3,
repswi,jgreer,04_11_25,1,
,,,,
p461,jc,04_11_25,1,
p461,oj,04_11_25,1,
p461,kol,04_11_25,1,
p461,yesh,04_11_25,1,
p461,suc,04_11_25,3,
jc,oj,04_11_25,1,
jc,kol,04_11_25,1,
jc,yesh,04_11_25,1,
jc,suc,04_11_25,3,
oj,kol,04_11_25,1,
oj,yesh,04_11_25,1,
oj,suc,04_11_25,3,
kol,yesh,04_11_25,1,
kol,suc,04_11_25,3,
yesh,suc,04_11_25,3,
,,,,
p462,sdu,04_11_25,1,
p462,nasa,04_11_25,1,
p462,ji,04_11_25,1,
p462,mi,04_11_25,1,
p462,mila,04_11_25,1,
p462,liv,04_11_25,1,
p462,aogo,04_11_25,3,
sdu,nasa,04_11_25,1,
sdu,ji,04_11_25,1,
sdu,aogo,04_11_25,3,
nasa,ji,04_11_25,1,
nasa,aogo,04_11_25,3,
ji,mi,04_11_25,1,
ji,mila,04_11_25,1,
ji,liv,04_11_25,1,
ji,aogo,04_11_25,3,
mi,mila,04_11_25,1,
mi,liv,04_11_25,1,
mi,aogo,04_11_25,3,
mila,liv,04_11_25,1,
mila,aogo,04_11_25,3,
liv,aogo,04_11_25,3,
,,,,
p463,minu,04_11_25,1,
p463,cbs,04_11_25,1,
p463,tva,04_11_25,3,
minu,cbs,04_11_25,1,
minu,tva,04_11_25,3,
cbs,tva,04_11_25,3,
,,,,
p464,rep,04_11_25,1,
p464,ef,04_11_25,3,
rep,ef,04_11_25,3,
,,,,
p465,ussc,04_11_25,1,
p465,ef,04_11_25,3,
ussc,ef,04_11_25,3,
,,,,
p466,amerp,05_11_25,1,
p466,us,05_11_25,1,
p466,af,05_11_25,3,
amerp,us,05_11_25,1,
amerp,af,05_11_25,3,
us,af,05_11_25,3,
,,,,
p467,cs,05_11_25,2,
p467,cong,05_11_25,2,
p467,bbb,05_11_25,3,
cs,cong,05_11_25,2,
cs,bbb,05_11_25,3,
cong,bbb,05_11_25,3,
,,,,
p468,demo,05_11_25,2,
p468,amer,05_11_25,1,
p468,fg,05_11_25,1,
p468,trav,05_11_25,1,
p468,sc,05_11_25,3,
demo,amer,05_11_25,2,
demo,fg,05_11_25,2,
demo,trav,05_11_25,2,
demo,sc,05_11_25,3,
amer,fg,05_11_25,1,
amer,trav,05_11_25,1,
amer,sc,05_11_25,3,
fg,trav,05_11_25,1,
fg,sc,05_11_25,3,
trav,sc,05_11_25,3,
,,,,
p469,demo,05_11_25,2,
p469,cong,05_11_25,2,
p469,amerp,05_11_25,1,
p469,illali,05_11_25,2,
p469,sc,05_11_25,3,
demo,cong,05_11_25,2,
demo,amerp,05_11_25,2,
demo,illali,05_11_25,2,
demo,sc,05_11_25,3,
cong,amerp,05_11_25,2,
cong,illali,05_11_25,2,
cong,sc,05_11_25,2,
amerp,illali,05_11_25,1,
amerp,sc,05_11_25,2,
illali,sc,05_11_25,2,
,,,,
p470,amerp,05_11_25,1,
p470,tp,05_11_25,1,
p470,amw,05_11_25,1,
p470,sc,05_11_25,3,
amerp,tp,05_11_25,1,
amerp,amw,05_11_25,1,
amerp,sc,05_11_25,3,
tp,amw,05_11_25,1,
tp,sc,05_11_25,3,
amw,sc,05_11_25,3,
,,,,
p471,us,05_11_25,1,
p471,mil,05_11_25,1,
p471,if,05_11_25,3,
us,mil,05_11_25,1,
us,if,05_11_25,1,
mil,if,05_11_25,1,
,,,,
p472,us,05_11_25,1,
p472,amerp,05_11_25,1,
p472,ameco,05_11_25,1,
p472,if,05_11_25,3,
us,amerp,05_11_25,1,
us,ameco,05_11_25,1,
us,if,05_11_25,1,
amerp,ameco,05_11_25,1,
amerp,if,05_11_25,1,
ameco,if,05_11_25,1,
,,,,
p473,fs,05_11_25,1,
p473,caaa,05_11_25,3,
p473,cmia,05_11_25,1,
fs,caaa,05_11_25,1,
cmia,caaa,05_11_25,1,
,,,,
p474,us,05_11_25,1,
p474,nwt,05_11_25,3,
p474,nas,05_11_25,3,
p474,dow,05_11_25,1,
us,nwt,05_11_25,1,
us,nas,05_11_25,1,
us,dow,05_11_25,1,
nwt,dow,05_11_25,1,
nas,dow,05_11_25,1,
,,,,
p475,us,05_11_25,1,
p475,cp,05_11_25,1,
p475,nga,05_11_25,1,
p475,rb,05_11_25,3,
us,cp,05_11_25,1,
us,nga,05_11_25,1,
us,rb,05_11_25,3,
cp,nga,05_11_25,2,
cp,rb,05_11_25,3,
nga,rb,05_11_25,2,
,,,,
p476,asia,05_11_25,3,
p476,us,05_11_25,1,
p476,iv,05_11_25,3,
asia,iv,05_11_25,1,
us,iv,05_11_25,1,
,,,,
p478,st,05_11_25,1,
p478,jp,05_11_25,1,
p478,pair,05_11_25,3,
st,jp,05_11_25,1,
st,pair,05_11_25,1,
jp,pair,05_11_25,1,
,,,,
p479,xi,05_11_25,1,
p479,cn,05_11_25,1,
p479,pair,05_11_25,3,
xi,cn,05_11_25,1,
xi,pair,05_11_25,1,
cn,pair,05_11_25,1,
,,,,
p480,cbob,05_11_25,1,
p480,jsmi,05_11_25,2,
p480,bida,05_11_25,2,
p480,amerp,05_11_25,1,
p480,rlde,05_11_25,2,
p480,marla,05_11_25,1,
p480,trum,05_11_25,1,
p480,js,05_11_25,3,
p480,boo,05_11_25,3,
cbob,js,05_11_25,1,
cbob,boo,05_11_25,1,
jsmi,js,05_11_25,2,
jsmi,boo,05_11_25,2,
bida,js,05_11_25,2,
bida,boo,05_11_25,2,
amerp,js,05_11_25,1,
amerp,boo,05_11_25,1,
rlde,js,05_11_25,2,
rlde,boo,05_11_25,2,
marla,js,05_11_25,1,
marla,boo,05_11_25,1,
trum,js,05_11_25,1,
trum,boo,05_11_25,1,
cbob,jsmi,05_11_25,1,
cbob,bida,05_11_25,2,
cbob,amerp,05_11_25,1,
cbob,rlde,05_11_25,2,
cbob,marla,05_11_25,1,
cbob,trum,05_11_25,1,
jsmi,bida,05_11_25,2,
jsmi,amerp,05_11_25,3,
jsmi,rlde,05_11_25,2,
jsmi,marla,05_11_25,3,
jsmi,trum,05_11_25,3,
bida,amerp,05_11_25,2,
bida,rlde,05_11_25,2,
bida,marla,05_11_25,2,
bida,trum,05_11_25,2,
amerp,rlde,05_11_25,3,
amerp,marla,05_11_25,1,
amerp,trum,05_11_25,1,
rlde,marla,05_11_25,3,
rlde,trum,05_11_25,2,
marla,trum,05_11_25,1,
,,,,
p481,pnav,05_11_25,1,
p481,bida,05_11_25,2,
p481,rlde,05_11_25,2,
p481,amerp,05_11_25,1,
p481,gap,05_11_25,1,
p481,js,05_11_25,3,
p481,boo,05_11_25,3,
pnav,js,05_11_25,1,
pnav,boo,05_11_25,1,
bida,js,05_11_25,2,
bida,boo,05_11_25,2,
rlde,js,05_11_25,2,
rlde,boo,05_11_25,2,
amerp,js,05_11_25,1,
amerp,boo,05_11_25,1,
gap,js,05_11_25,1,
gap,boo,05_11_25,1,
pnav,bida,05_11_25,2,
pnav,rlde,05_11_25,2,
pnav,amerp,05_11_25,1,
pnav,gap,05_11_25,1,
bida,rlde,05_11_25,2,
bida,amerp,05_11_25,2,
bida,gap,05_11_25,2,
rlde,amerp,05_11_25,3,
rlde,gap,05_11_25,2,
amerp,gap,05_11_25,1,
,,,,
p482,blou,05_11_25,1,
p482,ga,05_11_25,3,
p482,hist,05_11_25,3,
p482,boo,05_11_25,3,
blou,hist,05_11_25,1,
blou,boo,05_11_25,1,
ga,hist,05_11_25,3,
ga,boo,05_11_25,3,
blou,ga,05_11_25,1,
,,,,
p483,gc,05_11_25,1,
p483,cc,05_11_25,3,
p483,boo,05_11_25,3,
p483,cm,05_11_25,3,
gc,boo,05_11_25,1,
gc,cm,05_11_25,1,
cc,boo,05_11_25,3,
cc,cm,05_11_25,2,
gc,cc,05_11_25,1,
,,,,
p484,np,05_11_25,1,
p484,fbi,05_11_25,3,
p484,boo,05_11_25,3,
p484,js,05_11_25,3,
np,boo,05_11_25,1,
np,js,05_11_25,2,
fbi,boo,05_11_25,3,
fbi,js,05_11_25,2,
np,fbi,05_11_25,1,
,,,,
p485,wm,05_11_25,1,
p485,jb,05_11_25,3,
p485,boo,05_11_25,3,
p485,caaa,05_11_25,3,
p485,pa,05_11_25,3,
wm,caaa,05_11_25,1,
wm,pa,05_11_25,3,
jb,caaa,05_11_25,2,
jb,pa,05_11_25,2,
wm,jb,05_11_25,2,
,,,,
p486,ngov,05_11_25,3,
p486,ch,05_11_25,3,
p486,pa,05_11_25,3,
ngov,pa,05_11_25,2,
ch,pa,05_11_25,1,
ngov,ch,05_11_25,2,
,,,,
p487,ob,05_11_25,3,
p487,pa,05_11_25,3,
ob,pa,05_11_25,2,
,,,,
p488,rep,05_11_25,3,
p488,cf,05_11_25,3,
rep,cf,05_11_25,1,
,,,,
p490,amer,05_11_25,3,
p490,caaa,05_11_25,3,
amer,caaa,05_11_25,1,
,,,,
p491,jb,06_11_25,3,
p491,demo,06_11_25,3,
p491,wm,06_11_25,3,
p491,if,06_11_25,3,
jb,if,06_11_25,2,
demo,if,06_11_25,2,
wm,if,06_11_25,1,
,,,,
p492,demo,06_11_25,3,
p492,rep,06_11_25,3,
p492,caaa,06_11_25,3,
demo,caaa,06_11_25,2,
rep,caaa,06_11_25,1,
,,,,
p493,jl,06_11_25,3,
p493,le,06_11_25,3,
p493,umf,06_11_25,3,
p493,vet,06_11_25,3,
p493,amer,06_11_25,3,
p493,ta,06_11_25,3,
p493,sch,06_11_25,3,
p493,ep,06_11_25,3,
p493,sec,06_11_25,3,
jl,le,06_11_25,1,
jl,umf,06_11_25,1,
jl,vet,06_11_25,1,
jl,amer,06_11_25,1,
jl,ta,06_11_25,1,
jl,sch,06_11_25,1,
jl,ep,06_11_25,1,
jl,sec,06_11_25,1,
le,umf,06_11_25,1,
le,vet,06_11_25,1,
le,sec,06_11_25,1,
umf,vet,06_11_25,1,
umf,sec,06_11_25,1,
vet,sec,06_11_25,1,
ta,amer,06_11_25,1,
sch,amer,06_11_25,1,
ep,amer,06_11_25,1,
sec,amer,06_11_25,1,
,,,,
p494,bn,06_11_25,1,
p494,il,06_11_25,1,
p494,kt,06_11_25,1,
p494,kz,06_11_25,1,
p494,co,06_11_25,1,
p494,pair,06_11_25,3,
bn,il,06_11_25,1,
bn,kt,06_11_25,1,
bn,kz,06_11_25,1,
bn,co,06_11_25,1,
il,kt,06_11_25,1,
il,kz,06_11_25,1,
il,co,06_11_25,1,
kt,kz,06_11_25,1,
kt,co,06_11_25,1,
kz,co,06_11_25,1,
bn,pair,06_11_25,1,
il,pair,06_11_25,1,
kt,pair,06_11_25,1,
kz,pair,06_11_25,1,
co,pair,06_11_25,1,
,,,,
p495,us,06_11_25,1,
p495,uz,06_11_25,1,
p495,sm,06_11_25,1,
p495,as,06_11_25,1,
p495,pair,06_11_25,3,
us,uz,06_11_25,1,
us,sm,06_11_25,1,
uz,sm,06_11_25,1,
us,pair,06_11_25,1,
uz,pair,06_11_25,1,
sm,pair,06_11_25,1,
as,pair,06_11_25,1,
,,,,
p496,pa,07_11_25,3,
p496,np,07_11_25,2,
p496,amer,07_11_25,2,
np,amer,07_11_25,2,
np,pa,07_11_25,3,
amer,pa,07_11_25,3,
,,,,
p497,rep,07_11_25,1,
p497,demo,07_11_25,2,
p497,pa,07_11_25,3,
rep,demo,07_11_25,2,
rep,pa,07_11_25,3,
demo,pa,07_11_25,3,
 ,,,,
p498,rep,07_11_25,1,
p498,af,07_11_25,3,
rep,af,07_11_25,3,
,,,,
p499,doj,07_11_25,3,
p499,afarm,07_11_25,1,
p499,atp,07_11_25,1,
p499,corp,07_11_25,2,
p499,caaa,07_11_25,3,
doj,afarm,07_11_25,1,
doj,atp,07_11_25,1,
doj,corp,07_11_25,3,
afarm,atp,07_11_25,1,
afarm,corp,07_11_25,2,
afarm,caaa,07_11_25,3,
atp,corp,07_11_25,3,
atp,caaa,07_11_25,3,
corp,caaa,07_11_25,3,
,,,,
p500,uss,07_11_25,3,
p500,rep,07_11_25,1,
p500,amerw,07_11_25,1,
p500,af,07_11_25,3,
rep,amerw,07_11_25,1,
rep,af,07_11_25,3,
amerw,af,07_11_25,3,
uss,rep,07_11_25,3,
uss,amerw,07_11_25,3,
uss,af,07_11_25,3,
,,,,
p501,g20,07_11_25,2,
p501,afrik,07_11_25,2,
p501,southaf,07_11_25,2,
p501,dutch,07_11_25,3,
p501,french,07_11_25,3,
p501,germ,07_11_25,3,
p501,usoff,07_11_25,1,
p501,cmia,07_11_25,1,
p501,fl ,07_11_25,1,
p501,pair,07_11_25,3,
g20,afrik,07_11_25,2,
g20,southaf,07_11_25,2,
g20,dutch,07_11_25,3,
g20,french,07_11_25,3,
g20,germ,07_11_25,3,
g20,usoff,07_11_25,2,
g20,cmia,07_11_25,3,
g20,fl ,07_11_25,3,
g20,pair,07_11_25,3,
afrik,southaf,07_11_25,3,
afrik,dutch,07_11_25,3,
afrik,french,07_11_25,3,
afrik,germ,07_11_25,3,
afrik,usoff,07_11_25,3,
afrik,cmia,07_11_25,3,
afrik,fl ,07_11_25,3,
afrik,pair,07_11_25,3,
southaf,dutch,07_11_25,3,
southaf,french,07_11_25,3,
southaf,germ,07_11_25,3,
southaf,usoff,07_11_25,3,
southaf,cmia,07_11_25,3,
southaf,fl ,07_11_25,3,
southaf,pair,07_11_25,3,
dutch,french,07_11_25,3,
dutch,germ,07_11_25,3,
dutch,usoff,07_11_25,3,
dutch,cmia,07_11_25,3,
dutch,fl ,07_11_25,3,
dutch,pair,07_11_25,3,
french,germ,07_11_25,3,
french,usoff,07_11_25,3,
french,cmia,07_11_25,3,
french,fl ,07_11_25,3,
french,pair,07_11_25,3,
germ,usoff,07_11_25,3,
germ,cmia,07_11_25,3,
germ,fl ,07_11_25,3,
germ,pair,07_11_25,3,
usoff,cmia,07_11_25,3,
usoff,fl ,07_11_25,3,
usoff,pair,07_11_25,3,
cmia,fl ,07_11_25,3,
cmia,pair,07_11_25,3,
fl ,pair,07_11_25,3,
,,,,
p502,jkenn,07_11_25,1,
p502,rp,07_11_25,2,
p502,moc,07_11_25,2,
p502,cong,07_11_25,3,
p502,sc,07_11_25,3,
jkenn,rp,07_11_25,2,
jkenn,moc,07_11_25,1,
jkenn,cong,07_11_25,1,
rp,moc,07_11_25,2,
rp,cong,07_11_25,3,
moc,cong,07_11_25,3,
jkenn,sc,07_11_25,3,
rp,sc,07_11_25,3,
moc,sc,07_11_25,3,
cong,sc,07_11_25,3,
,,,,
p503,nyt,07_11_25,2,
p503,lkuo,07_11_25,2,
p503,dpi,07_11_25,2,
p503,xi,07_11_25,1,
p503,chi,07_11_25,3,
p503,usa,07_11_25,1,
p503,world,07_11_25,1,
p503,af,07_11_25,3,
p503,fn,07_11_25,3,
p503,mc,07_11_25,3,
nyt,lkuo,07_11_25,3,
nyt,dpi,07_11_25,3,
xi,chi,07_11_25,1,
usa,chi,07_11_25,1,
usa,world,07_11_25,1,
chi,world,07_11_25,1,
nyt,fn,07_11_25,2,
lkuo,fn,07_11_25,2,
dpi,fn,07_11_25,2,
nyt,mc,07_11_25,2,
lkuo,mc,07_11_25,2,
dpi,mc,07_11_25,2,
xi,af,07_11_25,1,
chi,af,07_11_25,3,
usa,af,07_11_25,1,
world,af,07_11_25,1,
,,,,
p504,repsen,07_11_25,1,
p504,demo,07_11_25,2,
p504,us,07_11_25,1,
p504,lg,07_11_25,3,
p504,af,07_11_25,3,
repsen,demo,07_11_25,2,
repsen,us,07_11_25,1,
demo,us,07_11_25,2,
repsen,lg,07_11_25,3,
demo,lg,07_11_25,3,
us,lg,07_11_25,3,
repsen,af,07_11_25,3,
demo,af,07_11_25,3,
us,af,07_11_25,3,
,,,,
p505,tok,07_11_25,1,
p505,mirz,07_11_25,1,
p505,rahm,07_11_25,1,
p505,jap,07_11_25,1,
p505,berd,07_11_25,1,
p505,kaz,07_11_25,1,
p505,uzb,07_11_25,1,
p505,taj,07_11_25,1,
p505,kyr,07_11_25,1,
p505,turk,07_11_25,1,
p505,usa,07_11_25,1,
p505,whiho,07_11_25,1,
p505,c51,07_11_25,1,
p505,af,07_11_25,3,
p505,fp,07_11_25,3,
tok,kaz,07_11_25,1,
mirz,uzb,07_11_25,1,
rahm,taj,07_11_25,1,
jap,kyr,07_11_25,1,
berd,turk,07_11_25,1,
usa,kaz,07_11_25,1,
usa,uzb,07_11_25,1,
usa,taj,07_11_25,1,
usa,kyr,07_11_25,1,
usa,turk,07_11_25,1,
whiho,usa,07_11_25,1,
c51,usa,07_11_25,1,
c51,kaz,07_11_25,1,
c51,uzb,07_11_25,1,
c51,taj,07_11_25,1,
c51,kyr,07_11_25,1,
c51,turk,07_11_25,1,
tok,af,07_11_25,3,
mirz,af,07_11_25,3,
rahm,af,07_11_25,3,
jap,af,07_11_25,3,
berd,af,07_11_25,3,
kaz,af,07_11_25,3,
uzb,af,07_11_25,3,
taj,af,07_11_25,3,
kyr,af,07_11_25,3,
turk,af,07_11_25,3,
usa,af,07_11_25,3,
whiho,af,07_11_25,3,
c51,af,07_11_25,3,
tok,fp,07_11_25,3,
mirz,fp,07_11_25,3,
rahm,fp,07_11_25,3,
jap,fp,07_11_25,3,
berd,fp,07_11_25,3,
kaz,fp,07_11_25,3,
uzb,fp,07_11_25,3,
taj,fp,07_11_25,3,
kyr,fp,07_11_25,3,
turk,fp,07_11_25,3,
usa,fp,07_11_25,3,
whiho,fp,07_11_25,3,
c51,fp,07_11_25,3,