from,to,date,rating,,,,,,,,,,,,,,,,,,,,
p1,kn,31_01_26,1,,,,,,,,,,,,,,,,,,,,
p1,dohs,31_01_26,1,,,,,,,,,,,,,,,,,,,,
p1,bp,31_01_26,1,,,,,,,,,,,,,,,,,,,,
p1,lg,31_01_26,2,,,,,,,,,,,,,,,,,,,,
p1,lopo,31_01_26,2,,,,,,,,,,,,,,,,,,,,
p1,pr,31_01_26,2,,,,,,,,,,,,,,,,,,,, 
p1,rio,31_01_26,2,,,,,,,,,,,,,,,,,,,,
p1,ins,31_01_26,2,,,,,,,,,,,,,,,,,,,,
p1,ice,31_01_26,1,,,,,,,,,,,,,,,,,,,,
p1,le,31_01_26,3,,,,,,,,,,,,,,,,,,,,
p1,nas,31_01_26,3,,,,,,,,,,,,,,,,,,,,
p1,cr,31_01_26,2,,,,,,,,,,,,,,,,,,,,
p1,fedg,31_01_26,1,,,,,,,,,,,,,,,,,,,,
p1,usm,31_01_26,1,,,,,,,,,,,,,,,,,,,,
kn,dohs,31_01_26,1,,,,,,,,,,,,,,,,,,,,
kn,ice,31_01_26,1,,,,,,,,,,,,,,,,,,,,
kn,le,31_01_26,3,,,,,,,,,,,,,,,,,,,,
dohs,ice,31_01_26,1,,,,,,,,,,,,,,,,,,,,
dohs,bp,31_01_26,1,,,,,,,,,,,,,,,,,,,,
ice,le,31_01_26,3,,,,,,,,,,,,,,,,,,,,
ice,fedg,31_01_26,1,,,,,,,,,,,,,,,,,,,,
bp,le,31_01_26,3,,,,,,,,,,,,,,,,,,,,
bp,fedg,31_01_26,3,,,,,,,,,,,,,,,,,,,,
usm,nas,31_01_26,3,,,,,,,,,,,,,,,,,,,,
usm,fedg,31_01_26,1,,,,,,,,,,,,,,,,,,,,
pr,cr,31_01_26,2,,,,,,,,,,,,,,,,,,,,
rio,cr,31_01_26,2,,,,,,,,,,,,,,,,,,,,
ins,cr,31_01_26,2,,,,,,,,,,,,,,,,,,,,
pr,le,31_01_26,2,,,,,,,,,,,,,,,,,,,,
rio,le,31_01_26,2,,,,,,,,,,,,,,,,,,,,
ins,le,31_01_26,2,,,,,,,,,,,,,,,,,,,,
pr,fedg,31_01_26,2,,,,,,,,,,,,,,,,,,,,
rio,fedg,31_01_26,2,,,,,,,,,,,,,,,,,,,,
ins,fedg,31_01_26,2,,,,,,,,,,,,,,,,,,,,
lg,fedg,31_01_26,3,,,,,,,,,,,,,,,,,,,,
lg,le,31_01_26,3,,,,,,,,,,,,,,,,,,,,
lopo,le,31_01_26,3,,,,,,,,,,,,,,,,,,,,
lopo,fedg,31_01_26,2,,,,,,,,,,,,,,,,,,,,
d,cr,31_01_26,2,,,,,,,,,,,,,,,,,,,,
p1,d,31_01_26,3,,,,,,,,,,,,,,,,,,,,
p2,d,31_01_26,2,,,,,,,,,,,,,,,,,,,,
p2,suc,31_01_26,3,,,,,,,,,,,,,,,,,,,,
p2,lw,31_01_26,1,,,,,,,,,,,,,,,,,,,,
p2,vit,31_01_26,1,,,,,,,,,,,,,,,,,,,,
p2,dp,31_01_26,1,,,,,,,,,,,,,,,,,,,,
p2,r,31_01_26,1,,,,,,,,,,,,,,,,,,,,
vit,lw,31_01_26,3,,,,,,,,,,,,,,,,,,,,
d,lw,31_01_26,2,,,,,,,,,,,,,,,,,,,,
dp,r,31_01_26,1,,,,,,,,,,,,,,,,,,,,
d,lw,31_01_26,2,,,,,,,,,,,,,,,,,,,,
lw,suc,31_01_26,3,,,,,,,,,,,,,,,,,,,,
dp,suc,31_01_26,3,,,,,,,,,,,,,,,,,,,,
p3,biadm,31_01_26,2,,,,,,,,,,,,,,,,,,,,
p3,io,31_01_26,2,,,,,,,,,,,,,,,,,,,,
p3,d,31_01_26,2,,,,,,,,,,,,,,,,,,,,
p3,walz,31_01_26,2,,,,,,,,,,,,,,,,,,,,
p3,pos,31_01_26,2,,,,,,,,,,,,,,,,,,,,
p3,ef,31_01_26,3,,,,,,,,,,,,,,,,,,,,
p3,pa,31_01_26,3,,,,,,,,,,,,,,,,,,,,
p3,d,31_01_26,3,,,,,,,,,,,,,,,,,,,,
p3,cor,31_01_26,3,,,,,,,,,,,,,,,,,,,,
io,pos,31_01_26,2,,,,,,,,,,,,,,,,,,,,
biadm,ef,31_01_26,2,,,,,,,,,,,,,,,,,,,,
biadm,cor,31_01_26,2,,,,,,,,,,,,,,,,,,,,
io,pa,31_01_26,2,,,,,,,,,,,,,,,,,,,,
pos,pa,31_01_26,2,,,,,,,,,,,,,,,,,,,,
p3,gom,31_01_26,2,,,,,,,,,,,,,,,,,,,,
gom,walz,31_01_26,2,,,,,,,,,,,,,,,,,,,,
d,ef,31_01_26,2,,,,,,,,,,,,,,,,,,,,
walz,pa,31_01_26,2,,,,,,,,,,,,,,,,,,,,
walz,cor,31_01_26,2,,,,,,,,,,,,,,,,,,,,
p4,nas,31_01_26,1,,,,,,,,,,,,,,,,,,,,
p4,th,31_01_26,1,,,,,,,,,,,,,,,,,,,,
th,nas,31_01_26,1,,,,,,,,,,,,,,,,,,,,
p5,kn,31_01_26,1,,,,,,,,,,,,,,,,,,,,
p5,dohs,31_01_26,1,,,,,,,,,,,,,,,,,,,,
p5,r,31_01_26,1,,,,,,,,,,,,,,,,,,,,
p5,d,31_01_26,2,,,,,,,,,,,,,,,,,,,,
p5,ice,31_01_26,3,,,,,,,,,,,,,,,,,,,,
p5,biadm,31_01_26,2,,,,,,,,,,,,,,,,,,,,
p5,le,31_01_26,3,,,,,,,,,,,,,,,,,,,,
p5,cr,31_01_26,3,,,,,,,,,,,,,,,,,,,,
p5,rll,31_01_26,2,,,,,,,,,,,,,,,,,,,,
p5,nas,31_01_26,3,,,,,,,,,,,,,,,,,,,,
kn,le,31_01_26,1,,,,,,,,,,,,,,,,,,,,
kn,ice,31_01_26,1,,,,,,,,,,,,,,,,,,,,
kn,nas,31_01_26,1,,,,,,,,,,,,,,,,,,,,
kn,dohs,31_01_26,1,,,,,,,,,,,,,,,,,,,,
dohs,ice,31_01_26,1,,,,,,,,,,,,,,,,,,,,
dohs,le,31_01_26,1,,,,,,,,,,,,,,,,,,,,
rll,rll,31_01_26,2,,,,,,,,,,,,,,,,,,,,
rll,cr,31_01_26,2,,,,,,,,,,,,,,,,,,,,
rll,kn,31_01_26,2,,,,,,,,,,,,,,,,,,,,
d,cr,31_01_26,2,,,,,,,,,,,,,,,,,,,,
r,le,31_01_26,1,,,,,,,,,,,,,,,,,,,,
r,nas,31_01_26,1,,,,,,,,,,,,,,,,,,,,
r,kn,31_01_26,1,,,,,,,,,,,,,,,,,,,,
biadm,cr,31_01_26,2,,,,,,,,,,,,,,,,,,,,
biadm,nas,31_01_26,2,,,,,,,,,,,,,,,,,,,,
p6,cel,31_01_26,3,,,,,,,,,,,,,,,,,,,,
p6,tv,31_01_26,3,,,,,,,,,,,,,,,,,,,,
p6,mt,31_01_26,1,,,,,,,,,,,,,,,,,,,,
mt,tv,31_01_26,1,,,,,,,,,,,,,,,,,,,,
mt,cel,31_01_26,1,,,,,,,,,,,,,,,,,,,,
p6,w,31_01_26,3,,,,,,,,,,,,,,,,,,,,
w,mt,31_01_26,1,,,,,,,,,,,,,,,,,,,,
p7,lw,31_01_26,1,,,,,,,,,,,,,,,,,,,,
p7,vit,31_01_26,1,,,,,,,,,,,,,,,,,,,,
p7,dp,31_01_26,1,,,,,,,,,,,,,,,,,,,,
p7,d,31_01_26,2,,,,,,,,,,,,,,,,,,,,
p7,suc,31_01_26,3,,,,,,,,,,,,,,,,,,,,
p7,r,31_01_26,1,,,,,,,,,,,,,,,,,,,,
p7,tx,31_01_26,1,,,,,,,,,,,,,,,,,,,,
p7,af,31_01_26,3,,,,,,,,,,,,,,,,,,,,
vit,af,31_01_26,1,,,,,,,,,,,,,,,,,,,,
lw,af,31_01_26,1,,,,,,,,,,,,,,,,,,,,
lw,r,31_01_26,1,,,,,,,,,,,,,,,,,,,,
lw,tx,31_01_26,1,,,,,,,,,,,,,,,,,,,,
tx,usa,31_01_26,1,,,,,,,,,,,,,,,,,,,,
lw,usa,31_01_26,1,,,,,,,,,,,,,,,,,,,,
dp,suc,31_01_26,1,,,,,,,,,,,,,,,,,,,,
dp,r,31_01_26,1,,,,,,,,,,,,,,,,,,,,
dp,lw,31_01_26,1,,,,,,,,,,,,,,,,,,,,
vit,af,31_01_26,1,,,,,,,,,,,,,,,,,,,,
vit,lw,31_01_26,1,,,,,,,,,,,,,,,,,,,,
d,lw,31_01_26,2,,,,,,,,,,,,,,,,,,,,
d,suc,31_01_26,2,,,,,,,,,,,,,,,,,,,,
p8,bls,31_01_26,2,,,,,,,,,,,,,,,,,,,,
p8,bm,31_01_26,1,,,,,,,,,,,,,,,,,,,,
p8,tcoea,31_01_26,1,,,,,,,,,,,,,,,,,,,,
p8,ab,31_01_26,2,,,,,,,,,,,,,,,,,,,,
p8,pol,31_01_26,2,,,,,,,,,,,,,,,,,,,,
p8,amerf,31_01_26,2,,,,,,,,,,,,,,,,,,,,
p8,cor,31_01_26,3,,,,,,,,,,,,,,,,,,,,
bls,cor,31_01_26,2,,,,,,,,,,,,,,,,,,,,
bls,ab,31_01_26,2,,,,,,,,,,,,,,,,,,,,
bls,pol,31_01_26,2,,,,,,,,,,,,,,,,,,,,
bls,amerf,31_01_26,2,,,,,,,,,,,,,,,,,,,,
bls,bm,31_01_26,1,,,,,,,,,,,,,,,,,,,,
tcoea,bm,31_01_26,1,,,,,,,,,,,,,,,,,,,,
p8,if,31_01_26,3,,,,,,,,,,,,,,,,,,,,
if,ab,31_01_26,2,,,,,,,,,,,,,,,,,,,,
if,pol,31_01_26,2,,,,,,,,,,,,,,,,,,,,
if,amerf,31_01_26,2,,,,,,,,,,,,,,,,,,,,
aogo,bm,31_01_26,1,,,,,,,,,,,,,,,,,,,,
p8,aogo,31_01_26,1,,,,,,,,,,,,,,,,,,,,
p9,aogo,30_01_26,3,,,,,,,,,,,,,,,,,,,,
p9,frs,30_01_26,1,,,,,,,,,,,,,,,,,,,,
p9,rr,30_01_26,1,,,,,,,,,,,,,,,,,,,,
p9,cw,30_01_26,1,,,,,,,,,,,,,,,,,,,,
cw,aogo,30_01_26,1,,,,,,,,,,,,,,,,,,,,
frs,aogo,30_01_26,1,,,,,,,,,,,,,,,,,,,,
rr,aogo,30_01_26,1,,,,,,,,,,,,,,,,,,,,
cw,frs,30_01_26,1,,,,,,,,,,,,,,,,,,,,
rr,frs,30_01_26,1,,,,,,,,,,,,,,,,,,,,
p10,aogo,30_01_26,3,,,,,,,,,,,,,,,,,,,,
p10,kh,30_01_26,1,,,,,,,,,,,,,,,,,,,,
p10,wh,30_01_26,1,,,,,,,,,,,,,,,,,,,,
kh,aogo,30_01_26,1,,,,,,,,,,,,,,,,,,,,
wh,aogo,30_01_26,1,,,,,,,,,,,,,,,,,,,,
kh,wh,30_01_26,1,,,,,,,,,,,,,,,,,,,,
kh,fedr,30_01_26,1,,,,,,,,,,,,,,,,,,,,
p10,fedr,30_01_26,3,,,,,,,,,,,,,,,,,,,,
fedr,aogo,30_01_26,1,,,,,,,,,,,,,,,,,,,,
kh,aogo,30_01_26,1,,,,,,,,,,,,,,,,,,,,
p11,aogo,30_01_26,3,,,,,,,,,,,,,,,,,,,,
p11,kw,30_01_26,1,,,,,,,,,,,,,,,,,,,,
p11,frs,30_01_26,1,,,,,,,,,,,,,,,,,,,,
p11,hoi,30_01_26,1,,,,,,,,,,,,,,,,,,,,
p11,sgsob,30_01_26,1,,,,,,,,,,,,,,,,,,,,
p11,su,30_01_26,1,,,,,,,,,,,,,,,,,,,,
p11,hls,30_01_26,1,,,,,,,,,,,,,,,,,,,,
p11,dfollc,30_01_26,1,,,,,,,,,,,,,,,,,,,,
p11,boe,30_01_26,1,,,,,,,,,,,,,,,,,,,,
p11,potuk,30_01_26,1,,,,,,,,,,,,,,,,,,,,
p11,got,30_01_26,1,,,,,,,,,,,,,,,,,,,,
p11,whnec,30_01_26,1,,,,,,,,,,,,,,,,,,,,
p11,msco,30_01_26,1,,,,,,,,,,,,,,,,,,,,
kw,frs,30_01_26,1,,,,,,,,,,,,,,,,,,,,
kw,hoi,30_01_26,1,,,,,,,,,,,,,,,,,,,,
kw,sgsob,30_01_26,1,,,,,,,,,,,,,,,,,,,,
kw,su,30_01_26,1,,,,,,,,,,,,,,,,,,,,
kw,hls,30_01_26,1,,,,,,,,,,,,,,,,,,,,
kw,dfollc,30_01_26,1,,,,,,,,,,,,,,,,,,,,
kw,boe,30_01_26,1,,,,,,,,,,,,,,,,,,,,
kw,potuk,30_01_26,1,,,,,,,,,,,,,,,,,,,,
kw,got,30_01_26,1,,,,,,,,,,,,,,,,,,,,
kw,whnec,30_01_26,1,,,,,,,,,,,,,,,,,,,,
kw,msco,30_01_26,1,,,,,,,,,,,,,,,,,,,,
kw,aogo,30_01_26,1,,,,,,,,,,,,,,,,,,,,
frs,aogo,30_01_26,1,,,,,,,,,,,,,,,,,,,,
hoi,aogo,30_01_26,1,,,,,,,,,,,,,,,,,,,,
sgsob,aogo,30_01_26,1,,,,,,,,,,,,,,,,,,,,
su,aogo,30_01_26,1,,,,,,,,,,,,,,,,,,,,
hls,aogo,30_01_26,1,,,,,,,,,,,,,,,,,,,,
dfollc,aogo,30_01_26,1,,,,,,,,,,,,,,,,,,,,
boe,aogo,30_01_26,1,,,,,,,,,,,,,,,,,,,,
potuk,aogo,30_01_26,1,,,,,,,,,,,,,,,,,,,,
got,aogo,30_01_26,1,,,,,,,,,,,,,,,,,,,,
whnec,aogo,30_01_26,1,,,,,,,,,,,,,,,,,,,,
msco,aogo,30_01_26,1,,,,,,,,,,,,,,,,,,,,
p12,suc,30_01_26,3,,,,,,,,,,,,,,,,,,,,
p12,lw,30_01_26,1,,,,,,,,,,,,,,,,,,,,
p12,r,30_01_26,3,,,,,,,,,,,,,,,,,,,,
p12,tx,30_01_26,3,,,,,,,,,,,,,,,,,,,,
lw,suc,30_01_26,1,,,,,,,,,,,,,,,,,,,,
lw,r,30_01_26,1,,,,,,,,,,,,,,,,,,,,
lw,tx,30_01_26,1,,,,,,,,,,,,,,,,,,,,
suc,r,30_01_26,1,,,,,,,,,,,,,,,,,,,,
suc,tx,30_01_26,1,,,,,,,,,,,,,,,,,,,,
p13,ice,30_01_26,3,,,,,,,,,,,,,,,,,,,,
p13,alpr,30_01_26,2,,,,,,,,,,,,,,,,,,,,
p13,iceoff,30_01_26,1,,,,,,,,,,,,,,,,,,,,
ice,alpr,30_01_26,2,,,,,,,,,,,,,,,,,,,,
ice,iceoff,30_01_26,1,,,,,,,,,,,,,,,,,,,,
alpr,iceoff,30_01_26,2,,,,,,,,,,,,,,,,,,,,
p14,t,30_01_26,3,,,,,,,,,,,,,,,,,,,,
p14,can,30_01_26,2,,,,,,,,,,,,,,,,,,,,
p14,gulf,30_01_26,1,,,,,,,,,,,,,,,,,,,,
p14,boglex,30_01_26,2,,,,,,,,,,,,,,,,,,,,
p14,usa,30_01_26,1,,,,,,,,,,,,,,,,,,,,
t,can,30_01_26,2,,,,,,,,,,,,,,,,,,,,
t,gulf,30_01_26,1,,,,,,,,,,,,,,,,,,,,
t,boglex,30_01_26,2,,,,,,,,,,,,,,,,,,,,
t,usa,30_01_26,1,,,,,,,,,,,,,,,,,,,,
can,gulf,30_01_26,2,,,,,,,,,,,,,,,,,,,,
can,boglex,30_01_26,1,,,,,,,,,,,,,,,,,,,,
can,usa,30_01_26,2,,,,,,,,,,,,,,,,,,,,
gulf,usa,30_01_26,1,,,,,,,,,,,,,,,,,,,,
p15,caaa,30_01_26,3,,,,,,,,,,,,,,,,,,,,
p15,r,30_01_26,3,,,,,,,,,,,,,,,,,,,,
p15,d,30_01_26,3,,,,,,,,,,,,,,,,,,,,
p15,dohs,30_01_26,1,,,,,,,,,,,,,,,,,,,,
p15,cogu,30_01_26,1,,,,,,,,,,,,,,,,,,,,
p15,cong,30_01_26,1,,,,,,,,,,,,,,,,,,,,
r,caaa,30_01_26,1,,,,,,,,,,,,,,,,,,,,
d,caaa,30_01_26,1,,,,,,,,,,,,,,,,,,,,
dohs,caaa,30_01_26,1,,,,,,,,,,,,,,,,,,,,
cogu,caaa,30_01_26,1,,,,,,,,,,,,,,,,,,,,
cong,caaa,30_01_26,1,,,,,,,,,,,,,,,,,,,,
r,d,30_01_26,1,,,,,,,,,,,,,,,,,,,,
r,cong,30_01_26,1,,,,,,,,,,,,,,,,,,,,
d,cong,30_01_26,1,,,,,,,,,,,,,,,,,,,,
cong,dohs,30_01_26,1,,,,,,,,,,,,,,,,,,,,
dohs,cogu,30_01_26,1,,,,,,,,,,,,,,,,,,,,
r,dohs,30_01_26,1,,,,,,,,,,,,,,,,,,,,
d,dohs,30_01_26,1,,,,,,,,,,,,,,,,,,,,
p16,pair,29_01_26,3,,,,,,,,,,,,,,,,,,,,
p16,cs,29_01_26,1,,,,,,,,,,,,,,,,,,,,
p16,mex,29_01_26,1,,,,,,,,,,,,,,,,,,,,
p16,usa,29_01_26,1,,,,,,,,,,,,,,,,,,,,
pair,cs,29_01_26,1,,,,,,,,,,,,,,,,,,,,
pair,mex,29_01_26,1,,,,,,,,,,,,,,,,,,,,
pair,usa,29_01_26,1,,,,,,,,,,,,,,,,,,,,
cs,mex,29_01_26,1,,,,,,,,,,,,,,,,,,,,
mex,usa,29_01_26,1,,,,,,,,,,,,,,,,,,,,
cs,usa,29_01_26,1,,,,,,,,,,,,,,,,,,,,
p17,if,29_01_26,3,,,,,,,,,,,,,,,,,,,,
p17,t,29_01_26,3,,,,,,,,,,,,,,,,,,,,
p17,nas,29_01_26,3,,,,,,,,,,,,,,,,,,,,
p17,jp,29_01_26,2,,,,,,,,,,,,,,,,,,,,
p17,fedr,29_01_26,2,,,,,,,,,,,,,,,,,,,,
p17,usa,29_01_26,1,,,,,,,,,,,,,,,,,,,,
jp,if,29_01_26,2,,,,,,,,,,,,,,,,,,,,
jp,t,29_01_26,2,,,,,,,,,,,,,,,,,,,,
jp,nas,29_01_26,2,,,,,,,,,,,,,,,,,,,,
fedr,if,29_01_26,2,,,,,,,,,,,,,,,,,,,,
fedr,t,29_01_26,2,,,,,,,,,,,,,,,,,,,,
usa,if,29_01_26,1,,,,,,,,,,,,,,,,,,,,
usa,t,29_01_26,1,,,,,,,,,,,,,,,,,,,,
usa,nas,29_01_26,1,,,,,,,,,,,,,,,,,,,,
jp,fedr,29_01_26,3,,,,,,,,,,,,,,,,,,,,
jp,usa,29_01_26,2,,,,,,,,,,,,,,,,,,,,
fedr,usa,29_01_26,2,,,,,,,,,,,,,,,,,,,,
usa,if,29_01_26,1,,,,,,,,,,,,,,,,,,,,
usa,t,29_01_26,1,,,,,,,,,,,,,,,,,,,,
usa,nas,29_01_26,1,,,,,,,,,,,,,,,,,,,,
p18,aogo,28_01_26,3,,,,,,,,,,,,,,,,,,,,
p18,cor,28_01_26,3,,,,,,,,,,,,,,,,,,,,
p18,cmcd,28_01_26,1,,,,,,,,,,,,,,,,,,,,
p18,doj,28_01_26,1,,,,,,,,,,,,,,,,,,,,
p18,nfed,28_01_26,1,,,,,,,,,,,,,,,,,,,,
p18,ap,28_01_26,1,,,,,,,,,,,,,,,,,,,,
p18,minn,28_01_26,2,,,,,,,,,,,,,,,,,,,,
p18,cal,28_01_26,2,,,,,,,,,,,,,,,,,,,,
cmcd,aogo,28_01_26,1,,,,,,,,,,,,,,,,,,,,
cmcd,cor,28_01_26,1,,,,,,,,,,,,,,,,,,,,
doj,aogo,28_01_26,1,,,,,,,,,,,,,,,,,,,,
nfed,aogo,28_01_26,1,,,,,,,,,,,,,,,,,,,,
doj,cor,28_01_26,1,,,,,,,,,,,,,,,,,,,,
nfed,cor,28_01_26,1,,,,,,,,,,,,,,,,,,,,
minn,cor,28_01_26,2,,,,,,,,,,,,,,,,,,,,
cal,cor,28_01_26,2,,,,,,,,,,,,,,,,,,,,
ap,cor,28_01_26,1,,,,,,,,,,,,,,,,,,,,
cmcd,doj,28_01_26,1,,,,,,,,,,,,,,,,,,,,
cmcd,nfed,28_01_26,1,,,,,,,,,,,,,,,,,,,,
cmcd,ap,28_01_26,1,,,,,,,,,,,,,,,,,,,,
doj,ap,28_01_26,1,,,,,,,,,,,,,,,,,,,,
nfed,ap,28_01_26,1,,,,,,,,,,,,,,,,,,,,
minn,cal,28_01_26,2,,,,,,,,,,,,,,,,,,,,
p19,iv,28_01_26,3,,,,,,,,,,,,,,,,,,,,
p19,sp500,28_01_26,1,,,,,,,,,,,,,,,,,,,,
iv,sp500,28_01_26,1,,,,,,,,,,,,,,,,,,,,
p20,le,28_01_26,3,,,,,,,,,,,,,,,,,,,,
p20,ice,28_01_26,3,,,,,,,,,,,,,,,,,,,,
p20,jacfre,28_01_26,2,,,,,,,,,,,,,,,,,,,,
p20,fedil,28_01_26,1,,,,,,,,,,,,,,,,,,,,
p20,mipo,28_01_26,2,,,,,,,,,,,,,,,,,,,,
jacfre,ice,28_01_26,2,,,,,,,,,,,,,,,,,,,,
jacfre,le,28_01_26,2,,,,,,,,,,,,,,,,,,,,
mipo,ice,28_01_26,2,,,,,,,,,,,,,,,,,,,,
mipo,le,28_01_26,2,,,,,,,,,,,,,,,,,,,,
fedil,le,28_01_26,1,,,,,,,,,,,,,,,,,,,,
jacfre,mipo,28_01_26,3,,,,,,,,,,,,,,,,,,,,
jacfre,fedil,28_01_26,2,,,,,,,,,,,,,,,,,,,,
mipo,fedil,28_01_26,2,,,,,,,,,,,,,,,,,,,,
p21,fball,28_01_26,3,,,,,,,,,,,,,,,,,,,,
p21,bibe,28_01_26,1,,,,,,,,,,,,,,,,,,,,
p21,pfhof,28_01_26,2,,,,,,,,,,,,,,,,,,,,
fball,bibe,28_01_26,1,,,,,,,,,,,,,,,,,,,,
fball,pfhof,28_01_26,2,,,,,,,,,,,,,,,,,,,,
bibe,pfhof,28_01_26,2,,,,,,,,,,,,,,,,,,,,
p22,irn,28_01_26,2,,,,,,,,,,,,,,,,,,,,
p22,vene,28_01_26,2,,,,,,,,,,,,,,,,,,,,
p22,pair,28_01_26,3,,,,,,,,,,,,,,,,,,,,
p22,nas,28_01_26,3,,,,,,,,,,,,,,,,,,,,
p22,abli,28_01_26,1,,,,,,,,,,,,,,,,,,,,
irn,nas,28_01_26,2,,,,,,,,,,,,,,,,,,,,
irn,pair,28_01_26,2,,,,,,,,,,,,,,,,,,,,
vene,pair,28_01_26,2,,,,,,,,,,,,,,,,,,,,
abli,nas,28_01_26,1,,,,,,,,,,,,,,,,,,,,
abli,irn,28_01_26,2,,,,,,,,,,,,,,,,,,,,
irn,vene,28_01_26,3,,,,,,,,,,,,,,,,,,,,
p23,suc,28_01_26,3,,,,,,,,,,,,,,,,,,,,
p23,le,28_01_26,3,,,,,,,,,,,,,,,,,,,,
p23,ta,28_01_26,3,,,,,,,,,,,,,,,,,,,,
p23,af,28_01_26,3,,,,,,,,,,,,,,,,,,,,
p23,nas,28_01_26,3,,,,,,,,,,,,,,,,,,,,
p23,ep,28_01_26,3,,,,,,,,,,,,,,,,,,,,
p23,sec,28_01_26,3,,,,,,,,,,,,,,,,,,,,
p23,commofpen,28_01_26,1,,,,,,,,,,,,,,,,,,,,
p23,staga,28_01_26,1,,,,,,,,,,,,,,,,,,,,
staga,suc,28_01_26,1,,,,,,,,,,,,,,,,,,,,
staga,le,28_01_26,1,,,,,,,,,,,,,,,,,,,,
staga,ta,28_01_26,1,,,,,,,,,,,,,,,,,,,,
staga,af,28_01_26,1,,,,,,,,,,,,,,,,,,,,
staga,nas,28_01_26,1,,,,,,,,,,,,,,,,,,,,
staga,ep,28_01_26,1,,,,,,,,,,,,,,,,,,,,
staga,sec,28_01_26,1,,,,,,,,,,,,,,,,,,,,
commofpen,suc,28_01_26,1,,,,,,,,,,,,,,,,,,,,
staga,commofpen,28_01_26,1,,,,,,,,,,,,,,,,,,,,
p24,suc,28_01_26,3,,,,,,,,,,,,,,,,,,,,
p24,af,28_01_26,3,,,,,,,,,,,,,,,,,,,,
p24,ta,28_01_26,3,,,,,,,,,,,,,,,,,,,,
p24,ep,28_01_26,3,,,,,,,,,,,,,,,,,,,,
p24,nas,28_01_26,3,,,,,,,,,,,,,,,,,,,,
p24,sec,28_01_26,3,,,,,,,,,,,,,,,,,,,,
p24,le,28_01_26,3,,,,,,,,,,,,,,,,,,,,
p24,toti,28_01_26,1,,,,,,,,,,,,,,,,,,,,
p24,wis,28_01_26,1,,,,,,,,,,,,,,,,,,,,
suc,toti,28_01_26,1,,,,,,,,,,,,,,,,,,,,
af,toti,28_01_26,1,,,,,,,,,,,,,,,,,,,,
ta,toti,28_01_26,1,,,,,,,,,,,,,,,,,,,,
ep,toti,28_01_26,1,,,,,,,,,,,,,,,,,,,,
nas,toti,28_01_26,1,,,,,,,,,,,,,,,,,,,,
sec,toti,28_01_26,1,,,,,,,,,,,,,,,,,,,,
le,toti,28_01_26,1,,,,,,,,,,,,,,,,,,,,
suc,wis,28_01_26,1,,,,,,,,,,,,,,,,,,,,
toti,wis,28_01_26,1,,,,,,,,,,,,,,,,,,,,
p25,suc,28_01_26,3,,,,,,,,,,,,,,,,,,,,
p25,af,28_01_26,3,,,,,,,,,,,,,,,,,,,,
p25,ta,28_01_26,3,,,,,,,,,,,,,,,,,,,,
p25,ep,28_01_26,3,,,,,,,,,,,,,,,,,,,,
p25,nas,28_01_26,3,,,,,,,,,,,,,,,,,,,,
p25,sec,28_01_26,3,,,,,,,,,,,,,,,,,,,,
p25,usm,28_01_26,1,,,,,,,,,,,,,,,,,,,,
p25,mial,28_01_26,1,,,,,,,,,,,,,,,,,,,,
p25,sedu,28_01_26,1,,,,,,,,,,,,,,,,,,,,
p25,racadu,28_01_26,1,,,,,,,,,,,,,,,,,,,,
p25,fn,28_01_26,1,,,,,,,,,,,,,,,,,,,,
p25,w7cd,28_01_26,1,,,,,,,,,,,,,,,,,,,,
mial,suc,28_01_26,1,,,,,,,,,,,,,,,,,,,,
mial,af,28_01_26,1,,,,,,,,,,,,,,,,,,,,
mial,ta,28_01_26,1,,,,,,,,,,,,,,,,,,,,
mial,ep,28_01_26,1,,,,,,,,,,,,,,,,,,,,
mial,nas,28_01_26,1,,,,,,,,,,,,,,,,,,,,
mial,sec,28_01_26,1,,,,,,,,,,,,,,,,,,,,
sedu,af,28_01_26,1,,,,,,,,,,,,,,,,,,,,
racadu,af,28_01_26,1,,,,,,,,,,,,,,,,,,,,
usm,nas,28_01_26,1,,,,,,,,,,,,,,,,,,,,
sedu,racadu,28_01_26,1,,,,,,,,,,,,,,,,,,,,
racadu,fn,28_01_26,1,,,,,,,,,,,,,,,,,,,,
mial,w7cd,28_01_26,1,,,,,,,,,,,,,,,,,,,,
mial,usm,28_01_26,1,,,,,,,,,,,,,,,,,,,,
p26,suc,28_01_26,3,,,,,,,,,,,,,,,,,,,,
p26,af,28_01_26,3,,,,,,,,,,,,,,,,,,,,
p26,ta,28_01_26,3,,,,,,,,,,,,,,,,,,,,
p26,ep,28_01_26,3,,,,,,,,,,,,,,,,,,,,
p26,sec,28_01_26,3,,,,,,,,,,,,,,,,,,,,
p26,jeel,28_01_26,1,,,,,,,,,,,,,,,,,,,,
p26,erbas,28_01_26,2,,,,,,,,,,,,,,,,,,,,
p26,robr,28_01_26,2,,,,,,,,,,,,,,,,,,,,
p26,krri,28_01_26,2,,,,,,,,,,,,,,,,,,,,
p26,ushor,28_01_26,1,,,,,,,,,,,,,,,,,,,,
p26,pat,28_01_26,1,,,,,,,,,,,,,,,,,,,,
p26,ind,28_01_26,1,,,,,,,,,,,,,,,,,,,,
p26,d,28_01_26,2,,,,,,,,,,,,,,,,,,,,
p26,r,28_01_26,1,,,,,,,,,,,,,,,,,,,,
p26,i39sd,28_01_26,1,,,,,,,,,,,,,,,,,,,,
suc,jeel,28_01_26,1,,,,,,,,,,,,,,,,,,,,
af,jeel,28_01_26,1,,,,,,,,,,,,,,,,,,,,
ta,jeel,28_01_26,1,,,,,,,,,,,,,,,,,,,,
ep,jeel,28_01_26,1,,,,,,,,,,,,,,,,,,,,
sec,jeel,28_01_26,1,,,,,,,,,,,,,,,,,,,,
erbas,suc,28_01_26,2,,,,,,,,,,,,,,,,,,,,
krri,suc,28_01_26,2,,,,,,,,,,,,,,,,,,,,
robr,suc,28_01_26,2,,,,,,,,,,,,,,,,,,,,
d,suc,28_01_26,2,,,,,,,,,,,,,,,,,,,,
jeel,r,28_01_26,1,,,,,,,,,,,,,,,,,,,,
erbas,d,28_01_26,2,,,,,,,,,,,,,,,,,,,,
krri,d,28_01_26,2,,,,,,,,,,,,,,,,,,,,
robr,d,28_01_26,2,,,,,,,,,,,,,,,,,,,,
d,ushor,28_01_26,2,,,,,,,,,,,,,,,,,,,,
jeel,ind,28_01_26,1,,,,,,,,,,,,,,,,,,,,
jeel,i39sd,28_01_26,1,,,,,,,,,,,,,,,,,,,,
erbas,ind,28_01_26,3,,,,,,,,,,,,,,,,,,,,
krri,ind,28_01_26,2,,,,,,,,,,,,,,,,,,,,
p27,suc,28_01_26,3,,,,,,,,,,,,,,,,,,,,
p27,ta,28_01_26,3,,,,,,,,,,,,,,,,,,,,
p27,ep,28_01_26,3,,,,,,,,,,,,,,,,,,,,
p27,sec,28_01_26,3,,,,,,,,,,,,,,,,,,,,
p27,brwi,28_01_26,1,,,,,,,,,,,,,,,,,,,,
p27,grgo,28_01_26,2,,,,,,,,,,,,,,,,,,,,
p27,haje,28_01_26,2,,,,,,,,,,,,,,,,,,,,
p27,cong,28_01_26,2,,,,,,,,,,,,,,,,,,,,
p27,d,28_01_26,2,,,,,,,,,,,,,,,,,,,,
p27,r,28_01_26,1,,,,,,,,,,,,,,,,,,,,
p27,io,28_01_26,2,,,,,,,,,,,,,,,,,,,,
p27,ushor,28_01_26,2,,,,,,,,,,,,,,,,,,,,
p27,ind,28_01_26,1,,,,,,,,,,,,,,,,,,,,
brwi,suc,28_01_26,1,,,,,,,,,,,,,,,,,,,,
brwi,ta,28_01_26,1,,,,,,,,,,,,,,,,,,,,
brwi,ep,28_01_26,1,,,,,,,,,,,,,,,,,,,,
brwi,sec,28_01_26,1,,,,,,,,,,,,,,,,,,,,
grgo,suc,28_01_26,2,,,,,,,,,,,,,,,,,,,,
d,suc,28_01_26,2,,,,,,,,,,,,,,,,,,,,
r,suc,28_01_26,1,,,,,,,,,,,,,,,,,,,,
grgo,d,28_01_26,2,,,,,,,,,,,,,,,,,,,,
grgo,haje,28_01_26,2,,,,,,,,,,,,,,,,,,,,
grgo,io,28_01_26,2,,,,,,,,,,,,,,,,,,,,
haje,ushor,28_01_26,3,,,,,,,,,,,,,,,,,,,,
io,ushor,28_01_26,3,,,,,,,,,,,,,,,,,,,,
brwi,ind,28_01_26,1,,,,,,,,,,,,,,,,,,,,
grgo,ind,28_01_26,2,,,,,,,,,,,,,,,,,,,,
r,ind,28_01_26,1,,,,,,,,,,,,,,,,,,,,
p28,suc,28_01_26,3,,,,,,,,,,,,,,,,,,,,
p28,ta,28_01_26,3,,,,,,,,,,,,,,,,,,,,
p28,ep,28_01_26,3,,,,,,,,,,,,,,,,,,,,
p28,sec,28_01_26,3,,,,,,,,,,,,,,,,,,,,
p28,paco,28_01_26,1,,,,,,,,,,,,,,,,,,,,
p28,spde,28_01_26,2,,,,,,,,,,,,,,,,,,,,
p28,d,28_01_26,2,,,,,,,,,,,,,,,,,,,,
p28,r,28_01_26,1,,,,,,,,,,,,,,,,,,,,
p28,cong,28_01_26,2,,,,,,,,,,,,,,,,,,,,
p28,ind,28_01_26,1,,,,,,,,,,,,,,,,,,,,
paco,suc,28_01_26,1,,,,,,,,,,,,,,,,,,,,
paco,ta,28_01_26,1,,,,,,,,,,,,,,,,,,,,
paco,ep,28_01_26,1,,,,,,,,,,,,,,,,,,,,
paco,sec,28_01_26,1,,,,,,,,,,,,,,,,,,,,
spde,suc,28_01_26,2,,,,,,,,,,,,,,,,,,,,
d,suc,28_01_26,2,,,,,,,,,,,,,,,,,,,,
r,suc,28_01_26,1,,,,,,,,,,,,,,,,,,,,
spde,d,28_01_26,2,,,,,,,,,,,,,,,,,,,,
d,cong,28_01_26,2,,,,,,,,,,,,,,,,,,,,
paco,r,28_01_26,1,,,,,,,,,,,,,,,,,,,,
spde,ind,28_01_26,2,,,,,,,,,,,,,,,,,,,,
paco,ind,28_01_26,1,,,,,,,,,,,,,,,,,,,,
p29,suc,28_01_26,3,,,,,,,,,,,,,,,,,,,,
p29,ta,28_01_26,3,,,,,,,,,,,,,,,,,,,,
p29,ep,28_01_26,3,,,,,,,,,,,,,,,,,,,,
p29,sec,28_01_26,3,,,,,,,,,,,,,,,,,,,,
p29,jomi,28_01_26,1,,,,,,,,,,,,,,,,,,,,
p29,iw,28_01_26,1,,,,,,,,,,,,,,,,,,,,
p29,usdofaud,28_01_26,1,,,,,,,,,,,,,,,,,,,,
p29,d,28_01_26,3,,,,,,,,,,,,,,,,,,,,
p29,cong,28_01_26,1,,,,,,,,,,,,,,,,,,,,
p29,usm,28_01_26,1,,,,,,,,,,,,,,,,,,,,
jomi,suc,28_01_26,1,,,,,,,,,,,,,,,,,,,,
jomi,ta,28_01_26,1,,,,,,,,,,,,,,,,,,,,
jomi,ep,28_01_26,1,,,,,,,,,,,,,,,,,,,,
jomi,sec,28_01_26,1,,,,,,,,,,,,,,,,,,,,
jomi,io,28_01_26,1,,,,,,,,,,,,,,,,,,,,
jomi,usdofaud,28_01_26,1,,,,,,,,,,,,,,,,,,,,
jomi,cong,28_01_26,1,,,,,,,,,,,,,,,,,,,,
jomi,usm,28_01_26,1,,,,,,,,,,,,,,,,,,,,
p30,pair,27_01_26,3,,,,,,,,,,,,,,,,,,,,
p30,nas,27_01_26,3,,,,,,,,,,,,,,,,,,,,
p30,irq,27_01_26,2,,,,,,,,,,,,,,,,,,,,
p30,nalm,27_01_26,2,,,,,,,,,,,,,,,,,,,,
p30,usa,27_01_26,1,,,,,,,,,,,,,,,,,,,,
nalm,irq,27_01_26,2,,,,,,,,,,,,,,,,,,,,
nalm,pair,27_01_26,2,,,,,,,,,,,,,,,,,,,,
irq,pair,27_01_26,2,,,,,,,,,,,,,,,,,,,,
irq,nas,27_01_26,2,,,,,,,,,,,,,,,,,,,,
usa,pair,27_01_26,1,,,,,,,,,,,,,,,,,,,,
usa,nas,27_01_26,1,,,,,,,,,,,,,,,,,,,,
usa,nalm,27_01_26,2,,,,,,,,,,,,,,,,,,,,
usa,irq,27_01_26,2,,,,,,,,,,,,,,,,,,,,
p31,suc,27_01_26,3,,,,,,,,,,,,,,,,,,,,
p31,af,27_01_26,3,,,,,,,,,,,,,,,,,,,,
p31,ta,27_01_26,3,,,,,,,,,,,,,,,,,,,,
p31,ep,27_01_26,3,,,,,,,,,,,,,,,,,,,,
p31,sec,27_01_26,3,,,,,,,,,,,,,,,,,,,,
p31,d,27_01_26,2,,,,,,,,,,,,,,,,,,,,
p31,r,27_01_26,1,,,,,,,,,,,,,,,,,,,,
p31,trpo,27_01_26,1,,,,,,,,,,,,,,,,,,,,
p31,jibu,27_01_26,2,,,,,,,,,,,,,,,,,,,,
p31,cong,27_01_26,2,,,,,,,,,,,,,,,,,,,,
p31,ushor,27_01_26,2,,,,,,,,,,,,,,,,,,,,
p31,ind,27_01_26,1,,,,,,,,,,,,,,,,,,,,
trpo,suc,27_01_26,1,,,,,,,,,,,,,,,,,,,,
trpo,af,27_01_26,1,,,,,,,,,,,,,,,,,,,,
trpo,ta,27_01_26,1,,,,,,,,,,,,,,,,,,,,
trpo,ep,27_01_26,1,,,,,,,,,,,,,,,,,,,,
trpo,sec,27_01_26,1,,,,,,,,,,,,,,,,,,,,
jibu,suc,27_01_26,2,,,,,,,,,,,,,,,,,,,,
d,suc,27_01_26,2,,,,,,,,,,,,,,,,,,,,
jibu,d,27_01_26,2,,,,,,,,,,,,,,,,,,,,
d,cong,27_01_26,2,,,,,,,,,,,,,,,,,,,,
d,ushor,27_01_26,2,,,,,,,,,,,,,,,,,,,,
trpo,ind,27_01_26,1,,,,,,,,,,,,,,,,,,,,
jibu,ind,27_01_26,2,,,,,,,,,,,,,,,,,,,,
p32,ice,26_01_26,3,,,,,,,,,,,,,,,,,,,,
p32,jacfre,26_01_26,1,,,,,,,,,,,,,,,,,,,,
p32,th,26_01_26,1,,,,,,,,,,,,,,,,,,,,
p32,mipo,26_01_26,1,,,,,,,,,,,,,,,,,,,,
jacfre,ice,26_01_26,1,,,,,,,,,,,,,,,,,,,,
th,ice,26_01_26,1,,,,,,,,,,,,,,,,,,,,
jacfre,th,26_01_26,1,,,,,,,,,,,,,,,,,,,,
jacfre,mipo,26_01_26,3,,,,,,,,,,,,,,,,,,,,
th,mipo,26_01_26,3,,,,,,,,,,,,,,,,,,,,
p33,pair,26_01_26,3,,,,,,,,,,,,,,,,,,,,
p33,vene,26_01_26,1,,,,,,,,,,,,,,,,,,,,
pair,vene,26_01_26,1,,,,,,,,,,,,,,,,,,,,
p34,t,26_01_26,3,,,,,,,,,,,,,,,,,,,,
p34,pair,26_01_26,3,,,,,,,,,,,,,,,,,,,,
p34,sk,26_01_26,2,,,,,,,,,,,,,,,,,,,,
p34,kole,26_01_26,2,,,,,,,,,,,,,,,,,,,,
p34,lee,26_01_26,3,,,,,,,,,,,,,,,,,,,,
p34,usa,26_01_26,1,,,,,,,,,,,,,,,,,,,,
sk,t,26_01_26,2,,,,,,,,,,,,,,,,,,,,
sk,pair,26_01_26,2,,,,,,,,,,,,,,,,,,,,
kole,pair,26_01_26,2,,,,,,,,,,,,,,,,,,,,
lee,pair,26_01_26,3,,,,,,,,,,,,,,,,,,,,
usa,t,26_01_26,1,,,,,,,,,,,,,,,,,,,,
usa,pair,26_01_26,1,,,,,,,,,,,,,,,,,,,,
usa,sk,26_01_26,2,,,,,,,,,,,,,,,,,,,,
usa,kole,26_01_26,2,,,,,,,,,,,,,,,,,,,,
usa,lee,26_01_26,1,,,,,,,,,,,,,,,,,,,,
kole,lee,26_01_26,3,,,,,,,,,,,,,,,,,,,,
p35,suc,26_01_26,3,,,,,,,,,,,,,,,,,,,,
p35,endor,26_01_26,3,,,,,,,,,,,,,,,,,,,,
p35,ta,26_01_26,3,,,,,,,,,,,,,,,,,,,,
p35,ep,26_01_26,3,,,,,,,,,,,,,,,,,,,,
p35,sec,26_01_26,3,,,,,,,,,,,,,,,,,,,,
p35,mida,26_01_26,1,,,,,,,,,,,,,,,,,,,,
p35,grwa,26_01_26,2,,,,,,,,,,,,,,,,,,,,
p35,d,26_01_26,2,,,,,,,,,,,,,,,,,,,,
p35,r,26_01_26,1,,,,,,,,,,,,,,,,,,,,
p35,cong,26_01_26,2,,,,,,,,,,,,,,,,,,,,
p35,ushor,26_01_26,2,,,,,,,,,,,,,,,,,,,,
p35,ind,26_01_26,1,,,,,,,,,,,,,,,,,,,,
mida,endor,26_01_26,1,,,,,,,,,,,,,,,,,,,,
mida,suc,26_01_26,1,,,,,,,,,,,,,,,,,,,,
mida,ta,26_01_26,1,,,,,,,,,,,,,,,,,,,,
mida,ep,26_01_26,1,,,,,,,,,,,,,,,,,,,,
mida,sec,26_01_26,1,,,,,,,,,,,,,,,,,,,,
grwa,suc,26_01_26,2,,,,,,,,,,,,,,,,,,,,
d,suc,26_01_26,2,,,,,,,,,,,,,,,,,,,,
grwa,d,26_01_26,2,,,,,,,,,,,,,,,,,,,,
d,cong,26_01_26,2,,,,,,,,,,,,,,,,,,,,
d,ushor,26_01_26,2,,,,,,,,,,,,,,,,,,,,
mida,r,26_01_26,1,,,,,,,,,,,,,,,,,,,,
mida,ind,26_01_26,1,,,,,,,,,,,,,,,,,,,,
grwa,ind,26_01_26,2,,,,,,,,,,,,,,,,,,,,
p36,suc,26_01_26,3,,,,,,,,,,,,,,,,,,,,
p36,ta,26_01_26,3,,,,,,,,,,,,,,,,,,,,
p36,ep,26_01_26,3,,,,,,,,,,,,,,,,,,,,
p36,sec,26_01_26,3,,,,,,,,,,,,,,,,,,,,
p36,vene,26_01_26,2,,,,,,,,,,,,,,,,,,,,
p36,isr,26_01_26,1,,,,,,,,,,,,,,,,,,,,
p36,ky,26_01_26,1,,,,,,,,,,,,,,,,,,,,
p36,eg,26_01_26,1,,,,,,,,,,,,,,,,,,,,
p36,tm,26_01_26,2,,,,,,,,,,,,,,,,,,,,
p36,nm,26_01_26,2,,,,,,,,,,,,,,,,,,,,
p36,r,26_01_26,1,,,,,,,,,,,,,,,,,,,,
p36,d,26_01_26,2,,,,,,,,,,,,,,,,,,,,
p36,cong,26_01_26,2,,,,,,,,,,,,,,,,,,,,
eg,suc,26_01_26,1,,,,,,,,,,,,,,,,,,,,
eg,ta,26_01_26,1,,,,,,,,,,,,,,,,,,,,
eg,ep,26_01_26,1,,,,,,,,,,,,,,,,,,,,
eg,sec,26_01_26,1,,,,,,,,,,,,,,,,,,,,
eg,vene,26_01_26,1,,,,,,,,,,,,,,,,,,,,
tm,suc,26_01_26,2,,,,,,,,,,,,,,,,,,,,
tm,isr,26_01_26,2,,,,,,,,,,,,,,,,,,,,
d,suc,26_01_26,2,,,,,,,,,,,,,,,,,,,,
eg,tm,26_01_26,2,,,,,,,,,,,,,,,,,,,,
tm,r,26_01_26,2,,,,,,,,,,,,,,,,,,,,
tm,d,26_01_26,2,,,,,,,,,,,,,,,,,,,,
nm,vene,26_01_26,2,,,,,,,,,,,,,,,,,,,,
eg,r,26_01_26,1,,,,,,,,,,,,,,,,,,,,
eg,cong,26_01_26,1,,,,,,,,,,,,,,,,,,,,
eg,ky,26_01_26,1,,,,,,,,,,,,,,,,,,,,
tm,ky,26_01_26,2,,,,,,,,,,,,,,,,,,,,
p37,caaa,26_01_26,3,,,,,,,,,,,,,,,,,,,,
p37,tkc,26_01_26,1,,,,,,,,,,,,,,,,,,,,
caaa,tkc,26_01_26,1,,,,,,,,,,,,,,,,,,,,
p38,tva,26_01_26,3,,,,,,,,,,,,,,,,,,,,
p38,w,26_01_26,3,,,,,,,,,,,,,,,,,,,,
p38,meli,26_01_26,1,,,,,,,,,,,,,,,,,,,,
p38,mt,26_01_26,1,,,,,,,,,,,,,,,,,,,,
tva,meli,26_01_26,1,,,,,,,,,,,,,,,,,,,,
w,mt,26_01_26,1,,,,,,,,,,,,,,,,,,,,
meli,mt,26_01_26,1,,,,,,,,,,,,,,,,,,,,
p39,ice,26_01_26,3,,,,,,,,,,,,,,,,,,,,
p39,le,26_01_26,3,,,,,,,,,,,,,,,,,,,,
p39,walz,26_01_26,1,,,,,,,,,,,,,,,,,,,,
p39,th,26_01_26,1,,,,,,,,,,,,,,,,,,,,
p39,minn,26_01_26,1,,,,,,,,,,,,,,,,,,,,
p39,wa,26_01_26,1,,,,,,,,,,,,,,,,,,,,
p39,tenn,26_01_26,1,,,,,,,,,,,,,,,,,,,,
p39,loui,26_01_26,1,,,,,,,,,,,,,,,,,,,,
walz,ice,26_01_26,1,,,,,,,,,,,,,,,,,,,,
walz,le,26_01_26,1,,,,,,,,,,,,,,,,,,,,
th,ice,26_01_26,1,,,,,,,,,,,,,,,,,,,,
th,le,26_01_26,1,,,,,,,,,,,,,,,,,,,,
walz,th,26_01_26,1,,,,,,,,,,,,,,,,,,,,
walz,minn,26_01_26,1,,,,,,,,,,,,,,,,,,,,
th,minn,26_01_26,1,,,,,,,,,,,,,,,,,,,,
walz,wa,26_01_26,1,,,,,,,,,,,,,,,,,,,,
walz,tenn,26_01_26,1,,,,,,,,,,,,,,,,,,,,
walz,loui,26_01_26,1,,,,,,,,,,,,,,,,,,,,
p40,ice,26_01_26,3,,,,,,,,,,,,,,,,,,,,
p40,cor,26_01_26,3,,,,,,,,,,,,,,,,,,,,
p40,js,26_01_26,3,,,,,,,,,,,,,,,,,,,,
p40,th,26_01_26,1,,,,,,,,,,,,,,,,,,,,
p40,io,26_01_26,2,,,,,,,,,,,,,,,,,,,,
p40,soma,26_01_26,2,,,,,,,,,,,,,,,,,,,,
p40,minn,26_01_26,2,,,,,,,,,,,,,,,,,,,,
p40,doj,26_01_26,1,,,,,,,,,,,,,,,,,,,,
p40,cong,26_01_26,1,,,,,,,,,,,,,,,,,,,,
th,ice,26_01_26,1,,,,,,,,,,,,,,,,,,,,
th,le,26_01_26,1,,,,,,,,,,,,,,,,,,,,
io,soma,26_01_26,2,,,,,,,,,,,,,,,,,,,,
io,cor,26_01_26,2,,,,,,,,,,,,,,,,,,,,
io,js,26_01_26,2,,,,,,,,,,,,,,,,,,,,
doj,js,26_01_26,1,,,,,,,,,,,,,,,,,,,,
cong,js,26_01_26,1,,,,,,,,,,,,,,,,,,,,
th,minn,26_01_26,1,,,,,,,,,,,,,,,,,,,,
io,doj,26_01_26,2,,,,,,,,,,,,,,,,,,,,
cong,io,26_01_26,2,,,,,,,,,,,,,,,,,,,,
io,minn,26_01_26,2,,,,,,,,,,,,,,,,,,,,
p41,fk,26_01_26,3,,,,,,,,,,,,,,,,,,,,
p41,mc,26_01_26,3,,,,,,,,,,,,,,,,,,,,
p41,nyt,26_01_26,2,,,,,,,,,,,,,,,,,,,,
p41,abc,26_01_26,2,,,,,,,,,,,,,,,,,,,,
p41,nbc,26_01_26,2,,,,,,,,,,,,,,,,,,,,
p41,cbs,26_01_26,2,,,,,,,,,,,,,,,,,,,,
p41,cnn,26_01_26,2,,,,,,,,,,,,,,,,,,,,
p41,msnbc,26_01_26,2,,,,,,,,,,,,,,,,,,,,
p41,wsj,26_01_26,2,,,,,,,,,,,,,,,,,,,,
p41,fn,26_01_26,2,,,,,,,,,,,,,,,,,,,,
fk,nyt,26_01_26,2,,,,,,,,,,,,,,,,,,,,
fk,abc,26_01_26,2,,,,,,,,,,,,,,,,,,,,
fk,nbc,26_01_26,2,,,,,,,,,,,,,,,,,,,,
fk,cbs,26_01_26,2,,,,,,,,,,,,,,,,,,,,
fk,chn,26_01_26,2,,,,,,,,,,,,,,,,,,,,
fk,msnbc,26_01_26,2,,,,,,,,,,,,,,,,,,,,
mc,fn,26_01_26,2,,,,,,,,,,,,,,,,,,,,
mc,wsj,26_01_26,2,,,,,,,,,,,,,,,,,,,,
p42,fball,26_01_26,3,,,,,,,,,,,,,,,,,,,,
p42,nfl,26_01_26,2,,,,,,,,,,,,,,,,,,,,
fball,nfl,26_01_26,2,,,,,,,,,,,,,,,,,,,,
p43,ice,26_01_26,3,,,,,,,,,,,,,,,,,,,,
p43,le,26_01_26,3,,,,,,,,,,,,,,,,,,,,
p43,cr,26_01_26,3,,,,,,,,,,,,,,,,,,,,
p43,jb,26_01_26,2,,,,,,,,,,,,,,,,,,,,
p43,d,26_01_26,2,,,,,,,,,,,,,,,,,,,,
p43,r,26_01_26,1,,,,,,,,,,,,,,,,,,,,
p43,lopo,26_01_26,1,,,,,,,,,,,,,,,,,,,,
p43,tx,26_01_26,1,,,,,,,,,,,,,,,,,,,,
p43,fl,26_01_26,1,,,,,,,,,,,,,,,,,,,,
p43,tenn,26_01_26,1,,,,,,,,,,,,,,,,,,,,
p43,loui,26_01_26,1,,,,,,,,,,,,,,,,,,,,
jb,d,26_01_26,2,,,,,,,,,,,,,,,,,,,,
jb,ice,26_01_26,2,,,,,,,,,,,,,,,,,,,,
d,ice,26_01_26,2,,,,,,,,,,,,,,,,,,,,
d,le,26_01_26,2,,,,,,,,,,,,,,,,,,,,
r,ice,26_01_26,1,,,,,,,,,,,,,,,,,,,,
r,le,26_01_26,1,,,,,,,,,,,,,,,,,,,,
ice,le,26_01_26,1,,,,,,,,,,,,,,,,,,,,
ice,cr,26_01_26,1,,,,,,,,,,,,,,,,,,,,
ice,lopo,26_01_26,1,,,,,,,,,,,,,,,,,,,,
d,r,26_01_26,2,,,,,,,,,,,,,,,,,,,,
ice,tx,26_01_26,1,,,,,,,,,,,,,,,,,,,,
ice,fl,26_01_26,1,,,,,,,,,,,,,,,,,,,,
ice,tenn,26_01_26,1,,,,,,,,,,,,,,,,,,,,
ice,loui,26_01_26,1,,,,,,,,,,,,,,,,,,,,
p44,ice,26_01_26,3,,,,,,,,,,,,,,,,,,,,
p44,le,26_01_26,3,,,,,,,,,,,,,,,,,,,,
p44,cr,26_01_26,3,,,,,,,,,,,,,,,,,,,,
p44,walz,26_01_26,2,,,,,,,,,,,,,,,,,,,,
p44,jacfre,26_01_26,2,,,,,,,,,,,,,,,,,,,,
p44,d,26_01_26,2,,,,,,,,,,,,,,,,,,,,
p44,r,26_01_26,1,,,,,,,,,,,,,,,,,,,,
p44,cong,26_01_26,1,,,,,,,,,,,,,,,,,,,,
p44,tenn,26_01_26,1,,,,,,,,,,,,,,,,,,,,
p44,fedg,26_01_26,1,,,,,,,,,,,,,,,,,,,,
p44,wa,26_01_26,1,,,,,,,,,,,,,,,,,,,,
walz,le,26_01_26,2,,,,,,,,,,,,,,,,,,,,
walz,ice,26_01_26,2,,,,,,,,,,,,,,,,,,,,
jacfre,le,26_01_26,2,,,,,,,,,,,,,,,,,,,,
jacfre,ice,26_01_26,2,,,,,,,,,,,,,,,,,,,,
d,ice,26_01_26,2,,,,,,,,,,,,,,,,,,,,
r,ice,26_01_26,1,,,,,,,,,,,,,,,,,,,,
r,le,26_01_26,1,,,,,,,,,,,,,,,,,,,,
ice,le,26_01_26,1,,,,,,,,,,,,,,,,,,,,
ice,wa,26_01_26,1,,,,,,,,,,,,,,,,,,,,
p45,cor,26_01_26,3,,,,,,,,,,,,,,,,,,,,
p45,minn,26_01_26,2,,,,,,,,,,,,,,,,,,,,
p45,d,26_01_26,2,,,,,,,,,,,,,,,,,,,,
cor,minn,26_01_26,2,,,,,,,,,,,,,,,,,,,,
cor,d,26_01_26,2,,,,,,,,,,,,,,,,,,,,
minn,d,26_01_26,2,,,,,,,,,,,,,,,,,,,,
p46,pair,26_01_26,3,,,,,,,,,,,,,,,,,,,,
p46,chn,26_01_26,1,,,,,,,,,,,,,,,,,,,,
p46,can,26_01_26,2,,,,,,,,,,,,,,,,,,,,
p46,icehock,26_01_26,3,,,,,,,,,,,,,,,,,,,,
pair,chn,26_01_26,1,,,,,,,,,,,,,,,,,,,,
pair,can,26_01_26,2,,,,,,,,,,,,,,,,,,,,
can,icehock,26_01_26,2,,,,,,,,,,,,,,,,,,,,
chn,can,26_01_26,2,,,,,,,,,,,,,,,,,,,,
p47,t,26_01_26,3,,,,,,,,,,,,,,,,,,,,
p47,pair,26_01_26,,,,,,,,,,,,,,,,,,,,,
p47,chn,26_01_26,2,,,,,,,,,,,,,,,,,,,,
p47,can,26_01_26,2,,,,,,,,,,,,,,,,,,,,
p47,usa,26_01_26,1,,,,,,,,,,,,,,,,,,,,
pair,chn,26_01_26,2,,,,,,,,,,,,,,,,,,,,
pair,can,26_01_26,2,,,,,,,,,,,,,,,,,,,,
t,usa,26_01_26,1,,,,,,,,,,,,,,,,,,,,
chn,can,26_01_26,2,,,,,,,,,,,,,,,,,,,,
can,usa,26_01_26,1,,,,,,,,,,,,,,,,,,,,
chn,usa,26_01_26,2,,,,,,,,,,,,,,,,,,,,
p48,ma,25_01_26,3,,,,,,,,,,,,,,,,,,,,
p48,cor,25_01_26,3,,,,,,,,,,,,,,,,,,,,
p48,jaco,25_01_26,1,,,,,,,,,,,,,,,,,,,,
p48,maba,25_01_26,1,,,,,,,,,,,,,,,,,,,,
p48,jasm,25_01_26,2,,,,,,,,,,,,,,,,,,,,
p48,minn,25_01_26,2,,,,,,,,,,,,,,,,,,,,
jaco,ma,25_01_26,1,,,,,,,,,,,,,,,,,,,,
jaco,cor,25_01_26,1,,,,,,,,,,,,,,,,,,,,
maba,ma,25_01_26,1,,,,,,,,,,,,,,,,,,,,
jasm,cor,25_01_26,2,,,,,,,,,,,,,,,,,,,,
jaco,maba,25_01_26,1,,,,,,,,,,,,,,,,,,,,
jaco,jasm,25_01_26,2,,,,,,,,,,,,,,,,,,,,
jaco,minn,25_01_26,3,,,,,,,,,,,,,,,,,,,,
jasm,minn,25_01_26,2,,,,,,,,,,,,,,,,,,,,
p49,caaa,25_01_26,3,,,,,,,,,,,,,,,,,,,,
p49,caaa,25_01_26,3,,,,,,,,,,,,,,,,,,,,
p49,usdod,25_01_26,3,,,,,,,,,,,,,,,,,,,,
p49,usss,25_01_26,3,,,,,,,,,,,,,,,,,,,,
p49,wh,25_01_26,3,,,,,,,,,,,,,,,,,,,,
p49,nthp,25_01_26,2,,,,,,,,,,,,,,,,,,,,
caaa,usdod,25_01_26,3,,,,,,,,,,,,,,,,,,,,
caaa,usss,25_01_26,3,,,,,,,,,,,,,,,,,,,,
caaa,wh,25_01_26,1,,,,,,,,,,,,,,,,,,,,
nthp,wh,25_01_26,2,,,,,,,,,,,,,,,,,,,,
usdod,usss,25_01_26,1,,,,,,,,,,,,,,,,,,,,
p50,ice,25_01_26,3,,,,,,,,,,,,,,,,,,,,
p50,jofah,25_01_26,1,,,,,,,,,,,,,,,,,,,,
p50,fn,25_01_26,1,,,,,,,,,,,,,,,,,,,,
p50,minn,25_01_26,2,,,,,,,,,,,,,,,,,,,,
ice,jofah,25_01_26,1,,,,,,,,,,,,,,,,,,,,
jofah,fn,25_01_26,1,,,,,,,,,,,,,,,,,,,,
minn,jofah,25_01_26,1,,,,,,,,,,,,,,,,,,,,
p51,emerg,24_01_26,3,,,,,,,,,,,,,,,,,,,,
p51,tenn,24_01_26,1,,,,,,,,,,,,,,,,,,,,
p51,geo,24_01_26,1,,,,,,,,,,,,,,,,,,,,
p51,ind,24_01_26,1,,,,,,,,,,,,,,,,,,,,
p51,loui,24_01_26,1,,,,,,,,,,,,,,,,,,,,
p51,ky,24_01_26,1,,,,,,,,,,,,,,,,,,,,
p51,nocarl,24_01_26,1,,,,,,,,,,,,,,,,,,,,
p51,mary,24_01_26,1,,,,,,,,,,,,,,,,,,,,
p51,ar,24_01_26,1,,,,,,,,,,,,,,,,,,,,
p51,va,24_01_26,1,,,,,,,,,,,,,,,,,,,,
p51,miss,24_01_26,1,,,,,,,,,,,,,,,,,,,,
p51,fema,24_01_26,1,,,,,,,,,,,,,,,,,,,,
p51,usa,24_01_26,1,,,,,,,,,,,,,,,,,,,,
emerg,tenn,24_01_26,1,,,,,,,,,,,,,,,,,,,,
emerg,geo,24_01_26,1,,,,,,,,,,,,,,,,,,,,
emerg,ind,24_01_26,1,,,,,,,,,,,,,,,,,,,,
emerg,loui,24_01_26,1,,,,,,,,,,,,,,,,,,,,
emerg,ky,24_01_26,1,,,,,,,,,,,,,,,,,,,,
emerg,nocarl,24_01_26,1,,,,,,,,,,,,,,,,,,,,
emerg,mary,24_01_26,1,,,,,,,,,,,,,,,,,,,,
emerg,ar,24_01_26,1,,,,,,,,,,,,,,,,,,,,
emerg,va,24_01_26,1,,,,,,,,,,,,,,,,,,,,
emerg,miss,24_01_26,1,,,,,,,,,,,,,,,,,,,,
usa,fema,24_01_26,1,,,,,,,,,,,,,,,,,,,,
p52,cor,24_01_26,3,,,,,,,,,,,,,,,,,,,,
p52,minn,24_01_26,2,,,,,,,,,,,,,,,,,,,,
p52,cal,24_01_26,2,,,,,,,,,,,,,,,,,,,,
p52,d,24_01_26,2,,,,,,,,,,,,,,,,,,,,
cor,minn,24_01_26,2,,,,,,,,,,,,,,,,,,,,
cor,cal,24_01_26,2,,,,,,,,,,,,,,,,,,,,
cor,d,24_01_26,2,,,,,,,,,,,,,,,,,,,,
minn,d,24_01_26,2,,,,,,,,,,,,,,,,,,,,
cal,d,24_01_26,2,,,,,,,,,,,,,,,,,,,,
minn,cal,24_01_26,2,,,,,,,,,,,,,,,,,,,,
p53,cor,24_01_26,3,,,,,,,,,,,,,,,,,,,,
p53,minn,24_01_26,2,,,,,,,,,,,,,,,,,,,,
minn,cor,24_01_26,2,,,,,,,,,,,,,,,,,,,,
p54,cor,24_01_26,3,,,,,,,,,,,,,,,,,,,,
p54,cr,24_01_26,3,,,,,,,,,,,,,,,,,,,,
p54,ice,24_01_26,3,,,,,,,,,,,,,,,,,,,,
p54,fn,24_01_26,3,,,,,,,,,,,,,,,,,,,,
p54,minn,24_01_26,2,,,,,,,,,,,,,,,,,,,,
p54,ice,24_01_26,1,,,,,,,,,,,,,,,,,,,,
p54,io,24_01_26,2,,,,,,,,,,,,,,,,,,,,
p54,d,24_01_26,2,,,,,,,,,,,,,,,,,,,,
p54,walz,24_01_26,2,,,,,,,,,,,,,,,,,,,,
p54,jacfre,24_01_26,2,,,,,,,,,,,,,,,,,,,,
minn,cor,24_01_26,2,,,,,,,,,,,,,,,,,,,,
minn,cr,24_01_26,2,,,,,,,,,,,,,,,,,,,,
io,cor,24_01_26,2,,,,,,,,,,,,,,,,,,,,
io,fn,24_01_26,2,,,,,,,,,,,,,,,,,,,,
d,cr,24_01_26,2,,,,,,,,,,,,,,,,,,,,
d,cor,24_01_26,2,,,,,,,,,,,,,,,,,,,,
walz,ice,24_01_26,2,,,,,,,,,,,,,,,,,,,,
jacfre,ice,24_01_26,2,,,,,,,,,,,,,,,,,,,,
ice,cr,24_01_26,1,,,,,,,,,,,,,,,,,,,,
p55,pair,24_01_26,3,,,,,,,,,,,,,,,,,,,,
p56,souk,24_01_26,1,,,,,,,,,,,,,,,,,,,,
p56,afghan,24_01_26,2,,,,,,,,,,,,,,,,,,,,
p56,ukm,24_01_26,1,,,,,,,,,,,,,,,,,,,,
p56,usa,24_01_26,1,,,,,,,,,,,,,,,,,,,,
usa,ukm,24_01_26,1,,,,,,,,,,,,,,,,,,,,
usa,pair,24_01_26,1,,,,,,,,,,,,,,,,,,,,
ukm,pair,24_01_26,1,,,,,,,,,,,,,,,,,,,,
souk,usa,24_01_26,1,,,,,,,,,,,,,,,,,,,,
souk,ukm,24_01_26,1,,,,,,,,,,,,,,,,,,,,
usa,afghan,24_01_26,2,,,,,,,,,,,,,,,,,,,,
souk,afghan,24_01_26,2,,,,,,,,,,,,,,,,,,,,
p56,pair,24_01_26,3,,,,,,,,,,,,,,,,,,,,
p56,chn,24_01_26,2,,,,,,,,,,,,,,,,,,,,
p56,can,24_01_26,2,,,,,,,,,,,,,,,,,,,,
chn,can,24_01_26,2,,,,,,,,,,,,,,,,,,,,
pair,can,24_01_26,2,,,,,,,,,,,,,,,,,,,,
pair,chn,24_01_26,2,,,,,,,,,,,,,,,,,,,,
p57,emerg,24_01_26,3,,,,,,,,,,,,,,,,,,,,
p57,fema,24_01_26,1,,,,,,,,,,,,,,,,,,,,
p57,soca,24_01_26,1,,,,,,,,,,,,,,,,,,,,
p57,va,24_01_26,1,,,,,,,,,,,,,,,,,,,,
fema,emerg,24_01_26,1,,,,,,,,,,,,,,,,,,,,
soca,emerg,24_01_26,1,,,,,,,,,,,,,,,,,,,,
va,emerg,24_01_26,1,,,,,,,,,,,,,,,,,,,,
p58,t,24_01_26,3,,,,,,,,,,,,,,,,,,,,
p58,pmca,24_01_26,2,,,,,,,,,,,,,,,,,,,,
p58,chn,24_01_26,2,,,,,,,,,,,,,,,,,,,,
p58,can,24_01_26,2,,,,,,,,,,,,,,,,,,,,
pmca,chn,24_01_26,2,,,,,,,,,,,,,,,,,,,,
chn,can,24_01_26,2,,,,,,,,,,,,,,,,,,,,
can,t,24_01_26,2,,,,,,,,,,,,,,,,,,,,
chn,t,24_01_26,2,,,,,,,,,,,,,,,,,,,,
p59,pair,24_01_26,3,,,,,,,,,,,,,,,,,,,,
p59,ilha,24_01_26,1,,,,,,,,,,,,,,,,,,,,
p59,nipa,24_01_26,1,,,,,,,,,,,,,,,,,,,,
p59,jdv,24_01_26,1,,,,,,,,,,,,,,,,,,,,
p59,aze,24_01_26,1,,,,,,,,,,,,,,,,,,,,
p59,arm,24_01_26,1,,,,,,,,,,,,,,,,,,,,
ilha,pair,24_01_26,1,,,,,,,,,,,,,,,,,,,,
nipa,pair,24_01_26,1,,,,,,,,,,,,,,,,,,,,
aze,pair,24_01_26,1,,,,,,,,,,,,,,,,,,,,
arm,pair,24_01_26,1,,,,,,,,,,,,,,,,,,,,
jdv,aze,24_01_26,1,,,,,,,,,,,,,,,,,,,,
jdv,arm,24_01_26,1,,,,,,,,,,,,,,,,,,,,
p60,emerg,24_01_26,3,,,,,,,,,,,,,,,,,,,,
p60,fema,24_01_26,1,,,,,,,,,,,,,,,,,,,,
p60,usa,24_01_26,1,,,,,,,,,,,,,,,,,,,,
p60,trad,24_01_26,1,,,,,,,,,,,,,,,,,,,,
fema,emerg,24_01_26,1,,,,,,,,,,,,,,,,,,,,
usa,emerg,24_01_26,1,,,,,,,,,,,,,,,,,,,,
trad,emerg,24_01_26,1,,,,,,,,,,,,,,,,,,,,
p61,endor,23_01_26,3,,,,,,,,,,,,,,,,,,,,
p61,af,23_01_26,3,,,,,,,,,,,,,,,,,,,,
p61,ta,23_01_26,3,,,,,,,,,,,,,,,,,,,,
p61,ep,23_01_26,3,,,,,,,,,,,,,,,,,,,,
p61,le,23_01_26,3,,,,,,,,,,,,,,,,,,,,
p61,cr,23_01_26,3,,,,,,,,,,,,,,,,,,,,
p61,sec,23_01_26,3,,,,,,,,,,,,,,,,,,,,
p61,mij,23_01_26,1,,,,,,,,,,,,,,,,,,,,
p61,ushor,23_01_26,1,,,,,,,,,,,,,,,,,,,,
p61,loui,23_01_26,1,,,,,,,,,,,,,,,,,,,,
mij,endor,23_01_26,1,,,,,,,,,,,,,,,,,,,,
mijo,af,23_01_26,1,,,,,,,,,,,,,,,,,,,,
mijo,ta,23_01_26,1,,,,,,,,,,,,,,,,,,,,
mijo,ep,23_01_26,1,,,,,,,,,,,,,,,,,,,,
mijo,le,23_01_26,1,,,,,,,,,,,,,,,,,,,,
mijo,cr,23_01_26,1,,,,,,,,,,,,,,,,,,,,
mijo,sec,23_01_26,1,,,,,,,,,,,,,,,,,,,,
mijo,ushor,23_01_26,1,,,,,,,,,,,,,,,,,,,,
mijo,loui,23_01_26,1,,,,,,,,,,,,,,,,,,,,
p62,endor,23_01_26,3,,,,,,,,,,,,,,,,,,,,
p62,af,23_01_26,3,,,,,,,,,,,,,,,,,,,,
p62,ta,23_01_26,3,,,,,,,,,,,,,,,,,,,,
p62,ep,23_01_26,3,,,,,,,,,,,,,,,,,,,,
p62,le,23_01_26,3,,,,,,,,,,,,,,,,,,,,
p62,cr,23_01_26,3,,,,,,,,,,,,,,,,,,,,
p62,sec,23_01_26,3,,,,,,,,,,,,,,,,,,,,
p62,stsc,23_01_26,1,,,,,,,,,,,,,,,,,,,,
stsc,endor,23_01_26,1,,,,,,,,,,,,,,,,,,,,
stsc,af,23_01_26,1,,,,,,,,,,,,,,,,,,,,
stsc,ta,23_01_26,1,,,,,,,,,,,,,,,,,,,,
stsc,ep,23_01_26,1,,,,,,,,,,,,,,,,,,,,
stsc,le,23_01_26,1,,,,,,,,,,,,,,,,,,,,
stsc,cr,23_01_26,1,,,,,,,,,,,,,,,,,,,,
stsc,sec,23_01_26,1,,,,,,,,,,,,,,,,,,,,
p63,af,23_01_26,3,,,,,,,,,,,,,,,,,,,,
p63,endor,23_01_26,3,,,,,,,,,,,,,,,,,,,,
p63,ta,23_01_26,3,,,,,,,,,,,,,,,,,,,,
p63,ep,23_01_26,3,,,,,,,,,,,,,,,,,,,,
p63,le,23_01_26,3,,,,,,,,,,,,,,,,,,,,
p63,cr,23_01_26,3,,,,,,,,,,,,,,,,,,,,
p63,sec,23_01_26,3,,,,,,,,,,,,,,,,,,,,
p63,toem,23_01_26,1,,,,,,,,,,,,,,,,,,,,
p63,minn,23_01_26,1,,,,,,,,,,,,,,,,,,,,
p63,ushor,23_01_26,1,,,,,,,,,,,,,,,,,,,,
toem,endor,23_01_26,1,,,,,,,,,,,,,,,,,,,,
toem,af,23_01_26,1,,,,,,,,,,,,,,,,,,,,
toem,ta,23_01_26,1,,,,,,,,,,,,,,,,,,,,
toem,ep,23_01_26,1,,,,,,,,,,,,,,,,,,,,
toem,le,23_01_26,1,,,,,,,,,,,,,,,,,,,,
toem,cr,23_01_26,1,,,,,,,,,,,,,,,,,,,,
toem,sec,23_01_26,1,,,,,,,,,,,,,,,,,,,,
toem,minn,23_01_26,1,,,,,,,,,,,,,,,,,,,,
toem,ushor,23_01_26,1,,,,,,,,,,,,,,,,,,,,
p64,af,24_01_26,3,,,,,,,,,,,,,,,,,,,,
p64,endor,24_01_26,3,,,,,,,,,,,,,,,,,,,,
p64,ta,24_01_26,3,,,,,,,,,,,,,,,,,,,,
p64,ep,24_01_26,3,,,,,,,,,,,,,,,,,,,,
p64,le,24_01_26,3,,,,,,,,,,,,,,,,,,,,
p64,cr,24_01_26,3,,,,,,,,,,,,,,,,,,,,
p64,sec,24_01_26,3,,,,,,,,,,,,,,,,,,,,
p64,mifi,24_01_26,1,,,,,,,,,,,,,,,,,,,,
p64,minn,24_01_26,1,,,,,,,,,,,,,,,,,,,,
p64,ushor,24_01_26,1,,,,,,,,,,,,,,,,,,,,
mifi,endor,24_01_26,1,,,,,,,,,,,,,,,,,,,,
mifi,af,24_01_26,1,,,,,,,,,,,,,,,,,,,,
mifi,ta,24_01_26,1,,,,,,,,,,,,,,,,,,,,
mifi,ep,24_01_26,1,,,,,,,,,,,,,,,,,,,,
mifi,le,24_01_26,1,,,,,,,,,,,,,,,,,,,,
mifi,cr,24_01_26,1,,,,,,,,,,,,,,,,,,,,
mifi,sec,24_01_26,1,,,,,,,,,,,,,,,,,,,,
mifi,minn,24_01_26,1,,,,,,,,,,,,,,,,,,,,
mifi,ushor,24_01_26,1,,,,,,,,,,,,,,,,,,,,
p65,ic,24_01_26,3,,,,,,,,,,,,,,,,,,,,
p65,gm,24_01_26,1,,,,,,,,,,,,,,,,,,,,
p65,busuv,24_01_26,1,,,,,,,,,,,,,,,,,,,,
p65,chn,24_01_26,2,,,,,,,,,,,,,,,,,,,,
p65,usa,24_01_26,1,,,,,,,,,,,,,,,,,,,,
gm,chn,24_01_26,2,,,,,,,,,,,,,,,,,,,,
gm,usa,24_01_26,1,,,,,,,,,,,,,,,,,,,,
busuv,chn,24_01_26,2,,,,,,,,,,,,,,,,,,,,
busuv,usa,24_01_26,1,,,,,,,,,,,,,,,,,,,,
p66,ic,24_01_26,3,,,,,,,,,,,,,,,,,,,,
p66,usa,24_01_26,1,,,,,,,,,,,,,,,,,,,,
p66,uk,24_01_26,1,,,,,,,,,,,,,,,,,,,,
usa,uk,24_01_26,1,,,,,,,,,,,,,,,,,,,,
p67,suc,24_01_26,3,,,,,,,,,,,,,,,,,,,,
p67,o,24_01_26,3,,,,,,,,,,,,,,,,,,,,
p67,ut,24_01_26,1,,,,,,,,,,,,,,,,,,,,
p67,r,24_01_26,1,,,,,,,,,,,,,,,,,,,,
p67,magasup,24_01_26,1,,,,,,,,,,,,,,,,,,,,
p67,judg,24_01_26,2,,,,,,,,,,,,,,,,,,,,
p67,ufrg,24_01_26,1,,,,,,,,,,,,,,,,,,,,
p67,leac,24_01_26,2,,,,,,,,,,,,,,,,,,,,
r,suc,24_01_26,1,,,,,,,,,,,,,,,,,,,,
magasup,suc,24_01_26,1,,,,,,,,,,,,,,,,,,,,
judg,o,24_01_26,2,,,,,,,,,,,,,,,,,,,,
ut,r,24_01_26,1,,,,,,,,,,,,,,,,,,,,
ufrg,ut,24_01_26,1,,,,,,,,,,,,,,,,,,,,
leac,o,,,,,,,,,,,,,,,,,,,,,,
p68,af,23_01_26,3,,,,,,,,,,,,,,,,,,,,
p68,endor,23_01_26,3,,,,,,,,,,,,,,,,,,,,
p68,ta,23_01_26,3,,,,,,,,,,,,,,,,,,,,
p68,ep,23_01_26,3,,,,,,,,,,,,,,,,,,,,
p68,le,23_01_26,3,,,,,,,,,,,,,,,,,,,,
p68,cr,23_01_26,3,,,,,,,,,,,,,,,,,,,,
p68,sec,23_01_26,3,,,,,,,,,,,,,,,,,,,,
p68,mijo,23_01_26,1,,,,,,,,,,,,,,,,,,,,
p68,loui,23_01_26,1,,,,,,,,,,,,,,,,,,,,
p68,ushor,23_01_26,1,,,,,,,,,,,,,,,,,,,,
mijo,endor,23_01_26,1,,,,,,,,,,,,,,,,,,,,
mijo,af,23_01_26,1,,,,,,,,,,,,,,,,,,,,
mijo,ta,23_01_26,1,,,,,,,,,,,,,,,,,,,,
mijo,ep,23_01_26,1,,,,,,,,,,,,,,,,,,,,
mijo,le,23_01_26,1,,,,,,,,,,,,,,,,,,,,
mijo,cr,23_01_26,1,,,,,,,,,,,,,,,,,,,,
mijo,sec,23_01_26,1,,,,,,,,,,,,,,,,,,,,
mijo,loui,23_01_26,1,,,,,,,,,,,,,,,,,,,,
mijo,ushor,23_01_26,1,,,,,,,,,,,,,,,,,,,,
p69,af,23_01_26,3,,,,,,,,,,,,,,,,,,,,
p69,endor,23_01_26,3,,,,,,,,,,,,,,,,,,,,
p69,ta,23_01_26,3,,,,,,,,,,,,,,,,,,,,
p69,ep,23_01_26,3,,,,,,,,,,,,,,,,,,,,
p69,le,23_01_26,3,,,,,,,,,,,,,,,,,,,,
p69,cr,23_01_26,3,,,,,,,,,,,,,,,,,,,,
p69,sec,23_01_26,3,,,,,,,,,,,,,,,,,,,,
p69,stsc,23_01_26,1,,,,,,,,,,,,,,,,,,,,
p69,loui,23_01_26,1,,,,,,,,,,,,,,,,,,,,
p69,ushor,23_01_26,1,,,,,,,,,,,,,,,,,,,,
stsc,endor,23_01_26,1,,,,,,,,,,,,,,,,,,,,
stsc,af,23_01_26,1,,,,,,,,,,,,,,,,,,,,
stsc,ta,23_01_26,1,,,,,,,,,,,,,,,,,,,,
stsc,ep,23_01_26,1,,,,,,,,,,,,,,,,,,,,
stsc,le,23_01_26,1,,,,,,,,,,,,,,,,,,,,
stsc,cr,23_01_26,1,,,,,,,,,,,,,,,,,,,,
stsc,sec,23_01_26,1,,,,,,,,,,,,,,,,,,,,
stsc,loui,23_01_26,1,,,,,,,,,,,,,,,,,,,,
stsc,ushor,23_01_26,1,,,,,,,,,,,,,,,,,,,,
p70,af,23_01_26,3,,,,,,,,,,,,,,,,,,,,
p70,endor,23_01_26,3,,,,,,,,,,,,,,,,,,,,
p70,ta,23_01_26,3,,,,,,,,,,,,,,,,,,,,
p70,ep,23_01_26,3,,,,,,,,,,,,,,,,,,,,
p70,le,23_01_26,3,,,,,,,,,,,,,,,,,,,,
p70,cr,23_01_26,3,,,,,,,,,,,,,,,,,,,,
p70,sec,23_01_26,3,,,,,,,,,,,,,,,,,,,,
p70,toem,23_01_26,1,,,,,,,,,,,,,,,,,,,,
p70,minn,23_01_26,1,,,,,,,,,,,,,,,,,,,,
p70,ushor,23_01_26,1,,,,,,,,,,,,,,,,,,,,
toem,endor,23_01_26,1,,,,,,,,,,,,,,,,,,,,
toem,af,23_01_26,1,,,,,,,,,,,,,,,,,,,,
toem,ta,23_01_26,1,,,,,,,,,,,,,,,,,,,,
toem,ep,23_01_26,1,,,,,,,,,,,,,,,,,,,,
toem,le,23_01_26,1,,,,,,,,,,,,,,,,,,,,
toem,cr,23_01_26,1,,,,,,,,,,,,,,,,,,,,
toem,sec,23_01_26,1,,,,,,,,,,,,,,,,,,,,
toem,minn,23_01_26,1,,,,,,,,,,,,,,,,,,,,
toem,ushor,23_01_26,1,,,,,,,,,,,,,,,,,,,,
p71,af,23_01_26,3,,,,,,,,,,,,,,,,,,,,
p71,endor,23_01_26,3,,,,,,,,,,,,,,,,,,,,
p71,ta,23_01_26,3,,,,,,,,,,,,,,,,,,,,
p71,ep,23_01_26,3,,,,,,,,,,,,,,,,,,,,
p71,le,23_01_26,3,,,,,,,,,,,,,,,,,,,,
p71,cr,23_01_26,3,,,,,,,,,,,,,,,,,,,,
p71,sec,23_01_26,3,,,,,,,,,,,,,,,,,,,,
p71,jasm,23_01_26,1,,,,,,,,,,,,,,,,,,,,
p71,mo,23_01_26,1,,,,,,,,,,,,,,,,,,,,
p71,hwc,23_01_26,1,,,,,,,,,,,,,,,,,,,,
jasm,endor,23_01_26,1,,,,,,,,,,,,,,,,,,,,
jasm,af,23_01_26,1,,,,,,,,,,,,,,,,,,,,
jasm,ta,23_01_26,1,,,,,,,,,,,,,,,,,,,,
jasm,ep,23_01_26,1,,,,,,,,,,,,,,,,,,,,
jasm,le,23_01_26,1,,,,,,,,,,,,,,,,,,,,
jasm,cr,23_01_26,1,,,,,,,,,,,,,,,,,,,,
jasm,sec,23_01_26,1,,,,,,,,,,,,,,,,,,,,
jasm,mo,23_01_26,1,,,,,,,,,,,,,,,,,,,,
jasm,hwc,23_01_26,1,,,,,,,,,,,,,,,,,,,,
p72,endor,23_01_26,3,,,,,,,,,,,,,,,,,,,,
p72,ta,23_01_26,3,,,,,,,,,,,,,,,,,,,,
p72,ep,23_01_26,3,,,,,,,,,,,,,,,,,,,,
p72,le,23_01_26,3,,,,,,,,,,,,,,,,,,,,
p72,cr,23_01_26,3,,,,,,,,,,,,,,,,,,,,
p72,sec,23_01_26,3,,,,,,,,,,,,,,,,,,,,
p72,mifl,23_01_26,1,,,,,,,,,,,,,,,,,,,,
p72,ne,23_01_26,1,,,,,,,,,,,,,,,,,,,,
p72,ushor,23_01_26,1,,,,,,,,,,,,,,,,,,,,
mifl,endor,23_01_26,1,,,,,,,,,,,,,,,,,,,,
mifl,ta,23_01_26,1,,,,,,,,,,,,,,,,,,,,
mifl,ep,23_01_26,1,,,,,,,,,,,,,,,,,,,,
mifl,le,23_01_26,1,,,,,,,,,,,,,,,,,,,,
mifl,cr,23_01_26,1,,,,,,,,,,,,,,,,,,,,
mifl,sec,23_01_26,1,,,,,,,,,,,,,,,,,,,,
mifl,ne,23_01_26,1,,,,,,,,,,,,,,,,,,,,
mifl,ushor,23_01_26,1,,,,,,,,,,,,,,,,,,,,
p73,af,23_01_26,3,,,,,,,,,,,,,,,,,,,,
p73,endor,23_01_26,3,,,,,,,,,,,,,,,,,,,,
p73,ta,23_01_26,3,,,,,,,,,,,,,,,,,,,,
p73,ep,23_01_26,3,,,,,,,,,,,,,,,,,,,,
p73,le,23_01_26,3,,,,,,,,,,,,,,,,,,,,
p73,sec,23_01_26,3,,,,,,,,,,,,,,,,,,,,
p73,nila,23_01_26,1,,,,,,,,,,,,,,,,,,,,
p73,ny,23_01_26,1,,,,,,,,,,,,,,,,,,,,
p73,nyrsc,23_01_26,1,,,,,,,,,,,,,,,,,,,,
p73,ushor,23_01_26,1,,,,,,,,,,,,,,,,,,,,
nila,endor,23_01_26,1,,,,,,,,,,,,,,,,,,,,
nila,af,23_01_26,1,,,,,,,,,,,,,,,,,,,,
nila,ta,23_01_26,1,,,,,,,,,,,,,,,,,,,,
nila,ep,23_01_26,1,,,,,,,,,,,,,,,,,,,,
nila,le,23_01_26,1,,,,,,,,,,,,,,,,,,,,
nila,sec,23_01_26,1,,,,,,,,,,,,,,,,,,,,
nila,ny,23_01_26,1,,,,,,,,,,,,,,,,,,,,
nila,nyrsc,23_01_26,1,,,,,,,,,,,,,,,,,,,,
nila,ushor,23_01_26,1,,,,,,,,,,,,,,,,,,,,
p74,af,23_01_26,3,,,,,,,,,,,,,,,,,,,,
p74,endor,23_01_26,3,,,,,,,,,,,,,,,,,,,,
p74,ta,23_01_26,3,,,,,,,,,,,,,,,,,,,,
p74,ep,23_01_26,3,,,,,,,,,,,,,,,,,,,,
p74,le,23_01_26,3,,,,,,,,,,,,,,,,,,,,
p74,cr,23_01_26,3,,,,,,,,,,,,,,,,,,,,
p74,sec,23_01_26,3,,,,,,,,,,,,,,,,,,,,
p74,frhi,23_01_26,1,,,,,,,,,,,,,,,,,,,,
p74,ar,23_01_26,1,,,,,,,,,,,,,,,,,,,,
p74,hfsc,23_01_26,1,,,,,,,,,,,,,,,,,,,,
p74,ushor,23_01_26,1,,,,,,,,,,,,,,,,,,,,
frhi,endor,23_01_26,1,,,,,,,,,,,,,,,,,,,,
frhi,af,23_01_26,1,,,,,,,,,,,,,,,,,,,,
frhi,ta,23_01_26,1,,,,,,,,,,,,,,,,,,,,
frhi,ep,23_01_26,1,,,,,,,,,,,,,,,,,,,,
frhi,le,23_01_26,1,,,,,,,,,,,,,,,,,,,,
frhi,cr,23_01_26,1,,,,,,,,,,,,,,,,,,,,
frhi,sec,23_01_26,1,,,,,,,,,,,,,,,,,,,,
frhi,ar,23_01_26,1,,,,,,,,,,,,,,,,,,,,
frhi,hfsc,23_01_26,1,,,,,,,,,,,,,,,,,,,,
frhi,ushor,23_01_26,1,,,,,,,,,,,,,,,,,,,,
p75,endor,23_01_26,3,,,,,,,,,,,,,,,,,,,,
p75,ta,23_01_26,3,,,,,,,,,,,,,,,,,,,,
p75,ep,23_01_26,3,,,,,,,,,,,,,,,,,,,,
p75,le,23_01_26,3,,,,,,,,,,,,,,,,,,,,
p75,cr,23_01_26,3,,,,,,,,,,,,,,,,,,,,
p75,sec,23_01_26,3,,,,,,,,,,,,,,,,,,,,
p75,nas,23_01_26,3,,,,,,,,,,,,,,,,,,,,
p75,brgu,23_01_26,1,,,,,,,,,,,,,,,,,,,,
p75,ky,23_01_26,1,,,,,,,,,,,,,,,,,,,,
p75,hecc,23_01_26,1,,,,,,,,,,,,,,,,,,,,
p75,ushor,23_01_26,1,,,,,,,,,,,,,,,,,,,,
brgu,endor,23_01_26,1,,,,,,,,,,,,,,,,,,,,
brgu,ta,23_01_26,1,,,,,,,,,,,,,,,,,,,,
brgu,ep,23_01_26,1,,,,,,,,,,,,,,,,,,,,
brgu,le,23_01_26,1,,,,,,,,,,,,,,,,,,,,
brgu,cr,23_01_26,1,,,,,,,,,,,,,,,,,,,,
brgu,sec,23_01_26,1,,,,,,,,,,,,,,,,,,,,
brgu,nas,23_01_26,1,,,,,,,,,,,,,,,,,,,,
brgu,ky,23_01_26,1,,,,,,,,,,,,,,,,,,,,
brgu,hecc,23_01_26,1,,,,,,,,,,,,,,,,,,,,
brgu,ushor,23_01_26,1,,,,,,,,,,,,,,,,,,,,
p76,af,23_01_26,3,,,,,,,,,,,,,,,,,,,,
p76,endor,23_01_26,3,,,,,,,,,,,,,,,,,,,,
p76,ta,23_01_26,3,,,,,,,,,,,,,,,,,,,,
p76,ep,23_01_26,3,,,,,,,,,,,,,,,,,,,,
p76,le,23_01_26,3,,,,,,,,,,,,,,,,,,,,
p76,cr,23_01_26,3,,,,,,,,,,,,,,,,,,,,
p76,sec,23_01_26,3,,,,,,,,,,,,,,,,,,,,
p76,nas,23_01_26,3,,,,,,,,,,,,,,,,,,,,
p76,brja,23_01_26,1,,,,,,,,,,,,,,,,,,,,
p76,geo,23_01_26,1,,,,,,,,,,,,,,,,,,,,
p76,whpd,23_01_26,1,,,,,,,,,,,,,,,,,,,,
p76,ushor,23_01_26,1,,,,,,,,,,,,,,,,,,,,
brja,endor,23_01_26,1,,,,,,,,,,,,,,,,,,,,
brja,af,23_01_26,1,,,,,,,,,,,,,,,,,,,,
brja,ta,23_01_26,1,,,,,,,,,,,,,,,,,,,,
brja,ep,23_01_26,1,,,,,,,,,,,,,,,,,,,,
brja,le,23_01_26,1,,,,,,,,,,,,,,,,,,,,
brja,cr,23_01_26,1,,,,,,,,,,,,,,,,,,,,
brja,sec,23_01_26,1,,,,,,,,,,,,,,,,,,,,
brja,nas,23_01_26,1,,,,,,,,,,,,,,,,,,,,
brja,geo,23_01_26,1,,,,,,,,,,,,,,,,,,,,
brja,ushor,23_01_26,1,,,,,,,,,,,,,,,,,,,,
p77,endor,23_01_26,3,,,,,,,,,,,,,,,,,,,,
p77,ta,23_01_26,3,,,,,,,,,,,,,,,,,,,,
p77,ep,23_01_26,3,,,,,,,,,,,,,,,,,,,,
p77,le,23_01_26,3,,,,,,,,,,,,,,,,,,,,
p77,cr,23_01_26,3,,,,,,,,,,,,,,,,,,,,
p77,sec,23_01_26,3,,,,,,,,,,,,,,,,,,,,
p77,nas,23_01_26,3,,,,,,,,,,,,,,,,,,,,
p77,jaob,23_01_26,1,,,,,,,,,,,,,,,,,,,,
p77,cal,23_01_26,1,,,,,,,,,,,,,,,,,,,,
p77,ushor,23_01_26,1,,,,,,,,,,,,,,,,,,,,
jaob,endor,23_01_26,1,,,,,,,,,,,,,,,,,,,,
jaob,ta,23_01_26,1,,,,,,,,,,,,,,,,,,,,
jaob,ep,23_01_26,1,,,,,,,,,,,,,,,,,,,,
jaob,le,23_01_26,1,,,,,,,,,,,,,,,,,,,,
jaob,cr,23_01_26,1,,,,,,,,,,,,,,,,,,,,
jaob,sec,23_01_26,1,,,,,,,,,,,,,,,,,,,,
jaob,nas,23_01_26,1,,,,,,,,,,,,,,,,,,,,
jaob,cal,23_01_26,1,,,,,,,,,,,,,,,,,,,,
jaob,ushor,23_01_26,1,,,,,,,,,,,,,,,,,,,,
p78,af,23_01_26,3,,,,,,,,,,,,,,,,,,,,
p78,endor,23_01_26,3,,,,,,,,,,,,,,,,,,,,
p78,ta,23_01_26,3,,,,,,,,,,,,,,,,,,,,
p78,ep,23_01_26,3,,,,,,,,,,,,,,,,,,,,
p78,le,23_01_26,3,,,,,,,,,,,,,,,,,,,,
p78,cr,23_01_26,3,,,,,,,,,,,,,,,,,,,,
p78,sec,23_01_26,3,,,,,,,,,,,,,,,,,,,,
p78,nas,23_01_26,3,,,,,,,,,,,,,,,,,,,,
p78,ma,23_01_26,3,,,,,,,,,,,,,,,,,,,,
p78,rimc,23_01_26,1,,,,,,,,,,,,,,,,,,,,
p78,geo,23_01_26,1,,,,,,,,,,,,,,,,,,,,
p78,ushor,23_01_26,1,,,,,,,,,,,,,,,,,,,,
rimc,endor,23_01_26,1,,,,,,,,,,,,,,,,,,,,
rimc,af,23_01_26,1,,,,,,,,,,,,,,,,,,,,
rimc,ta,23_01_26,1,,,,,,,,,,,,,,,,,,,,
rimc,ep,23_01_26,1,,,,,,,,,,,,,,,,,,,,
rimc,le,23_01_26,1,,,,,,,,,,,,,,,,,,,,
rimc,cr,23_01_26,1,,,,,,,,,,,,,,,,,,,,
rimc,sec,23_01_26,1,,,,,,,,,,,,,,,,,,,,
rimc,nas,23_01_26,1,,,,,,,,,,,,,,,,,,,,
rimc,ma,23_01_26,1,,,,,,,,,,,,,,,,,,,,
rimc,geo,23_01_26,1,,,,,,,,,,,,,,,,,,,,
rimc,ushor,23_01_26,1,,,,,,,,,,,,,,,,,,,,
p79,endor,23_01_26,3,,,,,,,,,,,,,,,,,,,,
p79,ta,23_01_26,3,,,,,,,,,,,,,,,,,,,,
p79,ep,23_01_26,3,,,,,,,,,,,,,,,,,,,,
p79,le,23_01_26,3,,,,,,,,,,,,,,,,,,,,
p79,cr,23_01_26,3,,,,,,,,,,,,,,,,,,,,
p79,sec,23_01_26,3,,,,,,,,,,,,,,,,,,,,
p79,nas,23_01_26,3,,,,,,,,,,,,,,,,,,,,
p79,auss,23_01_26,1,,,,,,,,,,,,,,,,,,,,
p79,geo,23_01_26,1,,,,,,,,,,,,,,,,,,,,
p79,hac,23_01_26,1,,,,,,,,,,,,,,,,,,,,
p79,ushor,23_01_26,1,,,,,,,,,,,,,,,,,,,,
auss,endor,23_01_26,1,,,,,,,,,,,,,,,,,,,,
auss,ta,23_01_26,1,,,,,,,,,,,,,,,,,,,,
auss,ep,23_01_26,1,,,,,,,,,,,,,,,,,,,,
auss,le,23_01_26,1,,,,,,,,,,,,,,,,,,,,
auss,cr,23_01_26,1,,,,,,,,,,,,,,,,,,,,
auss,sec,23_01_26,1,,,,,,,,,,,,,,,,,,,,
auss,nas,23_01_26,1,,,,,,,,,,,,,,,,,,,,
auss,geo,23_01_26,1,,,,,,,,,,,,,,,,,,,,
auss,hac,23_01_26,1,,,,,,,,,,,,,,,,,,,,
auss,ushor,23_01_26,1,,,,,,,,,,,,,,,,,,,,
p80,endor,23_01_26,3,,,,,,,,,,,,,,,,,,,,
p80,ta,23_01_26,3,,,,,,,,,,,,,,,,,,,,
p80,ep,23_01_26,3,,,,,,,,,,,,,,,,,,,,
p80,le,23_01_26,3,,,,,,,,,,,,,,,,,,,,
p80,cr,23_01_26,3,,,,,,,,,,,,,,,,,,,,
p80,sec,23_01_26,3,,,,,,,,,,,,,,,,,,,,
p80,nas,23_01_26,3,,,,,,,,,,,,,,,,,,,,
p80,rial,23_01_26,1,,,,,,,,,,,,,,,,,,,,
p80,geo,23_01_26,1,,,,,,,,,,,,,,,,,,,,
p80,hecc,23_01_26,1,,,,,,,,,,,,,,,,,,,,
p80,ushor,23_01_26,1,,,,,,,,,,,,,,,,,,,,
rial,endor,23_01_26,1,,,,,,,,,,,,,,,,,,,,
rial,ta,23_01_26,1,,,,,,,,,,,,,,,,,,,,
rial,ep,23_01_26,1,,,,,,,,,,,,,,,,,,,,
rial,le,23_01_26,1,,,,,,,,,,,,,,,,,,,,
rial,cr,23_01_26,1,,,,,,,,,,,,,,,,,,,,
rial,sec,23_01_26,1,,,,,,,,,,,,,,,,,,,,
rial,nas,23_01_26,1,,,,,,,,,,,,,,,,,,,,
rial,geo,23_01_26,1,,,,,,,,,,,,,,,,,,,,
rial,hecc,23_01_26,1,,,,,,,,,,,,,,,,,,,,
rial,ushor,23_01_26,1,,,,,,,,,,,,,,,,,,,,
p81,endor,23_01_26,3,,,,,,,,,,,,,,,,,,,,
p81,ta,23_01_26,3,,,,,,,,,,,,,,,,,,,,
p81,ep,23_01_26,3,,,,,,,,,,,,,,,,,,,,
p81,le,23_01_26,3,,,,,,,,,,,,,,,,,,,,
p81,cr,23_01_26,3,,,,,,,,,,,,,,,,,,,,
p81,sec,23_01_26,3,,,,,,,,,,,,,,,,,,,,
p81,nas,23_01_26,3,,,,,,,,,,,,,,,,,,,,
p81,jiba,23_01_26,1,,,,,,,,,,,,,,,,,,,,
p81,ind,23_01_26,1,,,,,,,,,,,,,,,,,,,,
p81,ushor,23_01_26,1,,,,,,,,,,,,,,,,,,,,
jiba,endor,23_01_26,1,,,,,,,,,,,,,,,,,,,,
jiba,ta,23_01_26,1,,,,,,,,,,,,,,,,,,,,
jiba,ep,23_01_26,1,,,,,,,,,,,,,,,,,,,,
jiba,le,23_01_26,1,,,,,,,,,,,,,,,,,,,,
jiba,cr,23_01_26,1,,,,,,,,,,,,,,,,,,,,
jiba,sec,23_01_26,1,,,,,,,,,,,,,,,,,,,,
jiba,nas,23_01_26,1,,,,,,,,,,,,,,,,,,,,
jiba,ind,23_01_26,1,,,,,,,,,,,,,,,,,,,,
jiba,ushor,23_01_26,1,,,,,,,,,,,,,,,,,,,,
p82,endor,23_01_26,3,,,,,,,,,,,,,,,,,,,,
p82,ta,23_01_26,3,,,,,,,,,,,,,,,,,,,,
p82,ep,23_01_26,3,,,,,,,,,,,,,,,,,,,,
p82,le,23_01_26,3,,,,,,,,,,,,,,,,,,,,
p82,cr,23_01_26,3,,,,,,,,,,,,,,,,,,,,
p82,sec,23_01_26,3,,,,,,,,,,,,,,,,,,,,
p82,nas,23_01_26,3,,,,,,,,,,,,,,,,,,,,
p82,visp,23_01_26,1,,,,,,,,,,,,,,,,,,,,
p82,ind,23_01_26,1,,,,,,,,,,,,,,,,,,,,
p82,ushor,23_01_26,1,,,,,,,,,,,,,,,,,,,,
visp,endor,23_01_26,1,,,,,,,,,,,,,,,,,,,,
visp,ta,23_01_26,1,,,,,,,,,,,,,,,,,,,,
visp,ep,23_01_26,1,,,,,,,,,,,,,,,,,,,,
visp,le,23_01_26,1,,,,,,,,,,,,,,,,,,,,
visp,cr,23_01_26,1,,,,,,,,,,,,,,,,,,,,
visp,sec,23_01_26,1,,,,,,,,,,,,,,,,,,,,
visp,nas,23_01_26,1,,,,,,,,,,,,,,,,,,,,
visp,ind,23_01_26,1,,,,,,,,,,,,,,,,,,,,
visp,ushor,23_01_26,1,,,,,,,,,,,,,,,,,,,,
p83,af,23_01_26,3,,,,,,,,,,,,,,,,,,,,
p83,endor,23_01_26,3,,,,,,,,,,,,,,,,,,,,
p83,ta,23_01_26,3,,,,,,,,,,,,,,,,,,,,
p83,ep,23_01_26,3,,,,,,,,,,,,,,,,,,,,
p83,le,23_01_26,3,,,,,,,,,,,,,,,,,,,,
p83,cr,23_01_26,3,,,,,,,,,,,,,,,,,,,,
p83,sec,23_01_26,3,,,,,,,,,,,,,,,,,,,,
p83,nas,23_01_26,3,,,,,,,,,,,,,,,,,,,,
p83,jesh,23_01_26,1,,,,,,,,,,,,,,,,,,,,
p83,ind,23_01_26,1,,,,,,,,,,,,,,,,,,,,
p83,ushor,23_01_26,1,,,,,,,,,,,,,,,,,,,,
jesh,endor,23_01_26,1,,,,,,,,,,,,,,,,,,,,
jesh,af,23_01_26,1,,,,,,,,,,,,,,,,,,,,
jesh,ta,23_01_26,1,,,,,,,,,,,,,,,,,,,,
jesh,ep,23_01_26,1,,,,,,,,,,,,,,,,,,,,
jesh,le,23_01_26,1,,,,,,,,,,,,,,,,,,,,
jesh,cr,23_01_26,1,,,,,,,,,,,,,,,,,,,,
jesh,sec,23_01_26,1,,,,,,,,,,,,,,,,,,,,
jesh,nas,23_01_26,1,,,,,,,,,,,,,,,,,,,,
jesh,ind,23_01_26,1,,,,,,,,,,,,,,,,,,,,
jesh,ushor,23_01_26,1,,,,,,,,,,,,,,,,,,,,
p84,af,23_01_26,3,,,,,,,,,,,,,,,,,,,,
p84,endor,23_01_26,3,,,,,,,,,,,,,,,,,,,,
p84,ta,23_01_26,3,,,,,,,,,,,,,,,,,,,,
p84,ep,23_01_26,3,,,,,,,,,,,,,,,,,,,,
p84,le,23_01_26,3,,,,,,,,,,,,,,,,,,,,
p84,sec,23_01_26,3,,,,,,,,,,,,,,,,,,,,
p84,nas,23_01_26,3,,,,,,,,,,,,,,,,,,,,
p84,erho,23_01_26,1,,,,,,,,,,,,,,,,,,,,
p84,ind,23_01_26,1,,,,,,,,,,,,,,,,,,,,
p84,hrc,23_01_26,1,,,,,,,,,,,,,,,,,,,,
p84,ushor,23_01_26,1,,,,,,,,,,,,,,,,,,,,
erho,endor,23_01_26,1,,,,,,,,,,,,,,,,,,,,
erho,af,23_01_26,1,,,,,,,,,,,,,,,,,,,,
erho,ta,23_01_26,1,,,,,,,,,,,,,,,,,,,,
erho,ep,23_01_26,1,,,,,,,,,,,,,,,,,,,,
erho,le,23_01_26,1,,,,,,,,,,,,,,,,,,,,
erho,sec,23_01_26,1,,,,,,,,,,,,,,,,,,,,
erho,nas,23_01_26,1,,,,,,,,,,,,,,,,,,,,
erho,ind,23_01_26,1,,,,,,,,,,,,,,,,,,,,
erho,hrc,23_01_26,1,,,,,,,,,,,,,,,,,,,,
erho,ushor,23_01_26,1,,,,,,,,,,,,,,,,,,,,
p85,endor,23_01_26,3,,,,,,,,,,,,,,,,,,,,
p85,ta,23_01_26,3,,,,,,,,,,,,,,,,,,,,
p85,ep,23_01_26,3,,,,,,,,,,,,,,,,,,,,
p85,le,23_01_26,3,,,,,,,,,,,,,,,,,,,,
p85,cr,23_01_26,3,,,,,,,,,,,,,,,,,,,,
p85,sec,23_01_26,3,,,,,,,,,,,,,,,,,,,,
p85,nas,23_01_26,3,,,,,,,,,,,,,,,,,,,,
p85,clhi,23_01_26,1,,,,,,,,,,,,,,,,,,,,
p85,loui,23_01_26,1,,,,,,,,,,,,,,,,,,,,
p85,ushor,23_01_26,1,,,,,,,,,,,,,,,,,,,,
clhi,endor,23_01_26,1,,,,,,,,,,,,,,,,,,,,
clhi,ta,23_01_26,1,,,,,,,,,,,,,,,,,,,,
clhi,ep,23_01_26,1,,,,,,,,,,,,,,,,,,,,
clhi,le,23_01_26,1,,,,,,,,,,,,,,,,,,,,
clhi,cr,23_01_26,1,,,,,,,,,,,,,,,,,,,,
clhi,sec,23_01_26,1,,,,,,,,,,,,,,,,,,,,
clhi,nas,23_01_26,1,,,,,,,,,,,,,,,,,,,,
clhi,loui,23_01_26,1,,,,,,,,,,,,,,,,,,,,
clhi,ushor,23_01_26,1,,,,,,,,,,,,,,,,,,,,
p86,af,23_01_26,3,,,,,,,,,,,,,,,,,,,,
p86,endor,23_01_26,3,,,,,,,,,,,,,,,,,,,,
p86,ta,23_01_26,3,,,,,,,,,,,,,,,,,,,,
p86,ep,23_01_26,3,,,,,,,,,,,,,,,,,,,,
p86,le,23_01_26,3,,,,,,,,,,,,,,,,,,,,
p86,cr,23_01_26,3,,,,,,,,,,,,,,,,,,,,
p86,sec,23_01_26,3,,,,,,,,,,,,,,,,,,,,
p86,nas,23_01_26,3,,,,,,,,,,,,,,,,,,,,
p86,tomc,23_01_26,1,,,,,,,,,,,,,,,,,,,,
p86,cal,23_01_26,1,,,,,,,,,,,,,,,,,,,,
p86,hbc,23_01_26,1,,,,,,,,,,,,,,,,,,,,
p86,ushor,23_01_26,1,,,,,,,,,,,,,,,,,,,,
tomc,endor,23_01_26,1,,,,,,,,,,,,,,,,,,,,
tomc,af,23_01_26,1,,,,,,,,,,,,,,,,,,,,
tomc,ta,23_01_26,1,,,,,,,,,,,,,,,,,,,,
tomc,ep,23_01_26,1,,,,,,,,,,,,,,,,,,,,
tomc,le,23_01_26,1,,,,,,,,,,,,,,,,,,,,
tomc,cr,23_01_26,1,,,,,,,,,,,,,,,,,,,,
tomc,sec,23_01_26,1,,,,,,,,,,,,,,,,,,,,
tomc,nas,23_01_26,1,,,,,,,,,,,,,,,,,,,,
tomc,cal,23_01_26,1,,,,,,,,,,,,,,,,,,,,
tomc,hbc,23_01_26,1,,,,,,,,,,,,,,,,,,,,
tomc,ushor,23_01_26,1,,,,,,,,,,,,,,,,,,,,
p87,af,23_01_26,3,,,,,,,,,,,,,,,,,,,,
p87,endor,23_01_26,3,,,,,,,,,,,,,,,,,,,,
p87,ta,23_01_26,3,,,,,,,,,,,,,,,,,,,,
p87,ep,23_01_26,3,,,,,,,,,,,,,,,,,,,,
p87,le,23_01_26,3,,,,,,,,,,,,,,,,,,,,
p87,sec,23_01_26,3,,,,,,,,,,,,,,,,,,,,
p87,nas,23_01_26,3,,,,,,,,,,,,,,,,,,,,
p87,dais,23_01_26,1,,,,,,,,,,,,,,,,,,,,
p87,cal,23_01_26,1,,,,,,,,,,,,,,,,,,,,
p87,ushor,23_01_26,1,,,,,,,,,,,,,,,,,,,,
dais,endor,23_01_26,1,,,,,,,,,,,,,,,,,,,,
dais,af,23_01_26,1,,,,,,,,,,,,,,,,,,,,
dais,ta,23_01_26,1,,,,,,,,,,,,,,,,,,,,
dais,ep,23_01_26,1,,,,,,,,,,,,,,,,,,,,
dais,le,23_01_26,1,,,,,,,,,,,,,,,,,,,,
dais,sec,23_01_26,1,,,,,,,,,,,,,,,,,,,,
dais,nas,23_01_26,1,,,,,,,,,,,,,,,,,,,,
dais,cal,23_01_26,1,,,,,,,,,,,,,,,,,,,,
dais,ushor,23_01_26,1,,,,,,,,,,,,,,,,,,,,
p88,af,23_01_26,3,,,,,,,,,,,,,,,,,,,,
p88,endor,23_01_26,3,,,,,,,,,,,,,,,,,,,,
p88,ta,23_01_26,3,,,,,,,,,,,,,,,,,,,,
p88,ep,23_01_26,3,,,,,,,,,,,,,,,,,,,,
p88,le,23_01_26,3,,,,,,,,,,,,,,,,,,,,
p88,cr,23_01_26,3,,,,,,,,,,,,,,,,,,,,
p88,sec,23_01_26,3,,,,,,,,,,,,,,,,,,,,
p88,nas,23_01_26,3,,,,,,,,,,,,,,,,,,,,
p88,anlu,23_01_26,1,,,,,,,,,,,,,,,,,,,,
p88,fl,23_01_26,1,,,,,,,,,,,,,,,,,,,,
p88,ushor,23_01_26,1,,,,,,,,,,,,,,,,,,,,
anlu,endor,23_01_26,1,,,,,,,,,,,,,,,,,,,,
anlu,af,23_01_26,1,,,,,,,,,,,,,,,,,,,,
anlu,ta,23_01_26,1,,,,,,,,,,,,,,,,,,,,
anlu,ep,23_01_26,1,,,,,,,,,,,,,,,,,,,,
anlu,le,23_01_26,1,,,,,,,,,,,,,,,,,,,,
anlu,cr,23_01_26,1,,,,,,,,,,,,,,,,,,,,
anlu,sec,23_01_26,1,,,,,,,,,,,,,,,,,,,,
anlu,nas,23_01_26,1,,,,,,,,,,,,,,,,,,,,
anlu,fl,23_01_26,1,,,,,,,,,,,,,,,,,,,,
anlu,ushor,23_01_26,1,,,,,,,,,,,,,,,,,,,,
p89,rb,23_01_26,3,,,,,,,,,,,,,,,,,,,,
p89,ack,23_01_26,3,,,,,,,,,,,,,,,,,,,,
p89,boo,23_01_26,3,,,,,,,,,,,,,,,,,,,,
p89,chki,23_01_26,1,,,,,,,,,,,,,,,,,,,,
p89,bookck,23_01_26,1,,,,,,,,,,,,,,,,,,,,
chki,rb,23_01_26,1,,,,,,,,,,,,,,,,,,,,
chki,bookck,23_01_26,1,,,,,,,,,,,,,,,,,,,,
chki,ack,23_01_26,1,,,,,,,,,,,,,,,,,,,,
p90,pair,23_01_26,3,,,,,,,,,,,,,,,,,,,,
p90,nas,23_01_26,3,,,,,,,,,,,,,,,,,,,,
p90,cor,23_01_26,3,,,,,,,,,,,,,,,,,,,,
p90,can,23_01_26,2,,,,,,,,,,,,,,,,,,,,
p90,grl,23_01_26,2,,,,,,,,,,,,,,,,,,,,
p90,chn,23_01_26,2,,,,,,,,,,,,,,,,,,,,
p90,gd,23_01_26,1,,,,,,,,,,,,,,,,,,,,
pair,can,23_01_26,2,,,,,,,,,,,,,,,,,,,,
pair,chn,23_01_26,2,,,,,,,,,,,,,,,,,,,,
nas,gd,23_01_26,1,,,,,,,,,,,,,,,,,,,,
can,chn,23_01_26,2,,,,,,,,,,,,,,,,,,,,
can,grl,23_01_26,2,,,,,,,,,,,,,,,,,,,,
gd,grl,23_01_26,1,,,,,,,,,,,,,,,,,,,,
gd,can,23_01_26,1,,,,,,,,,,,,,,,,,,,,
chn,cor,23_01_26,1,,,,,,,,,,,,,,,,,,,,
p91,tva,23_01_26,3,,,,,,,,,,,,,,,,,,,,
p91,mt,23_01_26,1,,,,,,,,,,,,,,,,,,,,
p91,meli,23_01_26,1,,,,,,,,,,,,,,,,,,,,
mt,tva,23_01_26,1,,,,,,,,,,,,,,,,,,,,
mt,meli,23_01_26,1,,,,,,,,,,,,,,,,,,,,
tva,meli,23_01_26,1,,,,,,,,,,,,,,,,,,,,
p91,w,23_01_26,3,,,,,,,,,,,,,,,,,,,,
mt,w,23_01_26,1,,,,,,,,,,,,,,,,,,,,
p92,cor,23_01_26,3,,,,,,,,,,,,,,,,,,,,
p92,pair,23_01_26,3,,,,,,,,,,,,,,,,,,,,
p92,chsc,23_01_26,2,,,,,,,,,,,,,,,,,,,,
p92,ny,23_01_26,1,,,,,,,,,,,,,,,,,,,,
p92,gapr,23_01_26,1,,,,,,,,,,,,,,,,,,,,
chsc,ny,23_01_26,1,,,,,,,,,,,,,,,,,,,,
chsc,gapr,23_01_26,2,,,,,,,,,,,,,,,,,,,,
chsc,cor,23_01_26,2,,,,,,,,,,,,,,,,,,,,
chsc,pair,23_01_26,2,,,,,,,,,,,,,,,,,,,,
p93,envins,23_01_26,3,,,,,,,,,,,,,,,,,,,,
p93,cor,23_01_26,3,,,,,,,,,,,,,,,,,,,,
p93,envins,23_01_26,2,,,,,,,,,,,,,,,,,,,,
envins,envins,23_01_26,1,,,,,,,,,,,,,,,,,,,,
envins,cor,23_01_26,1,,,,,,,,,,,,,,,,,,,,
p94,pair,23_01_26,3,,,,,,,,,,,,,,,,,,,,
p94,nas,23_01_26,3,,,,,,,,,,,,,,,,,,,,
p94,nato,23_01_26,1,,,,,,,,,,,,,,,,,,,,
p94,grl,23_01_26,1,,,,,,,,,,,,,,,,,,,,
p94,davos,23_01_26,1,,,,,,,,,,,,,,,,,,,,
p94,bop,23_01_26,1,,,,,,,,,,,,,,,,,,,,
nato,pair,23_01_26,1,,,,,,,,,,,,,,,,,,,,
nato,nas,23_01_26,1,,,,,,,,,,,,,,,,,,,,
nato,grl,23_01_26,1,,,,,,,,,,,,,,,,,,,,
grl,pair,23_01_26,1,,,,,,,,,,,,,,,,,,,,
grl,nas,23_01_26,1,,,,,,,,,,,,,,,,,,,,
davos,pair,23_01_26,1,,,,,,,,,,,,,,,,,,,,
bop,pair,23_01_26,1,,,,,,,,,,,,,,,,,,,,
grl,nato,23_01_26,1,,,,,,,,,,,,,,,,,,,,
p95,pair,23_01_26,3,,,,,,,,,,,,,,,,,,,,
p95,cor,23_01_26,3,,,,,,,,,,,,,,,,,,,,
p95,tikt,23_01_26,1,,,,,,,,,,,,,,,,,,,,
p95,jdv,23_01_26,1,,,,,,,,,,,,,,,,,,,,
p95,xi,23_01_26,1,,,,,,,,,,,,,,,,,,,,
p95,chn,23_01_26,1,,,,,,,,,,,,,,,,,,,,
p95,usa,23_01_26,1,,,,,,,,,,,,,,,,,,,,
tikt,usa,23_01_26,1,,,,,,,,,,,,,,,,,,,,
jdv,usa,23_01_26,1,,,,,,,,,,,,,,,,,,,,
xi,chn,23_01_26,1,,,,,,,,,,,,,,,,,,,,
xi,pair,23_01_26,1,,,,,,,,,,,,,,,,,,,,
chn,pair,23_01_26,1,,,,,,,,,,,,,,,,,,,,
usa,pair,23_01_26,1,,,,,,,,,,,,,,,,,,,,
xi,usa,23_01_26,1,,,,,,,,,,,,,,,,,,,,
p96,pair,23_01_26,3,,,,,,,,,,,,,,,,,,,,
p96,cor,23_01_26,3,,,,,,,,,,,,,,,,,,,,
p96,pmca,23_01_26,2,,,,,,,,,,,,,,,,,,,,
p96,can,23_01_26,2,,,,,,,,,,,,,,,,,,,,
p96,bop,23_01_26,1,,,,,,,,,,,,,,,,,,,,
p96,usa,23_01_26,1,,,,,,,,,,,,,,,,,,,,
pmca,can,23_01_26,1,,,,,,,,,,,,,,,,,,,,
pmca,pair,23_01_26,1,,,,,,,,,,,,,,,,,,,,
can,pair,23_01_26,1,,,,,,,,,,,,,,,,,,,,
bop,pair,23_01_26,1,,,,,,,,,,,,,,,,,,,,
bop,can,23_01_26,1,,,,,,,,,,,,,,,,,,,,
usa,pair,23_01_26,1,,,,,,,,,,,,,,,,,,,,
pmca,bop,23_01_26,2,,,,,,,,,,,,,,,,,,,,
p97,pair,23_01_26,3,,,,,,,,,,,,,,,,,,,,
p97,nas,23_01_26,3,,,,,,,,,,,,,,,,,,,,
p97,le,23_01_26,3,,,,,,,,,,,,,,,,,,,,
p97,nato,23_01_26,1,,,,,,,,,,,,,,,,,,,,
p97,usa,23_01_26,1,,,,,,,,,,,,,,,,,,,,
p97,sb,23_01_26,2,,,,,,,,,,,,,,,,,,,,
p97,bp,23_01_26,1,,,,,,,,,,,,,,,,,,,,
nato,pair,23_01_26,1,,,,,,,,,,,,,,,,,,,,
nato,nas,23_01_26,1,,,,,,,,,,,,,,,,,,,,
nato,usa,23_01_26,1,,,,,,,,,,,,,,,,,,,,
sb,le,23_01_26,1,,,,,,,,,,,,,,,,,,,,
bp,le,23_01_26,1,,,,,,,,,,,,,,,,,,,,
usa,pair,23_01_26,1,,,,,,,,,,,,,,,,,,,,
usa,nas,23_01_26,1,,,,,,,,,,,,,,,,,,,,
p98,cor,23_01_26,3,,,,,,,,,,,,,,,,,,,,
p98,pair,23_01_26,3,,,,,,,,,,,,,,,,,,,,
p98,cr,23_01_26,3,,,,,,,,,,,,,,,,,,,,
p98,gn,23_01_26,2,,,,,,,,,,,,,,,,,,,,
p98,cal,23_01_26,2,,,,,,,,,,,,,,,,,,,,
p98,davos,23_01_26,1,,,,,,,,,,,,,,,,,,,,
p98,sf,23_01_26,1,,,,,,,,,,,,,,,,,,,,
p98,la,23_01_26,1,,,,,,,,,,,,,,,,,,,,
p98,pnw,23_01_26,1,,,,,,,,,,,,,,,,,,,,
gn,cal,23_01_26,2,,,,,,,,,,,,,,,,,,,,
gn,cor,23_01_26,2,,,,,,,,,,,,,,,,,,,,
gn,cr,23_01_26,2,,,,,,,,,,,,,,,,,,,,
gn,davos,23_01_26,2,,,,,,,,,,,,,,,,,,,,
gn,sf,23_01_26,2,,,,,,,,,,,,,,,,,,,,
cal,cr,23_01_26,2,,,,,,,,,,,,,,,,,,,,
sf,cal,23_01_26,1,,,,,,,,,,,,,,,,,,,,
la,cal,23_01_26,1,,,,,,,,,,,,,,,,,,,,
gn,pnw,23_01_26,2,,,,,,,,,,,,,,,,,,,,
p99,cor,23_01_26,3,,,,,,,,,,,,,,,,,,,,
p99,jp,23_01_26,2,,,,,,,,,,,,,,,,,,,,
p99,fedr,23_01_26,2,,,,,,,,,,,,,,,,,,,,
jp,fedr,23_01_26,2,,,,,,,,,,,,,,,,,,,,
jp,cor,23_01_26,2,,,,,,,,,,,,,,,,,,,,
fedr,cor,23_01_26,2,,,,,,,,,,,,,,,,,,,,
p100,endor,23_01_26,3,,,,,,,,,,,,,,,,,,,,
p100,eco,23_01_26,3,,,,,,,,,,,,,,,,,,,,
p100,ta,23_01_26,3,,,,,,,,,,,,,,,,,,,,
p100,ep,23_01_26,3,,,,,,,,,,,,,,,,,,,,
p100,le,23_01_26,3,,,,,,,,,,,,,,,,,,,,
p100,cr,23_01_26,3,,,,,,,,,,,,,,,,,,,,
p100,sec,23_01_26,3,,,,,,,,,,,,,,,,,,,,
p100,nas,23_01_26,3,,,,,,,,,,,,,,,,,,,,
p100,fball,23_01_26,3,,,,,,,,,,,,,,,,,,,,
p100,totu,23_01_26,1,,,,,,,,,,,,,,,,,,,,
p100,al,23_01_26,1,,,,,,,,,,,,,,,,,,,,
p100,ussen,23_01_26,1,,,,,,,,,,,,,,,,,,,,
totu,endor,23_01_26,1,,,,,,,,,,,,,,,,,,,,
totu,eco,23_01_26,1,,,,,,,,,,,,,,,,,,,,
totu,ta,23_01_26,1,,,,,,,,,,,,,,,,,,,,
totu,ep,23_01_26,1,,,,,,,,,,,,,,,,,,,,
totu,le,23_01_26,1,,,,,,,,,,,,,,,,,,,,
totu,cr,23_01_26,1,,,,,,,,,,,,,,,,,,,,
totu,sec,23_01_26,1,,,,,,,,,,,,,,,,,,,,
totu,nas,23_01_26,1,,,,,,,,,,,,,,,,,,,,
totu,al,23_01_26,1,,,,,,,,,,,,,,,,,,,,
totu,ussen,23_01_26,1,,,,,,,,,,,,,,,,,,,,
al,eco,23_01_26,1,,,,,,,,,,,,,,,,,,,,
ussen,eco,23_01_26,1,,,,,,,,,,,,,,,,,,,,
fball,totu,23_01_26,1,,,,,,,,,,,,,,,,,,,,
p101,pair,23_01_26,3,,,,,,,,,,,,,,,,,,,,
p101,eco,23_01_26,3,,,,,,,,,,,,,,,,,,,,
p101,tikt,23_01_26,1,,,,,,,,,,,,,,,,,,,,
p101,jdv,23_01_26,1,,,,,,,,,,,,,,,,,,,,
p101,xi,23_01_26,1,,,,,,,,,,,,,,,,,,,,
p101,chn,23_01_26,1,,,,,,,,,,,,,,,,,,,,
p101,usa,23_01_26,1,,,,,,,,,,,,,,,,,,,,
tikt,eco,23_01_26,1,,,,,,,,,,,,,,,,,,,,
tikt,usa,23_01_26,1,,,,,,,,,,,,,,,,,,,,
jdv,usa,23_01_26,1,,,,,,,,,,,,,,,,,,,,
xi,chn,23_01_26,1,,,,,,,,,,,,,,,,,,,,
xi,usa,23_01_26,1,,,,,,,,,,,,,,,,,,,,
xi,pair,23_01_26,1,,,,,,,,,,,,,,,,,,,,
chn,pair,23_01_26,1,,,,,,,,,,,,,,,,,,,,
usa,pair,23_01_26,1,,,,,,,,,,,,,,,,,,,,
jdv,pair,23_01_26,1,,,,,,,,,,,,,,,,,,,,
p102,pair,23_01_26,3,,,,,,,,,,,,,,,,,,,,
p102,cor,23_01_26,3,,,,,,,,,,,,,,,,,,,,
p102,pmca,23_01_26,2,,,,,,,,,,,,,,,,,,,,
p102,can,23_01_26,2,,,,,,,,,,,,,,,,,,,,
p102,bop,23_01_26,1,,,,,,,,,,,,,,,,,,,,
p102,usa,23_01_26,1,,,,,,,,,,,,,,,,,,,,
pmca,can,23_01_26,1,,,,,,,,,,,,,,,,,,,,
pmca,bop,23_01_26,2,,,,,,,,,,,,,,,,,,,,
pmca,pair,23_01_26,1,,,,,,,,,,,,,,,,,,,,
can,pair,23_01_26,1,,,,,,,,,,,,,,,,,,,,
bop,pair,23_01_26,1,,,,,,,,,,,,,,,,,,,,
bop,can,23_01_26,1,,,,,,,,,,,,,,,,,,,,
usa,pair,23_01_26,1,,,,,,,,,,,,,,,,,,,,
p103,pair,23_01_26,3,,,,,,,,,,,,,,,,,,,,
p103,nas,23_01_26,3,,,,,,,,,,,,,,,,,,,,
p103,le,23_01_26,3,,,,,,,,,,,,,,,,,,,,
p103,im,23_01_26,2,,,,,,,,,,,,,,,,,,,,
p103,nato,23_01_26,1,,,,,,,,,,,,,,,,,,,,
p103,usa,23_01_26,1,,,,,,,,,,,,,,,,,,,,
p103,sb,23_01_26,2,,,,,,,,,,,,,,,,,,,,
p103,bp,23_01_26,1,,,,,,,,,,,,,,,,,,,,
nato,pair,23_01_26,1,,,,,,,,,,,,,,,,,,,,
nato,nas,23_01_26,1,,,,,,,,,,,,,,,,,,,,
nato,usa,23_01_26,1,,,,,,,,,,,,,,,,,,,,
nato,sb,23_01_26,1,,,,,,,,,,,,,,,,,,,,
usa,pair,23_01_26,1,,,,,,,,,,,,,,,,,,,,
usa,nas,23_01_26,1,,,,,,,,,,,,,,,,,,,,
usa,sb,23_01_26,1,,,,,,,,,,,,,,,,,,,,
sb,im,23_01_26,2,,,,,,,,,,,,,,,,,,,,
sb,le,23_01_26,1,,,,,,,,,,,,,,,,,,,,
bp,le,23_01_26,1,,,,,,,,,,,,,,,,,,,,
bp,im,23_01_26,2,,,,,,,,,,,,,,,,,,,,
bp,sb,23_01_26,1,,,,,,,,,,,,,,,,,,,,
p104,cor,23_01_26,3,,,,,,,,,,,,,,,,,,,,
p104,pair,23_01_26,3,,,,,,,,,,,,,,,,,,,,
p104,cr,23_01_26,3,,,,,,,,,,,,,,,,,,,,
p104,gn,23_01_26,2,,,,,,,,,,,,,,,,,,,,
p104,cal,23_01_26,2,,,,,,,,,,,,,,,,,,,,
p104,davos,23_01_26,1,,,,,,,,,,,,,,,,,,,,
p104,sf,23_01_26,1,,,,,,,,,,,,,,,,,,,,
p104,la,23_01_26,1,,,,,,,,,,,,,,,,,,,,
p104,pnw,23_01_26,1,,,,,,,,,,,,,,,,,,,,
gn,cal,23_01_26,1,,,,,,,,,,,,,,,,,,,,
gn,davos,23_01_26,2,,,,,,,,,,,,,,,,,,,,
gn,cor,23_01_26,2,,,,,,,,,,,,,,,,,,,,
gn,cr,23_01_26,2,,,,,,,,,,,,,,,,,,,,
cal,cr,23_01_26,1,,,,,,,,,,,,,,,,,,,,
davos,pair,23_01_26,1,,,,,,,,,,,,,,,,,,,,
sf,cal,23_01_26,1,,,,,,,,,,,,,,,,,,,,
la,cal,23_01_26,1,,,,,,,,,,,,,,,,,,,,
la,sf,23_01_26,1,,,,,,,,,,,,,,,,,,,,
p105,eco,23_01_26,3,,,,,,,,,,,,,,,,,,,,
p105,cor,23_01_26,3,,,,,,,,,,,,,,,,,,,,
p105,jp,23_01_26,2,,,,,,,,,,,,,,,,,,,,
p105,fedr,23_01_26,2,,,,,,,,,,,,,,,,,,,,
jp,fedr,23_01_26,2,,,,,,,,,,,,,,,,,,,,
jp,eco,23_01_26,2,,,,,,,,,,,,,,,,,,,,
jp,cor,23_01_26,2,,,,,,,,,,,,,,,,,,,,
fedr,eco,23_01_26,2,,,,,,,,,,,,,,,,,,,,
fedr,cor,23_01_26,2,,,,,,,,,,,,,,,,,,,,
p106,endor,23_01_26,3,,,,,,,,,,,,,,,,,,,,
p106,eco,23_01_26,3,,,,,,,,,,,,,,,,,,,,
p106,ta,23_01_26,3,,,,,,,,,,,,,,,,,,,,
p106,ep,23_01_26,3,,,,,,,,,,,,,,,,,,,,
p106,le,23_01_26,3,,,,,,,,,,,,,,,,,,,,
p106,cr,23_01_26,3,,,,,,,,,,,,,,,,,,,,
p106,sec,23_01_26,3,,,,,,,,,,,,,,,,,,,,
p106,nas,23_01_26,3,,,,,,,,,,,,,,,,,,,,
p106,af,23_01_26,3,,,,,,,,,,,,,,,,,,,,
p106,jowa,23_01_26,1,,,,,,,,,,,,,,,,,,,,
p106,al,23_01_26,1,,,,,,,,,,,,,,,,,,,,
jowa,endor,23_01_26,1,,,,,,,,,,,,,,,,,,,,
jowa,eco,23_01_26,1,,,,,,,,,,,,,,,,,,,,
jowa,ta,23_01_26,1,,,,,,,,,,,,,,,,,,,,
jowa,ep,23_01_26,1,,,,,,,,,,,,,,,,,,,,
jowa,le,23_01_26,1,,,,,,,,,,,,,,,,,,,,
jowa,cr,23_01_26,1,,,,,,,,,,,,,,,,,,,,
jowa,sec,23_01_26,1,,,,,,,,,,,,,,,,,,,,
jowa,nas,23_01_26,1,,,,,,,,,,,,,,,,,,,,
jowa,af,23_01_26,1,,,,,,,,,,,,,,,,,,,,
jowa,al,23_01_26,1,,,,,,,,,,,,,,,,,,,,
p107,endor,23_01_26,3,,,,,,,,,,,,,,,,,,,,
p107,eco,23_01_26,3,,,,,,,,,,,,,,,,,,,,
p107,ta,23_01_26,3,,,,,,,,,,,,,,,,,,,,
p107,ep,23_01_26,3,,,,,,,,,,,,,,,,,,,,
p107,le,23_01_26,3,,,,,,,,,,,,,,,,,,,,
p107,cr,23_01_26,3,,,,,,,,,,,,,,,,,,,,
p107,sec,23_01_26,3,,,,,,,,,,,,,,,,,,,,
p107,nas,23_01_26,3,,,,,,,,,,,,,,,,,,,,
p107,af,23_01_26,3,,,,,,,,,,,,,,,,,,,,
p107,cor,23_01_26,3,,,,,,,,,,,,,,,,,,,,
p107,blfi,23_01_26,1,,,,,,,,,,,,,,,,,,,,
p107,trho,23_01_26,2,,,,,,,,,,,,,,,,,,,,
p107,ind,23_01_26,1,,,,,,,,,,,,,,,,,,,,
p107,cong,23_01_26,1,,,,,,,,,,,,,,,,,,,,
p107,bluf,23_01_26,1,,,,,,,,,,,,,,,,,,,,
blfi,endor,23_01_26,1,,,,,,,,,,,,,,,,,,,,
blfi,eco,23_01_26,1,,,,,,,,,,,,,,,,,,,,
blfi,ta,23_01_26,1,,,,,,,,,,,,,,,,,,,,
blfi,ep,23_01_26,1,,,,,,,,,,,,,,,,,,,,
blfi,le,23_01_26,1,,,,,,,,,,,,,,,,,,,,
blfi,cr,23_01_26,1,,,,,,,,,,,,,,,,,,,,
blfi,sec,23_01_26,1,,,,,,,,,,,,,,,,,,,,
blfi,nas,23_01_26,1,,,,,,,,,,,,,,,,,,,,
blfi,af,23_01_26,1,,,,,,,,,,,,,,,,,,,,
blfi,ind,23_01_26,1,,,,,,,,,,,,,,,,,,,,
blfi,bluf,23_01_26,1,,,,,,,,,,,,,,,,,,,,
trho,ind,23_01_26,2,,,,,,,,,,,,,,,,,,,,
trho,cor,23_01_26,2,,,,,,,,,,,,,,,,,,,,
ind,cong,23_01_26,1,,,,,,,,,,,,,,,,,,,,
bluf,ind,23_01_26,1,,,,,,,,,,,,,,,,,,,,
p108,eco,23_01_26,3,,,,,,,,,,,,,,,,,,,,
p108,pair,23_01_26,3,,,,,,,,,,,,,,,,,,,,
p108,cor,23_01_26,3,,,,,,,,,,,,,,,,,,,,
p108,af,23_01_26,3,,,,,,,,,,,,,,,,,,,,
p108,t,23_01_26,3,,,,,,,,,,,,,,,,,,,,
p108,chn,23_01_26,2,,,,,,,,,,,,,,,,,,,,
p108,usa,23_01_26,1,,,,,,,,,,,,,,,,,,,,
chn,pair,23_01_26,2,,,,,,,,,,,,,,,,,,,,
chn,eco,23_01_26,2,,,,,,,,,,,,,,,,,,,,
usa,eco,23_01_26,1,,,,,,,,,,,,,,,,,,,,
usa,pair,23_01_26,1,,,,,,,,,,,,,,,,,,,,
usa,t,23_01_26,1,,,,,,,,,,,,,,,,,,,,
chn,t,23_01_26,2,,,,,,,,,,,,,,,,,,,,
usa,chn,23_01_26,2,,,,,,,,,,,,,,,,,,,,
p109,cor,22_01_26,3,,,,,,,,,,,,,,,,,,,,
p109,cr,22_01_26,3,,,,,,,,,,,,,,,,,,,,
p109,iv,22_01_26,3,,,,,,,,,,,,,,,,,,,,
p109,io,22_01_26,2,,,,,,,,,,,,,,,,,,,,
io,cor,22_01_26,2,,,,,,,,,,,,,,,,,,,,
io,cr,22_01_26,2,,,,,,,,,,,,,,,,,,,,
io,iv,22_01_26,2,,,,,,,,,,,,,,,,,,,,
p110,eco,22_01_26,1,,,,,,,,,,,,,,,,,,,,
p110,usa,22_01_26,1,,,,,,,,,,,,,,,,,,,,
eco,usa,22_01_26,1,,,,,,,,,,,,,,,,,,,,
p111,cor,22_01_26,3,,,,,,,,,,,,,,,,,,,,
p111,cr,22_01_26,3,,,,,,,,,,,,,,,,,,,,
p111,jsm,22_01_26,2,,,,,,,,,,,,,,,,,,,,
jsm,cor,22_01_26,2,,,,,,,,,,,,,,,,,,,,
jsm,cr,22_01_26,2,,,,,,,,,,,,,,,,,,,,
p112,eco,22_01_26,3,,,,,,,,,,,,,,,,,,,,
p112,usa,22_01_26,1,,,,,,,,,,,,,,,,,,,,
p112,woex,22_01_26,1,,,,,,,,,,,,,,,,,,,,
p112,fl,22_01_26,1,,,,,,,,,,,,,,,,,,,,
p112,mia,22_01_26,1,,,,,,,,,,,,,,,,,,,,
p112,maru,22_01_26,1,,,,,,,,,,,,,,,,,,,,
p112,fifa,22_01_26,1,,,,,,,,,,,,,,,,,,,,
p112,laoly,22_01_26,1,,,,,,,,,,,,,,,,,,,,
p112,g20,22_01_26,1,,,,,,,,,,,,,,,,,,,,
p112,g7,22_01_26,1,,,,,,,,,,,,,,,,,,,,
maru,usa,22_01_26,1,,,,,,,,,,,,,,,,,,,,
fl,usa,22_01_26,1,,,,,,,,,,,,,,,,,,,,
mia,fl,22_01_26,1,,,,,,,,,,,,,,,,,,,,
fifa,usa,22_01_26,1,,,,,,,,,,,,,,,,,,,,
laoly,usa,22_01_26,1,,,,,,,,,,,,,,,,,,,,
g20,usa,22_01_26,1,,,,,,,,,,,,,,,,,,,,
g7,usa,22_01_26,1,,,,,,,,,,,,,,,,,,,,
usa,woex,22_01_26,1,,,,,,,,,,,,,,,,,,,,
mia,woex,22_01_26,1,,,,,,,,,,,,,,,,,,,,
woex,eco,22_01_26,1,,,,,,,,,,,,,,,,,,,,
maru,eco,22_01_26,1,,,,,,,,,,,,,,,,,,,,
p113,pair,22_01_26,3,,,,,,,,,,,,,,,,,,,,
p113,nas,22_01_26,3,,,,,,,,,,,,,,,,,,,,
p113,davos,22_01_26,1,,,,,,,,,,,,,,,,,,,,
p113,grl,22_01_26,1,,,,,,,,,,,,,,,,,,,,
p113,bop,22_01_26,1,,,,,,,,,,,,,,,,,,,,
p113,usa,22_01_26,1,,,,,,,,,,,,,,,,,,,,
davos,pair,22_01_26,1,,,,,,,,,,,,,,,,,,,,
grl,pair,22_01_26,1,,,,,,,,,,,,,,,,,,,,
grl,usa,22_01_26,1,,,,,,,,,,,,,,,,,,,,
bop,pair,22_01_26,1,,,,,,,,,,,,,,,,,,,,
bop,usa,22_01_26,1,,,,,,,,,,,,,,,,,,,,
usa,nas,22_01_26,1,,,,,,,,,,,,,,,,,,,,
p114,cor,22_01_26,3,,,,,,,,,,,,,,,,,,,,
p114,cr,22_01_26,3,,,,,,,,,,,,,,,,,,,,
p114,js,22_01_26,3,,,,,,,,,,,,,,,,,,,,
p114,pa,22_01_26,3,,,,,,,,,,,,,,,,,,,,
p114,o,22_01_26,3,,,,,,,,,,,,,,,,,,,,
p114,jasm,22_01_26,2,,,,,,,,,,,,,,,,,,,,
p114,d,22_01_26,2,,,,,,,,,,,,,,,,,,,,
p114,ag,22_01_26,2,,,,,,,,,,,,,,,,,,,,
jasm,cor,22_01_26,2,,,,,,,,,,,,,,,,,,,,
jasm,cr,22_01_26,2,,,,,,,,,,,,,,,,,,,,
jasm,js,22_01_26,2,,,,,,,,,,,,,,,,,,,,
jasm,pa,22_01_26,2,,,,,,,,,,,,,,,,,,,,
d,o,22_01_26,2,,,,,,,,,,,,,,,,,,,,
d,cor,22_01_26,2,,,,,,,,,,,,,,,,,,,,
ag,js,22_01_26,2,,,,,,,,,,,,,,,,,,,,
p115,ef,22_01_26,3,,,,,,,,,,,,,,,,,,,,
p115,mc,22_01_26,3,,,,,,,,,,,,,,,,,,,,
p115,fk,22_01_26,3,,,,,,,,,,,,,,,,,,,,
p115,p,22_01_26,3,,,,,,,,,,,,,,,,,,,,
p115,nyt,22_01_26,2,,,,,,,,,,,,,,,,,,,,
p115,abc,22_01_26,2,,,,,,,,,,,,,,,,,,,,
p115,nbc,22_01_26,2,,,,,,,,,,,,,,,,,,,,
p115,cbs,22_01_26,2,,,,,,,,,,,,,,,,,,,,
p115,cnn,22_01_26,2,,,,,,,,,,,,,,,,,,,,
p115,msnbc,22_01_26,2,,,,,,,,,,,,,,,,,,,,
p115,fn,22_01_26,2,,,,,,,,,,,,,,,,,,,,
p115,wsj,22_01_26,2,,,,,,,,,,,,,,,,,,,,
nyt,fk,22_01_26,2,,,,,,,,,,,,,,,,,,,,
abc,fk,22_01_26,2,,,,,,,,,,,,,,,,,,,,
nbc,fk,22_01_26,2,,,,,,,,,,,,,,,,,,,,
cbs,fk,22_01_26,2,,,,,,,,,,,,,,,,,,,,
cnn,fk,22_01_26,2,,,,,,,,,,,,,,,,,,,,
msnbc,fk,22_01_26,2,,,,,,,,,,,,,,,,,,,,
wsj,fk,22_01_26,2,,,,,,,,,,,,,,,,,,,,
fn,mc,22_01_26,2,,,,,,,,,,,,,,,,,,,,
nyt,mc,22_01_26,2,,,,,,,,,,,,,,,,,,,,
abc,mc,22_01_26,2,,,,,,,,,,,,,,,,,,,,
nbc,mc,22_01_26,2,,,,,,,,,,,,,,,,,,,,
cbs,mc,22_01_26,2,,,,,,,,,,,,,,,,,,,,
cnn,mc,22_01_26,2,,,,,,,,,,,,,,,,,,,,
msnbc,mc,22_01_26,2,,,,,,,,,,,,,,,,,,,,
wsj,mc,22_01_26,2,,,,,,,,,,,,,,,,,,,,
fn,mc,22_01_26,2,,,,,,,,,,,,,,,,,,,,
nyt,p,22_01_26,2,,,,,,,,,,,,,,,,,,,,
abc,p,22_01_26,2,,,,,,,,,,,,,,,,,,,,
nbc,p,22_01_26,2,,,,,,,,,,,,,,,,,,,,
cbs,p,22_01_26,2,,,,,,,,,,,,,,,,,,,,
cnn,p,22_01_26,2,,,,,,,,,,,,,,,,,,,,
msnbc,p,22_01_26,2,,,,,,,,,,,,,,,,,,,,
wsj,p,22_01_26,2,,,,,,,,,,,,,,,,,,,,
fn,p,22_01_26,2,,,,,,,,,,,,,,,,,,,,
nyt,ef,22_01_26,2,,,,,,,,,,,,,,,,,,,,
abc,ef,22_01_26,2,,,,,,,,,,,,,,,,,,,,
nbc,ef,22_01_26,2,,,,,,,,,,,,,,,,,,,,
cbs,ef,22_01_26,2,,,,,,,,,,,,,,,,,,,,
cnn,ef,22_01_26,2,,,,,,,,,,,,,,,,,,,,
msnbc,ef,22_01_26,2,,,,,,,,,,,,,,,,,,,,
wsj,ef,22_01_26,2,,,,,,,,,,,,,,,,,,,,
fn,ef,22_01_26,2,,,,,,,,,,,,,,,,,,,,
p116,mc,22_01_26,3,,,,,,,,,,,,,,,,,,,,
p116,fk,22_01_26,3,,,,,,,,,,,,,,,,,,,,
p116,heca,22_01_26,3,,,,,,,,,,,,,,,,,,,,
p116,eco,22_01_26,3,,,,,,,,,,,,,,,,,,,,
p116,usa,22_01_26,1,,,,,,,,,,,,,,,,,,,,
p116,p,22_01_26,2,,,,,,,,,,,,,,,,,,,,
p116,eco,22_01_26,2,,,,,,,,,,,,,,,,,,,,
p116,nyt,22_01_26,2,,,,,,,,,,,,,,,,,,,,
p116,d,22_01_26,2,,,,,,,,,,,,,,,,,,,,
heca,d,22_01_26,2,,,,,,,,,,,,,,,,,,,,
nyt,fk,22_01_26,2,,,,,,,,,,,,,,,,,,,,
nyt,p,22_01_26,2,,,,,,,,,,,,,,,,,,,,
d,eco,22_01_26,2,,,,,,,,,,,,,,,,,,,,
eco,usa,,1,,,,,,,,,,,,,,,,,,,,
p117,mc,22_01_26,3,,,,,,,,,,,,,,,,,,,,
p117,fk,22_01_26,3,,,,,,,,,,,,,,,,,,,,
p117,lopo,22_01_26,2,,,,,,,,,,,,,,,,,,,,
p117,nyt,22_01_26,2,,,,,,,,,,,,,,,,,,,,
p117,ts,22_01_26,2,,,,,,,,,,,,,,,,,,,,
p117,d,22_01_26,2,,,,,,,,,,,,,,,,,,,,
nyt,ts,22_01_26,1,,,,,,,,,,,,,,,,,,,,
ts,d,22_01_26,2,,,,,,,,,,,,,,,,,,,,
nyt,mc,22_01_26,2,,,,,,,,,,,,,,,,,,,,
nyt,fk,22_01_26,2,,,,,,,,,,,,,,,,,,,,
ts,mc,22_01_26,2,,,,,,,,,,,,,,,,,,,,
ts,fk,22_01_26,2,,,,,,,,,,,,,,,,,,,,
p118,mc,22_01_26,3,,,,,,,,,,,,,,,,,,,,
p118,tva,22_01_26,3,,,,,,,,,,,,,,,,,,,,
p118,p,22_01_26,3,,,,,,,,,,,,,,,,,,,,
p118,fcc,22_01_26,2,,,,,,,,,,,,,,,,,,,,
p118,tv,22_01_26,2,,,,,,,,,,,,,,,,,,,,
p118,jkl,22_01_26,2,,,,,,,,,,,,,,,,,,,,
p118,lat,22_01_26,1,,,,,,,,,,,,,,,,,,,,
fcc,tv,22_01_26,2,,,,,,,,,,,,,,,,,,,,
fcc,jkl,22_01_26,2,,,,,,,,,,,,,,,,,,,,
tv,tva,22_01_26,2,,,,,,,,,,,,,,,,,,,,
jkl,tva,22_01_26,2,,,,,,,,,,,,,,,,,,,,
lat,p,22_01_26,2,,,,,,,,,,,,,,,,,,,,
p119,pair,21_01_26,3,,,,,,,,,,,,,,,,,,,,
p119,t,21_01_26,2,,,,,,,,,,,,,,,,,,,,
p119,grl,21_01_26,3,,,,,,,,,,,,,,,,,,,,
p119,mr,21_01_26,1,,,,,,,,,,,,,,,,,,,,
p119,nato,21_01_26,1,,,,,,,,,,,,,,,,,,,,
p119,grl,21_01_26,1,,,,,,,,,,,,,,,,,,,,
p119,arctic,21_01_26,2,,,,,,,,,,,,,,,,,,,,
p119,jdv,21_01_26,1,,,,,,,,,,,,,,,,,,,,
p119,maru,21_01_26,1,,,,,,,,,,,,,,,,,,,,
p119,sw,21_01_26,1,,,,,,,,,,,,,,,,,,,,
mr,nato,21_01_26,1,,,,,,,,,,,,,,,,,,,,
nato,grl,21_01_26,3,,,,,,,,,,,,,,,,,,,,
grl,arctic,21_01_26,2,,,,,,,,,,,,,,,,,,,,
jdv,maru,21_01_26,1,,,,,,,,,,,,,,,,,,,,
jdv,sw,21_01_26,1,,,,,,,,,,,,,,,,,,,,
maru,sw,21_01_26,1,,,,,,,,,,,,,,,,,,,,
pair,nato,21_01_26,3,,,,,,,,,,,,,,,,,,,,
pair,grl,21_01_26,1,,,,,,,,,,,,,,,,,,,,
t,nato,21_01_26,2,,,,,,,,,,,,,,,,,,,,
usa,nato,21_01_26,1,,,,,,,,,,,,,,,,,,,,
usa,grl,21_01_26,1,,,,,,,,,,,,,,,,,,,,
p120,cap,21_01_26,3,,,,,,,,,,,,,,,,,,,,
p120,le,21_01_26,3,,,,,,,,,,,,,,,,,,,,
p120,o,21_01_26,3,,,,,,,,,,,,,,,,,,,,
p120,jb,21_01_26,2,,,,,,,,,,,,,,,,,,,,
p120,fbi,21_01_26,2,,,,,,,,,,,,,,,,,,,,
p120,sedhun,21_01_26,2,,,,,,,,,,,,,,,,,,,,
jb,fbi,21_01_26,1,,,,,,,,,,,,,,,,,,,,
fbi,sedhun,21_01_26,1,,,,,,,,,,,,,,,,,,,,
sedhun,cap,21_01_26,1,,,,,,,,,,,,,,,,,,,,
fbi,cap,21_01_26,1,,,,,,,,,,,,,,,,,,,,
jb,o,21_01_26,1,,,,,,,,,,,,,,,,,,,,
fbi,le,21_01_26,1,,,,,,,,,,,,,,,,,,,,
p121,pm,21_01_26,3,,,,,,,,,,,,,,,,,,,,
p121,pair,21_01_26,3,,,,,,,,,,,,,,,,,,,,
p121,davos,21_01_26,1,,,,,,,,,,,,,,,,,,,,
p121,am,21_01_26,1,,,,,,,,,,,,,,,,,,,,
am,davos,21_01_26,1,,,,,,,,,,,,,,,,,,,,
pm,davos,21_01_26,1,,,,,,,,,,,,,,,,,,,,
pair,am,21_01_26,1,,,,,,,,,,,,,,,,,,,,
p122,tva,21_01_26,3,,,,,,,,,,,,,,,,,,,,
p122,p,21_01_26,3,,,,,,,,,,,,,,,,,,,,
p122,kapa,21_01_26,1,,,,,,,,,,,,,,,,,,,,
p122,nena,21_01_26,1,,,,,,,,,,,,,,,,,,,,
p122,davos,21_01_26,1,,,,,,,,,,,,,,,,,,,,
kapa,nena,21_01_26,1,,,,,,,,,,,,,,,,,,,,
nena,p,21_01_26,1,,,,,,,,,,,,,,,,,,,,
kapa,p,21_01_26,1,,,,,,,,,,,,,,,,,,,,
kapa,tva,21_01_26,1,,,,,,,,,,,,,,,,,,,,
p123,pair,20_01_26,3,,,,,,,,,,,,,,,,,,,,
p123,nas,20_01_26,3,,,,,,,,,,,,,,,,,,,,
p123,nato,20_01_26,1,,,,,,,,,,,,,,,,,,,,
nato,pair,20_01_26,1,,,,,,,,,,,,,,,,,,,,
nato,nas,20_01_26,1,,,,,,,,,,,,,,,,,,,,
p124,cr,20_01_26,3,,,,,,,,,,,,,,,,,,,,
p124,o,20_01_26,3,,,,,,,,,,,,,,,,,,,,
p124,le,20_01_26,3,,,,,,,,,,,,,,,,,,,,
p124,jb,20_01_26,2,,,,,,,,,,,,,,,,,,,,
jb,o,20_01_26,2,,,,,,,,,,,,,,,,,,,,
jb,cr,20_01_26,2,,,,,,,,,,,,,,,,,,,,
jb,le,20_01_26,2,,,,,,,,,,,,,,,,,,,,
p125,cr,20_01_26,3,,,,,,,,,,,,,,,,,,,,
p125,ice,20_01_26,3,,,,,,,,,,,,,,,,,,,,
p125,dohs,20_01_26,1,,,,,,,,,,,,,,,,,,,,
p125,minn,20_01_26,2,,,,,,,,,,,,,,,,,,,,
ice,dohs,20_01_26,1,,,,,,,,,,,,,,,,,,,,
ice,cr,20_01_26,1,,,,,,,,,,,,,,,,,,,,
dohs,cr,20_01_26,1,,,,,,,,,,,,,,,,,,,,
minn,cr,20_01_26,2,,,,,,,,,,,,,,,,,,,,
p126,nas,20_01_26,3,,,,,,,,,,,,,,,,,,,,
p126,pair,20_01_26,3,,,,,,,,,,,,,,,,,,,,
p126,uk,20_01_26,2,,,,,,,,,,,,,,,,,,,,
p126,nato,20_01_26,2,,,,,,,,,,,,,,,,,,,,
p126,dgo,20_01_26,2,,,,,,,,,,,,,,,,,,,,
p126,mus,20_01_26,2,,,,,,,,,,,,,,,,,,,,
p126,chn,20_01_26,2,,,,,,,,,,,,,,,,,,,,
p126,rus,20_01_26,2,,,,,,,,,,,,,,,,,,,,
p126,usa,20_01_26,1,,,,,,,,,,,,,,,,,,,,
p126,grl,20_01_26,1,,,,,,,,,,,,,,,,,,,,
p126,dnk,20_01_26,1,,,,,,,,,,,,,,,,,,,,
p126,eu,20_01_26,1,,,,,,,,,,,,,,,,,,,,
nas,uk,20_01_26,2,,,,,,,,,,,,,,,,,,,,
nas,nato,20_01_26,2,,,,,,,,,,,,,,,,,,,,
nas,usa,20_01_26,1,,,,,,,,,,,,,,,,,,,,
nas,grl,20_01_26,2,,,,,,,,,,,,,,,,,,,,
pair,nato,20_01_26,1,,,,,,,,,,,,,,,,,,,,
pair,dnk,20_01_26,1,,,,,,,,,,,,,,,,,,,,
pair,eu,20_01_26,1,,,,,,,,,,,,,,,,,,,,
pair,usa,20_01_26,1,,,,,,,,,,,,,,,,,,,,
uk,dgo,20_01_26,2,,,,,,,,,,,,,,,,,,,,
uk,mus,20_01_26,2,,,,,,,,,,,,,,,,,,,,
nato,dgo,20_01_26,2,,,,,,,,,,,,,,,,,,,,
chn,rus,20_01_26,1,,,,,,,,,,,,,,,,,,,,
usa,chn,20_01_26,2,,,,,,,,,,,,,,,,,,,,
usa,rus,20_01_26,2,,,,,,,,,,,,,,,,,,,,
dnk,grl,20_01_26,1,,,,,,,,,,,,,,,,,,,,
eu,dnk,20_01_26,1,,,,,,,,,,,,,,,,,,,,
p127,cor,20_01_26,3,,,,,,,,,,,,,,,,,,,,
p127,walz,20_01_26,2,,,,,,,,,,,,,,,,,,,,
p127,io,20_01_26,2,,,,,,,,,,,,,,,,,,,,
cor,walz,20_01_26,2,,,,,,,,,,,,,,,,,,,,
cor,io,20_01_26,2,,,,,,,,,,,,,,,,,,,,
walz,io,20_01_26,1,,,,,,,,,,,,,,,,,,,,
p128,pair,20_01_26,3,,,,,,,,,,,,,,,,,,,,
p128,nas,20_01_26,3,,,,,,,,,,,,,,,,,,,,
p128,pm,20_01_26,3,,,,,,,,,,,,,,,,,,,,
p128,mr,20_01_26,1,,,,,,,,,,,,,,,,,,,,
p128,nato,20_01_26,1,,,,,,,,,,,,,,,,,,,,
p128,grl,20_01_26,1,,,,,,,,,,,,,,,,,,,,
p128,usa,20_01_26,1,,,,,,,,,,,,,,,,,,,,
p128,davos,20_01_26,1,,,,,,,,,,,,,,,,,,,,
p128,swis,20_01_26,1,,,,,,,,,,,,,,,,,,,,
pair,mr,20_01_26,1,,,,,,,,,,,,,,,,,,,,
pair,nato,20_01_26,1,,,,,,,,,,,,,,,,,,,,
pair,usa,20_01_26,1,,,,,,,,,,,,,,,,,,,,
nas,grl,20_01_26,1,,,,,,,,,,,,,,,,,,,,
nas,usa,20_01_26,1,,,,,,,,,,,,,,,,,,,,
pm,mr,20_01_26,1,,,,,,,,,,,,,,,,,,,,
pm,nato,20_01_26,1,,,,,,,,,,,,,,,,,,,,
pm,davos,20_01_26,1,,,,,,,,,,,,,,,,,,,,
pm,swis,20_01_26,1,,,,,,,,,,,,,,,,,,,,
nato,usa,20_01_26,1,,,,,,,,,,,,,,,,,,,,
usa,grl,20_01_26,1,,,,,,,,,,,,,,,,,,,,
davos,swis,20_01_26,1,,,,,,,,,,,,,,,,,,,,
p129,eco,20_01_26,3,,,,,,,,,,,,,,,,,,,,
p129,usa,20_01_26,1,,,,,,,,,,,,,,,,,,,,
eco,usa,20_01_26,1,,,,,,,,,,,,,,,,,,,,
p130,nas,20_01_26,3,,,,,,,,,,,,,,,,,,,,
p130,pos,20_01_26,1,,,,,,,,,,,,,,,,,,,,
p130,usa,20_01_26,1,,,,,,,,,,,,,,,,,,,,
usa,nas,20_01_26,1,,,,,,,,,,,,,,,,,,,,
usa,pos,20_01_26,1,,,,,,,,,,,,,,,,,,,,
nas,pos,20_01_26,1,,,,,,,,,,,,,,,,,,,,
p131,usa,19_01_26,1,,,,,,,,,,,,,,,,,,,,
p132,tva,19_01_26,3,,,,,,,,,,,,,,,,,,,,
p132,rs,19_01_26,1,,,,,,,,,,,,,,,,,,,,
p132,wc,19_01_26,1,,,,,,,,,,,,,,,,,,,,
p132,wcs,19_01_26,1,,,,,,,,,,,,,,,,,,,,
rs,wc,19_01_26,1,,,,,,,,,,,,,,,,,,,,
rs,wcs,19_01_26,1,,,,,,,,,,,,,,,,,,,,
wc,wcs,19_01_26,1,,,,,,,,,,,,,,,,,,,,
tva,rs,19_01_26,1,,,,,,,,,,,,,,,,,,,,
tva,wc,19_01_26,1,,,,,,,,,,,,,,,,,,,,
tva,wcs,19_01_26,1,,,,,,,,,,,,,,,,,,,,
p133,ice,19_01_26,3,,,,,,,,,,,,,,,,,,,,
p133,cr,19_01_26,3,,,,,,,,,,,,,,,,,,,,
p133,mu,19_01_26,3,,,,,,,,,,,,,,,,,,,,
p133,cor,19_01_26,3,,,,,,,,,,,,,,,,,,,,
p133,mc,19_01_26,3,,,,,,,,,,,,,,,,,,,,
p133,minn,19_01_26,2,,,,,,,,,,,,,,,,,,,,
p133,jb,19_01_26,2,,,,,,,,,,,,,,,,,,,,
p133,obp,19_01_26,2,,,,,,,,,,,,,,,,,,,,
p133,mp,19_01_26,2,,,,,,,,,,,,,,,,,,,,
ice,cr,19_01_26,1,,,,,,,,,,,,,,,,,,,,
ice,mu,19_01_26,1,,,,,,,,,,,,,,,,,,,,
jb,cr,19_01_26,2,,,,,,,,,,,,,,,,,,,,
jb,mu,19_01_26,2,,,,,,,,,,,,,,,,,,,,
jb,obp,19_01_26,2,,,,,,,,,,,,,,,,,,,,
mc,ice,19_01_26,2,,,,,,,,,,,,,,,,,,,,
minn,mc,19_01_26,2,,,,,,,,,,,,,,,,,,,,
minn,mp,19_01_26,2,,,,,,,,,,,,,,,,,,,,
cor,mp,19_01_26,2,,,,,,,,,,,,,,,,,,,,
p134,cor,19_01_26,3,,,,,,,,,,,,,,,,,,,,
p134,mico,19_01_26,2,,,,,,,,,,,,,,,,,,,,
p134,ny,19_01_26,2,,,,,,,,,,,,,,,,,,,,
cor,mico,19_01_26,2,,,,,,,,,,,,,,,,,,,,
cor,ny,19_01_26,2,,,,,,,,,,,,,,,,,,,,
mico,ny,19_01_26,2,,,,,,,,,,,,,,,,,,,,
p135,ef,19_01_26,3,,,,,,,,,,,,,,,,,,,,
p135,r,19_01_26,1,,,,,,,,,,,,,,,,,,,,
p135,d,19_01_26,2,,,,,,,,,,,,,,,,,,,,
p135,som,19_01_26,2,,,,,,,,,,,,,,,,,,,,
r,ef,19_01_26,1,,,,,,,,,,,,,,,,,,,,
d,ef,19_01_26,2,,,,,,,,,,,,,,,,,,,,
r,d,19_01_26,2,,,,,,,,,,,,,,,,,,,,
p136,eco,19_01_26,3,,,,,,,,,,,,,,,,,,,,
p136,nyse,19_01_26,2,,,,,,,,,,,,,,,,,,,,
p136,dal,19_01_26,2,,,,,,,,,,,,,,,,,,,,
p136,ny,19_01_26,2,,,,,,,,,,,,,,,,,,,,
p136,zoma,19_01_26,3,,,,,,,,,,,,,,,,,,,,
eco,nyse,19_01_26,2,,,,,,,,,,,,,,,,,,,,
eco,dal,19_01_26,3,,,,,,,,,,,,,,,,,,,,
eco,nyc,19_01_26,3,,,,,,,,,,,,,,,,,,,,
nyse,dal,19_01_26,2,,,,,,,,,,,,,,,,,,,,
nyse,ny,19_01_26,2,,,,,,,,,,,,,,,,,,,,
dal,ny,19_01_26,2,,,,,,,,,,,,,,,,,,,,
ny,zoma,19_01_26,3,,,,,,,,,,,,,,,,,,,,
p137,pair,19_01_26,3,,,,,,,,,,,,,,,,,,,,
p137,nato,19_01_26,1,,,,,,,,,,,,,,,,,,,,
p137,dnk,19_01_26,2,,,,,,,,,,,,,,,,,,,,
p137,rus,19_01_26,2,,,,,,,,,,,,,,,,,,,,
p137,grl,19_01_26,1,,,,,,,,,,,,,,,,,,,,
nato,pair,19_01_26,1,,,,,,,,,,,,,,,,,,,,
dnk,pair,19_01_26,2,,,,,,,,,,,,,,,,,,,,
rus,pair,19_01_26,2,,,,,,,,,,,,,,,,,,,,
grl,pair,19_01_26,1,,,,,,,,,,,,,,,,,,,,
nato,dnk,19_01_26,2,,,,,,,,,,,,,,,,,,,,
rus,grl,19_01_26,2,,,,,,,,,,,,,,,,,,,,
dnk,rus,19_01_26,2,,,,,,,,,,,,,,,,,,,,
dnk,grl,19_01_26,2,,,,,,,,,,,,,,,,,,,,
p138,cor,19_01_26,3,,,,,,,,,,,,,,,,,,,,
p138,io,19_01_26,2,,,,,,,,,,,,,,,,,,,,
p138,som,19_01_26,2,,,,,,,,,,,,,,,,,,,,
p138,minn,19_01_26,2,,,,,,,,,,,,,,,,,,,,
p138,usa,19_01_26,1,,,,,,,,,,,,,,,,,,,,
p138,soma,19_01_26,2,,,,,,,,,,,,,,,,,,,,
cor,io,19_01_26,2,,,,,,,,,,,,,,,,,,,,
io,som,19_01_26,2,,,,,,,,,,,,,,,,,,,,
io,usa,19_01_26,2,,,,,,,,,,,,,,,,,,,,
som,minn,19_01_26,2,,,,,,,,,,,,,,,,,,,,
usa,soma,19_01_26,2,,,,,,,,,,,,,,,,,,,,
io,soma,19_01_26,2,,,,,,,,,,,,,,,,,,,,
p139,boo,19_01_26,3,,,,,,,,,,,,,,,,,,,,
p139,pesc,19_01_26,1,,,,,,,,,,,,,,,,,,,,
p139,usa,19_01_26,2,,,,,,,,,,,,,,,,,,,,
boo,pesc,19_01_26,1,,,,,,,,,,,,,,,,,,,,
usa,pesc,19_01_26,1,,,,,,,,,,,,,,,,,,,,
p140,ice,19_01_26,3,,,,,,,,,,,,,,,,,,,,
p140,bp,19_01_26,1,,,,,,,,,,,,,,,,,,,,
ice,bp,19_01_26,1,,,,,,,,,,,,,,,,,,,,
p141,endor,19_01_26,3,,,,,,,,,,,,,,,,,,,,
p141,dabo,19_01_26,1,,,,,,,,,,,,,,,,,,,,
endor,dabo,19_01_26,1,,,,,,,,,,,,,,,,,,,,
p142,ice,18_01_26,3,,,,,,,,,,,,,,,,,,,,
p142,cr,18_01_26,3,,,,,,,,,,,,,,,,,,,,
p142,mu,18_01_26,3,,,,,,,,,,,,,,,,,,,,
p142,io,18_01_26,2,,,,,,,,,,,,,,,,,,,,
p142,minn,18_01_26,2,,,,,,,,,,,,,,,,,,,,
p142,dr,18_01_26,2,,,,,,,,,,,,,,,,,,,,
p142,usa,18_01_26,1,,,,,,,,,,,,,,,,,,,,
usa,ice,18_01_26,1,,,,,,,,,,,,,,,,,,,,
cr,ice,18_01_26,1,,,,,,,,,,,,,,,,,,,,
minn,ice,18_01_26,2,,,,,,,,,,,,,,,,,,,,
minn,dr,18_01_26,2,,,,,,,,,,,,,,,,,,,,
usa,io,18_01_26,2,,,,,,,,,,,,,,,,,,,,
p143,endor,18_01_26,3,,,,,,,,,,,,,,,,,,,,
p143,dil,18_01_26,1,,,,,,,,,,,,,,,,,,,,
p143,tisc,18_01_26,1,,,,,,,,,,,,,,,,,,,,
p143,latr,18_01_26,1,,,,,,,,,,,,,,,,,,,,
endor,tisc,18_01_26,1,,,,,,,,,,,,,,,,,,,,
endor,latr,18_01_26,1,,,,,,,,,,,,,,,,,,,,
dil,latr,18_01_26,1,,,,,,,,,,,,,,,,,,,,
p144,ice,18_01_26,3,,,,,,,,,,,,,,,,,,,,
p144,cr,18_01_26,3,,,,,,,,,,,,,,,,,,,,
p144,obp,18_01_26,2,,,,,,,,,,,,,,,,,,,,
p144,jb,18_01_26,2,,,,,,,,,,,,,,,,,,,,
p144,minn,18_01_26,2,,,,,,,,,,,,,,,,,,,,
obp,jb,18_01_26,2,,,,,,,,,,,,,,,,,,,,
obp,cr,18_01_26,2,,,,,,,,,,,,,,,,,,,,
cr,minn,18_01_26,2,,,,,,,,,,,,,,,,,,,,
cr,ice,18_01_26,1,,,,,,,,,,,,,,,,,,,,
minn,ice,18_01_26,1,,,,,,,,,,,,,,,,,,,,
p145,endor,18_01_26,3,,,,,,,,,,,,,,,,,,,,
p145,jifa,18_01_26,1,,,,,,,,,,,,,,,,,,,,
endor,jifa,18_01_26,1,,,,,,,,,,,,,,,,,,,,
p146,t,17_01_26,3,,,,,,,,,,,,,,,,,,,,
p146,pair,17_01_26,3,,,,,,,,,,,,,,,,,,,,
p146,nas,17_01_26,3,,,,,,,,,,,,,,,,,,,,
p146,dnk,17_01_26,2,,,,,,,,,,,,,,,,,,,,
p146,eu,17_01_26,2,,,,,,,,,,,,,,,,,,,,
p146,chn,17_01_26,2,,,,,,,,,,,,,,,,,,,,
p146,rus,17_01_26,2,,,,,,,,,,,,,,,,,,,,
p146,grl,17_01_26,1,,,,,,,,,,,,,,,,,,,,
p146,usa,17_01_26,1,,,,,,,,,,,,,,,,,,,,
p146,nor,17_01_26,2,,,,,,,,,,,,,,,,,,,,
p146,swe,17_01_26,2,,,,,,,,,,,,,,,,,,,,
p146,fra,17_01_26,2,,,,,,,,,,,,,,,,,,,,
p146,ger,17_01_26,2,,,,,,,,,,,,,,,,,,,,
p146,uk,17_01_26,2,,,,,,,,,,,,,,,,,,,,
p146,nld,17_01_26,2,,,,,,,,,,,,,,,,,,,,
p146,fin,17_01_26,2,,,,,,,,,,,,,,,,,,,,
p146,can,17_01_26,1,,,,,,,,,,,,,,,,,,,,
t,dnk,17_01_26,2,,,,,,,,,,,,,,,,,,,,
t,nor,17_01_26,2,,,,,,,,,,,,,,,,,,,,
t,swe,17_01_26,2,,,,,,,,,,,,,,,,,,,,
t,fra,17_01_26,2,,,,,,,,,,,,,,,,,,,,
t,ger,17_01_26,2,,,,,,,,,,,,,,,,,,,,
t,uk,17_01_26,2,,,,,,,,,,,,,,,,,,,,
t,nld,17_01_26,2,,,,,,,,,,,,,,,,,,,,
t,fin,17_01_26,2,,,,,,,,,,,,,,,,,,,,
pair,dnk,17_01_26,2,,,,,,,,,,,,,,,,,,,,
pair,eu,17_01_26,2,,,,,,,,,,,,,,,,,,,,
pair,nor,17_01_26,2,,,,,,,,,,,,,,,,,,,,
pair,swe,17_01_26,2,,,,,,,,,,,,,,,,,,,,
pair,fra,17_01_26,2,,,,,,,,,,,,,,,,,,,,
pair,ger,17_01_26,2,,,,,,,,,,,,,,,,,,,,
pair,uk,17_01_26,2,,,,,,,,,,,,,,,,,,,,
pair,nld,17_01_26,2,,,,,,,,,,,,,,,,,,,,
pair,fin,17_01_26,2,,,,,,,,,,,,,,,,,,,,
pair,grl,17_01_26,1,,,,,,,,,,,,,,,,,,,,
pair,usa,17_01_26,1,,,,,,,,,,,,,,,,,,,,
nas,usa,17_01_26,1,,,,,,,,,,,,,,,,,,,,
nas,grl,17_01_26,1,,,,,,,,,,,,,,,,,,,,
nas,chn,17_01_26,2,,,,,,,,,,,,,,,,,,,,
nas,rus,17_01_26,2,,,,,,,,,,,,,,,,,,,,
dnk,grl,17_01_26,2,,,,,,,,,,,,,,,,,,,,
chn,grl,17_01_26,2,,,,,,,,,,,,,,,,,,,,
rus,grl,17_01_26,2,,,,,,,,,,,,,,,,,,,,
usa,grl,17_01_26,1,,,,,,,,,,,,,,,,,,,,
usa,chn,17_01_26,2,,,,,,,,,,,,,,,,,,,,
usa,rus,17_01_26,2,,,,,,,,,,,,,,,,,,,,
dnk,usa,17_01_26,2,,,,,,,,,,,,,,,,,,,,
eu,usa,17_01_26,2,,,,,,,,,,,,,,,,,,,,
nor,usa,17_01_26,2,,,,,,,,,,,,,,,,,,,,
swe,usa,17_01_26,2,,,,,,,,,,,,,,,,,,,,
fra,usa,17_01_26,2,,,,,,,,,,,,,,,,,,,,
ger,usa,17_01_26,2,,,,,,,,,,,,,,,,,,,,
uk,usa,17_01_26,2,,,,,,,,,,,,,,,,,,,,
nld,usa,17_01_26,2,,,,,,,,,,,,,,,,,,,,
fin,usa,17_01_26,2,,,,,,,,,,,,,,,,,,,,
usa,can,17_01_26,1,,,,,,,,,,,,,,,,,,,,
p147,pair,17_01_26,3,,,,,,,,,,,,,,,,,,,,
p147,damc,17_01_26,1,,,,,,,,,,,,,,,,,,,,
p147,robr,17_01_26,2,,,,,,,,,,,,,,,,,,,,
p147,usa,17_01_26,1,,,,,,,,,,,,,,,,,,,,
p147,ind,17_01_26,2,,,,,,,,,,,,,,,,,,,,
p147,r,17_01_26,1,,,,,,,,,,,,,,,,,,,,
pair,damc,17_01_26,1,,,,,,,,,,,,,,,,,,,,
pair,robr,17_01_26,2,,,,,,,,,,,,,,,,,,,,
damc,robr,17_01_26,2,,,,,,,,,,,,,,,,,,,,
robr,r,17_01_26,2,,,,,,,,,,,,,,,,,,,,
robr,usa,17_01_26,2,,,,,,,,,,,,,,,,,,,,
robr,ind,17_01_26,1,,,,,,,,,,,,,,,,,,,,
p148,endor,18_01_26,3,,,,,,,,,,,,,,,,,,,,
p148,af,18_01_26,3,,,,,,,,,,,,,,,,,,,,
p148,eco,18_01_26,3,,,,,,,,,,,,,,,,,,,,
p148,ta,18_01_26,3,,,,,,,,,,,,,,,,,,,,
p148,ep,18_01_26,3,,,,,,,,,,,,,,,,,,,,
p148,sec,18_01_26,3,,,,,,,,,,,,,,,,,,,,
p148,le,18_01_26,3,,,,,,,,,,,,,,,,,,,,
p148,nas,18_01_26,3,,,,,,,,,,,,,,,,,,,,
p148,jlet,18_01_26,1,,,,,,,,,,,,,,,,,,,,
p148,usa,18_01_26,1,,,,,,,,,,,,,,,,,,,,
p148,loui,18_01_26,1,,,,,,,,,,,,,,,,,,,,
p148,cr,18_01_26,3,,,,,,,,,,,,,,,,,,,,
endor,jlet,18_01_26,1,,,,,,,,,,,,,,,,,,,,
loui,jlet,18_01_26,1,,,,,,,,,,,,,,,,,,,,
af,jlet,18_01_26,1,,,,,,,,,,,,,,,,,,,,
eco,usa,18_01_26,1,,,,,,,,,,,,,,,,,,,,
ta,usa,18_01_26,1,,,,,,,,,,,,,,,,,,,,
ep,usa,18_01_26,1,,,,,,,,,,,,,,,,,,,,
sec,usa,18_01_26,1,,,,,,,,,,,,,,,,,,,,
le,usa,18_01_26,1,,,,,,,,,,,,,,,,,,,,
nas,usa,18_01_26,1,,,,,,,,,,,,,,,,,,,,
jlet,usa,18_01_26,1,,,,,,,,,,,,,,,,,,,,
jlet,eco,18_01_26,1,,,,,,,,,,,,,,,,,,,,
jlet,ta,18_01_26,1,,,,,,,,,,,,,,,,,,,,
jlet,ep,18_01_26,1,,,,,,,,,,,,,,,,,,,,
jlet,le,18_01_26,1,,,,,,,,,,,,,,,,,,,,
jlet,cr,18_01_26,1,,,,,,,,,,,,,,,,,,,,
usa,le,18_01_26,1,,,,,,,,,,,,,,,,,,,,
usa,cr,18_01_26,1,,,,,,,,,,,,,,,,,,,,
p149,endor,18_01_26,3,,,,,,,,,,,,,,,,,,,,
p149,af,18_01_26,3,,,,,,,,,,,,,,,,,,,,
p149,eco,18_01_26,3,,,,,,,,,,,,,,,,,,,,
p149,ta,18_01_26,3,,,,,,,,,,,,,,,,,,,,
p149,ep,18_01_26,3,,,,,,,,,,,,,,,,,,,,
p149,sec,18_01_26,3,,,,,,,,,,,,,,,,,,,,
p149,le,18_01_26,3,,,,,,,,,,,,,,,,,,,,
p149,nas,18_01_26,3,,,,,,,,,,,,,,,,,,,,
p149,cr,18_01_26,3,,,,,,,,,,,,,,,,,,,,
p149,bmoo,18_01_26,1,,,,,,,,,,,,,,,,,,,,
p149,usa,18_01_26,1,,,,,,,,,,,,,,,,,,,,
p149,al,18_01_26,1,,,,,,,,,,,,,,,,,,,,
endor,bmoo,18_01_26,1,,,,,,,,,,,,,,,,,,,,
af,bmoo,18_01_26,1,,,,,,,,,,,,,,,,,,,,
eco,usa,18_01_26,1,,,,,,,,,,,,,,,,,,,,
ta,usa,18_01_26,1,,,,,,,,,,,,,,,,,,,,
ep,usa,18_01_26,1,,,,,,,,,,,,,,,,,,,,
sec,usa,18_01_26,1,,,,,,,,,,,,,,,,,,,,
le,usa,18_01_26,1,,,,,,,,,,,,,,,,,,,,
nas,usa,18_01_26,1,,,,,,,,,,,,,,,,,,,,
bmoo,usa,18_01_26,1,,,,,,,,,,,,,,,,,,,,
cr,usa,18_01_26,1,,,,,,,,,,,,,,,,,,,,
al,bmoo,18_01_26,1,,,,,,,,,,,,,,,,,,,,
eco,bmoo,18_01_26,1,,,,,,,,,,,,,,,,,,,,
ta,bmoo,18_01_26,1,,,,,,,,,,,,,,,,,,,,
ep,bmoo,18_01_26,1,,,,,,,,,,,,,,,,,,,,
le,bmoo,18_01_26,,,,,,,,,,,,,,,,,,,,,
cr,bmoo,18_01_26,,,,,,,,,,,,,,,,,,,,,
p150,ma,18_01_26,3,,,,,,,,,,,,,,,,,,,,
p150,tva,18_01_26,3,,,,,,,,,,,,,,,,,,,,
p150,army,18_01_26,1,,,,,,,,,,,,,,,,,,,,
p150,navy,18_01_26,1,,,,,,,,,,,,,,,,,,,,
ma,army,18_01_26,1,,,,,,,,,,,,,,,,,,,,
ma,navy,18_01_26,1,,,,,,,,,,,,,,,,,,,,
army,navy,18_01_26,1,,,,,,,,,,,,,,,,,,,,
tva,army,18_01_26,1,,,,,,,,,,,,,,,,,,,,
tva,navy,18_01_26,1,,,,,,,,,,,,,,,,,,,,
p151,o,17_01_26,3,,,,,,,,,,,,,,,,,,,,
p151,jb,17_01_26,2,,,,,,,,,,,,,,,,,,,,
p151,d,17_01_26,2,,,,,,,,,,,,,,,,,,,,
o,jb,17_01_26,2,,,,,,,,,,,,,,,,,,,,
o,d,17_01_26,2,,,,,,,,,,,,,,,,,,,,
p152,t,17_01_26,3,,,,,,,,,,,,,,,,,,,,
p152,pair,17_01_26,3,,,,,,,,,,,,,,,,,,,,
p152,nas,17_01_26,3,,,,,,,,,,,,,,,,,,,,
p152,grl,17_01_26,2,,,,,,,,,,,,,,,,,,,,
p152,dnk,17_01_26,2,,,,,,,,,,,,,,,,,,,,
p152,eu,17_01_26,2,,,,,,,,,,,,,,,,,,,,
p152,chn,17_01_26,2,,,,,,,,,,,,,,,,,,,,
p152,rus,17_01_26,2,,,,,,,,,,,,,,,,,,,,
p152,nor,17_01_26,2,,,,,,,,,,,,,,,,,,,,
p152,swe,17_01_26,2,,,,,,,,,,,,,,,,,,,,
p152,fra,17_01_26,2,,,,,,,,,,,,,,,,,,,,
p152,ger,17_01_26,2,,,,,,,,,,,,,,,,,,,,
p152,uk,17_01_26,2,,,,,,,,,,,,,,,,,,,,
p152,nld,17_01_26,2,,,,,,,,,,,,,,,,,,,,
p152,fin,17_01_26,2,,,,,,,,,,,,,,,,,,,,
p152,can,17_01_26,1,,,,,,,,,,,,,,,,,,,,
t,dnk,17_01_26,2,,,,,,,,,,,,,,,,,,,,
t,nor,17_01_26,2,,,,,,,,,,,,,,,,,,,,
t,swe,17_01_26,2,,,,,,,,,,,,,,,,,,,,
t,fra,17_01_26,2,,,,,,,,,,,,,,,,,,,,
t,ger,17_01_26,2,,,,,,,,,,,,,,,,,,,,
t,uk,17_01_26,2,,,,,,,,,,,,,,,,,,,,
t,nld,17_01_26,2,,,,,,,,,,,,,,,,,,,,
t,fin,17_01_26,2,,,,,,,,,,,,,,,,,,,,
nas,grl,17_01_26,1,,,,,,,,,,,,,,,,,,,,
pair,dnk,17_01_26,2,,,,,,,,,,,,,,,,,,,,
pair,eu,17_01_26,2,,,,,,,,,,,,,,,,,,,,
pair,chn,17_01_26,2,,,,,,,,,,,,,,,,,,,,
pair,rus,17_01_26,2,,,,,,,,,,,,,,,,,,,,
pair,nor,17_01_26,2,,,,,,,,,,,,,,,,,,,,
pair,swe,17_01_26,2,,,,,,,,,,,,,,,,,,,,
pair,fra,17_01_26,2,,,,,,,,,,,,,,,,,,,,
pair,ger,17_01_26,2,,,,,,,,,,,,,,,,,,,,
pair,uk,17_01_26,2,,,,,,,,,,,,,,,,,,,,
pair,nld,17_01_26,2,,,,,,,,,,,,,,,,,,,,
pair,fin,17_01_26,2,,,,,,,,,,,,,,,,,,,,
dnk,grl,17_01_26,2,,,,,,,,,,,,,,,,,,,,
chn,grl,17_01_26,2,,,,,,,,,,,,,,,,,,,,
rus,grl,17_01_26,2,,,,,,,,,,,,,,,,,,,,
dnk,eu,17_01_26,1,,,,,,,,,,,,,,,,,,,,
nor,eu,17_01_26,1,,,,,,,,,,,,,,,,,,,,
swe,eu,17_01_26,1,,,,,,,,,,,,,,,,,,,,
fra,eu,17_01_26,1,,,,,,,,,,,,,,,,,,,,
ger,eu,17_01_26,1,,,,,,,,,,,,,,,,,,,,
nld,eu,17_01_26,1,,,,,,,,,,,,,,,,,,,,
fin,eu,17_01_26,1,,,,,,,,,,,,,,,,,,,,
uk,eu,17_01_26,2,,,,,,,,,,,,,,,,,,,,
chn,rus,17_01_26,1,,,,,,,,,,,,,,,,,,,,
p153,fk,17_01_26,3,,,,,,,,,,,,,,,,,,,,
p153,wsj,17_01_26,2,,,,,,,,,,,,,,,,,,,,
p153,jadi,17_01_26,2,,,,,,,,,,,,,,,,,,,,
p153,jpm,17_01_26,2,,,,,,,,,,,,,,,,,,,,
p153,sb,17_01_26,1,,,,,,,,,,,,,,,,,,,,
fk,wsj,17_01_26,2,,,,,,,,,,,,,,,,,,,,
jadi,jpm,17_01_26,1,,,,,,,,,,,,,,,,,,,,
wsj,jpm,17_01_26,1,,,,,,,,,,,,,,,,,,,,
jadi,sb,17_01_26,2,,,,,,,,,,,,,,,,,,,,
p154,fk,17_01_26,3,,,,,,,,,,,,,,,,,,,,
p154,mor,17_01_26,2,,,,,,,,,,,,,,,,,,,,
p154,cnn,17_01_26,2,,,,,,,,,,,,,,,,,,,,
fk,cnn,17_01_26,2,,,,,,,,,,,,,,,,,,,,
cnn,mor,17_01_26,2,,,,,,,,,,,,,,,,,,,,
p155,le,17_01_26,3,,,,,,,,,,,,,,,,,,,,
p155,usa,17_01_26,1,,,,,,,,,,,,,,,,,,,,
p155,d,17_01_26,2,,,,,,,,,,,,,,,,,,,,
p155,ny,17_01_26,1,,,,,,,,,,,,,,,,,,,,
p155,nyc,17_01_26,1,,,,,,,,,,,,,,,,,,,,
p155,judg,17_01_26,1,,,,,,,,,,,,,,,,,,,,
le,d,17_01_26,2,,,,,,,,,,,,,,,,,,,,
d,usa,17_01_26,2,,,,,,,,,,,,,,,,,,,,
le,usa,17_01_26,1,,,,,,,,,,,,,,,,,,,,
le,judg,17_01_26,1,,,,,,,,,,,,,,,,,,,,
le,nyc,17_01_26,1,,,,,,,,,,,,,,,,,,,,
nyc,judg,17_01_26,1,,,,,,,,,,,,,,,,,,,,
d,nyc,17_01_26,2,,,,,,,,,,,,,,,,,,,,
d,judg,17_01_26,2,,,,,,,,,,,,,,,,,,,,
nyc,ny,17_01_26,1,,,,,,,,,,,,,,,,,,,,
usa,nyc,17_01_26,1,,,,,,,,,,,,,,,,,,,,
d,ny,17_01_26,2,,,,,,,,,,,,,,,,,,,,
p156,pair,16_01_26,3,,,,,,,,,,,,,,,,,,,,
p156,irn,16_01_26,1,,,,,,,,,,,,,,,,,,,,
pair,irn,16_01_26,1,,,,,,,,,,,,,,,,,,,,
p157,nas,16_01_26,3,,,,,,,,,,,,,,,,,,,,
p157,jacfre,16_01_26,2,,,,,,,,,,,,,,,,,,,,
p157,walz,16_01_26,2,,,,,,,,,,,,,,,,,,,,
p157,minn,16_01_26,2,,,,,,,,,,,,,,,,,,,,
nas,minn,16_01_26,2,,,,,,,,,,,,,,,,,,,,
nas,jacfre,16_01_26,2,,,,,,,,,,,,,,,,,,,,
nas,walz,16_01_26,2,,,,,,,,,,,,,,,,,,,,
walz,jacfre,16_01_26,2,,,,,,,,,,,,,,,,,,,,
minn,walz,16_01_26,2,,,,,,,,,,,,,,,,,,,,
minn,jacfre,16_01_26,2,,,,,,,,,,,,,,,,,,,,
p158,heca,16_01_26,3,,,,,,,,,,,,,,,,,,,,
p158,usa,16_01_26,1,,,,,,,,,,,,,,,,,,,,
usa,heca,16_01_26,1,,,,,,,,,,,,,,,,,,,,
p159,asw,01_01_26,1,,,,,,,,,,,,,,,,,,,,
p159,d,01_01_26,2,,,,,,,,,,,,,,,,,,,,
p159,maga,01_01_26,1,,,,,,,,,,,,,,,,,,,,
p159,boo,01_01_26,1,,,,,,,,,,,,,,,,,,,,
asw,boo,01_01_26,1,,,,,,,,,,,,,,,,,,,,
boo,maga,01_01_26,1,,,,,,,,,,,,,,,,,,,,
p160,adc,01_01_26,1,,,,,,,,,,,,,,,,,,,,
p160,fn,01_01_26,1,,,,,,,,,,,,,,,,,,,,
p160,trad,01_01_26,1,,,,,,,,,,,,,,,,,,,,
p160,jb,01_01_26,2,,,,,,,,,,,,,,,,,,,,
p160,usa,01_01_26,1,,,,,,,,,,,,,,,,,,,,
p160,cr,01_01_26,3,,,,,,,,,,,,,,,,,,,,
p160,ice,01_01_26,3,,,,,,,,,,,,,,,,,,,,
adc,fn,01_01_26,1,,,,,,,,,,,,,,,,,,,,
trad,usa,01_01_26,1,,,,,,,,,,,,,,,,,,,,
jb,usa,01_01_26,2,,,,,,,,,,,,,,,,,,,,
jb,ice,01_01_26,2,,,,,,,,,,,,,,,,,,,,
jb,cr,01_01_26,2,,,,,,,,,,,,,,,,,,,,
trad,ice,01_01_26,1,,,,,,,,,,,,,,,,,,,,
trad,cr,01_01_26,1,,,,,,,,,,,,,,,,,,,,
p161,irn,02_01_26,2,,,,,,,,,,,,,,,,,,,,
p161,irng,02_01_26,2,,,,,,,,,,,,,,,,,,,,
p161,usa,02_01_26,1,,,,,,,,,,,,,,,,,,,,
p161,pr,02_01_26,1,,,,,,,,,,,,,,,,,,,,
irn,irng,02_01_26,3,,,,,,,,,,,,,,,,,,,,
irn,pr,02_01_26,2,,,,,,,,,,,,,,,,,,,,
irng,pr,02_01_26,2,,,,,,,,,,,,,,,,,,,,
usa,pr,02_01_26,1,,,,,,,,,,,,,,,,,,,,
p162,wh,02_01_26,1,,,,,,,,,,,,,,,,,,,,
p162,ce,02_01_26,3,,,,,,,,,,,,,,,,,,,,
wh,ce,02_01_26,1,,,,,,,,,,,,,,,,,,,,
p163,anti,02_01_26,2,,,,,,,,,,,,,,,,,,,,
p163,ucb,02_01_26,2,,,,,,,,,,,,,,,,,,,,
p163,fn,02_01_26,1,,,,,,,,,,,,,,,,,,,,
anti,ucb,02_01_26,3,,,,,,,,,,,,,,,,,,,,
anti,fn,02_01_26,3,,,,,,,,,,,,,,,,,,,,
ucb,fn,02_01_26,3,,,,,,,,,,,,,,,,,,,,
p164,gec,02_01_26,2,,,,,,,,,,,,,,,,,,,,
p164,fn,02_01_26,1,,,,,,,,,,,,,,,,,,,,
p164,wt,02_01_26,3,,,,,,,,,,,,,,,,,,,,
p164,be,02_01_26,3,,,,,,,,,,,,,,,,,,,,
p164,cc,02_01_26,3,,,,,,,,,,,,,,,,,,,,
gec,wt,02_01_26,1,,,,,,,,,,,,,,,,,,,,
gec,be,02_01_26,2,,,,,,,,,,,,,,,,,,,,
gec,cc,02_01_26,3,,,,,,,,,,,,,,,,,,,,
fn,gec,02_01_26,1,,,,,,,,,,,,,,,,,,,,
wt,be,02_01_26,3,,,,,,,,,,,,,,,,,,,,
p165,usa,02_01_26,3,,,,,,,,,,,,,,,,,,,,
p165,t,02_01_26,3,,,,,,,,,,,,,,,,,,,,
p165,nas,02_01_26,3,,,,,,,,,,,,,,,,,,,,
t,usa,02_01_26,1,,,,,,,,,,,,,,,,,,,,
t,nas,02_01_26,1,,,,,,,,,,,,,,,,,,,,
usa,nas,02_01_26,3,,,,,,,,,,,,,,,,,,,,
p166,usa,03_01_26,1,,,,,,,,,,,,,,,,,,,,
p166,vene,03_01_26,2,,,,,,,,,,,,,,,,,,,,
p166,nm,03_01_26,2,,,,,,,,,,,,,,,,,,,,
p166,wfe,03_01_26,2,,,,,,,,,,,,,,,,,,,,
p166,le,03_01_26,1,,,,,,,,,,,,,,,,,,,,
usa,vene,03_01_26,1,,,,,,,,,,,,,,,,,,,,
usa,nm,03_01_26,1,,,,,,,,,,,,,,,,,,,,
usa,wfe,03_01_26,1,,,,,,,,,,,,,,,,,,,,
usa,le,03_01_26,1,,,,,,,,,,,,,,,,,,,,
vene,nm,03_01_26,3,,,,,,,,,,,,,,,,,,,,
vene,wfe,03_01_26,3,,,,,,,,,,,,,,,,,,,,
nm,wfe,03_01_26,3,,,,,,,,,,,,,,,,,,,,
p167,bo,03_01_26,3,,,,,,,,,,,,,,,,,,,,
p167,irn,03_01_26,3,,,,,,,,,,,,,,,,,,,,
bo,irn,03_01_26,2,,,,,,,,,,,,,,,,,,,,
p168,vene,03_01_26,3,,,,,,,,,,,,,,,,,,,,
p168,dws,03_01_26,3,,,,,,,,,,,,,,,,,,,,
dws,vene,03_01_26,1,,,,,,,,,,,,,,,,,,,,
p169,usa,03_01_26,1,,,,,,,,,,,,,,,,,,,,
p169,scot,03_01_26,1,,,,,,,,,,,,,,,,,,,,
p169,fk,03_01_26,2,,,,,,,,,,,,,,,,,,,,
p169,t,03_01_26,3,,,,,,,,,,,,,,,,,,,,
p169,nas,03_01_26,3,,,,,,,,,,,,,,,,,,,,
t,usa,03_01_26,1,,,,,,,,,,,,,,,,,,,,
t,nas,03_01_26,1,,,,,,,,,,,,,,,,,,,,
usa,nas,03_01_26,1,,,,,,,,,,,,,,,,,,,,
scot,t,03_01_26,3,,,,,,,,,,,,,,,,,,,,
fk,t,03_01_26,2,,,,,,,,,,,,,,,,,,,,
fk,usa,03_01_26,2,,,,,,,,,,,,,,,,,,,,
p170,tm,05_01_26,2,,,,,,,,,,,,,,,,,,,,
p170,eg,05_01_26,1,,,,,,,,,,,,,,,,,,,,
p170,maga,05_01_26,1,,,,,,,,,,,,,,,,,,,,
p170,d,05_01_26,2,,,,,,,,,,,,,,,,,,,,
p170,isr,05_01_26,1,,,,,,,,,,,,,,,,,,,,
p170,vene,05_01_26,2,,,,,,,,,,,,,,,,,,,,
p170,nm,05_01_26,2,,,,,,,,,,,,,,,,,,,,
p170,cf,05_01_26,3,,,,,,,,,,,,,,,,,,,,
p170,sec,05_01_26,3,,,,,,,,,,,,,,,,,,,,
p170,ta,05_01_26,3,,,,,,,,,,,,,,,,,,,,
eg,tm,05_01_26,2,,,,,,,,,,,,,,,,,,,,
tm,d,05_01_26,1,,,,,,,,,,,,,,,,,,,,
eg,maga,05_01_26,1,,,,,,,,,,,,,,,,,,,,
eg,isr,05_01_26,1,,,,,,,,,,,,,,,,,,,,
eg,vene,05_01_26,1,,,,,,,,,,,,,,,,,,,,
vene,nm,05_01_26,3,,,,,,,,,,,,,,,,,,,,
cf,maga,05_01_26,1,,,,,,,,,,,,,,,,,,,,
ta,eg,05_01_26,1,,,,,,,,,,,,,,,,,,,,
sec,eg,05_01_26,1,,,,,,,,,,,,,,,,,,,,
p171,pw,05_01_26,1,,,,,,,,,,,,,,,,,,,,
p171,ty,05_01_26,2,,,,,,,,,,,,,,,,,,,,
p171,me,05_01_26,3,,,,,,,,,,,,,,,,,,,,
ty,c,05_01_26,2,,,,,,,,,,,,,,,,,,,,
ty,pw,05_01_26,2,,,,,,,,,,,,,,,,,,,,
me,c,05_01_26,3,,,,,,,,,,,,,,,,,,,,
me,pw,05_01_26,3,,,,,,,,,,,,,,,,,,,,
vac,c,05_01_26,,,,,,,,,,,,,,,,,,,,,
p172,walz,05_01_26,2,,,,,,,,,,,,,,,,,,,,
p172,io,05_01_26,2,,,,,,,,,,,,,,,,,,,,
p172,gn,05_01_26,2,,,,,,,,,,,,,,,,,,,,
p172,jbp,05_01_26,2,,,,,,,,,,,,,,,,,,,,
p172,kaho,05_01_26,2,,,,,,,,,,,,,,,,,,,,
p172,minn,05_01_26,2,,,,,,,,,,,,,,,,,,,,
p172,cor,05_01_26,3,,,,,,,,,,,,,,,,,,,,
p172,ta,05_01_26,3,,,,,,,,,,,,,,,,,,,,
walz,io,05_01_26,2,,,,,,,,,,,,,,,,,,,,
walz,minn,05_01_26,2,,,,,,,,,,,,,,,,,,,,
io,minn,05_01_26,2,,,,,,,,,,,,,,,,,,,,
walz,cor,05_01_26,2,,,,,,,,,,,,,,,,,,,,
io,cor,05_01_26,2,,,,,,,,,,,,,,,,,,,,
cor,ta,05_01_26,3,,,,,,,,,,,,,,,,,,,,
p173,usa,05_01_26,1,,,,,,,,,,,,,,,,,,,,
p173,trad,05_01_26,1,,,,,,,,,,,,,,,,,,,,
p173,rkjr,05_01_26,1,,,,,,,,,,,,,,,,,,,,
p173,cdc,05_01_26,1,,,,,,,,,,,,,,,,,,,,
p173,fda,05_01_26,1,,,,,,,,,,,,,,,,,,,,
p173,cms,05_01_26,1,,,,,,,,,,,,,,,,,,,,
p173,nih,05_01_26,1,,,,,,,,,,,,,,,,,,,,
p173,ap,05_01_26,1,,,,,,,,,,,,,,,,,,,,
p173,me,05_01_26,3,,,,,,,,,,,,,,,,,,,,
p173,c,05_01_26,3,,,,,,,,,,,,,,,,,,,,
trad,usa,05_01_26,1,,,,,,,,,,,,,,,,,,,,
trad,rkjr,05_01_26,1,,,,,,,,,,,,,,,,,,,,
trad,cdc,05_01_26,1,,,,,,,,,,,,,,,,,,,,
trad,fda,05_01_26,1,,,,,,,,,,,,,,,,,,,,
trad,cms,05_01_26,1,,,,,,,,,,,,,,,,,,,,
trad,nih,05_01_26,1,,,,,,,,,,,,,,,,,,,,
usa,c,05_01_26,1,,,,,,,,,,,,,,,,,,,,
me,c,05_01_26,3,,,,,,,,,,,,,,,,,,,,
p174,usa,05_01_26,1,,,,,,,,,,,,,,,,,,,,
p174,bs,05_01_26,2,,,,,,,,,,,,,,,,,,,,
p174,cor,05_01_26,3,,,,,,,,,,,,,,,,,,,,
p174,sc,05_01_26,3,,,,,,,,,,,,,,,,,,,,
usa,bs,05_01_26,2,,,,,,,,,,,,,,,,,,,,
bs,cor,05_01_26,2,,,,,,,,,,,,,,,,,,,,
cor,sc,05_01_26,3,,,,,,,,,,,,,,,,,,,,
p175,usa,06_01_26,1,,,,,,,,,,,,,,,,,,,,
p175,scot,06_01_26,1,,,,,,,,,,,,,,,,,,,,
p175,t,06_01_26,3,,,,,,,,,,,,,,,,,,,,
p175,nas,06_01_26,3,,,,,,,,,,,,,,,,,,,,
t,usa,06_01_26,1,,,,,,,,,,,,,,,,,,,,
t,nas,06_01_26,1,,,,,,,,,,,,,,,,,,,,
usa,nas,06_01_26,1,,,,,,,,,,,,,,,,,,,,
scot,t,06_01_26,3,,,,,,,,,,,,,,,,,,,,
p176,cal,06_01_26,2,,,,,,,,,,,,,,,,,,,,
p176,gn,06_01_26,2,,,,,,,,,,,,,,,,,,,,
p176,cor,06_01_26,3,,,,,,,,,,,,,,,,,,,,
gn,cal,06_01_26,2,,,,,,,,,,,,,,,,,,,,
gn,cor,06_01_26,2,,,,,,,,,,,,,,,,,,,,
cal,cor,06_01_26,2,,,,,,,,,,,,,,,,,,,,
p177,wh,06_01_26,1,,,,,,,,,,,,,,,,,,,,
p177,hrepu,06_01_26,1,,,,,,,,,,,,,,,,,,,,
p177,tkc,06_01_26,1,,,,,,,,,,,,,,,,,,,,
p177,maga,06_01_26,1,,,,,,,,,,,,,,,,,,,,
p177,usa,06_01_26,1,,,,,,,,,,,,,,,,,,,,
p177,cf,06_01_26,3,,,,,,,,,,,,,,,,,,,,
hrepu,maga,06_01_26,1,,,,,,,,,,,,,,,,,,,,
tkc,cf,06_01_26,1,,,,,,,,,,,,,,,,,,,,
usa,maga,06_01_26,1,,,,,,,,,,,,,,,,,,,,
p178,jf,06_01_26,1,,,,,,,,,,,,,,,,,,,,
p178,gsw,06_01_26,1,,,,,,,,,,,,,,,,,,,,
p178,maga,06_01_26,1,,,,,,,,,,,,,,,,,,,,
p178,az,06_01_26,1,,,,,,,,,,,,,,,,,,,,
p178,suc,06_01_26,3,,,,,,,,,,,,,,,,,,,,
p178,ta,06_01_26,3,,,,,,,,,,,,,,,,,,,,
p178,sec,06_01_26,3,,,,,,,,,,,,,,,,,,,,
p178,nas,06_01_26,3,,,,,,,,,,,,,,,,,,,,
jf,maga,06_01_26,1,,,,,,,,,,,,,,,,,,,,
gsw,maga,06_01_26,1,,,,,,,,,,,,,,,,,,,,
jf,az,06_01_26,1,,,,,,,,,,,,,,,,,,,,
gsw,az,06_01_26,1,,,,,,,,,,,,,,,,,,,,
ta,jf,06_01_26,1,,,,,,,,,,,,,,,,,,,,
ta,gsw,06_01_26,1,,,,,,,,,,,,,,,,,,,,
sec,jf,06_01_26,1,,,,,,,,,,,,,,,,,,,,
sec,gsw,06_01_26,1,,,,,,,,,,,,,,,,,,,,
nas,jf,06_01_26,1,,,,,,,,,,,,,,,,,,,,
nas,gsw,06_01_26,1,,,,,,,,,,,,,,,,,,,,
p179,amk,06_01_26,1,,,,,,,,,,,,,,,,,,,,
p179,maga,06_01_26,1,,,,,,,,,,,,,,,,,,,,
p179,wa,06_01_26,1,,,,,,,,,,,,,,,,,,,,
p179,suc,06_01_26,3,,,,,,,,,,,,,,,,,,,,
p179,ta,06_01_26,3,,,,,,,,,,,,,,,,,,,,
p179,sec,06_01_26,3,,,,,,,,,,,,,,,,,,,,
p179,nas,06_01_26,3,,,,,,,,,,,,,,,,,,,,
amk,maga,06_01_26,1,,,,,,,,,,,,,,,,,,,,
amk,wa,06_01_26,1,,,,,,,,,,,,,,,,,,,,
ta,amk,06_01_26,1,,,,,,,,,,,,,,,,,,,,
sec,amk,06_01_26,1,,,,,,,,,,,,,,,,,,,,
nas,amk,06_01_26,1,,,,,,,,,,,,,,,,,,,,
p180,tt,06_01_26,1,,,,,,,,,,,,,,,,,,,,
p180,hc,06_01_26,2,,,,,,,,,,,,,,,,,,,,
p180,d,06_01_26,2,,,,,,,,,,,,,,,,,,,,
p180,d,06_01_26,2,,,,,,,,,,,,,,,,,,,,
p180,maga,06_01_26,1,,,,,,,,,,,,,,,,,,,,
p180,tx,06_01_26,1,,,,,,,,,,,,,,,,,,,,
p180,suc,06_01_26,3,,,,,,,,,,,,,,,,,,,,
p180,par,06_01_26,3,,,,,,,,,,,,,,,,,,,,
p180,lp,06_01_26,3,,,,,,,,,,,,,,,,,,,,
tt,maga,06_01_26,1,,,,,,,,,,,,,,,,,,,,
hc,d,06_01_26,2,,,,,,,,,,,,,,,,,,,,
hc,d,06_01_26,2,,,,,,,,,,,,,,,,,,,,
par,hc,06_01_26,3,,,,,,,,,,,,,,,,,,,,
lp,hc,06_01_26,2,,,,,,,,,,,,,,,,,,,,
p181,hc,06_01_26,2,,,,,,,,,,,,,,,,,,,,
p181,tt,06_01_26,1,,,,,,,,,,,,,,,,,,,,
p181,biadm,06_01_26,2,,,,,,,,,,,,,,,,,,,,
p181,rldt,06_01_26,2,,,,,,,,,,,,,,,,,,,,
p181,usa,06_01_26,1,,,,,,,,,,,,,,,,,,,,
p181,par,06_01_26,3,,,,,,,,,,,,,,,,,,,,
p181,sec,06_01_26,3,,,,,,,,,,,,,,,,,,,,
p181,lp,06_01_26,3,,,,,,,,,,,,,,,,,,,,
biadm,hc,06_01_26,2,,,,,,,,,,,,,,,,,,,,
rldt,biadm,06_01_26,3,,,,,,,,,,,,,,,,,,,,
par,hc,06_01_26,3,,,,,,,,,,,,,,,,,,,,
sec,hc,06_01_26,2,,,,,,,,,,,,,,,,,,,,
sec,tt,06_01_26,1,,,,,,,,,,,,,,,,,,,,
lp,hc,06_01_26,2,,,,,,,,,,,,,,,,,,,,
p182,sba,06_01_26,1,,,,,,,,,,,,,,,,,,,,
p182,maga,06_01_26,1,,,,,,,,,,,,,,,,,,,,
p182,fl,06_01_26,1,,,,,,,,,,,,,,,,,,,,
p182,suc,06_01_26,3,,,,,,,,,,,,,,,,,,,,
p182,ta,06_01_26,3,,,,,,,,,,,,,,,,,,,,
p182,sec,06_01_26,3,,,,,,,,,,,,,,,,,,,,
p182,nas,06_01_26,3,,,,,,,,,,,,,,,,,,,,
sba,maga,06_01_26,1,,,,,,,,,,,,,,,,,,,,
sba,fl,06_01_26,1,,,,,,,,,,,,,,,,,,,,
ta,sba,06_01_26,1,,,,,,,,,,,,,,,,,,,,
sec,sba,06_01_26,1,,,,,,,,,,,,,,,,,,,,
nas,sba,06_01_26,1,,,,,,,,,,,,,,,,,,,,
p183,jm,06_01_26,1,,,,,,,,,,,,,,,,,,,,
p183,mw,06_01_26,1,,,,,,,,,,,,,,,,,,,,
p183,maga,06_01_26,1,,,,,,,,,,,,,,,,,,,,
p183,fl,06_01_26,1,,,,,,,,,,,,,,,,,,,,
p183,suc,06_01_26,3,,,,,,,,,,,,,,,,,,,,
p183,ta,06_01_26,3,,,,,,,,,,,,,,,,,,,,
p183,sec,06_01_26,3,,,,,,,,,,,,,,,,,,,,
p183,elec,06_01_26,3,,,,,,,,,,,,,,,,,,,,
jm,maga,06_01_26,1,,,,,,,,,,,,,,,,,,,,
mw,maga,06_01_26,1,,,,,,,,,,,,,,,,,,,,
jm,fl,06_01_26,1,,,,,,,,,,,,,,,,,,,,
elec,jm,06_01_26,1,,,,,,,,,,,,,,,,,,,,
ta,jm,06_01_26,1,,,,,,,,,,,,,,,,,,,,
sec,jm,06_01_26,1,,,,,,,,,,,,,,,,,,,,
p184,ad,06_01_26,1,,,,,,,,,,,,,,,,,,,,
p184,usdcwtx,06_01_26,3,,,,,,,,,,,,,,,,,,,,
p184,tx,06_01_26,3,,,,,,,,,,,,,,,,,,,,
p184,tc,06_01_26,1,,,,,,,,,,,,,,,,,,,,
p184,judg,06_01_26,3,,,,,,,,,,,,,,,,,,,,
p184,le,06_01_26,3,,,,,,,,,,,,,,,,,,,,
ad,usdcwtx,06_01_26,1,,,,,,,,,,,,,,,,,,,,
ad,tx,06_01_26,1,,,,,,,,,,,,,,,,,,,,
ad,le,06_01_26,1,,,,,,,,,,,,,,,,,,,,
tc,ad,06_01_26,1,,,,,,,,,,,,,,,,,,,,
judg,ad,06_01_26,3,,,,,,,,,,,,,,,,,,,,
p185,cwo,06_01_26,1,,,,,,,,,,,,,,,,,,,,
p185,usdcwtx,06_01_26,3,,,,,,,,,,,,,,,,,,,,
p185,tx,06_01_26,3,,,,,,,,,,,,,,,,,,,,
p185,judg,06_01_26,3,,,,,,,,,,,,,,,,,,,,
p185,le,06_01_26,3,,,,,,,,,,,,,,,,,,,,
cwo,usdcwtx,06_01_26,1,,,,,,,,,,,,,,,,,,,,
cwo,tx,06_01_26,1,,,,,,,,,,,,,,,,,,,,
cwo,le,06_01_26,1,,,,,,,,,,,,,,,,,,,,
judg,cwo,06_01_26,1,,,,,,,,,,,,,,,,,,,,
p186,josh,06_01_26,1,,,,,,,,,,,,,,,,,,,,
p186,usdcar,06_01_26,1,,,,,,,,,,,,,,,,,,,,
p186,ar,06_01_26,1,,,,,,,,,,,,,,,,,,,,
p186,judg,06_01_26,3,,,,,,,,,,,,,,,,,,,,
p186,le,06_01_26,3,,,,,,,,,,,,,,,,,,,,
josh,usdcar,06_01_26,1,,,,,,,,,,,,,,,,,,,,
josh,ar,06_01_26,1,,,,,,,,,,,,,,,,,,,,
josh,le,06_01_26,1,,,,,,,,,,,,,,,,,,,,
judg,josh,06_01_26,1,,,,,,,,,,,,,,,,,,,,
p187,asj,06_01_26,1,,,,,,,,,,,,,,,,,,,,
p187,hdl,06_01_26,1,,,,,,,,,,,,,,,,,,,,
p187,edla,06_01_26,1,,,,,,,,,,,,,,,,,,,,
p187,fmac,06_01_26,3,,,,,,,,,,,,,,,,,,,,
asj,hdl,06_01_26,1,,,,,,,,,,,,,,,,,,,,
asj,edla,06_01_26,1,,,,,,,,,,,,,,,,,,,,
p188,vene,06_01_26,1,,,,,,,,,,,,,,,,,,,,
p188,usa,06_01_26,1,,,,,,,,,,,,,,,,,,,,
p188,cwri,06_01_26,1,,,,,,,,,,,,,,,,,,,,
vene,usa,06_01_26,1,,,,,,,,,,,,,,,,,,,,
usa,cwri,06_01_26,1,,,,,,,,,,,,,,,,,,,,
p189,johar,07_01_26,1,,,,,,,,,,,,,,,,,,,,
p189,cel,07_01_26,1,,,,,,,,,,,,,,,,,,,,
p190,nato,07_01_26,1,,,,,,,,,,,,,,,,,,,,
p190,usa,07_01_26,1,,,,,,,,,,,,,,,,,,,,
p190,rus,07_01_26,2,,,,,,,,,,,,,,,,,,,,
p190,ukr,07_01_26,1,,,,,,,,,,,,,,,,,,,,
p190,chn,07_01_26,2,,,,,,,,,,,,,,,,,,,,
p190,nas,07_01_26,3,,,,,,,,,,,,,,,,,,,,
usa,nato,07_01_26,1,,,,,,,,,,,,,,,,,,,,
rus,ukr,07_01_26,2,,,,,,,,,,,,,,,,,,,,
chn,nato,07_01_26,2,,,,,,,,,,,,,,,,,,,,
chn,nato,07_01_26,2,,,,,,,,,,,,,,,,,,,,
p191,dl,07_01_26,1,,,,,,,,,,,,,,,,,,,,
p191,usa,07_01_26,1,,,,,,,,,,,,,,,,,,,,
p192,jb,07_01_26,2,,,,,,,,,,,,,,,,,,,,
p192,d,07_01_26,2,,,,,,,,,,,,,,,,,,,,
p192,usa,07_01_26,1,,,,,,,,,,,,,,,,,,,,
p192,cong,07_01_26,1,,,,,,,,,,,,,,,,,,,,
p192,eco,07_01_26,3,,,,,,,,,,,,,,,,,,,,
d,cong,07_01_26,1,,,,,,,,,,,,,,,,,,,,
jb,d,07_01_26,3,,,,,,,,,,,,,,,,,,,,
p193,usm,07_01_26,1,,,,,,,,,,,,,,,,,,,,
p193,defind,07_01_26,2,,,,,,,,,,,,,,,,,,,,
p193,usa,07_01_26,1,,,,,,,,,,,,,,,,,,,,
p193,nas,07_01_26,3,,,,,,,,,,,,,,,,,,,,
defind,usm,07_01_26,1,,,,,,,,,,,,,,,,,,,,
usa,usm,07_01_26,1,,,,,,,,,,,,,,,,,,,,
p194,ice,07_01_26,1,,,,,,,,,,,,,,,,,,,,
p194,le,07_01_26,1,,,,,,,,,,,,,,,,,,,,
p194,d,07_01_26,2,,,,,,,,,,,,,,,,,,,,
p194,mipo,07_01_26,1,,,,,,,,,,,,,,,,,,,,
p194,le,07_01_26,3,,,,,,,,,,,,,,,,,,,,
d,le,07_01_26,2,,,,,,,,,,,,,,,,,,,,
ice,le,07_01_26,1,,,,,,,,,,,,,,,,,,,,
p195,ray,07_01_26,2,,,,,,,,,,,,,,,,,,,,
p195,dow,07_01_26,1,,,,,,,,,,,,,,,,,,,,
p195,usm,07_01_26,1,,,,,,,,,,,,,,,,,,,,
p195,usa,07_01_26,1,,,,,,,,,,,,,,,,,,,,
p195,nas,07_01_26,3,,,,,,,,,,,,,,,,,,,,
ray,usm,07_01_26,1,,,,,,,,,,,,,,,,,,,,
dow,ray,07_01_26,2,,,,,,,,,,,,,,,,,,,,
usa,usm,07_01_26,1,,,,,,,,,,,,,,,,,,,,
p196,vene,07_01_26,1,,,,,,,,,,,,,,,,,,,,
p196,ampr,07_01_26,1,,,,,,,,,,,,,,,,,,,,
p196,agr,07_01_26,1,,,,,,,,,,,,,,,,,,,,
p196,meds,07_01_26,1,,,,,,,,,,,,,,,,,,,,
p196,eme,07_01_26,1,,,,,,,,,,,,,,,,,,,,
p196,usa,07_01_26,1,,,,,,,,,,,,,,,,,,,,
vene,ampr,07_01_26,1,,,,,,,,,,,,,,,,,,,,
ampr,agr,07_01_26,1,,,,,,,,,,,,,,,,,,,,
ampr,meds,07_01_26,1,,,,,,,,,,,,,,,,,,,,
ampr,eme,07_01_26,1,,,,,,,,,,,,,,,,,,,,
p197,gp,07_01_26,1,,,,,,,,,,,,,,,,,,,,
p197,maru,07_01_26,1,,,,,,,,,,,,,,,,,,,,
p197,col,07_01_26,1,,,,,,,,,,,,,,,,,,,,
p197,wh,07_01_26,1,,,,,,,,,,,,,,,,,,,,
gp,maru,07_01_26,3,,,,,,,,,,,,,,,,,,,,
maru,wh,07_01_26,1,,,,,,,,,,,,,,,,,,,,
gp,col,07_01_26,1,,,,,,,,,,,,,,,,,,,,
p198,r,08_01_26,2,,,,,,,,,,,,,,,,,,,,
p198,d,08_01_26,2,,,,,,,,,,,,,,,,,,,,
p198,suco,08_01_26,2,,,,,,,,,,,,,,,,,,,,
p198,lm,08_01_26,2,,,,,,,,,,,,,,,,,,,,
p198,rp,08_01_26,2,,,,,,,,,,,,,,,,,,,,
p198,jh,08_01_26,2,,,,,,,,,,,,,,,,,,,,
p198,toyo,08_01_26,2,,,,,,,,,,,,,,,,,,,,
p198,sen,08_01_26,1,,,,,,,,,,,,,,,,,,,,
p198,usa,08_01_26,1,,,,,,,,,,,,,,,,,,,,
p198,nas,08_01_26,3,,,,,,,,,,,,,,,,,,,,
suco,r,08_01_26,1,,,,,,,,,,,,,,,,,,,,
lm,r,08_01_26,1,,,,,,,,,,,,,,,,,,,,
rp,r,08_01_26,1,,,,,,,,,,,,,,,,,,,,
jh,r,08_01_26,1,,,,,,,,,,,,,,,,,,,,
toyo,r,08_01_26,1,,,,,,,,,,,,,,,,,,,,
r,sen,08_01_26,1,,,,,,,,,,,,,,,,,,,,
d,sen,08_01_26,1,,,,,,,,,,,,,,,,,,,,
p199,intel,08_01_26,1,,,,,,,,,,,,,,,,,,,,
p199,lbt,08_01_26,1,,,,,,,,,,,,,,,,,,,,
p199,usa,08_01_26,1,,,,,,,,,,,,,,,,,,,,
p199,eco,08_01_26,3,,,,,,,,,,,,,,,,,,,,
intel,usa,08_01_26,1,,,,,,,,,,,,,,,,,,,,
lbt,intel,08_01_26,1,,,,,,,,,,,,,,,,,,,,
p200,jb,08_01_26,2,,,,,,,,,,,,,,,,,,,,
p200,d,08_01_26,2,,,,,,,,,,,,,,,,,,,,
p200,fnma,08_01_26,1,,,,,,,,,,,,,,,,,,,,
p200,fmac,08_01_26,1,,,,,,,,,,,,,,,,,,,,
p200,usa,08_01_26,1,,,,,,,,,,,,,,,,,,,,
p200,eco,08_01_26,3,,,,,,,,,,,,,,,,,,,,
d,jb,08_01_26,1,,,,,,,,,,,,,,,,,,,,
fnma,fmac,08_01_26,1,,,,,,,,,,,,,,,,,,,,
fnma,usa,08_01_26,1,,,,,,,,,,,,,,,,,,,,
fmac,usa,08_01_26,1,,,,,,,,,,,,,,,,,,,,
p201,jb,08_01_26,2,,,,,,,,,,,,,,,,,,,,
p201,d,08_01_26,2,,,,,,,,,,,,,,,,,,,,
p201,fnma,08_01_26,1,,,,,,,,,,,,,,,,,,,,
p201,fmac,08_01_26,1,,,,,,,,,,,,,,,,,,,,
p201,usa,08_01_26,1,,,,,,,,,,,,,,,,,,,,
p201,usm,08_01_26,2,,,,,,,,,,,,,,,,,,,,
p201,afghan,08_01_26,2,,,,,,,,,,,,,,,,,,,,
p201,cong,08_01_26,1,,,,,,,,,,,,,,,,,,,,
p201,eco,08_01_26,3,,,,,,,,,,,,,,,,,,,,
p201,if,08_01_26,3,,,,,,,,,,,,,,,,,,,,
p201,obp,08_01_26,2,,,,,,,,,,,,,,,,,,,,
p201,cr,08_01_26,3,,,,,,,,,,,,,,,,,,,,
p201,afghan,08_01_26,2,,,,,,,,,,,,,,,,,,,,
jb,afghan,08_01_26,2,,,,,,,,,,,,,,,,,,,,
d,jb,08_01_26,1,,,,,,,,,,,,,,,,,,,,
fnma,fmac,08_01_26,1,,,,,,,,,,,,,,,,,,,,
fnma,usa,08_01_26,1,,,,,,,,,,,,,,,,,,,,
fmac,usa,08_01_26,1,,,,,,,,,,,,,,,,,,,,
jb,usm,08_01_26,2,,,,,,,,,,,,,,,,,,,,
jb,afghan,08_01_26,2,,,,,,,,,,,,,,,,,,,,
p202,usa,08_01_26,1,,,,,,,,,,,,,,,,,,,,
p202,d,08_01_26,2,,,,,,,,,,,,,,,,,,,,
p202,scot,08_01_26,1,,,,,,,,,,,,,,,,,,,,
p202,ta,08_01_26,3,,,,,,,,,,,,,,,,,,,,
p202,eco,08_01_26,3,,,,,,,,,,,,,,,,,,,,
p202,nas,08_01_26,3,,,,,,,,,,,,,,,,,,,,
p202,td,08_01_26,3,,,,,,,,,,,,,,,,,,,,
p202,gdp,08_01_26,3,,,,,,,,,,,,,,,,,,,,
ta,usa,08_01_26,1,,,,,,,,,,,,,,,,,,,,
eco,usa,08_01_26,1,,,,,,,,,,,,,,,,,,,,
nas,usa,08_01_26,1,,,,,,,,,,,,,,,,,,,,
d,usa,08_01_26,2,,,,,,,,,,,,,,,,,,,,
scot,ta,08_01_26,3,,,,,,,,,,,,,,,,,,,,
usa,td,08_01_26,1,,,,,,,,,,,,,,,,,,,,
usa,gdp,08_01_26,1,,,,,,,,,,,,,,,,,,,,
p203,cal,08_01_26,2,,,,,,,,,,,,,,,,,,,,
p203,gn,08_01_26,2,,,,,,,,,,,,,,,,,,,,
p203,may,08_01_26,2,,,,,,,,,,,,,,,,,,,,
p203,usa,08_01_26,1,,,,,,,,,,,,,,,,,,,,
p203,fedr,08_01_26,1,,,,,,,,,,,,,,,,,,,,
gn,cal,08_01_26,1,,,,,,,,,,,,,,,,,,,,
may,cal,08_01_26,1,,,,,,,,,,,,,,,,,,,,
fedr,usa,08_01_26,1,,,,,,,,,,,,,,,,,,,,
p204,vene,09_01_26,1,,,,,,,,,,,,,,,,,,,,
p204,usa,09_01_26,1,,,,,,,,,,,,,,,,,,,,
p204,big,09_01_26,3,,,,,,,,,,,,,,,,,,,,
p204,wh,09_01_26,3,,,,,,,,,,,,,,,,,,,,
p204,polpri,09_01_26,1,,,,,,,,,,,,,,,,,,,,
p204,ep,09_01_26,3,,,,,,,,,,,,,,,,,,,,
p204,pair,09_01_26,3,,,,,,,,,,,,,,,,,,,,
ep,pair,09_01_26,3,,,,,,,,,,,,,,,,,,,,
vene,usa,09_01_26,1,,,,,,,,,,,,,,,,,,,,
big,usa,09_01_26,3,,,,,,,,,,,,,,,,,,,,
p205,gp,09_01_26,3,,,,,,,,,,,,,,,,,,,,
p205,col,09_01_26,3,,,,,,,,,,,,,,,,,,,,
p205,usa,09_01_26,1,,,,,,,,,,,,,,,,,,,,
p205,dr,09_01_26,2,,,,,,,,,,,,,,,,,,,,
p205,pm,09_01_26,3,,,,,,,,,,,,,,,,,,,,
dr,pm,09_01_26,2,,,,,,,,,,,,,,,,,,,,
gp,col,09_01_26,3,,,,,,,,,,,,,,,,,,,,
col,usa,09_01_26,3,,,,,,,,,,,,,,,,,,,,
p206,owc,11_01_26,3,,,,,,,,,,,,,,,,,,,,
p206,wh,11_01_26,3,,,,,,,,,,,,,,,,,,,,
p206,cwri,11_01_26,3,,,,,,,,,,,,,,,,,,,,
p206,dbur,11_01_26,3,,,,,,,,,,,,,,,,,,,,
p206,vene,11_01_26,3,,,,,,,,,,,,,,,,,,,,
p206,ap,11_01_26,1,,,,,,,,,,,,,,,,,,,,
p206,dr,11_01_26,2,,,,,,,,,,,,,,,,,,,,
p206,ep,11_01_26,3,,,,,,,,,,,,,,,,,,,,
dr,ep,11_01_26,2,,,,,,,,,,,,,,,,,,,,
owc,vene,11_01_26,3,,,,,,,,,,,,,,,,,,,,
owc,ap,11_01_26,1,,,,,,,,,,,,,,,,,,,,
p207,usa,09_01_26,1,,,,,,,,,,,,,,,,,,,,
p207,vene,09_01_26,3,,,,,,,,,,,,,,,,,,,,
p207,iata,09_01_26,3,,,,,,,,,,,,,,,,,,,,
p207,ep,09_01_26,3,,,,,,,,,,,,,,,,,,,,
usa,vene,09_01_26,3,,,,,,,,,,,,,,,,,,,,
p208,ala,09_01_26,1,,,,,,,,,,,,,,,,,,,,
p208,sm,09_01_26,1,,,,,,,,,,,,,,,,,,,,
p208,teb,09_01_26,1,,,,,,,,,,,,,,,,,,,,
p208,usa,09_01_26,1,,,,,,,,,,,,,,,,,,,,
p208,t,09_01_26,1,,,,,,,,,,,,,,,,,,,,
p208,af,09_01_26,1,,,,,,,,,,,,,,,,,,,,
t,af,09_01_26,1,,,,,,,,,,,,,,,,,,,,
ala,sm,09_01_26,1,,,,,,,,,,,,,,,,,,,,
p209,md,09_01_26,1,,,,,,,,,,,,,,,,,,,,
p209,wy,09_01_26,1,,,,,,,,,,,,,,,,,,,,
p209,afarm,09_01_26,1,,,,,,,,,,,,,,,,,,,,
p209,usm,09_01_26,1,,,,,,,,,,,,,,,,,,,,
p209,vet,09_01_26,1,,,,,,,,,,,,,,,,,,,,
p209,le,09_01_26,3,,,,,,,,,,,,,,,,,,,,
p209,sec,09_01_26,3,,,,,,,,,,,,,,,,,,,,
p209,ta,09_01_26,3,,,,,,,,,,,,,,,,,,,,
sec,ta,09_01_26,1,,,,,,,,,,,,,,,,,,,,
md,wy,09_01_26,1,,,,,,,,,,,,,,,,,,,,
md,afarm,09_01_26,1,,,,,,,,,,,,,,,,,,,,
p210,ccco,09_01_26,2,,,,,,,,,,,,,,,,,,,,
p210,jb,09_01_26,2,,,,,,,,,,,,,,,,,,,,
p210,usa,09_01_26,1,,,,,,,,,,,,,,,,,,,,
p210,tp,09_01_26,1,,,,,,,,,,,,,,,,,,,,
p210,fin,09_01_26,3,,,,,,,,,,,,,,,,,,,,
ccco,tp,09_01_26,2,,,,,,,,,,,,,,,,,,,,
p211,fnma,09_01_26,3,,,,,,,,,,,,,,,,,,,,
p211,fmac,09_01_26,3,,,,,,,,,,,,,,,,,,,,
p211,jb,09_01_26,2,,,,,,,,,,,,,,,,,,,,
p211,amerf,09_01_26,1,,,,,,,,,,,,,,,,,,,,
p211,usa,09_01_26,1,,,,,,,,,,,,,,,,,,,,
p211,eco,09_01_26,3,,,,,,,,,,,,,,,,,,,,
fnma,fmac,09_01_26,3,,,,,,,,,,,,,,,,,,,,
fnma,amerf,09_01_26,1,,,,,,,,,,,,,,,,,,,,
fmac,amerf,09_01_26,1,,,,,,,,,,,,,,,,,,,,
mor,amerf,09_01_26,1,,,,,,,,,,,,,,,,,,,,
mor,fnma,09_01_26,3,,,,,,,,,,,,,,,,,,,,
mor,fmac,09_01_26,3,,,,,,,,,,,,,,,,,,,,
p212,jm,10_01_26,1,,,,,,,,,,,,,,,,,,,,
p212,mw,10_01_26,1,,,,,,,,,,,,,,,,,,,,
p212,fl,10_01_26,1,,,,,,,,,,,,,,,,,,,,
p212,eco,10_01_26,1,,,,,,,,,,,,,,,,,,,,
p212,ta,10_01_26,1,,,,,,,,,,,,,,,,,,,,
p212,mw,10_01_26,1,,,,,,,,,,,,,,,,,,,,
p212,elec,10_01_26,1,,,,,,,,,,,,,,,,,,,,
p212,usm,10_01_26,1,,,,,,,,,,,,,,,,,,,,
p212,sa,10_01_26,1,,,,,,,,,,,,,,,,,,,,
p212,af,10_01_26,1,,,,,,,,,,,,,,,,,,,,
jm,mw,10_01_26,1,,,,,,,,,,,,,,,,,,,,
jm,fl,10_01_26,1,,,,,,,,,,,,,,,,,,,,
jm,eco,10_01_26,1,,,,,,,,,,,,,,,,,,,,
jm,ta,10_01_26,1,,,,,,,,,,,,,,,,,,,,
jm,mw,10_01_26,1,,,,,,,,,,,,,,,,,,,,
jm,elec,10_01_26,1,,,,,,,,,,,,,,,,,,,,
jm,usm,10_01_26,1,,,,,,,,,,,,,,,,,,,,
jm,sa,10_01_26,1,,,,,,,,,,,,,,,,,,,,
jm,af,10_01_26,1,,,,,,,,,,,,,,,,,,,,
p213,vene,10_01_26,1,,,,,,,,,,,,,,,,,,,,
p213,usa,10_01_26,1,,,,,,,,,,,,,,,,,,,,
p213,polpri,10_01_26,1,,,,,,,,,,,,,,,,,,,,
vene,usa,10_01_26,1,,,,,,,,,,,,,,,,,,,,
vene,polpri,10_01_26,1,,,,,,,,,,,,,,,,,,,,
usa,polpri,10_01_26,1,,,,,,,,,,,,,,,,,,,,
p214,cuba,11_01_26,2,,,,,,,,,,,,,,,,,,,,
p214,vene,11_01_26,1,,,,,,,,,,,,,,,,,,,,
p214,usa,11_01_26,1,,,,,,,,,,,,,,,,,,,,
p214,usm,11_01_26,1,,,,,,,,,,,,,,,,,,,,
p214,oil,11_01_26,3,,,,,,,,,,,,,,,,,,,,
cuba,vene,11_01_26,2,,,,,,,,,,,,,,,,,,,,
cuba,usa,11_01_26,2,,,,,,,,,,,,,,,,,,,,
cuba,usm,11_01_26,2,,,,,,,,,,,,,,,,,,,,
cuba,oil,11_01_26,2,,,,,,,,,,,,,,,,,,,,
vene,usa,11_01_26,1,,,,,,,,,,,,,,,,,,,,
vene,usm,11_01_26,1,,,,,,,,,,,,,,,,,,,,
vene,oil,11_01_26,3,,,,,,,,,,,,,,,,,,,,
usa,usm,11_01_26,1,,,,,,,,,,,,,,,,,,,,
usa,oil,11_01_26,3,,,,,,,,,,,,,,,,,,,,
usm,oil,11_01_26,3,,,,,,,,,,,,,,,,,,,,
p215,dpm,12_01_26,1,,,,,,,,,,,,,,,,,,,,
p215,meta,12_01_26,1,,,,,,,,,,,,,,,,,,,,
p215,mz,12_01_26,1,,,,,,,,,,,,,,,,,,,,
p215,cel,12_01_26,1,,,,,,,,,,,,,,,,,,,,
dpm,meta,12_01_26,1,,,,,,,,,,,,,,,,,,,,
dpm,mz,12_01_26,1,,,,,,,,,,,,,,,,,,,,
meta,mz,12_01_26,1,,,,,,,,,,,,,,,,,,,,
p216,usa,12_01_26,1,,,,,,,,,,,,,,,,,,,,
p216,supcou,12_01_26,3,,,,,,,,,,,,,,,,,,,,
p216,t,12_01_26,1,,,,,,,,,,,,,,,,,,,,
usa,supcou,12_01_26,3,,,,,,,,,,,,,,,,,,,,
usa,t,12_01_26,1,,,,,,,,,,,,,,,,,,,,
supcou,t,12_01_26,3,,,,,,,,,,,,,,,,,,,,
p217,fbi,12_01_26,2,,,,,,,,,,,,,,,,,,,,
p217,kp,12_01_26,1,,,,,,,,,,,,,,,,,,,,
p217,bo,12_01_26,2,,,,,,,,,,,,,,,,,,,,
fbi,kp,12_01_26,2,,,,,,,,,,,,,,,,,,,,
fbi,bo,12_01_26,2,,,,,,,,,,,,,,,,,,,,
kp,bo,12_01_26,2,,,,,,,,,,,,,,,,,,,,
p218,usa,12_01_26,1,,,,,,,,,,,,,,,,,,,,
p218,irn,12_01_26,2,,,,,,,,,,,,,,,,,,,,
p218,t,12_01_26,1,,,,,,,,,,,,,,,,,,,,
usa,irn,12_01_26,2,,,,,,,,,,,,,,,,,,,,
usa,t,12_01_26,1,,,,,,,,,,,,,,,,,,,,
irn,t,12_01_26,2,,,,,,,,,,,,,,,,,,,,
p219,ny,12_01_26,1,,,,,,,,,,,,,,,,,,,,
p219,man,12_01_26,1,,,,,,,,,,,,,,,,,,,,
p219,cp,12_01_26,2,,,,,,,,,,,,,,,,,,,,
ny,man,12_01_26,1,,,,,,,,,,,,,,,,,,,,
ny,cp,12_01_26,2,,,,,,,,,,,,,,,,,,,,
man,cp,12_01_26,2,,,,,,,,,,,,,,,,,,,,
p220,jb,12_01_26,2,,,,,,,,,,,,,,,,,,,,
p220,usa,12_01_26,1,,,,,,,,,,,,,,,,,,,,
p220,tech,12_01_26,3,,,,,,,,,,,,,,,,,,,,
p220,ms,12_01_26,1,,,,,,,,,,,,,,,,,,,,
p220,ai,12_01_26,1,,,,,,,,,,,,,,,,,,,,
p220,dc,12_01_26,3,,,,,,,,,,,,,,,,,,,,
p220,util,12_01_26,2,,,,,,,,,,,,,,,,,,,,
jb,usa,12_01_26,2,,,,,,,,,,,,,,,,,,,,
tech,ms,12_01_26,1,,,,,,,,,,,,,,,,,,,,
tech,ai,12_01_26,1,,,,,,,,,,,,,,,,,,,,
tech,dc,12_01_26,3,,,,,,,,,,,,,,,,,,,,
tech,util,12_01_26,2,,,,,,,,,,,,,,,,,,,,
ms,ai,12_01_26,1,,,,,,,,,,,,,,,,,,,,
ms,dc,12_01_26,3,,,,,,,,,,,,,,,,,,,,
ms,util,12_01_26,2,,,,,,,,,,,,,,,,,,,,
ai,dc,12_01_26,3,,,,,,,,,,,,,,,,,,,,
ai,util,12_01_26,2,,,,,,,,,,,,,,,,,,,,
dc,util,12_01_26,2,,,,,,,,,,,,,,,,,,,,
p221,ap,13_01_2026,1,,,,,,,,,,,,,,,,,,,,
p221,ice,13_01_2026,1,,,,,,,,,,,,,,,,,,,,
p221,jb,13_01_2026,2,,,,,,,,,,,,,,,,,,,,
p221,d,13_01_2026,2,,,,,,,,,,,,,,,,,,,,
p221,cr,13_01_2026,3,,,,,,,,,,,,,,,,,,,,
p221,mu,13_01_2026,3,,,,,,,,,,,,,,,,,,,,
p221,ice,13_01_2026,1,,,,,,,,,,,,,,,,,,,,
p221,minn,13_01_2026,2,,,,,,,,,,,,,,,,,,,,
p221,obp,13_01_2026,2,,,,,,,,,,,,,,,,,,,,
ap,cr,13_01_2026,1,,,,,,,,,,,,,,,,,,,,
ice,cr,13_01_2026,1,,,,,,,,,,,,,,,,,,,,
jb,cr,13_01_2026,2,,,,,,,,,,,,,,,,,,,,
d,cr,13_01_2026,2,,,,,,,,,,,,,,,,,,,,
ap,ice,13_01_2026,1,,,,,,,,,,,,,,,,,,,,
ap,jb,13_01_2026,2,,,,,,,,,,,,,,,,,,,,
ap,d,13_01_2026,2,,,,,,,,,,,,,,,,,,,,
ice,jb,13_01_2026,2,,,,,,,,,,,,,,,,,,,,
ice,d,13_01_2026,2,,,,,,,,,,,,,,,,,,,,
jb,d,13_01_2026,2,,,,,,,,,,,,,,,,,,,,
minn,mu,13_01_2026,2,,,,,,,,,,,,,,,,,,,,
minn,d,13_01_2026,2,,,,,,,,,,,,,,,,,,,,
jb,obp,13_01_2026,2,,,,,,,,,,,,,,,,,,,,
p222,jp,13_01_2026,2,,,,,,,,,,,,,,,,,,,,
p222,usa,13_01_2026,1,,,,,,,,,,,,,,,,,,,,
p222,if,13_01_2026,3,,,,,,,,,,,,,,,,,,,,
p222,t,13_01_2026,3,,,,,,,,,,,,,,,,,,,,
jp,if,13_01_2026,2,,,,,,,,,,,,,,,,,,,,
jp,usa,13_01_2026,2,,,,,,,,,,,,,,,,,,,,
usa,if,13_01_2026,1,,,,,,,,,,,,,,,,,,,,
usa,t,13_01_2026,1,,,,,,,,,,,,,,,,,,,,
jp,t,13_01_2026,2,,,,,,,,,,,,,,,,,,,,
p223,irn,13_01_2026,2,,,,,,,,,,,,,,,,,,,,
p223,pair,13_01_2026,3,,,,,,,,,,,,,,,,,,,,
p223,pr,13_01_2026,2,,,,,,,,,,,,,,,,,,,,
irn,pr,13_01_2026,2,,,,,,,,,,,,,,,,,,,,
irn,pair,13_01_2026,2,,,,,,,,,,,,,,,,,,,,
p224,sca,13_01_2026,1,,,,,,,,,,,,,,,,,,,,
p224,endor,13_01_2026,3,,,,,,,,,,,,,,,,,,,,
sca,endor,13_01_2026,1,,,,,,,,,,,,,,,,,,,,
p225,io,13_01_2026,2,,,,,,,,,,,,,,,,,,,,
p225,walz,13_01_2026,2,,,,,,,,,,,,,,,,,,,,
p225,sbe,13_01_2026,1,,,,,,,,,,,,,,,,,,,,
p225,atp,13_01_2026,1,,,,,,,,,,,,,,,,,,,,
p225,d,13_01_2026,2,,,,,,,,,,,,,,,,,,,,
p225,cor,13_01_2026,3,,,,,,,,,,,,,,,,,,,,
io,cor,13_01_2026,2,,,,,,,,,,,,,,,,,,,,
walz,cor,13_01_2026,2,,,,,,,,,,,,,,,,,,,,
sbe,cor,13_01_2026,1,,,,,,,,,,,,,,,,,,,,
d,cor,13_01_2026,2,,,,,,,,,,,,,,,,,,,,
atp,cor,13_01_2026,1,,,,,,,,,,,,,,,,,,,,
io,walz,13_01_2026,2,,,,,,,,,,,,,,,,,,,,
io,sbe,13_01_2026,2,,,,,,,,,,,,,,,,,,,,
walz,sbe,13_01_2026,2,,,,,,,,,,,,,,,,,,,,
p226,usa,13_01_2026,1,,,,,,,,,,,,,,,,,,,,
p226,if,13_01_2026,3,,,,,,,,,,,,,,,,,,,,
p226,iv,13_01_2026,3,,,,,,,,,,,,,,,,,,,,
usa,if,13_01_2026,1,,,,,,,,,,,,,,,,,,,,
usa,iv,13_01_2026,1,,,,,,,,,,,,,,,,,,,,
if,iv,13_01_2026,1,,,,,,,,,,,,,,,,,,,,
p227,usa,14_01_2026,3,,,,,,,,,,,,,,,,,,,,
p227,grl,14_01_2026,3,,,,,,,,,,,,,,,,,,,,
p227,nas,14_01_2026,3,,,,,,,,,,,,,,,,,,,,
p227,nato,14_01_2026,3,,,,,,,,,,,,,,,,,,,,
p227,rus,14_01_2026,3,,,,,,,,,,,,,,,,,,,,
p227,chn,14_01_2026,3,,,,,,,,,,,,,,,,,,,,
usa,nato,14_01_2026,2,,,,,,,,,,,,,,,,,,,,
rus,nas,14_01_2026,2,,,,,,,,,,,,,,,,,,,,
chn,nas,14_01_2026,2,,,,,,,,,,,,,,,,,,,,
grl,nas,14_01_2026,2,,,,,,,,,,,,,,,,,,,,
p228,fedg,14_01_2026,3,,,,,,,,,,,,,,,,,,,,
p228,usa,14_01_2026,3,,,,,,,,,,,,,,,,,,,,
p228,sanc,14_01_2026,3,,,,,,,,,,,,,,,,,,,,
p228,cr,14_01_2026,3,,,,,,,,,,,,,,,,,,,,
fedg,usa,14_01_2026,1,,,,,,,,,,,,,,,,,,,,
sanc,cr,14_01_2026,2,,,,,,,,,,,,,,,,,,,,
p229,usa,14_01_2026,1,,,,,,,,,,,,,,,,,,,,
p229,vene,14_01_2026,1,,,,,,,,,,,,,,,,,,,,
p229,dro,14_01_2026,1,,,,,,,,,,,,,,,,,,,,
p229,oil,14_01_2026,3,,,,,,,,,,,,,,,,,,,,
p229,miner,14_01_2026,3,,,,,,,,,,,,,,,,,,,,
p229,trade,14_01_2026,3,,,,,,,,,,,,,,,,,,,,
p229,nas,14_01_2026,3,,,,,,,,,,,,,,,,,,,,
dro,vene,14_01_2026,2,,,,,,,,,,,,,,,,,,,,
usa,vene,14_01_2026,2,,,,,,,,,,,,,,,,,,,,
oil,vene,14_01_2026,2,,,,,,,,,,,,,,,,,,,,
miner,vene,14_01_2026,2,,,,,,,,,,,,,,,,,,,,
trade,usa,14_01_2026,2,,,,,,,,,,,,,,,,,,,,
p230,ice,15_01_26,3,,,,,,,,,,,,,,,,,,,,
p230,minn,15_01_26,2,,,,,,,,,,,,,,,,,,,,
p230,judg,15_01_26,3,,,,,,,,,,,,,,,,,,,,
p230,le,15_01_26,3,,,,,,,,,,,,,,,,,,,,
p230,cr,15_01_26,1,,,,,,,,,,,,,,,,,,,,
ice,cr,15_01_26,1,,,,,,,,,,,,,,,,,,,,
le,cr,15_01_26,1,,,,,,,,,,,,,,,,,,,,
ice,minn,15_01_26,2,,,,,,,,,,,,,,,,,,,,
p231,minn,15_01_26,2,,,,,,,,,,,,,,,,,,,,
p231,minnpol,15_01_26,1,,,,,,,,,,,,,,,,,,,,
p231,agit,15_01_26,1,,,,,,,,,,,,,,,,,,,,
p231,insur,15_01_26,1,,,,,,,,,,,,,,,,,,,,
p231,ice,15_01_26,3,,,,,,,,,,,,,,,,,,,,
p231,insact,15_01_26,2,,,,,,,,,,,,,,,,,,,,
agit,ice,15_01_26,1,,,,,,,,,,,,,,,,,,,,
insur,ice,15_01_26,1,,,,,,,,,,,,,,,,,,,,
minnpol,minn,15_01_26,2,,,,,,,,,,,,,,,,,,,,
p232,eco,15_01_26,3,,,,,,,,,,,,,,,,,,,,
p232,usa,15_01_26,3,,,,,,,,,,,,,,,,,,,,
p232,t,15_01_26,3,,,,,,,,,,,,,,,,,,,,
p232,if,15_01_26,2,,,,,,,,,,,,,,,,,,,,
t,eco,15_01_26,3,,,,,,,,,,,,,,,,,,,,
if,eco,15_01_26,2,,,,,,,,,,,,,,,,,,,,
p233,bop,15_01_26,3,,,,,,,,,,,,,,,,,,,,
p234,sw,15_01_26,2,,,,,,,,,,,,,,,,,,,,
p234,gaza20,15_01_26,2,,,,,,,,,,,,,,,,,,,,
p234,aid,15_01_26,3,,,,,,,,,,,,,,,,,,,,
p234,un,15_01_26,2,,,,,,,,,,,,,,,,,,,,
p234,palgov,15_01_26,3,,,,,,,,,,,,,,,,,,,,
p234,egy,15_01_26,1,,,,,,,,,,,,,,,,,,,,
p234,tur,15_01_26,2,,,,,,,,,,,,,,,,,,,,
p234,qat,15_01_26,2,,,,,,,,,,,,,,,,,,,,
p234,ham,15_01_26,1,,,,,,,,,,,,,,,,,,,,
p234,isr,15_01_26,2,,,,,,,,,,,,,,,,,,,,
p234,bop,15_01_26,1,,,,,,,,,,,,,,,,,,,,
aid,gaza,15_01_26,3,,,,,,,,,,,,,,,,,,,,
qat,tur,15_01_26,1,,,,,,,,,,,,,,,,,,,,
egy,tur,15_01_26,1,,,,,,,,,,,,,,,,,,,,
qat,egy,15_01_26,2,,,,,,,,,,,,,,,,,,,,
demil,ham,15_01_26,3,,,,,,,,,,,,,,,,,,,,
p235,mcm,15_01_26,3,,,,,,,,,,,,,,,,,,,,
p235,vene,15_01_26,3,,,,,,,,,,,,,,,,,,,,
mcm,vene,15_01_26,1,,,,,,,,,,,,,,,,,,,,
npp,mcm,15_01_26,1,,,,,,,,,,,,,,,,,,,,