from,to,date,rating
p1,cm,01_01_25,3
p1,le,01_01_25,3
p1,dp,01_01_25,3
p1,fk,01_01_25,3
p1,dp,01_01_25,2
p1,nopd,01_01_25,1
p1,ta,01_01_25,1
p1,cono,01_01_25,1
nopd,le,01_01_25,1
ta,le,01_01_25,1
cono,le,01_01_25,2
p2,usa,01_01_25,1
p2,af,01_01_25,3
usa,af,01_01_25,1
p3,t,01_01_25,3
p3,af,01_01_25,3
p4,dp,02_01_25,3
p4,cor,02_01_25,3
p4,lp,02_01_25,3
p4,le,02_01_25,3
p4,nas,02_01_25,3
p4,doj,02_01_25,2
p4,fbi,02_01_25,2
p4,cia,02_01_25,1
doj,cor,02_01_25,2
doj,lp,02_01_25,2
doj,le,02_01_25,2
fbi,cor,02_01_25,2
fbi,lp,02_01_25,2
fbi,le,02_01_25,2
dp,cor,02_01_25,2
dp,lp,02_01_25,2
cia,nas,02_01_25,1
p5,dt,02_01_25,1
p5,caaa,02_01_25,3
dt,caaa,02_01_25,1
p6,jb,02_01_25,2
p6,dp,02_01_25,2
jb,cm,02_01_25,2
jb,dp,02_01_25,2
jb,obp,02_01_25,2
dp,cm,02_01_25,2
dp,obp,02_01_25,2
p6,cm,02_01_25,3
p6,dp,02_01_25,3
p6,obp,02_01_25,3
p7,jp,02_01_25,1
p7,usg,02_01_25,1
jp,aogo,02_01_25,1
usg,aogo,02_01_25,1
p7,aogo,02_01_25,3
jp,usg,02_01_25,1
p8,bl,02_01_25,1
p8,usg,02_01_25,1
bl,usg,02_01_25,1
bl,aogo,02_01_25,1
usg,aogo,02_01_25,1
p8,aogo,02_01_25,3
p9,ca ,02_01_25,1
p9,usg,02_01_25,1
ca,usg,02_01_25,1
ca,aogo,02_01_25,1
usg,aogo,02_01_25,1
p9,aogo,02_01_25,3
p10,sb,03_01_25,1
p10,kk,03_01_25,1
p10,ap,03_01_25,1
p10,hmc,03_01_25,1
p10,dk,03_01_25,1
p10,ss,03_01_25,1
p10,usdot,03_01_25,1
p10,aogo,03_01_25,3
sb,usdot,03_01_25,1
kk,usdot,03_01_25,1
ap,usdot,03_01_25,1
hmc,usdot,03_01_25,1
dk,usdot,03_01_25,1
ss,usdot,03_01_25,1
usdot,aogo,03_01_25,1
sb,aogo,03_01_25,1
kk,aogo,03_01_25,1
ap,aogo,03_01_25,1
hmc,aogo,03_01_25,1
dk,aogo,03_01_25,1
ss,aogo,03_01_25,1
p11,ttb,03_01_25,1
p11,dt,03_01_25,3
dt,ttb,03_01_25,1
p12,uk,03_01_25,2
uk,ep,03_01_25,2
p12,ep,03_01_25,3
p12,wt,03_01_25,3
p13,mj,03_01_25,1
p13,rp,03_01_25,1
mj,rp,03_01_25,1
mj,rp,03_01_25,1
p13,rp,03_01_25,3
p14,af,03_01_25,3
p16,dp,03_01_25,2
p16,jc,03_01_25,3
dp,d,03_01_25,2
dp,pa,03_01_25,2
p16,d,03_01_25,3
p16,pa,03_01_25,3
p16,hist,03_01_25,3
p17,mj,03_01_25,1
p17,usc,03_01_25,1
mj,usc,03_01_25,1
mj,rp,03_01_25,1
usc,rp,03_01_25,1
p17,rp,03_01_25,3
p18,mo,03_01_25,2
p18,sw,03_01_25,1
p18,usg,03_01_25,1
p18,rp,03_01_25,1
mo,usg,03_01_25,1
sw,usg,03_01_25,1
mo,rp,03_01_25,1
mo,sw,03_01_25,1
mo,aogo,03_01_25,1
usg,aogo,03_01_25,1
mo,rp,03_01_25,1
p18,aogo,03_01_25,3
p18,rp,03_01_25,3
p19,boo,04_01_25,3
p19,af,04_01_25,3
p20,rp,04_01_25,1
p20,usg,04_01_25,1
rp,usg,04_01_25,1
usg,pair,04_01_25,1
rp,aogo,04_01_25,1
usg,aogo,04_01_25,1
p20,aogo,04_01_25,3
p20,pair,04_01_25,3
p21,tb,04_01_25,1
p21,mr,04_01_25,1
p21,usdos,04_01_25,1
tb,usdos,04_01_25,1
mr,usdos,04_01_25,1
tb,mr,04_01_25,1
tb,aogo,04_01_25,1
mr,aogo,04_01_25,1
usdos,aogo,04_01_25,1
usdos,pair,04_01_25,1
p21,aogo,04_01_25,3
p21,pair,04_01_25,3
p22,jm,04_01_25,2
p22,ab,04_01_25,2
p22,jas,04_01_25,2
jm,lp,04_01_25,2
ab,lp,04_01_25,2
jas,lp,04_01_25,2
jm,cor,04_01_25,2
ab,cor,04_01_25,2
jas,cor,04_01_25,2
jm,dp,04_01_25,2
ab,dp,04_01_25,2
jas,dp,04_01_25,2
p22,lp,04_01_25,3
p22,cor,04_01_25,3
p22,dp,04_01_25,3
p22,pa,04_01_25,3
p25,jb,06_01_25,2
p25,jas,06_01_25,2
p25,doj,06_01_25,2
p25,fbi,06_01_25,2
jb,lp,06_01_25,2
jb,cor,06_01_25,2
jb,dp,06_01_25,2
jas,cor,06_01_25,2
jas,lp,06_01_25,2
doj,lp,06_01_25,2
doj,cor,06_01_25,2
fbi,lp,06_01_25,2
fbi,cor,06_01_25,2
p25,lp,06_01_25,3
p25,cor,06_01_25,3
p25,dp,06_01_25,3
p25,pa,06_01_25,3
p26,ab,06_01_25,2
p26,mp,06_01_25,2
p26,jb,06_01_25,2
p26,kh,06_01_25,2
p26,doj,06_01_25,2
ab,lp,06_01_25,2
ab,cor,06_01_25,2
ab,dp,06_01_25,2
mp,lp,06_01_25,2
mp,cor,06_01_25,2
mp,dp,06_01_25,2
jb,lp,06_01_25,2
jb,cor,06_01_25,2
jb,dp,06_01_25,2
kh,lp,06_01_25,2
kh,cor,06_01_25,2
kh,dp,06_01_25,2
doj,lp,06_01_25,2
doj,cor,06_01_25,2
p26,lp,06_01_25,3
p26,cor,06_01_25,3
p26,dp,06_01_25,3
p26,pa,06_01_25,3
p27,usc,06_01_25,1
p27,rp,06_01_25,1
usc,ta,06_01_25,1
usc,ep,06_01_25,1
usc,t,06_01_25,1
rp,ta,06_01_25,1
rp,t,06_01_25,1
p27,ta,06_01_25,3
p27,ep,06_01_25,3
p27,t,06_01_25,3
p27,rp,06_01_25,3
p27,af,06_01_25,3
p28,usst,06_01_25,1
usst,t,06_01_25,1
p28,t,06_01_25,3
p29,usc,06_01_25,1
usc,rp,06_01_25,1
p29,rp,06_01_25,3
p29,hist,06_01_25,3
p29,af,06_01_25,3
p30,twp,06_01_25,2
twp,fk,06_01_25,2
twp,mc,06_01_25,2
twp,t,06_01_25,2
p30,fk,06_01_25,3
p30,mc,06_01_25,3
p30,t,06_01_25,3
p31,jb,06_01_25,2
jb,lp,06_01_25,2
jb,ep,06_01_25,2
jb,cc,06_01_25,2
p31,lp,06_01_25,3
p31,ep,06_01_25,3
p31,cc,06_01_25,3
p31,af,06_01_25,3
p32,cana,06_01_25,3
p32,jt,06_01_25,2
jt,cana,06_01_25,2
cana,t,06_01_25,3
cana,nas,06_01_25,3
p32,t,06_01_25,3
p32,nas,06_01_25,3
p32,ta,06_01_25,3
p32,pair,06_01_25,3
p33,grl,07_01_25,1
p33,dtjr,07_01_25,1
p33,rep,07_01_25,1
dtjr,grl,07_01_25,1
rep,grl,07_01_25,1
grl,pair,07_01_25,1
grl,nas,07_01_25,1
p33,pair,07_01_25,3
p33,nas,07_01_25,3
p33,af,07_01_25,3
p34,jnj,07_01_25,1
p34,usg,07_01_25,1
p34,edony,07_01_25,1
jnj,usg,07_01_25,1
jnj,edony,07_01_25,1
usg,aogo,07_01_25,1
jnj,aogo,07_01_25,1
p34,aogo,07_01_25,3
p35,grl,07_01_25,1
p35,dtjr,07_01_25,1
p35,rep,07_01_25,1
dtjr,grl,07_01_25,1
rep,grl,07_01_25,1
grl,pair,07_01_25,1
grl,nas,07_01_25,1
p35,pair,07_01_25,3
p35,nas,07_01_25,3
p35,af,07_01_25,3
p36,cana,08_01_25,1
p37,gn,08_01_25,2
p37,cali,08_01_25,3
gn,ep,08_01_25,2
gn,cc,08_01_25,2
gn,d,08_01_25,2
cali,ep,08_01_25,3
p37,ep,08_01_25,3
p37,cc,08_01_25,3
p37,dp,08_01_25,3
p37,pa,08_01_25,3
p38,gn,08_01_25,2
p38,la,08_01_25,2
gn,ep,08_01_25,2
la,ep,08_01_25,2
p38,ep,08_01_25,3
p38,pa,08_01_25,3
p39,jb,08_01_25,2
p39,fema,08_01_25,2
jb,ep,08_01_25,2
fema,ep,08_01_25,2
p39,ep,08_01_25,3
p39,pa,08_01_25,3
p40,jb,08_01_25,2
p40,gn,08_01_25,2
p40,la,08_01_25,2
jb,ep,08_01_25,2
gn,ep,08_01_25,2
la,ep,08_01_25,2
p40,ep,08_01_25,3
p40,pa,08_01_25,3
p40,hist,08_01_25,3
p41,jp,08_01_25,1
p41,rf,08_01_25,1
jp,ec,08_01_25,1
rf,ec,08_01_25,1
p41,ec,08_01_25,3
p42,jn,09_01_25,1
p43,iwr,09_01_25,3
p44,gn,09_01_25,2
p44,usa,09_01_25,3
gn,wf,09_01_25,2
usa,wf,09_01_25,2
gn,pa,09_01_25,2
p44,pa,09_01_25,3
p45,gn,09_01_25,2
p45,kb,09_01_25,2
p45,jb,09_01_25,2
p45,fema,09_01_25,2
p45,la,09_01_25,2
p45,wf,09_01_25,3
p45,pa,09_01_25,3
gn,wf,09_01_25,2
kb,wf,09_01_25,2
jb,wf,09_01_25,2
fema,wf,09_01_25,2
la,wf,09_01_25,2
jb,pa,09_01_25,2
p46,gn,09_01_25,2
p46,cali,09_01_25,3
gn,wf,09_01_25,2
cali,wf,09_01_25,3
p46,wf,09_01_25,3
p46,pa,09_01_25,3
p47,mam,09_01_25,1
p47,vp,09_01_25,1
p47,vac,09_01_25,1
p47,eg,09_01_25,1
mcm,ven,09_01_25,1
eg,ven,09_01_25,1
vac,ven,09_01_25,1
p47,ven,09_01_25,3
p47,pair,09_01_25,3
p48,cjt,09_01_25,1
p48,swe,09_01_25,1
p48,usg,09_01_25,1
cjt,usg,09_01_25,1
cjt,swe,09_01_25,1
usg,aogo,09_01_25,1
p48,aogo,09_01_25,3
p48,pair,09_01_25,3
p49,lt,10_01_25,1
p49,hkd,10_01_25,1
p49,doj,10_01_25,1
lt,doj,10_01_25,1
hkd,doj,10_01_25,1
lt,hkd,10_01_25,1
doj,aogo,10_01_25,1
lt,aogo,10_01_25,1
p49,aogo,10_01_25,3
p50,grl,10_01_25,1
p50,dtjr,10_01_25,1
p50,rep,10_01_25,1
dtjr,grl,10_01_25,1
rep,grl,10_01_25,1
grl,pair,10_01_25,1
p50,pair,10_01_25,3
p51,sb,10_01_25,1
p51,dova,10_01_25,1
sb,dova,10_01_25,1
sb,aogo,10_01_25,1
dova,aogo,10_01_25,1
p51,aogo,10_01_25,3
p52,usa,10_01_25,3
p52,ussc,10_01_25,1
ussc,lp,11_01_25,1
ussc,jas,11_01_25,1
p52,lp,11_01_25,3
p52,js,11_01_25,3
p52,cor,11_01_25,3
p52,pa,11_01_25,3
p52,af,11_01_25,3
p54,dp,11_01_25,2
p54,doj,11_01_25,2
p54,usa,11_01_25,3
dp,lp,11_01_25,2
dp,cor,11_01_25,2
doj,lp,11_01_25,2
doj,cor,11_01_25,2
p54,lp,11_01_25,3
p54,cor,11_01_25,3
p54,pa,11_01_25,3
p54,af,11_01_25,3
p55,er,11_01_25,1
p55,eatf,11_01_25,1
er,eatf,11_01_25,1
eatf,ep,11_01_25,1
eatf,wt,11_01_25,1
eatf,aogo,11_01_25,1
er,aogo,11_01_25,1
p55,ep,11_01_25,3
p55,wt,11_01_25,3
p55,caa,11_01_25,3
p55,aogo,11_01_25,3
p56,bb,11_01_25,1
p56,sba,11_01_25,1
bb,sba,11_01_25,1
sba,aogo,11_01_25,1
bb,aogo,11_01_25,1
p56,aogo,11_01_25,3
p57,af,11_01_25,3
p57,sgb,11_01_25,1
p57,usdotrans,11_01_25,1
sgb,usdotrans,11_01_25,1
usdotrans,aogo,11_01_25,1
sgb,aogo,11_01_25,1
p57,aogo,11_01_25,3
p58,kmc,11_01_25,1
p58,usdoi,11_01_25,1
kmc,usdoi,11_01_25,1
usdoi,aogo,11_01_25,1
kmc,aogo,11_01_25,1
p58,aogo,11_01_25,3
p59,jd,11_01_25,1
p59,usdoe,11_01_25,1
jd,usdoe,11_01_25,1
usdoe,aogo,11_01_25,1
jd,aogo,11_01_25,1
p59,aogo,11_01_25,3
p60,cm,11_01_25,1
p60,sba,11_01_25,1
sm,sba,11_01_25,1
sba,aogo,11_01_25,1
cm,aogo,11_01_25,1
p60,aogo,11_01_25,3
p61,pl,11_01_25,1
p61,dova,11_01_25,1
pl,dova,11_01_25,1
pl,aogo,11_01_25,1
dova,aogo,11_01_25,1
p61,aogo,11_01_25,3
p62,lp,11_01_25,3
p62,pa,11_01_25,3
p63,dp,11_01_25,2
p63,lp,11_01_25,3
p63,pa,11_01_25,3
dp,lp,11_01_25,2
dp,pa,11_01_25,2
p64,lp,11_01_25,3
p64,pa,11_01_25,3
p65,df,11_01_25,1
p65,epa,11_01_25,1
df,epa,11_01_25,1
epa,aogo,11_01_25,1
df,aogo,11_01_25,1
p65,aogo,11_01_25,3
p66,jas,12_01_25,2
p66,doj,12_01_25,2
jas,doj,12_01_25,2
jas,lp,12_01_25,2
jas,cor,12_01_25,2
doj,lp,12_01_25,2
p66,lp,12_01_25,3
p67,la,12_01_25,2
p67,usa,12_01_25,3
la,wf,12_01_25,2
p67,wf,12_01_25,3
p67,pa,12_01_25,3
p67,hist,12_01_25,3
p68,jas,12_01_25,2
jas,lp,12_01_25,2
jas,cor,12_01_25,2
p68,lp,12_01_25,3
p68,cor,12_01_25,3
p68,pa,12_01_25,3
p69,rg,12_01_25,1
p70,jas,12_01_25,2
p70,doj,12_01_25,2
jas,doj,12_01_25,2
jas,lp,12_01_25,2
jas,cor,12_01_25,2
doj,lp,12_01_25,2
p70,lp,12_01_25,3
p70,cor,12_01_25,3
p70,pa,12_01_25,3
p71,amc,13_01_25,2
p71,poli,13_01_25,2
p71,airf,13_01_25,2
amc,aogo,13_01_25,2
poli,mc,13_01_25,2
poli,fk,13_01_25,2
p71,aogo,13_01_25,3
p71,fk,13_01_25,3
p71,mc,13_01_25,3
p72,gn,14_01_25,2
gn,wf,14_01_25,2
p72,wf,14_01_25,3
p72,pa,14_01_25,3
p73,sm,14_01_25,2
p73,dp,14_01_25,2
p73,nbc,14_01_25,2
p73,msnbc,14_01_25,2
p73,comc,14_01_25,2
sm,mc,14_01_25,2
sm,dp,14_01_25,2
nbc,mc,14_01_25,2
msnbc,mc,14_01_25,2
comc,mc,14_01_25,2
nbc,fk,14_01_25,2
msnbc,fk,14_01_25,2
p73,mc,14_01_25,3
p73,fk,14_01_25,3
p73,pa,14_01_25,3
p74,jas,14_01_25,2
p74,jb,14_01_25,2
p74,np,14_01_25,2
p74,jan6th,14_01_25,2
jas,lp,14_01_25,2
jas,cor,14_01_25,2
jb,lp,14_01_25,2
np,lp,14_01_25,2
np,cor,14_01_25,2
jan6th,lp,14_01_25,2
jan6th,cor,14_01_25,2
p74,lp,14_01_25,3
p74,cor,14_01_25,3
p74,pa,14_01_25,3
p75,jas,14_01_25,2
p75,jan6th,14_01_25,2
jas,lp,14_01_25,2
jas,cor,14_01_25,2
jan6th,lp,14_01_25,2
jan6th,cor,14_01_25,2
p75,lp,14_01_25,3
p75,cor,14_01_25,3
p75,pa,14_01_25,3
p76,af,14_01_25,3
p76,usdod,14_01_25,1
p77,ph,14_01_25,1
usdod,ph,14_01_25,1
usdod,aogo,14_01_25,1
ph,aogo,14_01_25,1
p77,aogo,14_01_25,3
p77,military,14_01_25,3
p78,gn,14_01_25,2
gn,wf,14_01_25,2
p78,wf,14_01_25,3
p78,pa,14_01_25,3
p79,irs,14_01_25,2
p79,ers,14_01_25,1
irs,ta,14_01_25,2
ers,ta,14_01_25,1
ers,t,14_01_25,1
p79,ta,14_01_25,3
p79,t,14_01_25,3
p79,af,14_01_25,3
p80,rds,14_01_25,1
p81,ks,15_01_25,1
p81,usdol,15_01_25,1
ks,usdol,15_01_25,1
usdol,aogo,15_01_25,1
ks,usdol,15_01_25,1
p81,aogo,15_01_25,3
p82,ila,15_01_25,1
p83,wt,15_01_25,2
wt,ep,15_01_25,2
p83,ep,15_01_25,3
p84,ham,15_01_25,3
p84,isr,15_01_25,3
p84,pair,15_01_25,3
p84,war,15_01_25,3
p84,isr,15_01_25,3
p84,sw,15_01_25,1
p84,usa,15_01_25,3
p84,war,15_01_25,3
p84,nas,15_01_25,3
p84,pair,15_01_25,3
isr,war,15_01_25,1
isr,pair,15_01_25,1
sw,nas,15_01_25,1
usa,pair,15_01_25,1
usa,nas,15_01_25,1
p86,ila,15_01_25,1
p87,usg,16_01_25,1
p87,afnp,16_01_25,2
p87,cko,16_01_25,2
p87,jbo,16_01_25,2
p87,nha,16_01_25,2
p87,mpe,16_01_25,2
p87,dch,16_01_25,2
p87,lc,16_01_25,2
p87,mro,16_01_25,2
p87,pry,16_01_25,2
p87,mmi,16_01_25,2
p87,jma,16_01_25,2
p87,mes,16_01_25,2
p87,aogo,16_01_25,3
p87,pa,16_01_25,3
p87,af,16_01_25,3
p88,wg,16_01_25,1
p88,usdoe,16_01_25,1
wg,usdoe,16_01_25,1
usdoe,aogo,16_01_25,1
wg,aogo,16_01_25,1
p88,aogo,16_01_25,3
p89,dg,16_01_25,1
p89,usdoe,16_01_25,1
dg,usdoe,16_01_25,1
usdoe,aogo,16_01_25,1
dg,aogo,16_01_25,1
p89,aogo,16_01_25,3
p90,bw,16_01_25,1
p90,usdoe,16_01_25,1
p90,nnsa,16_01_25,1
bw,usdoe,16_01_25,1
bw,nnsa,16_01_25,1
usdoe,aogo,16_01_25,1
nnsa,aogo,16_01_25,1
bw,aogo,16_01_25,1
p90,aogo,16_01_25,3
p91,bp,16_01_25,1
p91,fhfa,16_01_25,1
bp,fhfa,16_01_25,1
fhfa,aogo,16_01_25,1
bp,aogo,16_01_25,1
p91,aogo,16_01_25,3
p92,jv,16_01_25,1
p92,mg,16_01_25,1
p92,sys,16_01_25,1
p92,hol,16_01_25,1
jv,hol,16_01_25,1
mg,hol,16_01_25,1
sys,hol,16_01_25,1
jv,aogo,16_01_25,1
mg,aogo,16_01_25,1
sys,aogo,16_01_25,1
p92,aogo,16_01_25,3
p93,cs,16_01_25,1
p93,sba,16_01_25,1
cs,sba,16_01_25,1
sba,aogo,16_01_25,1
cs,aogo,16_01_25,1
p93,aogo,16_01_25,3
p94,ll,16_01_25,1
p94,usdoa,16_01_25,1
ll,usdoa,16_01_25,1
usdoa,aogo,16_01_25,1
ll,aogo,16_01_25,1
p94,aogo,16_01_25,3
p95,ot,16_01_25,1
p95,fcc,16_01_25,1
ot,fcc,16_01_25,1
fcc,aogo,16_01_25,1
ot,aogo,16_01_25,1
p95,aogo,16_01_25,3
p96,tm,16_01_25,1
p96,usaf,16_01_25,1
tm,usaf,16_01_25,1
usaf,aogo,16_01_25,1
tm,aogo,16_01_25,1
p96,aogo,16_01_25,3
p97,dh,16_01_25,1
p97,usda,16_01_25,1
dh,usda,16_01_25,1
usda,aogo,16_01_25,1
dh,aogo,16_01_25,1
p97,aogo,16_01_25,3
p98,rf,16_01_25,1
p98,usdoa,16_01_25,1
rf,usdoa,16_01_25,1
usdoa,aogo,16_01_25,1
rf,aogo,16_01_25,1
p98,aogo,16_01_25,3
p99,mb,16_01_25,1
p99,usdoa,16_01_25,1
mb,usdoa,16_01_25,1
usdoa,aogo,16_01_25,1
mb,aogo,16_01_25,1
p99,aogo,16_01_25,3
p100,fbi,17_01_25,2
p100,deio,17_01_25,2
fbi,cor,17_01_25,2
deio,cor,17_01_25,2
p100,cor,17_01_25,3
p100,caaa,17_01_25,3
p101,xj,17_01_25,1
p101,chn,17_01_25,1
xj,chn,17_01_25,1
p101,t,17_01_25,3
p101,fy,17_01_25,3
p101,ttb,17_01_25,3
p101,pair,17_01_25,3
p101,nas,17_01_25,3
p102,ussc,17_01_25,3
p102,ttb,17_01_25,3
ussc,lp,17_01_25,3
p102,lp,17_01_25,3
p103,uscap,17_01_25,1
p103,coa,17_01_25,1
p103,rr,17_01_25,1
p103,le,17_01_25,1
p103,nas,17_01_25,3
p103,hist,17_01_25,3
p103,caaa,17_01_25,3
p104,ml,18_01_25,1
p104,usaf,18_01_25,1
ml,usaf,18_01_25,1
usaf,aogo,18_01_25,1
ml,aogo,18_01_25,1
p104,aogo,18_01_25,3
p105,trumpm,18_01_25,1
p105,af,18_01_25,3
p105,caaa,18_01_25,3
p106,hist,18_01_25,3
p106,caaa,18_01_25,3
p107,ps,18_01_25,1
p107,usdoed,18_01_25,1
ps,usdoed,18_01_25,1
usdoed,aogo,18_01_25,1
ps,aogo,18_01_25,1
p107,aogo,18_01_25,3
p108,wc,18_01_25,1
p108,faf,18_01_25,1
wc,faf,18_01_25,1
p108,mc,18_01_25,3
p109,nyj,19_01_25,2
p109,nyc,19_01_25,2
nyj,cor,19_01_25,2
nyc,cor,19_01_25,2
p109,cor,19_01_25,3
p109,lp,19_01_25,3
p110,tt,19_01_25,1
p110,ttb,19_01_25,3
p111,isr,19_01_25,1
p111,ham,19_01_25,2
p111,war,19_01_25,3
p111,pair,19_01_25,3
p112,aogo,19_01_25,3
p113,tt,19_01_25,1
p113,usg,19_01_25,1
p113,ttb,19_01_25,3
p113,nas,19_01_25,3
p113,ta,19_01_25,3
usg,tt,19_01_25,1
p114,ja,21_01_25,2
p114,mm,21_01_25,2
p114,bh,21_01_25,2
p114,kb,21_01_25,2
p114,pcsfn,21_01_25,2
p114,niac,21_01_25,2
p114,wcs,21_01_25,2
p114,pec,21_01_25,2
ja,pcsfn,21_01_25,2
mm,niac,21_01_25,2
bh,wcs,21_01_25,2
kb,pec,21_01_25,2
p114,aogo,21_01_25,3
p114,pa,21_01_25,3
p115,ru,22_01_25,1
p115,lm,22_01_25,1
p115,par,22_01_25,3
p115,lp,22_01_25,3
ru,par,22_01_25,1
p116,nb,22_01_25,2
p116,nps,22_01_25,2
p116,cm,22_01_25,3
p116,pa,22_01_25,3
p117,rus,22_01_25,1
p117,vp,22_01_25,1
vp,rus,22_01_25,1
p117,war,22_01_25,3
p117,ta,22_01_25,3
p117,t,22_01_25,3
rus,ta,22_01_25,2
rus,t,22_01_25,2
p118,mt,22_01_25,1
p118,w,22_01_25,3
p119,msnbc,23_01_25,2
p119,cnn,23_01_25,2
msnbc,mc,23_01_25,2
cnn,mc,23_01_25,2
p119,mc,23_01_25,3
p119,fk,23_01_25,3
p120,bb,23_01_25,1
p120,usagm,23_01_25,1
bb,usagm,23_01_25,1
usagm,aogo,23_01_25,1
bb,aogo,23_01_25,1
p120,aogo,23_01_25,3
p121,ap,23_01_25,1
p121,eu,23_01_25,3
ap,eu,23_01_25,1
eu,aogo,23_01_25,1
ap,aogo,23_01_25,1
p121,aogo,23_01_25,3
p122,sc,23_01_25,1
p122,usss,23_01_25,1
sc,usss,23_01_25,1
usss,aogo,23_01_25,1
sc,aogo,23_01_25,1
p122,aogo,23_01_25,3
p123,fn,23_01_25,1
p123,sh,23_01_25,1
sh,fn,23_01_25,1
p124,jvd,23_01_25,1
p124,wtu,23_01_25,2
p124,nj,23_01_25,1
jvd,wtu,23_01_25,1
p124,ep,23_01_25,3
p125,bl,24_01_25,1
p126,northc,24_01_25,3
p126,cali,24_01_25,3
p126,caaa,24_01_25,3
p127,northc,24_01_25,3
p127,caaa,24_01_25,3
p128,jn,24_01_25,1
p128,usg,24_01_25,1
p128,nz,24_01_25,1
p128,sam,24_01_25,1
jn,aogo,24_01_25,1
usg,aogo,24_01_25,1
p128,aogo,24_01_25,3
p129,hist,24_01_25,3
p129,af,24_01_25,3
p129,caaa,24_01_25,3
p130,ph,25_01_25,1
ph,aogo,25_01_25,1
p130,aogo,25_01_25,3
p131,rm,25_01_25,2
p131,msnbc,25_01_25,2
p131,cnn,25_01_25,2
rm,mc,25_01_25,2
msnbc,mc,25_01_25,2
cnn,mc,25_01_25,2
p131,mc,25_01_25,3
p131,pa,25_01_25,3
p132,nv,25_01_25,3
p132,caaa,25_01_25,3
p133,isr,25_01_25,1
p133,jb,25_01_25,2
p133,war,25_01_25,3
p133,pair,25_01_25,3
p134,af,26_01_25,3
p134,caaa,26_01_25,3
p135,jp,26_01_25,1
p135,fl,26_01_25,1
p135,ec,26_01_25,3
p135,cm,26_01_25,3
p135,nas,26_01_25,3
p135,ep,26_01_25,3
p135,sec,26_01_25,3
jp,ec,26_01_25,1
jp,nas,26_01_25,1
jp,ep,26_01_25,1
jp,sec,26_01_25,1
p136,rf,26_01_25,1
p136,fl,26_01_25,1
p136,if,26_01_25,3
p136,ec,26_01_25,3
p136,nas,26_01_25,3
p136,ep,26_01_25,3
p136,sec,26_01_25,3
p136,war,26_01_25,3
rf,if,26_01_25,1
rf,ec,26_01_25,1
rf,nas,26_01_25,1
rf,ep,26_01_25,1
rf,sec,26_01_25,1
rf,war,26_01_25,1
p137,gs,26_01_25,1
p137,azgop,26_01_25,1
p137,az,26_01_25,1
gs,azgop,26_01_25,1
p137,af,26_01_25,3
p138,yt,26_01_25,1
p138,x,26_01_25,1
p138,rr,26_01_25,1
p138,hist,26_01_25,3
p139,ml,26_01_25,1
p139,fn,26_01_25,1
ml,fn,26_01_25,1
p140,gp,26_01_25,2
p140,col,26_01_25,2
p140,t,26_01_25,3
p140,nas,26_01_25,3
p140,cm,26_01_25,3
col,t,26_01_25,2
p141,sh,26_01_25,1
p142,ml,27_01_25,1
p143,kp,27_01_25,1
p143,jj,27_01_25,1
p143,ml,27_01_25,1
kp,ml,27_01_25,1
jj,ml,27_01_25,1
p143,mc,27_01_25,3
p143,fball,27_01_25,3
p144,ml,27_01_25,1
p145,kcc,27_01_25,1
p145,bb,27_01_25,1
p145,fball,27_01_25,3
p146,af,27_01_25,3
p147,ec,27_01_25,3
p147,hist,27_01_25,3
p147,af,27_01_25,3
p148,nv,28_01_25,1
p148,mmc,28_01_25,1
p148,jl,28_01_25,1
p148,nvgop,28_01_25,1
mmc,nvgop,28_01_25,1
jl,nvgop,28_01_25,1
p148,af,28_01_25,3
p148,hist,28_01_25,3
p149,usmil,28_01_25,1
p149,ca,28_01_25,1
p149,ep,28_01_25,2
usmil,ca,28_01_25,1
p150,ja,28_01_25,2
p150,cnn,28_01_25,2
ja,cnn,28_01_25,2
p150,mc,28_01_25,3
p150,fk,28_01_25,3
p150,pa,28_01_25,3
p151,af,28_01_25,3
p151,hist,28_01_25,3
p152,tn,28_01_25,1
p152,edu,28_01_25,3
p152,sch,28_01_25,3
p152,af,28_01_25,3
p153,hp,29_01_25,2
p153,gac,29_01_25,2
p153,c,29_01_25,3
p154,pan,29_01_25,2
p154,chn,29_01_25,2
p154,fp,29_01_25,3
pan,chn,29_01_25,2
p155,em,29_01_25,1
p155,spx,29_01_25,1
p155,ss,29_01_25,3
p155,jb,29_01_25,2
em,spx,29_01_25,1
spx,ss,29_01_25,1
p156,jf,29_01_25,1
p156,doj,29_01_25,1
p156,dp,29_01_25,2
p156,js,29_01_25,3
jf,doj,29_01_25,1
p156,af,29_01_25,3
p157,jpow,29_01_25,2
p157,fed,29_01_25,2
p157,usdot,29_01_25,1
p157,if,29_01_25,3
p157,ep,29_01_25,3
p157,ic,29_01_25,3
p157,ec,29_01_25,3
fed,if,29_01_25,2
usdot,ec,29_01_25,1
p158,boo,30_01_25,3
p158,af,30_01_25,3
p159,nas,30_01_25,3
p160,nas,30_01_25,3
p161,rna,30_01_25,3
p161,nas,30_01_25,3
p162,nas,30_01_25,3
p163,nas,30_01_25,3
p164,nas,30_01_25,3
p165,brics,31_01_25,2
p165,t,31_01_25,3
p165,ic,31_01_25,3
p165,ec,31_01_25,3
brics,t,31_01_25,2
p166,af,31_01_25,3
p167,nas,31_01_25,3
p168,cali,01_02_25,3
p168,wafl,01_02_25,3
p168,wf,01_02_25,3
p168,ep,01_02_25,3
p169,bbl,01_02_25,1
p169,dfc,01_02_25,1
bbl,dfc,01_02_25,1
p169,iv,01_02_25,3
p169,fp,01_02_25,3
p169,aogo,01_02_25,3
p170,rg,01_02_25,1
p170,ven,01_02_25,1
p170,fp,01_02_25,3
p170,nas,01_02_25,3
p171,trumpm,01_02_25,1
p171,caaa,01_02_25,3
p172,av,01_02_25,3
p172,nas,01_02_25,3
p173,ven,01_02_25,1
p173,fp,01_02_25,3
p173,nas,01_02_25,3
p174,elc,01_02_25,1
p174,pf,01_02_25,1
p174,faf,01_02_25,1
p174,isr,01_02_25,3
p174,t,01_02_25,3
elc,faf,01_02_25,1
pf,faf,01_02_25,1
p175,ven,01_02_25,1
p175,fp,01_02_25,3
p175,nas,01_02_25,3
p175,tren,01_02_25,3
p176,usmil,01_02_25,1
p176,isis,01_02_25,2
p176,som,01_02_25,3
p176,nas,01_02_25,3
p176,war,01_02_25,3
p176,jb,01_02_25,2
usmil,isis,01_02_25,2
p177,mex,01_02_25,2
p177,can,01_02_25,2
p177,chn,01_02_25,2
p177,t,01_02_25,3
p177,fy,01_02_25,3
p177,nas,01_02_25,3
p177,ic,01_02_25,3
mex,t,01_02_25,2
can,t,01_02_25,2
chn,t,01_02_25,2
p178,wsj,02_02_25,2
p178,can,02_02_25,2
p178,mex,02_02_25,2
p178,chn,02_02_25,2
p178,usa,02_02_25,1
p178,amer,02_02_25,1
p178,t,02_02_25,1
p178,cm,02_02_25,2
p178,fy,02_02_25,2
p178,if,02_02_25,2
can,chn,02_02_25,2
mex,chn,02_02_25,2
can,mex,02_02_25,2
chn,fy,02_02_25,2
mex,fy,02_02_25,2
can,cm,02_02_25,2
mex,cm,02_02_25,2
chn,cm,02_02_25,2
usa,t,02_02_25,1
amer,t,02_02_25,1
p179,can,02_02_25,2
p179,usa,02_02_25,1
p179,amer,02_02_25,1
p179,t,02_02_25,1
p179,usmil,02_02_25,1
p179,if,02_02_25,2
usa,can,02_02_25,2
can,usmil,02_02_25,1
usa,t,02_02_25,1
can,t,02_02_25,1
p180,ml,02_02_25,1
p180,fn,02_02_25,1
ml,fn,02_02_25,1
p181,dp,02_02_25,2
p181,rp,02_02_25,1
p181,ml,02_02_25,1
p181,fn,02_02_25,1
p181,o,02_02_25,2
p181,aogo,02_02_25,1
p181,jas,02_02_25,2
dp,aogo,02_02_25,2
dp,jas,02_02_25,2
rp,aogo,02_02_25,1
ml,fn,02_02_25,1
p182,sa,03_02_25,2
p182,usa,03_02_25,1
p182,rlm,03_02_25,2
p182,pair,03_02_25,1
p182,fos,03_02_25,2
sa,usa,03_02_25,2
rlm,fos,03_02_25,2
usa,pair,03_02_25,1
p183,cali,03_02_25,1
p183,la,03_02_25,1
p183,usmil,03_02_25,1
p183,ace,03_02_25,1
p183,wafl,03_02_25,1
p183,wf,03_02_25,2
usmil,ace,03_02_25,1
cali,wafl,03_02_25,1
cali,wf,03_02_25,2
p184,wsj,03_02_25,2
p184,hf,03_02_25,2
p184,chn,03_02_25,2
p184,usa,03_02_25,1
p184,t,03_02_25,1
p184,fk,03_02_25,2
p184,mc,03_02_25,2
p184,if,03_02_25,2
wsj,chn,03_02_25,2
hf,chn,03_02_25,2
wsj,fk,03_02_25,2
wsj,mc,03_02_25,2
usa,t,03_02_25,1
p185,can,03_02_25,3
p185,mex,03_02_25,3
p185,usa,03_02_25,3
p185,jt,03_02_25,3
p185,fy,03_02_25,3
p185,cr,03_02_25,3
p185,pair,03_02_25,3
can,mex,03_02_25,2
can,fy,03_02_25,2
mex,fy,03_02_25,2
can,cr,03_02_25,2
mex,cr,03_02_25,2
jt,can,03_02_25,3
jt,usa,03_02_25,3
p186,cs,03_02_25,1
p186,mex,03_02_25,1
p186,usa,03_02_25,1
p186,mr,03_02_25,1
p186,sb,03_02_25,1
p186,hl,03_02_25,1
p186,fy,03_02_25,2
p186,t,03_02_25,3
p186,pair,03_02_25,1
p186,ng,03_02_25,1
cs,mex,03_02_25,1
cs,usa,03_02_25,1
mex,usa,03_02_25,1
mex,ng,03_02_25,1
mex,fy,03_02_25,2
mr,usa,03_02_25,1
sb,usa,03_02_25,1
hl,usa,03_02_25,1
p187,can,03_02_25,1
p187,jt,03_02_25,1
p187,usa,03_02_25,3
p187,amer,03_02_25,1
p187,fy,03_02_25,3
p187,cr,03_02_25,3
p187,pair,03_02_25,3
p187,t,03_02_25,3
p187,nas,03_02_25,3
can,usa,03_02_25,1
can,fy,03_02_25,2
can,cr,03_02_25,2
can,nas,03_02_25,1
jt,can,03_02_25,1
jt,usa,03_02_25,1
usa,amer,03_02_25,1
can,t,03_02_25,3
p188,me,03_02_25,1
p188,cia,03_02_25,1
p188,aogo,03_02_25,3
me,cia,03_02_25,1
cia,nas,03_02_25,1
p189,usmil,04_02_25,1
p189,ace,04_02_25,1
p189,cali,04_02_25,3
p189,la,04_02_25,3
p189,wafl,04_02_25,3
p189,wf,04_02_25,3
usmil,ace,04_02_25,1
usmil,wf,04_02_25,1
ace,wf,04_02_25,1
cali,wafl,04_02_25,3
cali,wf,04_02_25,3
p190,sp,04_02_25,1
p190,usdod,04_02_25,1
p190,pent,04_02_25,1
sp,aogo,04_02_25,1
p190,aogo,04_02_25,3
sp,usdod,04_02_25,1
usdod,pent,04_02_25,1
usdod,aogo,04_02_25,1
p191,jk,04_02_25,1
p191,nctc,04_02_25,1
p191,aogo,04_02_25,3
jk,nctc,04_02_25,1
nctc,aogo,04_02_25,1
jk,aogo,04_02_25,1
p192,jp,04_02_25,1
p192,rf,04_02_25,1
p192,rp,04_02_25,1
p192,fl,04_02_25,3
p192,hc,04_02_25,3
p192,ec,04_02_25,3
jp,fl,04_02_25,1
rf,fl,04_02_25,1
rp,fl,04_02_25,1
rp,ec,04_02_25,1
jp,ec,04_02_25,1
rf,ec,04_02_25,1
p193,tt,04_02_25,1
p193,chn,04_02_25,1
p193,ttb,04_02_25,3
tt,chn,04_02_25,1
p194,fp,04_02_25,1
p194,wh,04_02_25,1
p194,fball,04_02_25,3
p194,aa,04_02_25,3
fp,aa,04_02_25,1
fp,wh,04_02_25,1
p195,rfkj,04_02_25,1
p195,aut,04_02_25,3
rfkj,aut,04_02_25,1
p196,tw,04_02_25,1
p196,kw,04_02_25,1
p196,mt,04_02_25,1
p196,f,04_02_25,3
tw,kw,04_02_25,1
mt,tw,04_02_25,1
p197,dvo,05_02_25,1
p197,fn,05_02_25,1
p197,suc,05_02_25,3
dvo,fn,05_02_25,1
dvo,suc,05_02_25,1
p198,pb,05_02_25,1
p198,doj,05_02_25,1
p198,aogo,05_02_25,3
p198,js,05_02_25,3
pb,doj,05_02_25,1
doj,aogo,05_02_25,1
pb,aogo,05_02_25,1
p200,pb,05_02_25,1
p200,doj,05_02_25,1
p200,aogo,05_02_25,3
p200,js,05_02_25,3
pb,doj,05_02_25,1
doj,aogo,05_02_25,1
pb,aogo,05_02_25,1
p204,trans,05_02_25,3
p204,wspt,05_02_25,3
p203,sch,05_02_25,2
p203,trans,05_02_25,3
p203,wspt,05_02_25,3
sch,trans,05_02_25,2
sch,wspt,05_02_25,2
p202,wspt,05_02_25,3
p202,trans,05_02_25,3
p205,pm,06_02_25,1
p205,bm,06_02_25,1
p205,kcc,06_02_25,1
p205,fball,06_02_25,3
p205,f,06_02_25,3
pm,bm,06_02_25,1
pm,kcc,06_02_25,1
pm,fball,06_02_25,1
bm,f,06_02_25,1
p206,cbs,06_02_25,2
p206,smin,06_02_25,2
p206,kh,06_02_25,2
p206,usaid,06_02_25,2
p206,poli,06_02_25,2
p206,dem,06_02_25,2
p206,mc,06_02_25,3
p206,fk,06_02_25,3
p206,ef,06_02_25,3
p206,o,06_02_25,3
cbs,smin,06_02_25,2
cbs,mc,06_02_25,2
cbs,fk,06_02_25,2
smin,fk,06_02_25,2
kh,ef,06_02_25,2
dem,ef,06_02_25,2
usaid,dem,06_02_25,2
poli,dem,06_02_25,2
p207,gaz,06_02_25,3
p207,isr,06_02_25,3
p207,pair,06_02_25,3
p207,war,06_02_25,3
p207,cs,06_02_25,2
cs,gaz,06_02_25,2
p208,usaid,06_02_25,2
p208,poli,06_02_25,2
p208,nyt,06_02_25,2
p208,dp,06_02_25,2
p208,mc,06_02_25,3
p208,fk,06_02_25,3
p208,cor,06_02_25,3
p208,o,06_02_25,3
usaid,cor,06_02_25,2
poli,fk,06_02_25,2
nyt,fk,06_02_25,2
dp,cor,06_02_25,2
poli,dp,06_02_25,2
nyt,dp,06_02_25,2
p209,amer,06_02_25,1
p209,usa,06_02_25,3
p209,rb,06_02_25,3
p209,pa,06_02_25,3
amer,pa,06_02_25,1
amer,rb,06_02_25,1
p211,amer,06_02_25,1
p211,usa,06_02_25,3
p211,rb,06_02_25,3
p211,pa,06_02_25,3
amer,rb,06_02_25,1
amer,pa,06_02_25,1
p210,amer,06_02_25,1
p210,usa,06_02_25,3
p210,rb,06_02_25,3
p210,pa,06_02_25,3
amer,rb,06_02_25,1
amer,pa,06_02_25,1
p212,ncaa,06_02_25,1
p212,oc,06_02_25,1
p212,amer,06_02_25,1
p212,wspt,06_02_25,3
p212,trans,06_02_25,3
p212,pa,06_02_25,3
p212,usa,06_02_25,3
ncaa,wspt,06_02_25,1
oc,wspt,06_02_25,1
amer,pa,06_02_25,1
p213,gs,06_02_25,1
p213,usms,06_02_25,1
p213,aogo,06_02_25,3
gs,usms,06_02_25,1
gs,aogo,06_02_25,1
usms,aogo,06_02_25,1
p214,tr,06_02_25,1
p214,usg,06_02_25,1
p214,aogo,06_02_25,3
tr,usg,06_02_25,1
tr,aogo,06_02_25,1
usg,aogo,06_02_25,1
p215,mek,06_02_25,1
p215,usg,06_02_25,1
p215,aogo,06_02_25,3
mek,usg,06_02_25,1
mek,aogo,06_02_25,1
usg,aogo,06_02_25,1
p216,mh,07_02_25,1
p216,usg,07_02_25,1
p216,aogo,07_02_25,3
mh,usg,07_02_25,1
mh,aogo,07_02_25,1
usg,aogo,07_02_25,1
p217,nm,07_02_25,1
p217,usg,07_02_25,1
p217,aogo,07_02_25,3
nm,usg,07_02_25,1
nm,aogo,07_02_25,1
usg,aogo,07_02_25,1
p218,eco,07_02_25,3
p218,budg,07_02_25,3
p219,fball,07_02_25,3
p219,mc,07_02_25,3
p220,usaid,07_02_25,2
p220,dp,07_02_25,2
p220,cor,07_02_25,3
p220,o,07_02_25,3
usaid,cor,07_02_25,2
dp,cor,07_02_25,2
usaid,dp,07_02_25,2
p221,er,07_02_25,2
p221,twp,07_02_25,2
p221,usaid,07_02_25,2
p221,mc,07_02_25,3
p221,fk,07_02_25,3
p221,cor,07_02_25,3
p221,o,07_02_25,3
er,twp,07_02_25,2
twp,fk,07_02_25,2
twp,mc,07_02_25,2
er,cor,07_02_25,2
usaid,cor,07_02_25,2
p222,biden,07_02_25,2
p222,dp,07_02_25,2
p222,en,07_02_25,3
p222,o,07_02_25,3
biden,dp,07_02_25,1
biden,en,07_02_25,2
p223,usa,07_02_25,3
p223,jpn,07_02_25,3
p223,pair,07_02_25,3
p223,pa,07_02_25,3
usa,jpn,07_02_25,1
usa,pair,07_02_25,1
jpn,pair,07_02_25,1
p224,kc,07_02_25,1
p224,bot,07_02_25,2
p224,dt,07_02_25,1
p224,aogo,07_02_25,3
p224,art,07_02_25,3
p224,trans,07_02_25,3
dt,kc,07_02_25,1
bot,kc,07_02_25,1
bot,aogo,07_02_25,2
dt,aogo,07_02_25,1
p225,jkf,07_02_25,1
p225,rpi,07_02_25,1
p225,rp,07_02_25,1
p225,suc,07_02_25,3
p225,pa,07_02_25,3
p225,ia,07_02_25,3
jkf,rpi,07_02_25,1
jkf,suc,07_02_25,1
rpi,rp,07_02_25,1
rpi,ia,07_02_25,1
p226,jb,08_02_25,2
p226,usg,08_02_25,2
p226,dt,08_02_25,1
p226,ns,08_02_25,3
p226,o,08_02_25,3
p226,aogo,08_02_25,3
jb,ns,08_02_25,2
usg,ns,08_02_25,2
dt,ns,08_02_25,1
jb,dp,08_02_25,1
p227,kc,08_02_25,1
p227,art,08_02_25,3
p228,jb,08_02_25,2
p228,en,08_02_25,3
p228,o,08_02_25,3
jb,dp,08_02_25,1
jb,en,08_02_25,2
p229,usa,08_02_25,3
p229,pa,08_02_25,3
p229,pair,08_02_25,3
usa,pa,08_02_25,1
usa,pair,08_02_25,1
p230,dpxt,08_02_25,1
p230,bc,08_02_25,1
p230,txs,08_02_25,1
p230,txh,08_02_25,1
p230,rp,08_02_25,1
p230,sch,08_02_25,3
p230,suc,08_02_25,3
p230,tx,08_02_25,3
dpxt,sch,08_02_25,1
bc,sch,08_02_25,1
txs,sch,08_02_25,1
txh,sch,08_02_25,1
rp,sch,08_02_25,1
p231,brb,09_02_25,1
p231,fox,09_02_25,1
p231,dt,09_02_25,1
p231,fball,09_02_25,3
p231,p,09_02_25,3
brb,fox,09_02_25,1
brb,fball,09_02_25,1
dt,p,09_02_25,1
p233,cali,10_02_25,3
p233,wafl,10_02_25,3
p233,budg,10_02_25,3
p234,budg,10_02_25,3
p234,sc,10_02_25,3
p234,usdot,10_02_25,3
p234,usg,10_02_25,3
usg,usdot,10_02_25,1
p235,kcc,10_02_25,3
p235,tsw,10_02_25,3
p235,fb,10_02_25,3
p235,pa,10_02_25,3
tsw,pa,10_02_25,2
p236,fb,10_02_25,3
p236,pa,10_02_25,3
p232,sa,09_02_25,2
p232,rlm,09_02_25,2
p232,usa,09_02_25,1
p232,amer,09_02_25,1
p232,o,09_02_25,2
p232,pair,09_02_25,3
sa,usa,09_02_25,2
amer,sa,09_02_25,2
p237,usmil,10_02_25,1
p237,rl,10_02_25,2
p237,aogo,10_02_25,3
p237,airf,10_02_25,1
p237,usaf,10_02_25,1
p237,ng,10_02_25,1
rl,usmil,10_02_25,2
usmil,aogo,10_02_25,1
p238,hb,10_02_25,3
p238,usg,10_02_25,3
p238,aogo,10_02_25,3
usg,hb,10_02_25,1
usg,aogo,10_02_25,1
hb,aogo,10_02_25,1
p239,dp,10_02_25,3
p239,rp,10_02_25,3
p239,cr,10_02_25,3
p239,ny,10_02_25,3
dp,cr,10_02_25,2
rp,dp,10_02_25,2
p240,kcc,10_02_25,1
p240,aogo,10_02_25,3
p240,rg,10_02_25,1
kcc,aogo,10_02_25,1
rg,aogo,10_02_25,1
kcc,rg,10_02_25,1
p241,en,11_02_25,3
p242,gofa,11_02_25,3
p243,ny,11_02_25,3
p243,js,11_02_25,3
p243,lp,11_02_25,3
p243,dp,11_02_25,3
dp,js,11_02_25,2
js,ny,11_02_25,1
p244,ny,11_02_25,3
p244,js,11_02_25,3
p244,lp,11_02_25,3
p244,dp,11_02_25,3
dp,js,11_02_25,2
js,ny,11_02_25,1
p245,cali,11_02_25,3
p245,ef,11_02_25,3
p246,en,11_02_25,3
p246,jb,11_02_25,3
p246,usg,11_02_25,3
p246,lz,11_02_25,3
usg,lz,11_02_25,1
jb,en,11_02_25,1
usg,en,11_02_25,1
p247,cor,11_02_25,3
p247,usg,11_02_25,3
p247,js,11_02_25,3
js,usg,11_02_25,1
p248,doge,11_02_25,3
p248,cor,11_02_25,3
p248,cf,11_02_25,3
p248,usa,11_02_25,3
doge,cor,11_02_25,1
p249,fema,11_02_25,3
p249,dp,11_02_25,3
p249,northc,11_02_25,3
p249,jb,11_02_25,3
p249,usg,11_02_25,3
jb,fema,11_02_25,2
fema,northc,11_02_25,2
dp,fema,11_02_25,2
p250,sb,11_02_25,3
p250,ukr,11_02_25,3
p250,usg,11_02_25,3
p250,pair,11_02_25,3
p250,budg,11_02_25,3
p250,vz,11_02_25,3
usg,sb,11_02_25,1
sb,ukr,11_02_25,1
usg,ukr,11_02_25,1
usg,budg,11_02_25,1
vz,ukr,11_02_25,1
p251,tc,11_02_25,1
p251,dea,11_02_25,3
p251,aogo,11_02_25,3
p251,usg,11_02_25,3
usg,tc,11_02_25,1
tc,dea,11_02_25,1
usg,dea,11_02_25,1
tc,aogo,11_02_25,1
usg,aogo,11_02_25,1
p252,mf,12_02_25,1
p252,usa,12_02_25,3
mf,usa,12_02_25,1
p253,t,12_02_25,3
p253,usa,12_02_25,3
p254,doge,12_02_25,3
p254,cor,12_02_25,3
p254,js,12_02_25,3
doge,cor,12_02_25,1
js,doge,12_02_25,2
js,cor,12_02_25,1
p255,af,12_02_25,3
p256,jb,12_02_25,2
p256,if,12_02_25,3
jb,if,12_02_25,2
p257,vp,12_02_25,1
p257,vz,12_02_25,3
p257,mr,12_02_25,1
p257,cia,12_02_25,3
p257,swa,12_02_25,1
p257,rus,12_02_25,3
p257,ukr,12_02_25,3
p257,war,12_02_25,3
p257,pair,12_02_25,3
vp,rus,12_02_25,1
vz,ukr,12_02_25,1
vp,vz,12_02_25,1
mr,pair,12_02_25,1
swa,pair,12_02_25,1
cia,pair,12_02_25,3
rus,war,12_02_25,3
ukr,war,12_02_25,3
p258,vz,12_02_25,1
p258,vp,12_02_25,1
p258,mr,12_02_25,1
p258,rus,12_02_25,3
p258,ukr,12_02_25,3
p258,war,12_02_25,3
p258,pair,12_02_25,3
vz,ukr,12_02_25,1
vp,rus,12_02_25,1
vp,vz,12_02_25,1
mr,pair,12_02_25,1
rus,war,12_02_25,3
ukr,war,12_02_25,3
amer,rus,12_02_25,1
amer,ukr,12_02_25,1
p260,kcc,12_02_25,1
p260,bot,12_02_25,1
p260,caaa,12_02_25,3
kcc,bot,12_02_25,1
kcc,caaa,12_02_25,1
bot,caaa,12_02_25,1
p261,reu,13_02_25,2
p261,usdod,13_02_25,2
p261,rlm,13_02_25,2
p261,doge,13_02_25,3
p261,mc,13_02_25,3
reu,mc,13_02_25,2
rlm,mc,13_02_25,2
usdod,doge,13_02_25,2
reu,usdod,13_02_25,2
rlm,reu,13_02_25,2
p262,poli,13_02_25,2
p262,nyt,13_02_25,2
p262,doge,13_02_25,3
p262,mc,13_02_25,3
poli,mc,13_02_25,2
nyt,mc,13_02_25,2
poli,doge,13_02_25,2
nyt,doge,13_02_25,2
poli,nyt,13_02_25,2
p263,t,13_02_25,3
p263,af,13_02_25,3
t,af,13_02_25,1
p264,rus,13_02_25,3
p264,ukr,13_02_25,3
p264,war,13_02_25,3
rus,ukr,13_02_25,3
rus,war,13_02_25,2
ukr,war,13_02_25,2
p265,t,13_02_25,3
p265,af,13_02_25,3
p265,p,13_02_25,3
p265,caaa,13_02_25,3
t,af,13_02_25,1
t,p,13_02_25,1
t,caaa,13_02_25,1
p,caaa,13_02_25,1
p266,usa,13_02_25,3
p266,usdos,13_02_25,1
p266,usdot,13_02_25,1
p266,t,13_02_25,3
p266,pair,13_02_25,3
usa,t,13_02_25,1
usa,pair,13_02_25,1
usdos,t,13_02_25,1
usdot,t,13_02_25,1
usdos,pair,13_02_25,1
usdot,pair,13_02_25,1
usdos,usdot,13_02_25,1
p267,ham,15_02_25,3
p267,isr,15_02_25,3
p267,usa,15_02_25,3
p267,amer,15_02_25,3
p267,gaz,15_02_25,3
p267,war,15_02_25,3
ham,gaz,15_02_25,2
ham,isr,15_02_25,2
isr,gaz,15_02_25,2
isr,war,15_02_25,2
ham,war,15_02_25,2
usa,isr,15_02_25,1
usa,war,15_02_25,3
amer,isr,15_02_25,1
amer,gaz,15_02_25,3
p268,usa,15_02_25,3
p268,usdos,15_02_25,1
p268,usdoc,15_02_25,1
p268,usdot,15_02_25,1
p268,ustr,15_02_25,1
p268,t,15_02_25,3
usa,t,15_02_25,1
usdos,t,15_02_25,1
usdoc,t,15_02_25,1
usdot,t,15_02_25,1
ustr,t,15_02_25,1
usa,usdos,15_02_25,1
usa,usdoc,15_02_25,1
usa,usdot,15_02_25,1
usa,ustr,15_02_25,1
usdos,usdoc,15_02_25,1
usdos,usdot,15_02_25,1
usdos,ustr,15_02_25,1
usdoc,usdot,15_02_25,1
usdoc,ustr,15_02_25,1
usdot,ustr,15_02_25,1
p269,rol,15_02_25,3
p270,usa,16_02_25,3
p270,amer,16_02_25,1
p270,im,16_02_25,3
p270,m,16_02_25,3
p270,rol,16_02_25,3
p270,hist,16_02_25,3
usa,im,16_02_25,1
usa,rol,16_02_25,1
usa,hist,16_02_25,1
amer,im,16_02_25,1
amer,rol,16_02_25,1
amer,hist,16_02_25,1
im,m,16_02_25,2
im,rol,16_02_25,1
p271,jby,16_02_25,1
p271,mr,16_02_25,1
p271,nara,16_02_25,1
p271,aogo,16_02_25,3
jby,nara,16_02_25,1
mr,nara,16_02_25,1
jby,mr,16_02_25,1
jby,aogo,16_02_25,1
nara,aogo,16_02_25,1
p272,jrq,16_02_25,1
p272,sdf,16_02_25,3
p272,doj,16_02_25,1
p272,aogo,16_02_25,3
jrq,doj,16_02_25,1
jrq,sdf,16_02_25,1
jrq,aogo,16_02_25,1
doj,aogo,16_02_25,1
p273,jj,16_02_25,1
p273,exim,16_02_25,1
p273,aogo,16_02_25,3
jj,exim,16_02_25,1
jj,aogo,16_02_25,1
exim,aogo,16_02_25,1
p274,bl,16_02_25,1
p274,idleg,16_02_25,1
p274,id,16_02_25,3
p274,fam,16_02_25,3
p274,sch,16_02_25,3
bl,idleg,16_02_25,1
bl,id,16_02_25,1
idleg,id,16_02_25,1
fam,sch,16_02_25,1
bl,sch,16_02_25,1
idleg,sch,16_02_25,1
id,fam,16_02_25,1
p275,bbt,16_02_25,1
p275,wys,16_02_25,1
p275,wy,16_02_25,3
p275,fam,16_02_25,3
p275,sch,16_02_25,3
bbt,wys,16_02_25,1
bbt,wy,16_02_25,1
wys,wy,16_02_25,1
fam,sch,16_02_25,1
bbt,sch,16_02_25,1
wys,sch,16_02_25,1
wy,fam,16_02_25,1
p276,boo,16_02_25,3
p277,erm,17_02_25,1
p277,doj,17_02_25,3
p277,dc,17_02_25,3
p277,aogo,17_02_25,3
erm,doj,17_02_25,1
doj,dc,17_02_25,3
erm,aogo,17_02_25,1
doj,aogo,17_02_25,1
dc,aogo,17_02_25,3
p278,nr,17_02_25,1
p278,amer,17_02_25,3
p278,boo,17_02_25,3
p278,hist,17_02_25,3
nr,boo,17_02_25,1
nr,hist,17_02_25,1
amer,hist,17_02_25,1
boo,hist,17_02_25,3
p279,usmil,18_02_25,1
p279,centcom,18_02_25,1
p279,mkur,18_02_25,1
p279,aq,18_02_25,2
p279,syr,18_02_25,3
p279,amer,18_02_25,1
p279,nas,18_02_25,3
p279,war,18_02_25,3
usmil,centcom,18_02_25,1
centcom,mkur,18_02_25,1
usmil,mkur,18_02_25,1
usmil,aq,18_02_25,2
aq,syr,18_02_25,3
usmil,syr,18_02_25,3
usmil,nas,18_02_25,1
centcom,nas,18_02_25,1
mkur,nas,18_02_25,1
aq,nas,18_02_25,2
usmil,war,18_02_25,1
aq,war,18_02_25,2
amer,nas,18_02_25,1
amer,war,18_02_25,1
p280,kh,18_02_25,1
p280,fn,18_02_25,1
p280,rep,18_02_25,1
p280,tva,18_02_25,3
p280,p,18_02_25,3
kh,fn,18_02_25,1
kh,rep,18_02_25,1
kh,tva,18_02_25,1
fn,tva,18_02_25,1
fn,p,18_02_25,1
rep,tva,18_02_25,1
rep,p,18_02_25,1
p281,jb,19_02_25,2
p281,bt,19_02_25,2
p281,lc,19_02_25,2
p281,jan6th,19_02_25,2
p281,js,19_02_25,3
p281,cap,19_02_25,3
jb,bt,19_02_25,2
jb,lc,19_02_25,2
bt,lc,19_02_25,2
bt,jan6th,19_02_25,2
lc,jan6th,19_02_25,2
jan6th,cap,19_02_25,2
jan6th,js,19_02_25,2
p282,doj,19_02_25,2
p282,jb,19_02_25,2
p282,js,19_02_25,3
doj,js,19_02_25,2
jb,doj,19_02_25,2
jb,js,19_02_25,2
p283,usc,19_02_25,1
p283,rep,19_02_25,1
p283,rs,19_02_25,1
p283,lg,19_02_25,2
p283,bbb,19_02_25,3
p283,af,19_02_25,3
usc,rep,19_02_25,1
usc,rs,19_02_25,1
rep,rs,19_02_25,1
lg,rs,19_02_25,2
lg,usc,19_02_25,2
rep,bbb,19_02_25,1
rs,bbb,19_02_25,1
usc,bbb,19_02_25,1
usc,af,19_02_25,1
rep,af,19_02_25,1
rs,af,19_02_25,1
p284,vz,19_02_25,2
p284,jb,19_02_25,2
p284,usa,19_02_25,1
p284,eu,19_02_25,2
p284,rus,19_02_25,3
p284,ukr,19_02_25,1
p284,war,19_02_25,3
p284,pair,19_02_25,3
vz,ukr,19_02_25,1
vz,war,19_02_25,2
vz,jb,19_02_25,2
jb,usa,19_02_25,2
jb,war,19_02_25,2
eu,ukr,19_02_25,2
eu,war,19_02_25,2
usa,ukr,19_02_25,1
usa,war,19_02_25,1
rus,war,19_02_25,2
rus,ukr,19_02_25,2
eu,usa,19_02_25,2
p285,man,19_02_25,1
p285,ny,19_02_25,1
p285,ct,19_02_25,3
man,ct,19_02_25,2
ny,ct,19_02_25,2
man,ny,19_02_25,1
p286,usa,19_02_25,1
p286,af,19_02_25,3
usa,af,19_02_25,1
p287,usa,19_02_25,1
p287,damac,19_02_25,1
p287,sb,19_02_25,1
p287,amer,19_02_25,1
p287,eco,19_02_25,3
damac,usa,19_02_25,1
sb,usa,19_02_25,1
damac,eco,19_02_25,1
sb,eco,19_02_25,1
usa,eco,19_02_25,1
amer,eco,19_02_25,1
amer,usa,19_02_25,1
p288,usg,20_02_25,2
p288,gov,20_02_25,3
p288,doge,20_02_25,3
usg,gov,20_02_25,2
usg,doge,20_02_25,1
gov,doge,20_02_25,3
p289,wh,20_02_25,1
p289,ghwb,20_02_25,3
p289,hist,20_02_25,3
ghwb,wh,20_02_25,3
ghwb,hist,20_02_25,3
wh,hist,20_02_25,1
p290,jth,20_02_25,1
p290,mj,20_02_25,1
p290,rs,20_02_25,1
p290,rp,20_02_25,3
p290,fn,20_02_25,1
p290,tva,20_02_25,3
p290,bor,20_02_25,3
p290,tc,20_02_25,3
p290,af,20_02_25,3
jth,fn,20_02_25,1
jth,rs,20_02_25,1
mj,rp,20_02_25,1
rs,rp,20_02_25,1
jth,tva,20_02_25,1
fn,tva,20_02_25,1
rs,bor,20_02_25,1
rp,bor,20_02_25,1
rs,tc,20_02_25,1
rp,tc,20_02_25,1
rs,af,20_02_25,1
rp,af,20_02_25,1
p291,usa,20_02_25,3
p291,can,20_02_25,3
p291,jt,20_02_25,1
p291,amer,20_02_25,1
p291,iceh,20_02_25,3
p291,tc,20_02_25,3
p291,nas,20_02_25,3
usa,can,20_02_25,3
jt,can,20_02_25,1
amer,usa,20_02_25,1
usa,iceh,20_02_25,1
can,iceh,20_02_25,1
usa,tc,20_02_25,1
usa,nas,20_02_25,1
p292,t,20_02_25,3
p292,budg,20_02_25,3
t,budg,20_02_25,1
p293,jth,21_02_25,1
p293,rs,21_02_25,1
p293,amer,21_02_25,1
p293,bor,21_02_25,3
p293,im,21_02_25,3
jth,rs,21_02_25,1
rs,bor,21_02_25,1
rs,im,21_02_25,1
jth,bor,21_02_25,1
jth,im,21_02_25,1
amer,bor,21_02_25,1
amer,im,21_02_25,1
amer,rs,21_02_25,1
p294,bd,21_02_25,1
p294,rep,21_02_25,1
p294,fl,21_02_25,1
p294,el,21_02_25,3
bd,rep,21_02_25,1
bd,fl,21_02_25,1
rep,el,21_02_25,1
bd,el,21_02_25,1
fl,el,21_02_25,1
rep,fl,21_02_25,1
p295,mm,21_02_25,1
p295,rp,21_02_25,1
p295,mi,21_02_25,1
p295,el,21_02_25,3
p295,af,21_02_25,3
mm,rp,21_02_25,1
mm,mi,21_02_25,1
rp,mi,21_02_25,1
mm,el,21_02_25,1
rp,el,21_02_25,1
mi,el,21_02_25,1
mm,af,21_02_25,1
rp,af,21_02_25,1
p296,dp,21_02_25,3
p296,jca,21_02_25,2
p296,rp,21_02_25,3
p296,usa,21_02_25,3
p296,el,21_02_25,3
p296,pa,21_02_25,3
p296,af,21_02_25,3
jca,dp,21_02_25,2
rp,el,21_02_25,1
dp,el,21_02_25,2
rp,af,21_02_25,1
usa,af,21_02_25,1
usa,el,21_02_25,1
jca,pa,21_02_25,2
p298,el,22_02_25,3
p299,em,22_02_25,1
p299,usa,22_02_25,3
p299,af,22_02_25,3
em,usa,22_02_25,1
em,af,22_02_25,1
usa,af,22_02_25,1
p300,msnbc,22_02_25,2
p300,mc,22_02_25,3
msnbc,mc,22_02_25,2
p301,bor,22_02_25,3
p302,ham,22_02_25,2
p302,war,22_02_25,3
ham,war,22_02_25,2
p303,ltr,23_02_25,1
p303,etr,23_02_25,1
p303,mw,23_02_25,1
p303,rnc,23_02_25,1
p303,fn,23_02_25,1
p303,fam,23_02_25,3
ltr,fn,23_02_25,1
ltr,etr,23_02_25,1
ltr,fam,23_02_25,1
etr,fam,23_02_25,1
ltr,rnc,23_02_25,1
mw,rnc,23_02_25,1
ltr,mw,23_02_25,1
p304,mel,23_02_25,1
p304,wh,23_02_25,1
p304,rp,23_02_25,3
p304,dp,23_02_25,3
p304,usg,23_02_25,1
mel,wh,23_02_25,1
rp,dp,23_02_25,1
rp,usg,23_02_25,1
dp,usg,23_02_25,1
p305,afd,23_02_25,1
p305,ger,23_02_25,3
p305,usa,23_02_25,3
p305,el,23_02_25,3
p305,im,23_02_25,3
p305,en,23_02_25,3
afd,el,23_02_25,1
afd,ger,23_02_25,1
afd,im,23_02_25,1
afd,en,23_02_25,1
usa,im,23_02_25,1
usa,en,23_02_25,1
p306,rw,23_02_25,1
p306,rep,23_02_25,1
p306,fn,23_02_25,1
p306,eco,23_02_25,3
p306,tva,23_02_25,3
rw,rep,23_02_25,1
rw,fn,23_02_25,1
fn,tva,23_02_25,1
rw,tva,23_02_25,1
rep,eco,23_02_25,1
rw,eco,23_02_25,1
p307,mwol,23_02_25,2
p307,boo,23_02_25,3
p307,mc,23_02_25,3
p307,fn,23_02_25,3
mwol,boo,23_02_25,2
mwol,mc,23_02_25,2
mwol,fn,23_02_25,2
boo,mc,23_02_25,3
boo,fn,23_02_25,3
mc,fn,23_02_25,3
p308,sha,24_02_25,1
p308,jou,24_02_25,1
p308,btc,24_02_25,3
p308,gofa,24_02_25,3
p308,tva,24_02_25,3
sha,jou,24_02_25,1
sha,btc,24_02_25,1
sha,gofa,24_02_25,1
sha,tva,24_02_25,1
p309,db,24_02_25,1
p309,kp,24_02_25,1
p309,pb,24_02_25,1
p309,fbi,24_02_25,1
p309,nypd,24_02_25,1
p309,uss,24_02_25,1
p309,le,24_02_25,3
p309,js,24_02_25,3
kp,fbi,24_02_25,1
db,fbi,24_02_25,1
pb,js,24_02_25,1
db,nypd,24_02_25,1
db,uss,24_02_25,1
fbi,le,24_02_25,1
nypd,le,24_02_25,1
uss,le,24_02_25,1
p310,db,24_02_25,1
p310,pbo,24_02_25,1
p310,fam,24_02_25,3
db,pbo,24_02_25,1
db,fam,24_02_25,1
pbo,fam,24_02_25,1
p311,br,24_02_25,2
p311,jr,24_02_25,2
p311,aw,24_02_25,2
p311,rm,24_02_25,2
p311,as,24_02_25,2
p311,comc,24_02_25,2
p311,nbc,24_02_25,2
p311,msnbc,24_02_25,2
p311,dp,24_02_25,2
p311,mc,24_02_25,3
p311,fn,24_02_25,3
p311,pa,24_02_25,3
br,comc,24_02_25,1
comc,nbc,24_02_25,1
comc,msnbc,24_02_25,1
jr,msnbc,24_02_25,1
aw,msnbc,24_02_25,1
rm,msnbc,24_02_25,1
as,msnbc,24_02_25,1
msnbc,dp,24_02_25,2
jr,pa,24_02_25,2
rm,pa,24_02_25,2
as,pa,24_02_25,2
br,pa,24_02_25,2
p312,app,24_02_25,1
p312,tco,24_02_25,1
p312,eco,24_02_25,3
p312,inv,24_02_25,3
p312,usa,24_02_25,3
tco,app,24_02_25,1
app,eco,24_02_25,1
app,inv,24_02_25,1
usa,inv,24_02_25,1
p313,em,24_02_25,1
p313,jt,24_02_25,1
p313,vp,24_02_25,3
p313,g7,24_02_25,1
p313,rus,24_02_25,3
p313,ukr,24_02_25,1
p313,usa,24_02_25,1
p313,war,24_02_25,3
p313,eco,24_02_25,3
p313,pair,24_02_25,3
em,g7,24_02_25,1
jt,g7,24_02_25,1
vp,rus,24_02_25,1
rus,war,24_02_25,3
ukr,war,24_02_25,3
usa,ukr,24_02_25,1
usa,rus,24_02_25,1
usa,eco,24_02_25,1
ukr,eco,24_02_25,1
rus,eco,24_02_25,1
p314,ukr,24_02_25,3
p314,usa,24_02_25,3
p314,pair,24_02_25,3
usa,ukr,24_02_25,1
usa,pair,24_02_25,1
ukr,pair,24_02_25,1
p315,usa,24_02_25,3
p315,peace,24_02_25,3
p315,pair,24_02_25,3
usa,peace,24_02_25,1
usa,pair,24_02_25,1
peace,pair,24_02_25,1
p316,fra,24_02_25,3
p316,usa,24_02_25,3
p316,pair,24_02_25,3
p316,peace,24_02_25,3
p316,eco,24_02_25,3
fra,usa,24_02_25,1
fra,pair,24_02_25,1
usa,pair,24_02_25,1
fra,peace,24_02_25,1
usa,peace,24_02_25,1
fra,eco,24_02_25,1
usa,eco,24_02_25,1
p317,jb,25_02_25,2
p317,usa,25_02_25,1
p317,inf,25_02_25,3
p317,en,25_02_25,3
jb,inf,25_02_25,2
usa,inf,25_02_25,1
usa,en,25_02_25,1
inf,en,25_02_25,1
p318,vr,25_02_25,1
p318,el,25_02_25,3
p318,usa,25_02_25,3
vr,el,25_02_25,1
vr,usa,25_02_25,1
p319,eco,26_02_25,3
p319,tech,26_02_25,3
p319,ai,26_02_25,3
p319,usa,26_02_25,3
usa,eco,26_02_25,1
usa,tech,26_02_25,1
usa,ai,26_02_25,1
tech,eco,26_02_25,1
ai,tech,26_02_25,1
p320,eco,26_02_25,3
p320,t,26_02_25,3
p320,ns,26_02_25,3
p320,af,26_02_25,3
p320,usa,26_02_25,1
usa,eco,26_02_25,1
usa,t,26_02_25,1
usa,ns,26_02_25,1
eco,t,26_02_25,1
eco,ns,26_02_25,1
af,eco,26_02_25,1
af,ns,26_02_25,1
p321,kc,26_02_25,1
p321,kr,26_02_25,1
p321,fam,26_02_25,3
kc,kr,26_02_25,1
kc,fam,26_02_25,1
kr,fam,26_02_25,1
p322,tt,26_02_25,1
p322,rgt,26_02_25,1
p322,fam,26_02_25,3
tt,rgt,26_02_25,1
tt,fam,26_02_25,1
rgt,fam,26_02_25,1
p323,wsj,26_02_25,2
p323,mc,26_02_25,3
p323,t,26_02_25,3
p323,eco,26_02_25,3
p323,usa,26_02_25,1
wsj,mc,26_02_25,2
wsj,t,26_02_25,2
t,eco,26_02_25,1
usa,eco,26_02_25,1
usa,t,26_02_25,1
p323,wsj,26_02_25,2
p323,mc,26_02_25,3
p323,t,26_02_25,3
p323,eco,26_02_25,3
p323,usa,26_02_25,1
wsj,mc,26_02_25,2
wsj,t,26_02_25,2
t,eco,26_02_25,1
usa,eco,26_02_25,1
usa,t,26_02_25,1
p324,mc,26_02_25,3
p324,fk,26_02_25,1
p324,pa,26_02_25,3
p324,usa,26_02_25,3
mc,fk,26_02_25,1
mc,pa,26_02_25,1
fn,pa,26_02_25,1
p326,app,26_02_25,2
p326,deio,26_02_25,3
p326,pa,26_02_25,3
p326,usa,26_02_25,3
app,deio,26_02_25,2
dei,pa,26_02_25,2
p327,mj,26_02_25,1
p327,budg,26_02_25,3
p327,usa,26_02_25,3
mj,budg,26_02_25,1
p328,swp,26_02_25,1
p328,av,26_02_25,3
p328,pa,26_02_25,3
p328,usa,26_02_25,3
swp,av,26_02_25,1
p329,rep,26_02_25,1
p329,sen,26_02_25,1
p329,t,26_02_25,3
p329,usa,26_02_25,3
rep,sen,26_02_25,1
rep,t,26_02_25,1
sen,t,26_02_25,1
p330,jb,26_02_25,2
p330,nm,26_02_25,2
p330,ven,26_02_25,3
p330,eco,26_02_25,3
p330,im,26_02_25,3
p330,usa,26_02_25,3
jb,nm,26_02_25,2
nm,ven,26_02_25,1
eco,ven,26_02_25,1
usa,im,26_02_25,1
p331,bor,26_02_25,3
p331,im,26_02_25,3
p331,if,26_02_25,3
p331,usa,26_02_25,3
bor,im,26_02_25,1
usa,if,26_02_25,1
p332,gov,26_02_25,3
p332,usa,26_02_25,3
usa,gov,26_02_25,1
p333,eco,26_02_25,3
p333,el,26_02_25,3
p333,usa,26_02_25,3
el,eco,26_02_25,1
usa,eco,26_02_25,1
p334,isr,26_02_25,3
p334,war,26_02_25,3
p334,usa,26_02_25,3
isr,war,26_02_25,1
p336,mex,27_02_25,3
p336,can,27_02_25,3
p336,chi,27_02_25,3
p336,dr,27_02_25,3
p336,t,27_02_25,3
p336,usa,27_02_25,3
mex,dr,27_02_25,1
can,dr,27_02_25,1
chi,dr,27_02_25,1
t,mex,27_02_25,1
t,can,27_02_25,1
t,chi,27_02_25,1
usa,dr,27_02_25,1
p337,pd,28_02_25,1
p337,usg,28_02_25,3
p337,usa,28_02_25,3
pd,usg,28_02_25,1
p338,hc,28_02_25,1
p338,aogo,28_02_25,3
p338,usg,28_02_25,3
hc,usg,28_02_25,1
hc,aogo,28_02_25,1
usg,aogo,28_02_25,1
p339,ia,28_02_25,3
p339,trans,28_02_25,3
ia,trans,28_02_25,2
p340,jb,28_02_25,2
p340,hor,28_02_25,3
p340,sen,28_02_25,3
p340,budg,28_02_25,3
p340,rs,28_02_25,3
jb,budg,28_02_25,2
hor,budg,28_02_25,3
sen,budg,28_02_25,3
rs,budg,28_02_25,1
p341,vz,28_02_25,2
p341,usa,28_02_25,1
p341,wh,28_02_25,3
p341,pm,28_02_25,3
p341,peace,28_02_25,3
vz,usa,28_02_25,2
vz,peace,28_02_25,2
usa,peace,28_02_25,1
wh,usa,28_02_25,3
wh,pm,28_02_25,3
p342,doj,01_03_25,1
p342,jas,01_03_25,2
p342,fl,01_03_25,3
p342,js,01_03_25,3
p342,lp,01_03_25,3
p342,pa,01_03_25,3
jas,js,01_03_25,2
jas,lp,01_03_25,2
jas,pa,01_03_25,2
doj,js,01_03_25,1
doj,lp,01_03_25,1
doj,jas,01_03_25,3
p343,pr,01_03_25,1
p343,par,01_03_25,3
p343,baseb,01_03_25,3
pr,par,01_03_25,1
pr,baseb,01_03_25,1
p344,jb,01_03_25,2
p344,usa,01_03_25,1
p344,m,01_03_25,2
p344,im,01_03_25,3
p344,bor,01_03_25,3
p344,cm,01_03_25,3
m,im,01_03_25,2
m,bor,01_03_25,2
m,cm,01_03_25,2
jb,im,01_03_25,2
jb,bor,01_03_25,2
p345,jb,02_03_25,2
p345,usa,02_03_25,3
p345,bit,02_03_25,3
p345,af,02_03_25,3
p345,tech,02_03_25,3
usa,bit,02_03_25,1
usa,tech,02_03_25,1
jb,bit,02_03_25,2
usa,af,02_03_25,1
p346,bor,02_03_25,3
p346,im,02_03_25,3
bor,im,02_03_25,3
p347,hmc,03_03_25,2
p347,pa,03_03_25,3
hmc,pa,03_03_25,2
p348,vp,03_03_25,3
p348,eu,03_03_25,2
p348,m,03_03_25,2
p348,dr,03_03_25,3
p348,mu,03_03_25,3
p348,cm,03_03_25,3
m,dr,03_03_25,2
m,mu,03_03_25,2
m,cm,03_03_25,2
eu,m,03_03_25,2
p349,usdot,03_03_25,1
p349,jb,03_03_25,2
p349,usa,03_03_25,3
p349,eco,03_03_25,3
p349,caaa,03_03_25,3
usdot,eco,03_03_25,1
jb,eco,03_03_25,2
usdot,usa,03_03_25,1
p350,ukr,03_03_25,3
p350,vp,03_03_25,2
p350,rus,03_03_25,2
p350,d,03_03_25,2
p350,fnm,03_03_25,2
p350,fk,03_03_25,3
p350,pa,03_03_25,3
vp,rus,03_03_25,2
vp,ukr,03_03_25,2
rus,ukr,03_03_25,2
d,pa,03_03_25,2
fnm,fk,03_03_25,2
p351,dp,03_03_25,2
p351,rp,03_03_25,1
p351,o,03_03_25,3
p351,pa,03_03_25,3
dp,rp,03_03_25,2
dp,pa,03_03_25,2
rp,o,03_03_25,1
p352,vz,03_03_25,2
p352,usa,03_03_25,3
p352,eu,03_03_25,2
p352,rus,03_03_25,3
p352,peace,03_03_25,3
p352,pa,03_03_25,3
vz,peace,03_03_25,2
vz,pa,03_03_25,2
eu,vz,03_03_25,3
eu,usa,03_03_25,3
rus,peace,03_03_25,2
p353,eu,03_03_25,2
p353,rus,03_03_25,3
p353,ukr,03_03_25,3
p353,ep,03_03_25,3
eu,rus,03_03_25,2
eu,ukr,03_03_25,2
rus,ep,03_03_25,3
eu,ep,03_03_25,2
p354,usa,03_03_25,3
p354,t,03_03_25,3
p354,eco,03_03_25,3
usa,t,03_03_25,1
usa,eco,03_03_25,1
t,eco,03_03_25,1
p355,sch,04_03_25,3
p355,uni,04_03_25,3
p355,im,04_03_25,3
p355,cm,04_03_25,3
im,cm,04_03_25,2
sch,cm,04_03_25,3
uni,cm,04_03_25,3
p356,can,04_03_25,2
p356,usa,04_03_25,1
p356,eco,04_03_25,3
can,usa,04_03_25,2
can,eco,04_03_25,2
usa,eco,04_03_25,1
p357,usa,04_03_25,3
p357,t,04_03_25,3
p357,eco,04_03_25,3
usa,t,04_03_25,1
usa,eco,04_03_25,1
t,eco,04_03_25,1
p358,jt,04_03_25,2
p358,can,04_03_25,2
p358,usa,04_03_25,3
p358,t,04_03_25,3
jt,can,04_03_25,2
can,t,04_03_25,2
usa,t,04_03_25,1
can,usa,04_03_25,2
p359,jt,05_03_25,2
p359,can,05_03_25,2
p359,fy,05_03_25,3
p359,bor,05_03_25,3
p359,t,05_03_25,3
p359,pa,05_03_25,3
jt,can,05_03_25,2
jt,t,05_03_25,2
can,bor,05_03_25,2
fy,bor,05_03_25,2
jt,pa,05_03_25,2
p360,jt,05_03_25,2
p360,can,05_03_25,2
p360,fy,05_03_25,3
p360,bor,05_03_25,3
p360,im,05_03_25,3
p360,pa,05_03_25,3
jt,can,05_03_25,2
jt,bor,05_03_25,2
jt,pa,05_03_25,2
can,bor,05_03_25,2
fy,bor,05_03_25,2
im,bor,05_03_25,2
p361,ham,05_03_25,3
p361,isr,05_03_25,3
p361,gaz,05_03_25,3
p361,war,05_03_25,3
p361,pa,05_03_25,3
ham,isr,05_03_25,2
ham,war,05_03_25,2
ham,pa,05_03_25,2
isr,war,05_03_25,1
gaz,ham,05_03_25,3
p362,dp,06_03_25,2
p362,rp,06_03_25,1
p362,trans,06_03_25,3
p362,bor,06_03_25,3
p362,ep,06_03_25,3
p362,ta,06_03_25,3
p362,m,06_03_25,2
p362,pa,06_03_25,3
p362,cf,06_03_25,3
dp,pa,06_03_25,2
dp,bor,06_03_25,2
dp,ep,06_03_25,2
dp,ta,06_03_25,2
rp,cf,06_03_25,1
m,bor,06_03_25,2
p363,mbo,06_03_25,1
p363,wh,06_03_25,3
p363,hom,06_03_25,3
p363,ensr,06_03_25,3
mbo,hom,06_03_25,3
wh,hom,06_03_25,3
mbo,ensr,06_03_25,1
p364,dp,06_03_25,2
p364,rs,06_03_25,1
p364,budg,06_03_25,3
p364,ta,06_03_25,3
p364,sc,06_03_25,3
dp,budg,06_03_25,2
rs,budg,06_03_25,1
rs,ta,06_03_25,1
rs,sc,06_03_25,1
p365,jro,06_03_25,1
p365,cnn,06_03_25,2
p365,mc,06_03_25,3
p365,fk,06_03_25,3
p365,js,06_03_25,3
cnn,fk,06_03_25,2
cnn,mc,06_03_25,2
jro,js,06_03_25,1
p366,jb,06_03_25,2
p366,eco,06_03_25,3
p366,t,06_03_25,3
p366,pa,06_03_25,3
jb,eco,06_03_25,2
jb,pa,06_03_25,2
t,eco,06_03_25,1
p367,jt,06_03_25,2
p367,can,06_03_25,2
p367,t,06_03_25,3
p367,pa,06_03_25,3
jt,can,06_03_25,2
jt,t,06_03_25,2
jt,pa,06_03_25,2
can,t,06_03_25,2
p368,csh,06_03_25,1
p368,mex,06_03_25,1
p368,t,06_03_25,3
p368,bor,06_03_25,3
p368,im,06_03_25,3
p368,fy,06_03_25,3
csh,mex,06_03_25,1
mex,t,06_03_25,1
mex,bor,06_03_25,1
mex,im,06_03_25,1
mex,fy,06_03_25,1
p369,doge,06_03_25,1
p369,em,06_03_25,1
p369,eco,06_03_25,3
p369,sc,06_03_25,3
doge,sc,06_03_25,1
doge,eco,06_03_25,1
em,doge,06_03_25,1
p370,sa,07_03_25,2
p370,im,07_03_25,3
p370,eco,07_03_25,3
sa,im,07_03_25,1
sa,eco,07_03_25,2
p371,rus,07_03_25,2
p371,ukr,07_03_25,3
p371,war,07_03_25,3
p371,t,07_03_25,3
p371,peace,07_03_25,3
rus,ukr,07_03_25,2
rus,war,07_03_25,2
rus,t,07_03_25,2
rus,peace,07_03_25,2
ukr,war,07_03_25,2
ukr,peace,07_03_25,1
p372,usa,07_03_25,3
p372,t,07_03_25,3
p372,eco,07_03_25,3
usa,t,07_03_25,1
t,eco,07_03_25,1
usa,eco,07_03_25,1
p373,ag,08_03_25,1
p373,usg,08_03_25,1
p373,aogo,08_03_25,3
ag,usg,08_03_25,1
ag,aogo,08_03_25,1
usg,aogo,08_03_25,1
p374,dbu,08_03_25,1
p374,usg,08_03_25,1
p374,aogo,08_03_25,3
dbu,usg,08_03_25,1
dbu,aogo,08_03_25,1
usg,aogo,08_03_25,1
p375,lb,08_03_25,1
p375,usg,08_03_25,3
p375,un,08_03_25,3
p375,aogo,08_03_25,3
lb,usg,08_03_25,1
lb,un,08_03_25,1
lb,aogo,08_03_25,1
usg,aogo,08_03_25,1
p376,mi,08_03_25,1
p376,usg,08_03_25,3
p376,aogo,08_03_25,3
mi,usg,08_03_25,1
mi,aogo,08_03_25,1
usg,aogo,08_03_25,1
p377,li,08_03_25,1
p377,mab,08_03_25,1
p377,kc,08_03_25,3
p377,aogo,08_03_25,3
p377,art,08_03_25,3
li,kcc,08_03_25,1
mab,kcc,08_03_25,1
li,aogo,08_03_25,1
mab,aogo,08_03_25,1
kc,aogo,08_03_25,1
li,art,08_03_25,1
mab,art,08_03_25,1
p378,can,08_03_25,3
p378,usa,08_03_25,3
p378,t,08_03_25,3
p378,eco,08_03_25,3
can,t,08_03_25,2
can,usa,08_03_25,2
t,eco,08_03_25,2
usa,eco,08_03_25,1
p379,wn,08_03_25,1
p379,ssp,08_03_25,1
p379,rj,08_03_25,1
p379,dvo,08_03_25,1
p379,usna,08_03_25,3
p379,aogo,08_03_25,3
wn,usna,08_03_25,1
ssp,usna,08_03_25,1
rj,usna,08_03_25,1
dvo,usna,08_03_25,1
wn,aogo,08_03_25,1
ssp,aogo,08_03_25,1
rj,aogo,08_03_25,1
dvo,aogo,08_03_25,1
usna,aogo,08_03_25,1
p380,dp,08_03_25,2
p380,rp,08_03_25,1
p380,budg,08_03_25,3
p380,eco,08_03_25,3
dp,budg,08_03_25,2
rp,budg,08_03_25,1
budg,eco,08_03_25,1
rp,eco,08_03_25,1
p381,em,08_03_25,1
p381,mr,08_03_25,1
p381,fk,08_03_25,3
p381,mc,08_03_25,3
em,mr,08_03_25,1
fk,mc,08_03_25,2
p382,mab,09_03_25,1
p382,dt,09_03_25,1
p382,fn,09_03_25,1
p382,tva,09_03_25,3
mab,fn,09_03_25,1
dt,mab,09_03_25,1
dt,tva,09_03_25,1
mab,tva,09_03_25,1
fn,tva,09_03_25,1
p383,grl,10_03_25,1
p383,usa,10_03_25,3
p383,eco,10_03_25,3
p383,nas,10_03_25,3
usa,grl,10_03_25,1
usa,nas,10_03_25,1
usa,eco,10_03_25,1
grl,eco,10_03_25,1
p384,socs,10_03_25,3
p384,cor,10_03_25,3
socs,cor,10_03_25,2
p385,pan,10_03_25,3
p385,hist,10_03_25,3
pan,hist,10_03_25,3
p386,rus,10_03_25,3
dt,rus,10_03_25,2
p387,usg,10_03_25,2
p387,eco,10_03_25,3
usg,eco,10_03_25,2
p388,dp,10_03_25,2
p388,pa,10_03_25,3
dp,pa,10_03_25,2
p389,eco,10_03_25,3
p390,bma,10_03_25,1
p390,fn,10_03_25,1
p390,tva,10_03_25,3
bma,fn,10_03_25,1
bma,tva,10_03_25,1
fn,tva,10_03_25,1
p391,mtu,10_03_25,2
p391,aus,10_03_25,3
p391,chn,10_03_25,3
p391,pa,10_03_25,3
mtu,pa,10_03_25,2
mtu,aus,10_03_25,3
mtu,chn,10_03_25,3
p392,ice,10_03_25,3
p392,mkh,10_03_25,2
p392,ham,10_03_25,3
p392,uni,10_03_25,3
p392,im,10_03_25,3
ice,mkh,10_03_25,2
mkh,ham,10_03_25,2
mkh,uni,10_03_25,3
mkh,im,10_03_25,2
ice,im,10_03_25,1
p393,hfc,11_03_25,1
p393,dp,11_03_25,2
p393,thm,11_03_25,2
p393,lc,11_03_25,2
p393,ta,11_03_25,3
p393,im,11_03_25,3
p393,pa,11_03_25,3
p393,cf,11_03_25,3
hfc,dp,11_03_25,2
dp,ta,11_03_25,2
dp,im,11_03_25,2
thm,pa,11_03_25,2
lc,pa,11_03_25,2
thm,cf,11_03_25,2
p394,can,11_03_25,3
p394,ont,11_03_25,3
p394,usa,11_03_25,3
p394,t,11_03_25,3
p394,eco,11_03_25,3
p394,ep,11_03_25,3
can,t,11_03_25,2
can,usa,11_03_25,2
ont,ep,11_03_25,2
ont,can,11_03_25,3
t,eco,11_03_25,2
usa,eco,11_03_25,1
p395,em,11_03_25,1
p395,tsl,11_03_25,1
p395,dp,11_03_25,2
p395,eco,11_03_25,3
p395,cf,11_03_25,3
em,tsl,11_03_25,1
dp,tsl,11_03_25,2
dp,em,11_03_25,2
tsl,eco,11_03_25,1
em,eco,11_03_25,1
p396,ont,11_03_25,3
p396,can,11_03_25,3
p396,usa,11_03_25,3
p396,t,11_03_25,3
p396,ep,11_03_25,3
p396,nas,11_03_25,3
p396,eco,11_03_25,3
p396,bor,11_03_25,3
ont,can,11_03_25,3
ont,ep,11_03_25,2
can,t,11_03_25,2
can,ep,11_03_25,2
can,eco,11_03_25,2
can,nas,11_03_25,2
can,bor,11_03_25,2
can,usa,11_03_25,2
usa,eco,11_03_25,1
usa,t,11_03_25,1
t,eco,11_03_25,2
ep,nas,11_03_25,3
bor,nas,11_03_25,3
p397,can,11_03_25,3
p397,usa,11_03_25,3
p397,ep,11_03_25,3
p397,eco,11_03_25,3
p397,hist,11_03_25,3
can,ep,11_03_25,2
can,eco,11_03_25,2
can,usa,11_03_25,2
eco,hist,11_03_25,3
p398,thm,11_03_25,2
p398,jb,11_03_25,2
p398,budg,11_03_25,3
p398,cf,11_03_25,3
p398,pa,11_03_25,3
thm,pa,11_03_25,2
thm,cf,11_03_25,2
jb,budg,11_03_25,2
thm,budg,11_03_25,2
p399,em,11_03_25,1
p399,tsl,11_03_25,1
p399,eco,11_03_25,3
em,tsl,11_03_25,1
tsl,eco,11_03_25,1
em,eco,11_03_25,1
p400,eco,11_03_25,3
p400,inf,11_03_25,3
inf,eco,11_03_25,1
p15,jb,03_01_25,3
p15,lc,03_01_25,2
p15,ak,03_01_25,2
p15,bt,03_01_25,2
p15,np,03_01_25,2
p15,j6,03_01_25,3
p15,pa,03_01_25,3
jb,lc,03_01_25,2
lc,pa,03_01_25,2
ak,pa,03_01_25,2
bt,pa,03_01_25,2
np,j6,03_01_25,2
p24,jb,04_01_25,2
p24,kh,04_01_25,2
p24,jas,04_01_25,2
p24,js,04_01_25,3
p24,fk,04_01_25,3
p24,mc,04_01_25,3
p24,pa,04_01_25,3
jb,js,04_01_25,2
kh,js,04_01_25,2
jas,js,04_01_25,2
fk,mc,04_01_25,2
pa,jb,04_01_25,2
pa,kh,04_01_25,2
pa,jas,04_01_25,2
pa,js,04_01_25,2
p53,fn,10_01_25,3
p53,js,10_01_25,3
p53,mc,10_01_25,3
dt,js,10_01_25,2
fn,mc,10_01_25,3
p199,irn,05_02_25,3
p199,isr,05_02_25,3
p199,usa,05_02_25,3
p199,nuc,05_02_25,3
p199,peace,05_02_25,3
p199,me,05_02_25,3
irn,nuc,05_02_25,2
irn,peace,05_02_25,1
usa,isr,05_02_25,3
me,peace,05_02_25,1
p201,pb,05_02_25,1
p201,js,05_02_25,3
p201,aogo,05_02_25,3
pb,js,05_02_25,1
pb,aogo,05_02_25,1
p403,as,11_03_25,1
p403,usg,11_03_25,3
p403,aogo,11_03_25,3
as,usg,11_03_25,1
as,aogo,11_03_25,1
usg,aogo,11_03_25,1
p404,pz,11_03_25,1
p404,usg,11_03_25,3
p404,aogo,11_03_25,3
pz,usg,11_03_25,1
pz,aogo,11_03_25,1
usg,aogo,11_03_25,1
p405,rp,12_03_25,1
p405,usa,12_03_25,3
rp,usa,12_03_25,1
p406,thm,12_03_25,2
p406,rp,12_03_25,3
p406,budg,12_03_25,3
p406,pa,12_03_25,3
thm,pa,12_03_25,2
thm,rp,12_03_25,2
thm,budg,12_03_25,2
p407,em,12_03_25,1
p407,pat,12_03_25,3
em,pat,12_03_25,1
p408,mmar,12_03_25,1
p408,fp,12_03_25,3
mmar,fp,12_03_25,1
p409,eco,12_03_25,3
p409,usg,12_03_25,2
p409,pa,12_03_25,3
usg,pa,12_03_25,2
eco,usg,12_03_25,1
p410,irl,12_03_25,3
p410,fp,12_03_25,3
irl,fp,12_03_25,1
p411,mwm,13_03_25,1
p411,cc,13_03_25,2
p411,cnn,13_03_25,2
p411,fk,13_03_25,3
p411,mc,13_03_25,3
p411,pa,13_03_25,3
mwm,cnn,13_03_25,1
cc,cnn,13_03_25,1
cnn,fk,13_03_25,2
cnn,mc,13_03_25,2
cc,pa,13_03_25,2
p412,eu,13_03_25,2
p412,fra,13_03_25,2
p412,usa,13_03_25,3
p412,t,13_03_25,3
p412,eco,13_03_25,3
p412,pa,13_03_25,3
eu,t,13_03_25,2
fra,t,13_03_25,2
eu,usa,13_03_25,2
fra,usa,13_03_25,2
t,eco,13_03_25,2
usa,eco,13_03_25,1
pa,eu,13_03_25,2
p413,wsj,13_03_25,2
p413,eu,13_03_25,2
p413,usa,13_03_25,3
p413,t,13_03_25,3
p413,eco,13_03_25,3
p413,mc,13_03_25,3
p413,pa,13_03_25,3
wsj,mc,13_03_25,2
wsj,pa,13_03_25,2
eu,usa,13_03_25,2
eu,t,13_03_25,2
t,eco,13_03_25,1
usa,eco,13_03_25,1
pa,wsj,13_03_25,2
pa,eu,13_03_25,2
p414,usa,13_03_25,3
p414,t,13_03_25,3
p414,eco,13_03_25,3
t,eco,13_03_25,2
usa,eco,13_03_25,2
p415,ny,13_03_25,2
p415,ct,13_03_25,3
p415,nweng,13_03_25,3
p415,usg,13_03_25,3
p415,ep,13_03_25,3
p415,eco,13_03_25,3
p415,env,13_03_25,3
ny,ep,13_03_25,2
ct,ep,13_03_25,1
nweng,ep,13_03_25,1
ep,eco,13_03_25,1
ep,env,13_03_25,1
usg,ep,13_03_25,1
ny,usg,13_03_25,2
p416,jb,14_03_25,2
p416,rus,14_03_25,3
p416,isr,14_03_25,3
p416,afg,14_03_25,3
p416,war,14_03_25,3
p416,peace,14_03_25,3
p416,inf,14_03_25,3
p416,im,14_03_25,3
p416,pa,14_03_25,3
jb,pa,14_03_25,2
jb,war,14_03_25,2
jb,inf,14_03_25,2
jb,im,14_03_25,2
rus,war,14_03_25,2
war,peace,14_03_25,2
p417,eco,14_03_25,3
p417,usa,14_03_25,3
usa,eco,14_03_25,1
p418,cs,14_03_25,1
p418,usa,14_03_25,3
p418,ta,14_03_25,3
p418,budg,14_03_25,3
cs,ta,14_03_25,1
cs,budg,14_03_25,1
usa,ta,14_03_25,1
usa,budg,14_03_25,1
p419,vp,14_03_25,1
p419,rus,14_03_25,3
p419,ukr,14_03_25,3
p419,war,14_03_25,3
p419,peace,14_03_25,3
vp,rus,14_03_25,3
rus,war,14_03_25,2
war,ukr,14_03_25,2
war,peace,14_03_25,2
vp,peace,14_03_25,1
p420,js,14_03_25,3
p420,crm,14_03_25,3
p420,pa,14_03_25,3
js,crm,14_03_25,2
p421,doj,14_03_25,1
p421,js,14_03_25,3
doj,js,14_03_25,3
p422,doj,14_03_25,2
p422,js,14_03_25,3
doj,js,14_03_25,2
p423,usg,14_03_25,2
p423,cor,14_03_25,3
usg,cor,14_03_25,2
p424,jas,14_03_25,2
p424,ab,14_03_25,2
p424,par,14_03_25,3
p424,fos,14_03_25,3
p424,lj,14_03_25,2
p424,js,14_03_25,3
p424,cor,14_03_25,3
jas,js,14_03_25,2
ab,js,14_03_25,2
jas,cor,14_03_25,2
ab,cor,14_03_25,2
lj,js,14_03_25,2
lj,cor,14_03_25,2
p425,jb,14_03_25,2
p425,rus,14_03_25,2
p425,pair,14_03_25,3
jb,rus,14_03_,
p426,fbi,14_03_25,1
p426,doj,14_03_25,1
p426,usg,14_03_25,1
p426,le,14_03_25,3
p426,rol,14_03_25,3
fbi,le,14_03_25,1
doj,le,14_03_25,1
usg,rol,14_03_25,1
p427,wh,14_03_25,1
p427,le,14_03_25,3
wh,le,14_03_25,1
p428,le,14_03_25,3
p429,jb,15_03_25,2
p429,o,15_03_25,3
jb,o,15_03_25,2
p430,isis,15_03_25,2
p430,war,15_03_25,3
isis,war,15_03_25,2
p431,vp,15_03_25,1
p431,swa,15_03_25,1
p431,rus,15_03_25,3
p431,fk,15_03_25,3
p431,mc,15_03_25,3
p431,pm,15_03_25,3
p431,pa,15_03_25,3
swa,rus,15_03_25,1
swa,pm,15_03_25,1
vp,pm,15_03_25,3
rus,pm,15_03_25,3
fk,mc,15_03_25,2
fk,pa,15_03_25,2
p432,usmil,15_03_25,1
p432,hou,15_03_25,2
p432,jb,15_03_25,2
p432,irn,15_03_25,2
p432,war,15_03_25,3
p432,nas,15_03_25,3
p432,eco,15_03_25,3
usmil,hou,15_03_25,2
usmil,war,15_03_25,1
usmil,nas,15_03_25,1
hou,war,15_03_25,2
hou,nas,15_03_25,2
hou,eco,15_03_25,2
irn,hou,15_03_25,2
irn,war,15_03_25,2
irn,nas,15_03_25,2
jb,war,15_03_25,2
jb,nas,15_03_25,2
p433,kke,15_03_25,1
p433,usg,15_03_25,1
p433,ukr,15_03_25,3
p433,aogo,15_03_25,3
kke,usg,15_03_25,1
kke,ukr,15_03_25,1
kke,aogo,15_03_25,1
usg,aogo,15_03_25,1
p434,fl,16_03_25,3
p434,g,16_03_25,3
fl,g,16_03_25,3
p435,jb,16_03_25,2
p435,dp,16_03_25,2
p435,els,16_03_25,1
p435,nbu,16_03_25,1
p435,im,16_03_25,3
p435,m,16_03_25,3
p435,pair,16_03_25,3
p435,pa,16_03_25,3
jb,im,16_03_25,2
jb,m,16_03_25,2
jb,pa,16_03_25,2
dp,im,16_03_25,2
dp,m,16_03_25,2
dp,pa,16_03_25,2
els,pair,16_03_25,1
nbu,pair,16_03_25,1
nbu,els,16_03_25,1
p436,ng,16_03_25,1
p436,ark,16_03_25,3
p436,emerg,16_03_25,3
ng,emerg,16_03_25,1
ark,emerg,16_03_25,2
p437,pank,17_03_25,1
p437,boo,17_03_25,3
pank,boo,17_03_25,1
p438,slo,17_03_25,1
p438,g,17_03_25,3
slo,g,17_03_25,1
p439,jb,17_03_25,2
p439,jan6th,17_03_25,2
p439,par,17_03_25,3
p439,js,17_03_25,3
p439,cor,17_03_25,3
p439,pa,17_03_25,3
jb,jan6th,17_03_25,2
jb,par,17_03_25,2
jb,cor,17_03_25,2
jb,pa,17_03_25,2
jan6th,par,17_03_25,2
jan6th,js,17_03_25,2
jan6th,cor,17_03_25,2
jan6th,pa,17_03_25,2
p440,hou,17_03_25,2
p440,irn,17_03_25,2
p440,war,17_03_25,3
p440,nas,17_03_25,3
p440,pair,17_03_25,3
hou,irn,17_03_25,2
hou,war,17_03_25,2
hou,nas,17_03_25,2
hou,pair,17_03_25,2
irn,war,17_03_25,2
irn,nas,17_03_25,2
irn,pair,17_03_25,2
p441,jp,17_03_25,1
p441,em,17_03_25,1
p441,nasa,17_03_25,1
p441,spx,17_03_25,1
p441,jb,17_03_25,2
p441,tech,17_03_25,3
p441,iv,17_03_25,3
jp,nasa,17_03_25,1
em,spx,17_03_25,1
jb,tech,17_03_25,2
jb,iv,17_03_25,2
nasa,tech,17_03_25,1
spx,tech,17_03_25,1
p442,mbo,17_03_25,1
p442,fed,17_03_25,1
p442,aogo,17_03_25,3
mbo,fed,17_03_25,1
mbo,aogo,17_03_25,1
fed,aogo,17_03_25,1
p443,o,17_03_25,3
p443,t,17_03_25,3
p443,eco,17_03_25,3
o,t,17_03_25,2
o,eco,17_03_25,2
p444,bbe,17_03_25,1
p444,faa,17_03_25,1
p444,aogo,17_03_25,3
bbe,faa,17_03_25,1
bbe,aogo,17_03_25,1
faa,aogo,17_03_25,1
p445,dni,17_03_25,1
p445,dcl,17_03_25,1
p445,tt,17_03_25,1
p445,ck,17_03_25,1
p445,dpo,17_03_25,1
p445,usafa,17_03_25,1
p445,aogo,17_03_25,3
dni,usafa,17_03_25,1
dcl,usafa,17_03_25,1
tt,usafa,17_03_25,1
ck,usafa,17_03_25,1
dpo,usafa,17_03_25,1
dni,aogo,17_03_25,1
dcl,aogo,17_03_25,1
tt,aogo,17_03_25,1
ck,aogo,17_03_25,1
dpo,aogo,17_03_25,1
usafa,aogo,17_03_25,1
p446,ssp,17_03_25,1
p446,wna,17_03_25,1
p446,rja,17_03_25,1
p446,dvo,17_03_25,1
p446,tsh,17_03_25,1
p446,eeh,17_03_25,1
p446,usna,17_03_25,1
p446,aogo,17_03_25,3
ssp,usna,17_03_25,1
wna,usna,17_03_25,1
rja,usna,17_03_25,1
dvo,usna,17_03_25,1
tsh,usna,17_03_25,1
eeh,usna,17_03_25,1
ssp,aogo,17_03_25,1
wna,aogo,17_03_25,1
rja,aogo,17_03_25,1
dvo,aogo,17_03_25,1
tsh,aogo,17_03_25,1
eeh,aogo,17_03_25,1
usna,aogo,17_03_25,1
p447,dbe,17_03_25,1
p447,dwa,17_03_25,1
p447,mfl,17_03_25,1
p447,whu,17_03_25,1
p447,mba,17_03_25,1
p447,mmo,17_03_25,1
p447,wp,17_03_25,1
p447,aogo,17_03_25,3
dbe,wp,17_03_25,1
dwa,wp,17_03_25,1
mfl,wp,17_03_25,1
whu,wp,17_03_25,1
mba,wp,17_03_25,1
mmo,wp,17_03_25,1
dbe,aogo,17_03_25,1
dwa,aogo,17_03_25,1
mfl,aogo,17_03_25,1
whu,aogo,17_03_25,1
mba,aogo,17_03_25,1
mmo,aogo,17_03_25,1
wp,aogo,17_03_25,1
p448,hb,17_03_25,2
p448,abid,17_03_25,2
p448,usss,17_03_25,2
p448,sa,17_03_25,2
p448,hr,17_03_25,3
p448,eco,17_03_25,3
p448,pa,17_03_25,3
hb,usss,17_03_25,1
abid,usss,17_03_25,1
sa,hr,17_03_25,2
sa,eco,17_03_25,2
hb,pa,17_03_25,2
abid,pa,17_03_25,2
p449,atl,17_03_25,2
p449,apk,17_03_25,2
p449,msc,17_03_25,2
p449,mil,17_03_25,3
p449,mc,17_03_25,3
p449,fk,17_03_25,3
p449,pa,17_03_25,3
atl,mc,17_03_25,2
atl,fk,17_03_25,2
apk,mc,17_03_25,2
apk,pa,17_03_25,2
msc,mc,17_03_25,2
msc,pa,17_03_25,2
mil,fk,17_03_25,2
p450,vp,17_03_25,3
p450,rus,17_03_25,3
p450,ukr,17_03_25,3
p450,war,17_03_25,3
p450,peace,17_03_25,3
p450,pair,17_03_25,3
vp,rus,17_03_25,3
rus,ukr,17_03_25,2
vp,war,17_03_25,3
vp,peace,17_03_25,1
rus,war,17_03_25,2
ukr,war,17_03_25,2
rus,peace,17_03_25,1
ukr,peace,17_03_25,1
p451,chn,17_03_25,2
p451,ep,17_03_25,3
p451,eco,17_03_25,3
p451,env,17_03_25,3
p451,pa,17_03_25,3
chn,eco,17_03_25,2
chn,ep,17_03_25,2
env,ep,17_03_25,2
p452,im,18_03_25,3
p452,crm,18_03_25,3
p452,js,18_03_25,3
p452,pa,18_03_25,3
im,crm,18_03_25,2
js,pa,18_03_25,2
p453,vp,18_03_25,1
p453,vz,18_03_25,1
p453,rus,18_03_25,3
p453,ukr,18_03_25,3
p453,war,18_03_25,3
p453,peace,18_03_25,3
p453,pair,18_03_25,3
vp,rus,18_03_25,3
vz,ukr,18_03_25,3
rus,ukr,18_03_25,2
vp,vz,18_03_25,1
vp,peace,18_03_25,1
vz,peace,18_03_25,1
rus,war,18_03_25,2
ukr,war,18_03_25,2
p454,em,19_03_25,1
p454,sha,19_03_25,1
p454,mc,19_03_25,3
em,mc,19_03_25,1
sha,mc,19_03_25,1
em,sha,19_03_25,1
p455,tzn,19_03_25,1
p455,uae,19_03_25,3
p455,usa,19_03_25,1
p455,wh,19_03_25,1
p455,pm,19_03_25,3
p455,pair,19_03_25,3
p455,eco,19_03_25,3
p455,tech,19_03_25,3
tzn,uae,19_03_25,1
uae,usa,19_03_25,1
tzn,pm,19_03_25,1
uae,pair,19_03_25,1
usa,pair,19_03_25,1
uae,eco,19_03_25,1
usa,eco,19_03_25,1
uae,tech,19_03_25,1
usa,tech,19_03_25,1
wh,pm,19_03_25,1
p456,im,19_03_25,3
p456,crm,19_03_25,3
p456,js,19_03_25,3
p456,pa,19_03_25,3
im,crm,19_03_25,2
js,pa,19_03_25,2
p457,maga,19_03_25,1
p458,vz,19_03_25,1
p458,ukr,19_03_25,3
p458,vp,19_03_25,3
p458,rus,19_03_25,3
p458,mr,19_03_25,1
p458,mwa,19_03_25,1
p458,pm,19_03_25,3
p458,pair,19_03_25,3
p458,peace,19_03_25,3
p458,war,19_03_25,3
vz,ukr,19_03_25,3
vp,rus,19_03_25,3
rus,ukr,19_03_25,2
vz,vp,19_03_25,1
vz,peace,19_03_25,1
vp,peace,19_03_25,1
ukr,war,19_03_25,2
rus,war,19_03_25,2
mr,pm,19_03_25,1
mwa,pm,19_03_25,1
p459,jhe,19_03_25,2
p459,fn,19_03_25,2
p459,cnn,19_03_25,2
p459,whca,19_03_25,2
p459,mc,19_03_25,3
p459,pa,19_03_25,3
jhe,fn,19_03_25,1
jhe,cnn,19_03_25,1
jhe,mc,19_03_25,2
jhe,pa,19_03_25,2
fn,mc,19_03_25,2
cnn,mc,19_03_25,2
whca,mc,19_03_25,2
p460,rus,19_03_25,3
p460,ukr,19_03_25,3
p460,war,19_03_25,3
p460,pair,19_03_25,3
rus,ukr,19_03_25,2
rus,war,19_03_25,2
ukr,war,19_03_25,2
rus,pair,19_03_25,2
ukr,pair,19_03_25,2
p461,rfi,19_03_25,1
p461,fl,19_03_25,3
p461,suc,19_03_25,3
p461,if,19_03_25,3
p461,eco,19_03_25,3
p461,im,19_03_25,3
p461,ep,19_03_25,3
p461,war,19_03_25,3
rfi,suc,19_03_25,1
rfi,if,19_03_25,1
rfi,eco,19_03_25,1
rfi,im,19_03_25,1
rfi,ep,19_03_25,1
rfi,war,19_03_25,1
fl,suc,19_03_25,3
p462,fed,20_03_25,2
p462,usa,20_03_25,3
p462,eco,20_03_25,3
p462,t,20_03_25,3
fed,eco,20_03_25,2
fed,t,20_03_25,2
usa,eco,20_03_25,3
usa,t,20_03_25,3
p463,jri,20_03_25,1
p463,id,20_03_25,3
p463,sfrc,20_03_25,1
p463,suc,20_03_25,3
p463,eco,20_03_25,3
p463,ep,20_03_25,3
p463,im,20_03_25,3
p463,war,20_03_25,3
jri,suc,20_03_25,1
jri,eco,20_03_25,1
jri,ep,20_03_25,1
jri,im,20_03_25,1
jri,war,20_03_25,1
jri,sfrc,20_03_25,1
id,suc,20_03_25,3
sfrc,war,20_03_25,1
p464,pw,20_03_25,3
p464,bka,20_03_25,3
p464,mpo,20_03_25,2
p464,wh,20_03_25,3
p464,js,20_03_25,3
p464,cor,20_03_25,3
pw,js,20_03_25,3
bka,pw,20_03_25,3
bka,js,20_03_25,3
mpo,cor,20_03_25,2
wh,js,20_03_25,3
p465,jro,20_03_25,2
p465,usc,20_03_25,2
p465,usa,20_03_25,3
p465,js,20_03_25,3
p465,im,20_03_25,3
p465,crm,20_03_25,3
p465,pa,20_03_25,3
jro,usc,20_03_25,3
usc,js,20_03_25,3
jro,js,20_03_25,3
usa,im,20_03_25,3
usa,crm,20_03_25,3
jro,pa,20_03_25,2
usc,pa,20_03_25,2
p466,jbo,20_03_25,2
p466,js,20_03_25,3
p466,pa,20_03_25,3
jbo,js,20_03_25,3
jbo,pa,20_03_25,2
p467,jbo,20_03_25,2
p467,js,20_03_25,3
p467,pa,20_03_25,3
jbo,js,20_03_25,3
jbo,pa,20_03_25,2
p468,mde,21_03_25,1
p468,nyp,21_03_25,1
p468,mc,21_03_25,3
p468,pa,21_03_25,3
mde,nyp,21_03_25,1
mde,mc,21_03_25,1
nyp,mc,21_03_25,1
p469,nyt,21_03_25,2
p469,em,21_03_25,3
p469,pent,21_03_25,3
p469,chn,21_03_25,3
p469,mc,21_03_25,3
p469,fk,21_03_25,3
p469,war,21_03_25,3
nyt,mc,21_03_25,2
nyt,fk,21_03_25,2
em,pent,21_03_25,3
pent,war,21_03_25,3
chn,war,21_03_25,2
p470,tsl,21_03_25,3
p470,crm,21_03_25,3
p470,js,21_03_25,3
tsl,crm,21_03_25,2
tsl,js,21_03_25,2
p471,jb,21_03_25,2
p471,fed,21_03_25,2
p471,if,21_03_25,3
p471,eco,21_03_25,3
jb,if,21_03_25,2
jb,eco,21_03_25,2
fed,if,21_03_25,1
fed,eco,21_03_25,1
p472,em,21_03_25,3
p472,nyt,21_03_25,2
p472,cnn,21_03_25,2
p472,mha,21_03_25,2
p472,chn,21_03_25,3
p472,pent,21_03_25,3
p472,mc,21_03_25,3
p472,fk,21_03_25,3
p472,pa,21_03_25,3
p472,war,21_03_25,3
nyt,mc,21_03_25,2
nyt,fk,21_03_25,2
cnn,mc,21_03_25,2
cnn,fk,21_03_25,2
mha,mc,21_03_25,2
mha,pa,21_03_25,2
pent,war,21_03_25,3
chn,war,21_03_25,3
em,pent,21_03_25,3
p473,em,21_03_25,1
p473,tsl,21_03_25,1
p473,els,21_03_25,3
p473,crm,21_03_25,3
p473,js,21_03_25,3
tsl,crm,21_03_25,2
em,tsl,21_03_25,1
els,js,21_03_25,3
p475,usa,21_03_25,3
p475,eco,21_03_25,3
p475,t,21_03_25,3
usa,eco,21_03_25,1
usa,t,21_03_25,1
p476,crm,21_03_25,3
p476,im,21_03_25,3
crm,im,21_03_25,2
p477,im,21_03_25,3
p477,js,21_03_25,3
p477,crm,21_03_25,3
im,crm,21_03_25,2
js,im,21_03_25,3
p478,bsc,22_03_25,1
p478,scr,22_03_25,2
p478,wis,22_03_25,3
p478,suc,22_03_25,3
p478,elec,22_03_25,3
p478,js,22_03_25,3
p478,crm,22_03_25,3
p478,pa,22_03_25,3
bsc,suc,22_03_25,1
bsc,elec,22_03_25,1
scr,pa,22_03_25,2
scr,crm,22_03_25,2
scr,js,22_03_25,2
wis,elec,22_03_25,3
p479,gfo,22_03_25,1
p479,box,22_03_25,3
gfo,box,22_03_25,1
p480,jmi,22_03_25,2
p480,mai,22_03_25,2
p480,usa,22_03_25,3
p480,sp,22_03_25,3
p480,pair,22_03_25,3
p480,pa,22_03_25,3
jmi,mai,22_03_25,3
jmi,pa,22_03_25,2
mai,pair,22_03_25,2
usa,pair,22_03_25,3
p481,bsc,23_03_25,1
p481,wis,23_03_25,3
p481,dp,23_03_25,2
p481,rp,23_03_25,1
p481,sc,23_03_25,3
p481,elec,23_03_25,3
p481,im,23_03_25,3
p481,sp,23_03_25,3
p481,crm,23_03_25,3
p481,pa,23_03_25,3
bsc,sc,23_03_25,1
bsc,elec,23_03_25,1
dp,im,23_03_25,2
dp,sp,23_03_25,2
dp,crm,23_03_25,2
dp,pa,23_03_25,2
rp,sc,23_03_25,1
wis,elec,23_03_25,3
p482,maga,23_03_25,3
p483,truths,23_03_25,1
p483,socm,23_03_25,3
truths,socm,23_03_25,1
p484,ced,23_03_25,1
p484,dp,23_03_25,2
p484,jb,23_03_25,2
p484,fema,23_03_25,2
p484,northc,23_03_25,3
p484,pm,23_03_25,3
p484,pa,23_03_25,3
p484,emerg,23_03_25,3
ced,pm,23_03_25,1
ced,pa,23_03_25,1
jb,emerg,23_03_25,2
fema,emerg,23_03_25,2
dp,pa,23_03_25,2
northc,emerg,23_03_25,3
p486,jpo,24_03_25,2
p486,bo,24_03_25,3
p486,col,24_03_25,3
p486,tda,24_03_25,2
p486,pa,24_03_25,3
p486,crm,24_03_25,3
jpo,pa,24_03_25,2
jpo,crm,24_03_25,2
tda,crm,24_03_25,2
col,crm,24_03_25,3
p487,nyt,24_03_25,2
p487,pba,24_03_25,2
p487,sgl,24_03_25,2
p487,mha,24_03_25,2
p487,bo,24_03_25,3
p487,mc,24_03_25,3
p487,fk,24_03_25,3
p487,pa,24_03_25,3
p487,elec,24_03_25,3
nyt,mc,24_03_25,2
nyt,fk,24_03_25,2
pba,mc,24_03_25,2
pba,pa,24_03_25,2
sgl,mc,24_03_25,2
sgl,pa,24_03_25,2
mha,mc,24_03_25,2
mha,pa,24_03_25,2
pba,bo,24_03_25,3
p488,ab,24_03_25,2
p488,jb,24_03_25,3
p488,kh,24_03_25,3
p488,js,24_03_25,3
p488,cor,24_03_25,3
p488,pa,24_03_25,3
ab,js,24_03_25,2
ab,cor,24_03_25,2
ab,pa,24_03_25,2
jb,cor,24_03_25,3
kh,cor,24_03_25,3
p489,jp,24_03_25,1
p489,dp,24_03_25,2
p489,ensr,24_03_25,3
p489,eco,24_03_25,3
p489,bor,24_03_25,3
p489,crm,24_03_25,3
p489,ma,24_03_25,3
p489,ep,24_03_25,3
p489,sec,24_03_25,3
p489,af,24_03_25,3
jp,ensr,24_03_25,1
jp,eco,24_03_25,1
jp,bor,24_03_25,1
jp,crm,24_03_25,1
jp,ma,24_03_25,1
jp,ep,24_03_25,1
jp,sec,24_03_25,1
jp,af,24_03_25,1
dp,af,24_03_25,2
dp,eco,24_03_25,2
dp,bor,24_03_25,2
p490,rf,24_03_25,1
p490,dp,24_03_25,2
p490,ensr,24_03_25,3
p490,if,24_03_25,3
p490,eco,24_03_25,3
p490,bor,24_03_25,3
p490,ma,24_03_25,3
p490,ep,24_03_25,3
p490,sec,24_03_25,3
p490,af,24_03_25,3
p490,peace,24_03_25,3
rf,ensr,24_03_25,1
rf,if,24_03_25,1
rf,eco,24_03_25,1
rf,bor,24_03_25,1
rf,ma,24_03_25,1
rf,ep,24_03_25,1
rf,sec,24_03_25,1
rf,af,24_03_25,1
rf,peace,24_03_25,1
dp,af,24_03_25,2
dp,eco,24_03_25,2
dp,bor,24_03_25,2
p491,ah,24_03_25,1
p491,jg,24_03_25,1
p491,aogo,24_03_25,3
p491,js,24_03_25,3
p491,nj,24_03_25,3
ah,aogo,24_03_25,1
ah,js,24_03_25,1
ah,nj,24_03_25,1
jg,aogo,24_03_25,1
jg,nj,24_03_25,1
ah,jg,24_03_25,1
p492,ven,24_03_25,2
p492,usa,24_03_25,1
p492,tda,24_03_25,2
p492,t,24_03_25,3
p492,cr,24_03_25,3
p492,mu,24_03_25,3
p492,dr,24_03_25,3
p492,bor,24_03_25,3
p492,nas,24_03_25,3
ven,cr,24_03_25,2
ven,mu,24_03_25,2
ven,dr,24_03_25,2
ven,bor,24_03_25,2
tda,cr,24_03_25,2
tda,mu,24_03_25,2
usa,nas,24_03_25,1
usa,t,24_03_25,1
p493,sm,24_03_25,1
p493,cdc,24_03_25,1
p493,aogo,24_03_25,3
sm,aogo,24_03_25,1
cdc,aogo,24_03_25,1
sm,cdc,24_03_25,1
p494,wh,25_03_25,1
p494,ma,25_03_25,3
p494,aa,25_03_25,3
wh,ma,25_03_25,1
wh,aa,25_03_25,1
p495,fbi,25_03_25,2
p495,cor,25_03_25,3
p495,js,25_03_25,3
fbi,cor,25_03_25,2
fbi,js,25_03_25,2
p496,ef,25_03_25,3
p497,usdot,25_03_25,1
p497,cor,25_03_25,3
p497,budg,25_03_25,3
usdot,cor,25_03_25,1
usdot,budg,25_03_25,1
p498,ma,25_03_25,3
p498,aa,25_03_25,3
p498,pat,25_03_25,3
p499,bh,27_03_25,1
p499,ensr,27_03_25,3
p499,eco,27_03_25,3
p499,ta,27_03_25,3
p499,bor,27_03_25,3
p499,ma,27_03_25,3
p499,ep,27_03_25,3
p499,sec,27_03_25,3
p499,peace,27_03_25,3
bh,ensr,27_03_25,1
bh,eco,27_03_25,1
bh,ta,27_03_25,1
bh,bor,27_03_25,1
bh,ma,27_03_25,1
bh,ep,27_03_25,1
bh,sec,27_03_25,1
bh,peace,27_03_25,1
p500,brb,27_03_25,1
p500,usdot,27_03_25,1
p500,aogo,27_03_25,3
brb,aogo,27_03_25,1
usdot,aogo,27_03_25,1
brb,usdot,27_03_25,1
p501,jmg,27_03_25,1
p501,ensr,27_03_25,3
p501,eco,27_03_25,3
p501,ep,27_03_25,3
p501,bor,27_03_25,3
p501,ma,27_03_25,3
p501,sec,27_03_25,3
p501,peace,27_03_25,3
jmg,ensr,27_03_25,1
jmg,eco,27_03_25,1
jmg,ep,27_03_25,1
jmg,bor,27_03_25,1
jmg,ma,27_03_25,1
jmg,sec,27_03_25,1
jmg,peace,27_03_25,1
p502,chs,27_03_25,1
p502,ensr,27_03_25,3
p502,eco,27_03_25,3
p502,bor,27_03_25,3
p502,ma,27_03_25,3
p502,ep,27_03_25,3
p502,sec,27_03_25,3
chs,ensr,27_03_25,1
chs,eco,27_03_25,1
chs,bor,27_03_25,1
chs,ma,27_03_25,1
chs,ep,27_03_25,1
chs,sec,27_03_25,1
p503,cl,27_03_25,1
p503,ensr,27_03_25,3
p503,eco,27_03_25,3
p503,ta,27_03_25,3
p503,bor,27_03_25,3
p503,sec,27_03_25,3
p503,ma,27_03_25,3
p503,bit,27_03_25,3
cl,ensr,27_03_25,1
cl,eco,27_03_25,1
cl,ta,27_03_25,1
cl,bor,27_03_25,1
cl,sec,27_03_25,1
cl,ma,27_03_25,1
cl,bit,27_03_25,1
p504,lg,27_03_25,1
p504,ensr,27_03_25,3
p504,eco,27_03_25,3
p504,ta,27_03_25,3
p504,budg,27_03_25,3
p504,bor,27_03_25,3
p504,crm,27_03_25,3
p504,ma,27_03_25,3
p504,ep,27_03_25,3
p504,sec,27_03_25,3
p504,peace,27_03_25,3
lg,ensr,27_03_25,1
lg,eco,27_03_25,1
lg,ta,27_03_25,1
lg,budg,27_03_25,1
lg,bor,27_03_25,1
lg,crm,27_03_25,1
lg,ma,27_03_25,1
lg,ep,27_03_25,1
lg,sec,27_03_25,1
lg,peace,27_03_25,1
p505,lbb,27_03_25,1
p505,usg,27_03_25,1
p505,aogo,27_03_25,3
lbb,aogo,27_03_25,1
usg,aogo,27_03_25,1
lbb,usg,27_03_25,1
p506,pat,27_03_25,3
p506,hist,27_03_25,3
p507,jbo,27_03_25,2
p507,nyc,27_03_25,2
p507,js,27_03_25,3
p507,cor,27_03_25,3
p507,pa,27_03_25,3
jbo,js,27_03_25,2
jbo,cor,27_03_25,2
jbo,pa,27_03_25,2
nyc,js,27_03_25,2
nyc,cor,27_03_25,2
p508,npr,27_03_25,2
p508,pbs,27_03_25,2
p508,rp,27_03_25,1
p508,dp,27_03_25,2
p508,mc,27_03_25,3
p508,fk,27_03_25,3
npr,mc,27_03_25,2
pbs,mc,27_03_25,2
npr,fk,27_03_25,2
pbs,fk,27_03_25,2
dp,mc,27_03_25,2
rp,mc,27_03_25,1
p509,af,27_03_25,3
p509,t,27_03_25,3
p510,eu,27_03_25,2
p510,can,27_03_25,3
p510,usa,27_03_25,3
p510,t,27_03_25,3
p510,eco,27_03_25,3
eu,t,27_03_25,2
can,t,27_03_25,2
usa,t,27_03_25,1
eu,eco,27_03_25,2
can,eco,27_03_25,2
usa,eco,27_03_25,1
eu,can,27_03_25,2
p511,th,27_03_25,1
p511,ms13,27_03_25,2
p511,crm,27_03_25,3
p511,le,27_03_25,3
th,crm,27_03_25,1
th,le,27_03_25,1
ms13,crm,27_03_25,2
ms13,le,27_03_25,2
th,ms13,27_03_25,2
p512,pb,27_03_25,1
p512,kp,27_03_25,1
p512,th,27_03_25,1
p512,kn,27_03_25,1
p512,ms13,27_03_25,2
p512,crm,27_03_25,3
p512,le,27_03_25,3
pb,crm,27_03_25,1
pb,le,27_03_25,1
kp,crm,27_03_25,1
kp,le,27_03_25,1
th,crm,27_03_25,1
th,le,27_03_25,1
kn,crm,27_03_25,1
kn,le,27_03_25,1
ms13,crm,27_03_25,2
ms13,le,27_03_25,2
pb,ms13,27_03_25,2
kp,ms13,27_03_25,2
th,ms13,27_03_25,2
kn,ms13,27_03_25,2
p513,poli,27_03_25,2
p513,sta,27_03_25,2
p513,doge,27_03_25,1
p513,cor,27_03_25,3
p513,ep,27_03_25,3
p513,pa,27_03_25,3
poli,cor,27_03_25,2
sta,cor,27_03_25,2
sta,pa,27_03_25,2
doge,cor,27_03_25,1
doge,ep,27_03_25,1
p514,sp,27_03_25,1
p514,ensr,27_03_25,3
p514,bor,27_03_25,3
p514,crm,27_03_25,3
p514,eco,27_03_25,3
p514,ma,27_03_25,3
p514,rol,27_03_25,3
p514,sec,27_03_25,3
p514,peace,27_03_25,3
sp,ensr,27_03_25,1
sp,bor,27_03_25,1
sp,crm,27_03_25,1
sp,eco,27_03_25,1
sp,ma,27_03_25,1
sp,rol,27_03_25,1
sp,sec,27_03_25,1
sp,peace,27_03_25,1
p515,es,27_03_25,1
p515,mj,27_03_25,1
p515,rp,27_03_25,1
p515,af,27_03_25,3
p515,ta,27_03_25,3
p515,eco,27_03_25,3
p515,bor,27_03_25,3
p515,ep,27_03_25,3
p515,peace,27_03_25,3
es,af,27_03_25,1
es,ta,27_03_25,1
es,eco,27_03_25,1
es,bor,27_03_25,1
es,ep,27_03_25,1
es,peace,27_03_25,1
mj,rp,27_03_25,1
rp,af,27_03_25,1
p516,wash,28_03_25,3
p516,crm,28_03_25,3
p516,le,28_03_25,3
p516,budg,28_03_25,3
wash,crm,28_03_25,2
wash,le,28_03_25,1
p517,mca,28_03_25,1
p517,can,28_03_25,3
p517,usa,28_03_25,3
p517,pm,28_03_25,3
p517,pair,28_03_25,3
mca,pm,28_03_25,1
mca,pair,28_03_25,1
can,pair,28_03_25,1
usa,pair,28_03_25,1
mca,can,28_03_25,1
mca,usa,28_03_25,1
can,usa,28_03_25,1
p518,pw,28_03_25,1
p518,wh,28_03_25,1
p518,jlo,28_03_25,1
p518,js,28_03_25,3
p518,le,28_03_25,3
p518,ma,28_03_25,3
p518,jew,28_03_25,3
pw,js,28_03_25,1
pw,le,28_03_25,1
pw,ma,28_03_25,1
pw,jew,28_03_25,1
jlo,pw,28_03_25,1
wh,pw,28_03_25,1
p519,sac,28_03_25,1
p519,ondcp,28_03_25,1
p519,aogo,28_03_25,3
p519,dr,28_03_25,3
sac,aogo,28_03_25,1
sac,dr,28_03_25,1
ondcp,dr,28_03_25,1
sac,ondcp,28_03_25,1
p520,mbr,28_03_25,1
p520,usg,28_03_25,1
p520,aogo,28_03_25,3
mbr,aogo,28_03_25,1
usg,aogo,28_03_25,1
mbr,usg,28_03_25,1
p521,sen,28_03_25,1
p521,usg,28_03_25,1
p521,aogo,28_03_25,3
p521,af,28_03_25,3
sen,aogo,28_03_25,1
usg,aogo,28_03_25,1
sen,af,28_03_25,1
usg,af,28_03_25,1
p522,rf,29_03_25,1
p522,ensr,29_03_25,3
p522,eco,29_03_25,3
p522,ta,29_03_25,3
p522,bor,29_03_25,3
p522,ma,29_03_25,3
p522,ep,29_03_25,3
p522,sec,29_03_25,3
p522,peace,29_03_25,3
rf,ensr,29_03_25,1
rf,eco,29_03_25,1
rf,ta,29_03_25,1
rf,bor,29_03_25,1
rf,ma,29_03_25,1
rf,ep,29_03_25,1
rf,sec,29_03_25,1
rf,peace,29_03_25,1
p523,jp,29_03_25,1
p523,dp,29_03_25,2
p523,ensr,29_03_25,3
p523,eco,29_03_25,3
p523,ta,29_03_25,3
p523,bor,29_03_25,3
p523,crm,29_03_25,3
p523,ma,29_03_25,3
p523,ep,29_03_25,3
p523,sec,29_03_25,3
jp,ensr,29_03_25,1
jp,eco,29_03_25,1
jp,ta,29_03_25,1
jp,bor,29_03_25,1
jp,crm,29_03_25,1
jp,ma,29_03_25,1
jp,ep,29_03_25,1
jp,sec,29_03_25,1
dp,eco,29_03_25,2
dp,bor,29_03_25,2
dp,crm,29_03_25,2
p524,ast,29_03_25,1
p524,lg,29_03_25,1
p524,gpl,29_03_25,1
p524,tgo,29_03_25,1
p524,usa,29_03_25,1
p524,fin,29_03_25,1
p524,g,29_03_25,3
p524,pair,29_03_25,3
p524,peace,29_03_25,3
ast,pair,29_03_25,1
usa,pair,29_03_25,1
fin,pair,29_03_25,1
ast,usa,29_03_25,1
ast,fin,29_03_25,1
usa,fin,29_03_25,1
lg,g,29_03_25,1
gpl,g,29_03_25,1
tgo,g,29_03_25,1
ast,g,29_03_25,1
p525,jbo,30_03_25,2
p525,jb,30_03_25,2
p525,js,30_03_25,3
p525,crm,30_03_25,3
p525,im,30_03_25,3
p525,bor,30_03_25,3
p525,pa,30_03_25,3
jbo,js,30_03_25,2
jbo,pa,30_03_25,2
jb,im,30_03_25,2
jb,bor,30_03_25,2
jb,crm,30_03_25,2
jb,pa,30_03_25,2
p526,wh,30_03_25,1
p526,nps,30_03_25,1
p526,aj,30_03_25,1
p526,hist,30_03_25,3
p526,en,30_03_25,3
wh,hist,30_03_25,1
nps,hist,30_03_25,1
aj,hist,30_03_25,1
wh,en,30_03_25,1
nps,en,30_03_25,1
aj,wh,30_03_25,1
p527,mwm,30_03_25,1
p527,kw,30_03_25,2
p527,fnm,30_03_25,2
p527,jb,30_03_25,2
p527,mc,30_03_25,3
p527,fk,30_03_25,3
p527,pa,30_03_25,3
mwm,mc,30_03_25,1
kw,mc,30_03_25,2
fnm,mc,30_03_25,2
kw,pa,30_03_25,2
jb,pa,30_03_25,2
p528,bsc,31_03_25,1
p528,scr,31_03_25,2
p528,dp,31_03_25,2
p528,ensr,31_03_25,3
p528,pa,31_03_25,3
bsc,ensr,31_03_25,1
scr,pa,31_03_25,2
dp,scr,31_03_25,2
p529,kw,31_03_25,2
p529,nbc,31_03_25,2
p529,msnbc,31_03_25,2
p529,comc,31_03_25,2
p529,br,31_03_25,2
p529,rus,31_03_25,1
p529,ukr,31_03_25,1
p529,irn,31_03_25,2
p529,hou,31_03_25,2
p529,mc,31_03_25,3
p529,fk,31_03_25,3
p529,pa,31_03_25,3
p529,peace,31_03_25,3
kw,mc,31_03_25,2
nbc,mc,31_03_25,2
msnbc,mc,31_03_25,2
comc,mc,31_03_25,2
br,mc,31_03_25,2
kw,pa,31_03_25,2
br,pa,31_03_25,2
nbc,fk,31_03_25,2
msnbc,fk,31_03_25,2
p530,kst,31_03_25,1
p530,uk,31_03_25,1
p530,le,31_03_25,1
p530,cm,31_03_25,3
p530,pair,31_03_25,3
kst,pair,31_03_25,1
uk,pair,31_03_25,1
kst,uk,31_03_25,1
le,cm,31_03_25,1
p531,kro,31_03_25,1
p531,bma,31_03_25,2
p531,dw,31_03_25,1
p531,dp,31_03_25,2
p531,wh,31_03_25,1
p531,pa,31_03_25,3
p531,pm,31_03_25,3
kro,pm,31_03_25,1
bma,pm,31_03_25,1
dw,pm,31_03_25,1
wh,pm,31_03_25,1
bma,pa,31_03_25,2
dp,pa,31_03_25,2
kro,bma,31_03_25,1
dw,bma,31_03_25,1
p532,usa,31_03_25,1
p532,eco,31_03_25,3
usa,eco,31_03_25,1
p533,jb,31_03_25,2
p533,fnm,31_03_25,2
p533,eco,31_03_25,3
p533,mc,31_03_25,3
p533,fk,31_03_25,3
p533,pa,31_03_25,3
jb,eco,31_03_25,2
jb,pa,31_03_25,2
p534,nbu,31_03_25,1
p534,els,31_03_25,1
p534,jb,31_03_25,2
p534,crm,31_03_25,3
p534,im,31_03_25,3
p534,bor,31_03_25,3
nbu,crm,31_03_25,1
els,crm,31_03_25,1
jb,im,31_03_25,2
jb,bor,31_03_25,2
nbu,els,31_03_25,1
p535,hou,31_03_25,2
p535,irn,31_03_25,2
p535,usa,31_03_25,1
p535,war,31_03_25,3
p535,nas,31_03_25,3
p535,pair,31_03_25,3
hou,war,31_03_25,2
irn,war,31_03_25,2
usa,war,31_03_25,1
hou,nas,31_03_25,2
irn,nas,31_03_25,2
usa,nas,31_03_25,1
hou,irn,31_03_25,1
p536,rf,01_04_25,1
p536,ensr,01_04_25,3
p536,eco,01_04_25,3
p536,ta,01_04_25,3
p536,bor,01_04_25,3
p536,ma,01_04_25,3
p536,ep,01_04_25,3
p536,sec,01_04_25,3
p536,peace,01_04_25,3
rf,ensr,01_04_25,1
rf,eco,01_04_25,1
rf,ta,01_04_25,1
rf,bor,01_04_25,1
rf,ma,01_04_25,1
rf,ep,01_04_25,1
rf,sec,01_04_25,1
rf,peace,01_04_25,1
p537,jp,01_04_25,1
p537,dp,01_04_25,2
p537,ensr,01_04_25,3
p537,eco,01_04_25,3
p537,ta,01_04_25,3
p537,bor,01_04_25,3
p537,crm,01_04_25,3
p537,ma,01_04_25,3
p537,ep,01_04_25,3
p537,sec,01_04_25,3
jp,ensr,01_04_25,1
jp,eco,01_04_25,1
jp,ta,01_04_25,1
jp,bor,01_04_25,1
jp,crm,01_04_25,1
jp,ma,01_04_25,1
jp,ep,01_04_25,1
jp,sec,01_04_25,1
dp,eco,01_04_25,2
dp,bor,01_04_25,2
dp,crm,01_04_25,2
p538,aes,01_04_25,1
p538,egy,01_04_25,1
p538,hou,01_04_25,2
p538,yem,01_04_25,2
p538,gaz,01_04_25,2
p538,usa,01_04_25,1
p538,war,01_04_25,3
p538,pair,01_04_25,3
p538,ma,01_04_25,3
aes,pair,01_04_25,1
egy,pair,01_04_25,1
aes,egy,01_04_25,1
usa,pair,01_04_25,1
hou,war,01_04_25,2
usa,war,01_04_25,1
hou,ma,01_04_25,2
usa,ma,01_04_25,1
p539,tka,01_04_25,2
p539,dp,01_04_25,2
p539,rp,01_04_25,1
p539,can,01_04_25,2
p539,fy,01_04_25,3
p539,t,01_04_25,3
p539,pa,01_04_25,3
tka,fy,01_04_25,2
can,fy,01_04_25,2
dp,fy,01_04_25,2
rp,fy,01_04_25,1
tka,pa,01_04_25,2
dp,pa,01_04_25,2
p540,npr,01_04_25,2
p540,pbs,01_04_25,2
p540,rp,01_04_25,1
p540,mc,01_04_25,3
p540,fk,01_04_25,3
p540,pa,01_04_25,3
npr,mc,01_04_25,2
pbs,mc,01_04_25,2
npr,fk,01_04_25,2
pbs,fk,01_04_25,2
rp,mc,01_04_25,1
npr,pa,01_04_25,2
pds,pa,01_04_25,2
p541,wfg,01_04_25,1
p541,dt,01_04_25,1
p541,tmc,01_04_25,1
p541,js,01_04_25,3
p541,le,01_04_25,3
p541,ma,01_04_25,3
p541,jew,01_04_25,3
wfg,js,01_04_25,1
wfg,le,01_04_25,1
wfg,ma,01_04_25,1
wfg,jew,01_04_25,1
tmc,wfg,01_04_25,1
dt,wfg,01_04_25,1
p542,em,02_04_25,1
p542,jud,02_04_25,2
p542,js,02_04_25,3
p542,pa,02_04_25,3
em,js,02_04_25,1
jud,js,02_04_25,2
em,jud,02_04_25,1
jud,pa,02_04_25,2
p543,rf,02_04_25,1
p543,ensr,02_04_25,3
rf,ensr,02_04_25,1
p544,rf,02_04_25,1
p544,ensr,02_04_25,3
rf,ensr,02_04_25,1
p545,jp,02_04_25,1
p545,ensr,02_04_25,3
jp,ensr,02_04_25,1
p546,rp,02_04_25,1
p546,dp,02_04_25,2
p546,ensr,02_04_25,3
p546,pa,02_04_25,3
rp,ensr,02_04_25,1
dp,pa,02_04_25,2
p547,dp,02_04_25,2
p547,rp,02_04_25,1
p547,wis,02_04_25,1
p547,ef,02_04_25,3
dp,ef,02_04_25,2
rp,ef,02_04_25,1
p548,mmc,02_04_25,2
p548,sco,02_04_25,2
p548,lmu,02_04_25,2
p548,rpa,02_04_25,2
p548,jth,02_04_25,1
p548,rp,02_04_25,1
p548,dp,02_04_25,2
p548,can,02_04_25,2
p548,fy,02_04_25,3
p548,t,02_04_25,3
p548,pa,02_04_25,3
mmc,fy,02_04_25,2
sco,fy,02_04_25,2
lmu,fy,02_04_25,2
rpa,fy,02_04_25,2
can,fy,02_04_25,2
dp,fy,02_04_25,2
rp,fy,02_04_25,1
mmc,pa,02_04_25,2
sco,pa,02_04_25,2
lmu,pa,02_04_25,2
rpa,pa,02_04_25,2
dp,pa,02_04_25,2
jth,rp,02_04_25,1
p549,mj,02_04_25,1
p549,jth,02_04_25,1
p549,rp,02_04_25,1
p549,ta,02_04_25,3
p549,budg,02_04_25,3
p549,ep,02_04_25,3
p549,ma,02_04_25,3
p549,bor,02_04_25,3
mj,ta,02_04_25,1
mj,budg,02_04_25,1
mj,ep,02_04_25,1
jth,ta,02_04_25,1
jth,budg,02_04_25,1
jth,ep,02_04_25,1
rp,ta,02_04_25,1
rp,budg,02_04_25,1
rp,ep,02_04_25,1
rp,bor,02_04_25,1
rp,ma,02_04_25,1
p550,eco,03_04_25,3
p552,tla,04_04_25,1
p552,vie,04_04_25,3
p552,usa,04_04_25,3
p552,t,04_04_25,3
p552,pair,04_04_25,3
tla,pair,04_04_25,1
usa,pair,04_04_25,1
vie,pair,04_04_25,1
tla,usa,04_04_25,1
tla,vie,04_04_25,1
usa,vie,04_04_25,1
tla,t,04_04_25,1
vie,t,04_04_25,1
p553,jpo,04_04_25,2
p553,eco,04_04_25,3
p553,if,04_04_25,3
p553,pa,04_04_25,3
jpo,eco,04_04_25,2
jpo,if,04_04_25,2
jpo,pa,04_04_25,2
p554,chn,04_04_25,2
p554,usa,04_04_25,1
p554,t,04_04_25,3
p554,eco,04_04_25,3
p554,nas,04_04_25,3
chn,t,04_04_25,2
usa,t,04_04_25,1
tt,eco,04_04_25,1
usa,eco,04_04_25,1
chn,nas,04_04_25,2
usa,nas,04_04_25,1
tt,chn,04_04_25,1
tt,usa,04_04_25,1
chn,usa,04_04_25,2
p555,hou,04_04_25,2
p555,usa,04_04_25,3
p555,war,04_04_25,3
p555,nas,04_04_25,3
hou,war,04_04_25,2
usa,war,04_04_25,1
hou,nas,04_04_25,2
usa,nas,04_04_25,1
hou,usa,04_04_25,2
p556,eco,05_04_25,3
p556,t,05_04_25,3
p557,chn,05_04_25,2
p557,usa,05_04_25,1
p557,eco,05_04_25,3
p557,t,05_04_25,3
p557,af,05_04_25,3
chn,eco,05_04_25,2
usa,eco,05_04_25,1
chn,t,05_04_25,2
usa,t,05_04_25,1
usa,af,05_04_25,1
p558,ml,05_04_25,1
p558,ltr,05_04_25,1
p558,fn,05_04_25,1
p558,chn,05_04_25,2
p558,tva,05_04_25,3
p558,t,05_04_25,3
ml,tva,05_04_25,1
ltr,tva,05_04_25,1
fn,tva,05_04_25,1
chn,t,05_04_25,2
ml,chn,05_04_25,1
p559,chn,07_04_25,3
p559,eu,07_04_25,2
p559,usa,07_04_25,3
p559,jb,07_04_25,2
p559,t,07_04_25,3
p559,eco,07_04_25,3
p559,pa,07_04_25,3
chn,t,07_04_25,2
eu,t,07_04_25,2
usa,t,07_04_25,1
chn,eco,07_04_25,2
eu,eco,07_04_25,2
usa,eco,07_04_25,1
jb,pa,07_04_25,2
p560,chn,07_04_25,2
p560,usa,07_04_25,1
p560,fed,07_04_25,2
p560,t,07_04_25,3
p560,eco,07_04_25,3
p560,if,07_04_25,3
p560,pa,07_04_25,3
chn,t,07_04_25,2
usa,t,07_04_25,1
chn,eco,07_04_25,2
usa,eco,07_04_25,1
fed,if,07_04_25,2
fed,pa,07_04_25,2
p561,usa,07_04_25,3
p561,pa,07_04_25,3
p561,af,07_04_25,3
p562,jpn,07_04_25,1
p562,chn,07_04_25,2
p562,usa,07_04_25,1
p562,t,07_04_25,3
p562,eco,07_04_25,3
p562,pair,07_04_25,3
jpn,pair,07_04_25,1
usa,pair,07_04_25,1
jpn,usa,07_04_25,1
chn,t,07_04_25,2
usa,t,07_04_25,1
jpn,eco,07_04_25,1
usa,eco,07_04_25,1
chn,eco,07_04_25,2
p563,lad,07_04_25,1
p563,base,07_04_25,3
lad,base,07_04_25,1
p564,chn,07_04_25,2
p564,usa,07_04_25,1
p564,t,07_04_25,3
p564,eco,07_04_25,3
p564,pair,07_04_25,3
chn,t,07_04_25,2
usa,t,07_04_25,1
chn,eco,07_04_25,2
usa,eco,07_04_25,1
usa,pair,07_04_25,1
chn,pair,07_04_25,2
chn,usa,07_04_25,2
p565,jth,08_04_25,1
p565,mj,08_04_25,1
p565,sen,08_04_25,1
p565,usa,08_04_25,1
p565,budg,08_04_25,3
p565,ta,08_04_25,3
p565,bor,08_04_25,3
p565,eco,08_04_25,3
jth,budg,08_04_25,1
mj,budg,08_04_25,1
sen,budg,08_04_25,1
usa,eco,08_04_25,1
jth,ta,08_04_25,1
mj,ta,08_04_25,1
sen,ta,08_04_25,1
sen,bor,08_04_25,1
p566,ussc,08_04_25,1
p566,usa,08_04_25,3
p566,js,08_04_25,3
p566,bor,08_04_25,3
ussc,js,08_04_25,1
usa,bor,08_04_25,1
p567,skor,08_04_25,3
p567,chn,08_04_25,3
p567,usa,08_04_25,3
p567,jb,08_04_25,2
p567,t,08_04_25,3
p567,eco,08_04_25,3
p567,ma,08_04_25,3
p567,pair,08_04_25,3
p567,ep,08_04_25,3
kor,pair,08_04_25,1
usa,pair,08_04_25,1
skor,usa,08_04_25,1
chn,t,08_04_25,2
usa,t,08_04_25,1
kor,eco,08_04_25,1
usa,eco,08_04_25,1
skor,ma,08_04_25,1
usa,ma,08_04_25,1
jb,pa,08_04_25,2
p568,mj,09_04_25,1
p568,rp,09_04_25,1
p568,budg,09_04_25,3
p568,eco,09_04_25,3
mj,budg,09_04_25,1
rp,budg,09_04_25,1
mj,eco,09_04_25,1
rp,eco,09_04_25,1
p569,tda,09_04_25,2
p569,ms13,09_04_25,2
p569,mcart,09_04_25,2
p569,ussc,09_04_25,1
p569,usa,09_04_25,1
p569,crm,09_04_25,3
p569,im,09_04_25,3
p569,js,09_04_25,3
p569,nas,09_04_25,3
tda,crm,09_04_25,2
ms13,crm,09_04_25,2
mcart,crm,09_04_25,2
tda,nas,09_04_25,2
ms13,nas,09_04_25,2
mcart,nas,09_04_25,2
ussc,js,09_04_25,1
usa,im,09_04_25,1
usa,nas,09_04_25,1
tda,usa,09_04_25,2
ms13,usa,09_04_25,2
mcart,usa,09_04_25,2
p570,app,09_04_25,1
p570,usa,09_04_25,1
p570,t,09_04_25,3
p570,ep,09_04_25,3
p570,env,09_04_25,3
app,usa,09_04_25,1
app,t,09_04_25,1
app,ep,09_04_25,1
app,env,09_04_25,1
usa,t,09_04_25,1
usa,ep,09_04_25,1
usa,env,09_04_25,1
p571,maga,09_04_25,3
p572,rp,09_04_25,1
p572,usa,09_04_25,1
p572,bbb,09_04_25,3
rp,bbb,09_04_25,1
rp,usa,09_04_25,1
usa,bbb,09_04_25,1
p573,rp,09_04_25,1
p573,hor,09_04_25,1
p573,ta,09_04_25,3
rp,hor,09_04_25,1
rp,ta,09_04_25,1
hor,ta,09_04_25,1
p574,usa,09_04_25,3
p574,pat,09_04_25,3
usa,pat,09_04_25,1
p575,jh,09_04_25,1
p575,usa,09_04_25,3
p575,ensr,09_04_25,3
p575,sec,09_04_25,3
p575,bor,09_04_25,3
p575,cr,09_04_25,3
p575,ma,09_04_25,3
p575,af,09_04_25,3
jh,ensr,09_04_25,1
jh,sec,09_04_25,1
jh,bor,09_04_25,1
jh,cr,09_04_25,1
jh,ma,09_04_25,1
jh,af,09_04_25,1
jh,usa,09_04_25,1
usa,af,09_04_25,1
usa,bor,09_04_25,1
usa,ma,09_04_25,1
p576,chn,09_04_25,3
p576,usa,09_04_25,3
p576,usdoc,09_04_25,1
p576,usdot,09_04_25,1
p576,ustr,09_04_25,1
p576,t,09_04_25,3
p576,eco,09_04_25,3
usa,chn,09_04_25,2
usa,usdoc,09_04_25,1
usa,usdot,09_04_25,1
usa,ustr,09_04_25,1
chn,t,09_04_25,2
chn,eco,09_04_25,2
usa,t,09_04_25,1
usa,eco,09_04_25,1
usdoc,t,09_04_25,1
usdot,t,09_04_25,1
ustr,t,09_04_25,1
p577,jb,09_04_25,2
p577,usa,09_04_25,3
p577,ep,09_04_25,3
p577,eco,09_04_25,3
jb,ep,09_04_25,2
usa,ep,09_04_25,1
usa,eco,09_04_25,1
p578,ndsu,09_04_25,1
p578,wh,09_04_25,1
p578,fball,09_04_25,3
ndsu,fball,09_04_25,1
wh,fball,09_04_25,1
ndsu,wh,09_04_25,1
p579,rp,10_04_25,1
p579,usa,10_04_25,3
p579,bbb,10_04_25,3
p579,ta,10_04_25,3
rp,bbb,10_04_25,1
rp,ta,10_04_25,1
rp,usa,10_04_25,1
usa,bbb,10_04_25,1
usa,ta,10_04_25,1
p580,usa,10_04_25,3
p580,im,10_04_25,3
p580,cr,10_04_25,3
usa,im,10_04_25,1
usa,cr,10_04_25,2
p581,usa,10_04_25,3
p581,if,10_04_25,3
usa,if,10_04_25,1
p582,hor,10_04_25,1
p582,usa,10_04_25,1
p582,ta,10_04_25,3
p582,af,10_04_25,3
hor,ta,10_04_25,1
hor,usa,10_04_25,1
usa,ta,10_04_25,1
usa,af,10_04_25,1
p583,jth,10_04_25,1
p583,rp,10_04_25,1
p583,dp,10_04_25,2
p583,usa,10_04_25,1
p583,nas,10_04_25,3
p583,aogo,10_04_25,3
jth,rp,10_04_25,1
jth,dp,10_04_25,2
rp,dp,10_04_25,2
rp,nas,10_04_25,1
rp,aogo,10_04_25,1
dp,nas,10_04_25,2
usa,nas,10_04_25,1
usa,aogo,10_04_25,1
p584,dpxt,10_04_25,1
p584,usa,10_04_25,3
p584,ensr,10_04_25,3
p584,bor,10_04_25,3
p584,cm,10_04_25,3
p584,eco,10_04_25,3
p584,ta,10_04_25,3
p584,sch,10_04_25,3
p584,ma,10_04_25,3
p584,ep,10_04_25,3
p584,sec,10_04_25,3
dpxt,ensr,10_04_25,1
dpxt,bor,10_04_25,1
dpxt,cm,10_04_25,1
dpxt,eco,10_04_25,1
dpxt,ta,10_04_25,1
dpxt,sch,10_04_25,1
dpxt,ma,10_04_25,1
dpxt,ep,10_04_25,1
dpxt,sec,10_04_25,1
dpxt,usa,10_04_25,1
usa,bor,10_04_25,1
usa,eco,10_04_25,1
usa,ta,10_04_25,1
usa,ma,10_04_25,1
usa,ep,10_04_25,1
usa,sec,10_04_25,1
p585,prk,10_04_25,1
p585,dos,10_04_25,2
p585,usa,10_04_25,1
p585,ensr,10_04_25,3
p585,bor,10_04_25,3
p585,cm,10_04_25,3
p585,im,10_04_25,3
p585,ta,10_04_25,3
p585,eco,10_04_25,3
p585,ma,10_04_25,3
p585,le,10_04_25,3
p585,sec,10_04_25,3
prk,ensr,10_04_25,1
prk,bor,10_04_25,1
prk,cm,10_04_25,1
prk,im,10_04_25,1
prk,ta,10_04_25,1
prk,eco,10_04_25,1
prk,ma,10_04_25,1
prk,le,10_04_25,1
prk,sec,10_04_25,1
dos,bor,10_04_25,2
dos,im,10_04_25,2
dos,cm,10_04_25,2
prk,dos,10_04_25,2
prk,usa,10_04_25,1
usa,bor,10_04_25,1
usa,eco,10_04_25,1
usa,ta,10_04_25,1
usa,ma,10_04_25,1
usa,le,10_04_25,1
usa,sec,10_04_25,1
p586,yk,11_03_25,1
p586,usg,11_03_25,1
p586,aogo,11_03_25,3
p586,jew,11_03_25,3
yk,aogo,11_03_25,1
yk,jew,11_03_25,1
yk,usg,11_03_25,1
usg,jew,11_03_25,1
usg,aogo,11_03_25,1
p587,mwk,11_03_25,1
p587,usg,11_03_25,1
p587,northc,11_03_25,1
p587,aogo,11_03_25,3
p587,rf,11_03_25,3
mwk,aogo,11_03_25,1
mwk,rf,11_03_25,1
mwk,northc,11_03_25,1
mwk,usg,11_03_25,1
usg,rf,11_03_25,1
usg,aogo,11_03_25,1
northc,usa,11_03_25,1
p588,wbm,11_03_25,1
p588,usg,11_03_25,1
p588,aogo,11_03_25,3
p588,js,11_03_25,3
wbm,aogo,11_03_25,1
wbm,js,11_03_25,1
wbm,usg,11_03_25,1
usg,js,11_03_25,1
usg,aogo,11_03_25,1
p589,mex,11_04_25,3
p589,tx,11_04_25,3
p589,tcr,11_04_25,1
p589,jb,11_04_25,2
p589,bro,11_04_25,1
p589,usa,11_04_25,3
p589,wafl,11_04_25,3
p589,t,11_04_25,3
p589,eco,11_04_25,3
mex,tx,11_04_25,2
mex,wafl,11_04_25,2
mex,t,11_04_25,2
tcr,tx,11_04_25,1
tcr,wafl,11_04_25,1
bro,tx,11_04_25,1
bro,eco,11_04_25,1
jb,tx,11_04_25,2
usa,tx,11_04_25,1
usa,t,11_04_25,1
usa,eco,11_04_25,1
usa,wafl,11_04_25,1
p590,sd,11_04_25,1
p590,usa,11_04_25,3
p590,av,11_04_25,3
p590,emerg,11_04_25,3
sd,av,11_04_25,1
sd,emerg,11_04_25,1
sd,usa,11_04_25,1
usa,av,11_04_25,1
usa,emerg,11_04_25,1
p591,usa,11_04_25,3
p591,t,11_04_25,3
usa,t,11_04_25,1
p592,rus,11_04_25,3
p592,war,11_04_25,3
p592,peace,11_04_25,3
rus,war,11_04_25,2
rus,peace,11_04_25,2
p593,hor,11_04_25,1
p593,sen,11_04_25,1
p593,usa,11_04_25,1
p593,dom,11_04_25,3
hor,sen,11_04_25,1
hor,dom,11_04_25,1
sen,dom,11_04_25,1
usa,dom,11_04_25,1
hor,usa,11_04_25,1
sen,usa,11_04_25,1
p594,wh,11_04_25,1
p594,cwt,11_04_25,1
p594,pq,11_04_25,1
p594,usa,11_04_25,3
p594,js,11_04_25,3
p594,rol,11_04_25,3
cwt,pq,11_04_25,1
cwt,js,11_04_25,1
pq,js,11_04_25,1
wh,js,11_04_25,1
usa,js,11_04_25,1
usa,rol,11_04_25,1
p595,wh,11_04_25,1
p595,cwt,11_04_25,1
p595,usa,11_04_25,3
p595,js,11_04_25,3
p595,rol,11_04_25,3
p595,jew,11_04_25,3
p595,le,11_04_25,3
p595,ma,11_04_25,3
cwt,js,11_04_25,1
cwt,rol,11_04_25,1
cwt,jew,11_04_25,1
cwt,le,11_04_25,1
cwt,ma,11_04_25,1
wh,js,11_04_25,1
wh,rol,11_04_25,1
usa,js,11_04_25,1
usa,rol,11_04_25,1
p598,dm,12_04_25,1
p598,ham,12_04_25,3
p598,isr,12_04_25,3
p598,usa,12_04_25,3
p598,war,12_04_25,3
p598,boo,12_04_25,3
dm,boo,12_04_25,1
dm,isr,12_04_25,1
ham,war,12_04_25,2
ham,isr,12_04_25,2
isr,war,12_04_25,1
usa,isr,12_04_25,1
usa,war,12_04_25,1
p599,sa,12_04_25,2
p599,g20,12_04_25,3
p599,usa,12_04_25,1
p599,pm,12_04_25,3
p599,war,12_04_25,3
p599,mc,12_04_25,3
sa,war,12_04_25,2
sa,pm,12_04_25,2
usa,sa,12_04_25,2
usa,pm,12_04_25,1
g20,pm,12_04_25,3
mc,sa,12_04_25,2
p600,nbu,13_04_25,1
p600,els,13_04_25,3
p600,usa,13_04_25,3
p600,nas,13_04_25,3
p600,im,13_04_25,3
p600,cm,13_04_25,3
nbu,els,13_04_25,1
nbu,nas,13_04_25,1
nbu,im,13_04_25,1
els,im,13_04_25,1
els,cm,13_04_25,1
usa,nas,13_04_25,1
usa,im,13_04_25,1
usa,cm,13_04_25,1
p601,chn,13_04_25,3
p601,usa,13_04_25,3
p601,hor,13_04_25,1
p601,sen,13_04_25,1
p601,t,13_04_25,3
p601,fy,13_04_25,3
p601,nas,13_04_25,3
p601,eco,13_04_25,3
p601,mc,13_04_25,3
p601,fk,13_04_25,3
p601,af,13_04_25,3
chn,t,13_04_25,2
chn,fy,13_04_25,2
chn,nas,13_04_25,2
usa,t,13_04_25,1
usa,eco,13_04_25,1
usa,nas,13_04_25,1
usa,af,13_04_25,1
hor,ta,13_04_25,1
sen,ta,13_04_25,1
hor,sen,13_04_25,1
usa,chn,13_04_25,2
usa,mc,13_04_25,1
fk,mc,13_04_25,1
p602,jb,13_04_25,2
p602,isis,13_04_25,2
p602,hou,13_04_25,2
p602,som,13_04_25,1
p602,dc,13_04_25,1
p602,usa,13_04_25,3
p602,war,13_04_25,3
p602,nas,13_04_25,3
p602,ma,13_04_25,3
isis,war,13_04_25,2
hou,war,13_04_25,2
usa,war,13_04_25,1
usa,nas,13_04_25,1
dc,ma,13_04_25,1
jb,ma,13_04_25,2
som,war,13_04_25,1
usa,som,13_04_25,1
p603,usa,14_04_25,3
p603,rb,14_04_25,3
usa,rb,14_04_25,1
p604,smin,14_04_25,2
p604,cbs,14_04_25,2
p604,kh,14_04_25,2
p604,mc,14_04_25,3
p604,fk,14_04_25,3
smin,mc,14_04_25,2
cbs,mc,14_04_25,2
cbs,fk,14_04_25,2
smin,cbs,14_04_25,1
kh,mc,14_04_25,2
kh,fk,14_04_25,2
p605,smin,14_04_25,2
p605,cbs,14_04_25,2
p605,comc,14_04_25,2
p605,fcc,14_04_25,1
p605,bc,14_04_25,1
p605,kh,14_04_25,2
p605,mc,14_04_25,3
p605,fk,14_04_25,3
p605,war,14_04_25,3
p605,af,14_04_25,3
p605,ukr,14_04_25,3
p605,grl,14_04_25,3
smin,cbs,14_04_25,1
cbs,comc,14_04_25,1
cbs,mc,14_04_25,2
cbs,fk,14_04_25,2
smin,mc,14_04_25,2
kh,fk,14_04_25,2
kh,mc,14_04_25,2
bc,fcc,14_04_25,1
p607,lj,14_04_25,2
p607,ny,14_04_25,3
p607,cor,14_04_25,3
p607,pa,14_04_25,3
lj,cor,14_04_25,2
lj,pa,14_04_25,2
ny,cor,14_04_25,2
p606,nbu,14_04_25,1
p606,wh,14_04_25,1
p606,pm,14_04_25,3
nbu,wh,14_04_25,1
nbu,pm,14_04_25,1
wh,pm,14_04_25,1
p608,dn,14_04_25,1
p608,ensr,14_04_25,3
p608,col,14_04_25,3
dn,ensr,14_04_25,1
dn,col,14_04_25,1
p609,vp,14_04_25,3
p609,vz,14_04_25,2
p609,jb,14_04_25,2
p609,rus,14_04_25,3
p609,ukr,14_04_25,3
p609,war,14_04_25,3
vp,rus,14_04_25,3
vz,ukr,14_04_25,2
jb,war,14_04_25,2
vp,war,14_04_25,3
vz,war,14_04_25,2
p610,rmc,14_04_25,1
p610,g,14_04_25,3
rmc,g,14_04_25,1
p611,kc,14_04_25,1
p611,art,14_04_25,3
kc,art,14_04_25,1
p612,rmor,15_04_25,1
p612,jb,15_04_25,2
p612,ms13,15_04_25,2
p612,cm,15_04_25,3
p612,im,15_04_25,3
p612,fk,15_04_25,3
p612,pa,15_04_25,3
rmor,cm,15_04_25,1
jb,im,15_04_25,2
jb,pa,15_04_25,2
ms13,cm,15_04_25,2
ms13,im,15_04_25,2
p613,nbc,15_04_25,3
p613,maga,15_04_25,1
p613,ec,15_04_25,3
nbc,ec,15_04_25,3
maga,ec,15_04_25,1
p614,nvda,15_04_25,1
p614,usa,15_04_25,3
p614,ai,15_04_25,3
p614,ec,15_04_25,3
nvda,ai,15_04_25,1
nvda,ec,15_04_25,1
usa,ai,15_04_25,1
usa,ec,15_04_25,1
p615,im,15_04_25,3
p615,bor,15_04_25,3
p616,harv,15_04_25,2
p616,edu,15_04_25,3
p616,t,15_04_25,3
p616,pa,15_04_25,3
harv,edu,15_04_25,2
harv,t,15_04_25,2
harv,pa,15_04_25,2
p617,chn,15_04_25,2
p617,jb,15_04_25,2
p617,boe,15_04_25,3
p617,t,15_04_25,3
p617,ec,15_04_25,3
p617,fa,15_04_25,3
chn,t,15_04_25,2
chn,ec,15_04_25,2
jb,t,15_04_25,2
jb,ec,15_04_25,2
boe,t,15_04_25,3
p618,msnbc,16_04_25,2
p618,cnn,16_04_25,2
p618,comc,16_04_25,2
p618,nbc,16_04_25,2
p618,br,16_04_25,2
p618,mc,16_04_25,3
p618,fk,16_04_25,3
p618,pa,16_04_25,3
msnbc,mc,16_04_25,2
cnn,mc,16_04_25,2
nbc,mc,16_04_25,2
msnbc,fk,16_04_25,2
cnn,fk,16_04_25,2
br,pa,16_04_25,2
comc,mc,16_04_25,2
p619,usa,16_04_25,3
p619,t,16_04_25,3
p619,ec,16_04_25,3
p619,inf,16_04_25,3
usa,t,16_04_25,1
usa,ec,16_04_25,1
usa,inf,16_04_25,1
p620,jpn,16_04_25,3
p620,usa,16_04_25,3
p620,t,16_04_25,3
p620,ec,16_04_25,3
p620,pair,16_04_25,3
jpn,t,16_04_25,1
jpn,ec,16_04_25,1
usa,t,16_04_25,1
usa,ec,16_04_25,1
usa,pair,16_04_25,1
p621,harv,16_04_25,2
p621,bdb,16_04_25,2
p621,lrl,16_04_25,2
p621,edu,16_04_25,3
p621,pa,16_04_25,3
harv,edu,16_04_25,2
bdb,edu,16_04_25,2
lrl,edu,16_04_25,2
bdb,pa,16_04_25,2
lrl,pa,16_04_25,2
p622,maga,16_04_25,3
p623,jb,16_04_25,2
p623,im,16_04_25,3
p623,cm,16_04_25,3
p623,obp,16_04_25,3
p623,pa,16_04_25,3
p623,af,16_04_25,3
jb,im,16_04_25,2
jb,cm,16_04_25,2
jb,obp,16_04_25,2
jb,pa,16_04_25,2
p624,es,16_04_25,1
p624,ensr,16_04_25,3
es,ensr,16_04_25,1
p625,jpn,16_04_25,1
p625,t,16_04_25,3
p625,pm,16_04_25,3
jpn,t,16_04_25,1
jpn,pm,16_04_25,1
p626,jb,16_04_25,2
p626,im,16_04_25,3
p626,obp,16_04_25,3
p626,js,16_04_25,3
p626,pa,16_04_25,3
jb,im,16_04_25,2
jb,obp,16_04_25,2
jb,pa,16_04_25,2
p627,jb,16_04_25,2
p627,im,16_04_25,3
p627,obp,16_04_25,3
p627,js,16_04_25,3
p627,pa,16_04_25,3
jb,im,16_04_25,2
jb,obp,16_04_25,2
jb,pa,16_04_25,2
p628,jcl,17_04_25,1
p628,aogo,17_04_25,3
p628,usg,17_04_25,1
jcl,aogo,17_04_25,1
jcl,usg,17_04_25,1
usg,aogo,17_04_25,1
p629,jpw,17_04_25,2
p629,fed,17_04_25,2
p629,ecb,17_04_25,3
p629,usa,17_04_25,1
p629,ir,17_04_25,3
p629,ec,17_04_25,3
p629,t,17_04_25,3
p629,pa,17_04_25,3
jpw,ir,17_04_25,2
jpw,pa,17_04_25,2
fed,ir,17_04_25,2
fed,ec,17_04_25,2
ecb,ir,17_04_25,3
usa,ec,17_04_25,1
usa,t,17_04_25,1
p631,mex,17_04_25,3
p631,jpn,17_04_25,3
p631,chn,17_04_25,3
p631,ita,17_04_25,3
p631,pm,17_04_25,3
p631,t,17_04_25,3
mex,pm,17_04_25,1
jpn,pm,17_04_25,1
ita,pm,17_04_25,1
chn,t,17_04_25,3
jpn,t,17_04_25,1
mex,t,17_04_25,1
p632,gab,17_04_25,1
p632,dpxt,17_04_25,1
p632,dub,17_04_25,1
p632,tx,17_04_25,1
p632,usa,17_04_25,1
p632,edu,17_04_25,3
p632,sch,17_04_25,3
p632,ensr,17_04_25,3
p632,af,17_04_25,3
gab,edu,17_04_25,1
dpxt,edu,17_04_25,1
dub,edu,17_04_25,1
tx,edu,17_04_25,1
usa,edu,17_04_25,1
gab,ensr,17_04_25,1
dpxt,ensr,17_04_25,1
dub,ensr,17_04_25,1
p633,gm,17_04_25,1
p633,wh,17_04_25,1
p633,pm,17_04_25,3
gm,pm,17_04_25,1
wh,pm,17_04_25,1
gm,wh,17_04_25,1
p634,cvh,18_04_25,2
p634,pa,18_04_25,3
p634,mc,18_04_25,3
cvh,pa,18_04_25,2
cvh,mc,18_04_25,2
p635,gm,18_04_25,1
p635,ita,18_04_25,1
p635,wh,18_04_25,1
p635,pm,18_04_25,3
gm,pm,18_04_25,1
ita,gm,18_04_25,1
wh,pm,18_04_25,1
gm,wh,18_04_25,1
p636,opm,18_04_25,1
p636,aogo,18_04_25,3
p636,cor,18_04_25,3
opm,aogo,18_04_25,1
opm,cor,18_04_25,2
p637,ms13,19_04_25,2
p637,dp,19_04_25,2
p637,im,19_04_25,3
p637,cm,19_04_25,3
p637,pa,19_04_25,3
p637,af,19_04_25,3
ms13,cm,19_04_25,2
ms13,im,19_04_25,2
dp,im,19_04_25,2
dp,pa,19_04_25,2
p638,cor,20_04_25,3
p638,pa,20_04_25,3
p639,mt,20_04_25,1
p639,rb,20_04_25,3
mt,rb,20_04_25,1
p640,mt,20_04_25,1
p640,dp,20_04_25,2
p640,jb,20_04_25,2
p640,ms13,20_04_25,2
p640,m,20_04_25,2
p640,rb,20_04_25,3
p640,im,20_04_25,3
p640,bor,20_04_25,3
p640,crm,20_04_25,3
p640,pa,20_04_25,3
p640,ef,20_04_25,3
mt,rb,20_04_25,1
dp,im,20_04_25,2
dp,pa,20_04_25,2
jb,im,20_04_25,2
jb,bor,20_04_25,2
jb,pa,20_04_25,2
ms13,crm,20_04_25,2
ms13,im,20_04_25,2
m,im,20_04_25,2
m,crm,20_04_25,2
jb,dp,20_04_25,2
p641,rb,20_04_25,3
p642,rb,20_04_25,3
p643,t,20_04_25,3
p643,eco,20_04_25,3
p643,pa,20_04_25,3
p644,eco,20_04_25,3
p645,rus,20_04_25,3
p645,ukr,20_04_25,3
p645,usa,20_04_25,1
p645,war,20_04_25,3
p645,peace,20_04_25,3
p645,eco,20_04_25,3
rus,war,20_04_25,3
ukr,war,20_04_25,3
rus,peace,20_04_25,1
ukr,peace,20_04_25,1
usa,eco,20_04_25,1
rus,eco,20_04_25,1
ukr,eco,20_04_25,1
rus,ukr,20_04_25,3
p646,wh,20_04_25,1
p646,whha,20_04_25,1
p646,rb,20_04_25,3
p646,pat,20_04_25,3
wh,pat,20_04_25,1
whha,pat,20_04_25,1
wh,whha,20_04_25,1
p647,dp,20_04_25,2
p647,fnm,20_04_25,2
p647,ms13,20_04_25,2
p647,nyc,20_04_25,3
p647,m,20_04_25,2
p647,im,20_04_25,3
p647,bor,20_04_25,3
p647,cm,20_04_25,3
p647,pa,20_04_25,3
p647,mc,20_04_25,3
p647,js,20_04_25,3
dp,pa,20_04_25,2
dp,im,20_04_25,2
fnm,pa,20_04_25,2
ms13,cm,20_04_25,2
ms13,im,20_04_25,2
nyc,js,20_04_25,3
m,im,20_04_25,2
m,cm,20_04_25,2
dp,fnm,20_04_25,2
ms13,m,20_04_25,2
p648,usa,20_04_25,1
p648,t,20_04_25,3
p648,eco,20_04_25,3
p648,af,20_04_25,3
usa,eco,20_04_25,1
usa,af,20_04_25,1
p649,pf,21_04_25,1
p649,rb,21_04_25,3
pf,rb,21_04_25,1
p650,jpo,21_04_25,2
p650,jb,21_04_25,2
p650,kh,21_04_25,2
p650,eu,21_04_25,3
p650,if,21_04_25,3
p650,eco,21_04_25,3
p650,pa,21_04_25,3
jpo,if,21_04_25,2
jpo,eco,21_04_25,2
jb,pa,21_04_25,2
kh,pa,21_04_25,2
eu,eco,21_04_25,3
jpo,jb,21_04_25,2
jpo,kh,21_04_25,2
jb,kh,21_04_25,2
p651,pf,21_04_25,1
p651,usa,21_04_25,1
p651,wh,21_04_25,1
p651,rb,21_04_25,3
pf,rb,21_04_25,1
usa,rb,21_04_25,1
wh,rb,21_04_25,1
usa,pf,21_04_25,1
wh,pf,21_04_25,1
p652,mt,21_04_25,1
p652,pf,21_04_25,1
p652,rb,21_04_25,3
mt,rb,21_04_25,1
pf,rb,21_04_25,1
mt,pf,21_04_25,1
p653,kcc,21_04_25,3
p653,lm,21_04_25,1
p653,sch,21_04_25,3
p653,art,21_04_25,3
p653,pa,21_04_25,3
lm,sch,21_04_25,1
kcc,art,21_04_25,3
p654,dp,21_04_25,2
p654,js,21_04_25,3
p654,pa,21_04_25,3
dp,js,21_04_25,2
dp,pa,21_04_25,2
p655,ussc,21_04_25,3
p655,saa,21_04_25,1
p655,ven,21_04_25,3
p655,m,21_04_25,3
p655,im,21_04_25,3
p655,crm,21_04_25,3
p655,js,21_04_25,3
p655,pa,21_04_25,3
ussc,js,21_04_25,3
saa,js,21_04_25,1
ven,im,21_04_25,2
m,im,21_04_25,2
m,crm,21_04_25,2
ussc,saa,21_04_25,1
p656,sd,21_04_25,1
p656,nrsc,21_04_25,1
p656,ensr,21_04_25,3
p656,af,21_04_25,3
p656,eco,21_04_25,3
p656,bor,21_04_25,3
p656,crm,21_04_25,3
sd,ensr,21_04_25,1
sd,af,21_04_25,1
sd,eco,21_04_25,1
sd,bor,21_04_25,1
sd,crm,21_04_25,1
nrsc,ensr,21_04_25,1
sd,nrsc,21_04_25,1
p657,ktr,22_04_25,1
p657,abg,22_04_25,1
p657,az,22_04_25,1
p657,ensr,22_04_25,3
ktr,ensr,22_04_25,1
abg,ensr,22_04_25,1
ktr,abg,22_04_25,1
p658,jb,22_04_25,2
p658,m,22_04_25,3
p658,im,22_04_25,3
p658,bor,22_04_25,3
p658,cm,22_04_25,3
p658,js,22_04_25,3
p658,pa,22_04_25,3
jb,im,22_04_25,2
jb,bor,22_04_25,2
jb,pa,22_04_25,2
m,im,22_04_25,2
m,cm,22_04_25,2
jb,m,22_04_25,2
p659,kag,22_04_25,2
p659,ms13,22_04_25,2
p659,dp,22_04_25,2
p659,im,22_04_25,3
p659,cm,22_04_25,3
p659,js,22_04_25,3
p659,pa,22_04_25,3
kag,cm,22_04_25,2
kag,im,22_04_25,2
ms13,cm,22_04_25,2
dp,pa,22_04_25,2
dp,js,22_04_25,2
kag,ms13,22_04_25,2
dp,kag,22_04_25,2
p660,ua,22_04_25,1
p660,usma,22_04_25,1
p660,uni,22_04_25,3
p660,ma,22_04_25,3
ua,uni,22_04_25,1
usma,uni,22_04_25,1
usma,ma,22_04_25,1
ua,usma,22_04_25,1
p661,dpn,22_04_25,1
p661,fn,22_04_25,1
p661,boo,22_04_25,3
dpn,boo,22_04_25,1
fn,boo,22_04_25,1
dpn,fn,22_04_25,1
p662,bbn,22_04_25,1
p662,isr,22_04_25,1
p662,irn,22_04_25,2
p662,pm,22_04_25,3
p662,pair,22_04_25,3
bbn,pm,22_04_25,1
isr,pair,22_04_25,1
bbn,isr,22_04_25,1
bbn,irn,22_04_25,2
isr,irn,22_04_25,2
p663,nm,22_04_25,1
p663,ind,22_04_25,3
p663,usa,22_04_25,3
p663,pair,22_04_25,3
p663,war,22_04_25,3
p663,rb,22_04_25,3
nm,pair,22_04_25,1
ind,pair,22_04_25,1
usa,pair,22_04_25,1
ind,war,22_04_25,1
nm,usa,22_04_25,1
ind,usa,22_04_25,1
p665,rus,23_04_25,3
p665,ukr,23_04_25,3
p665,bo,23_04_25,2
p665,wsj,23_04_25,3
p665,war,23_04_25,3
p665,peace,23_04_25,3
vz,rus,23_04_25,2
vz,ukr,23_04_25,1
bo,rus,23_04_25,2
bo,ukr,23_04_25,2
p664,pc,23_04_25,2
p664,bho,23_04_25,2
p664,bo,23_04_25,2
p664,js,23_04_25,3
p664,pa,23_04_25,3
bo,bho,23_04_25,1
bho,pc,23_04_25,3
p666,dp,24_04_25,2
p666,usa,24_04_25,3
p666,crm,24_04_25,3
dp,crm,24_04_25,2
p667,usa,24_04_25,3
p667,if,24_04_25,3
usa,if,24_04_25,1
p668,vp,24_04_25,2
p668,rus,24_04_25,3
p668,ukr,24_04_25,3
p668,war,24_04_25,3
p668,peace,24_04_25,3
vp,rus,24_04_25,1
rus,ukr,24_04_25,2
vp,peace,24_04_25,1
p669,usa,24_04_25,3
p669,bor,24_04_25,3
usa,bor,24_04_25,1
p670,harv,24_04_25,2
p670,uni,24_04_25,3
p670,pa,24_04_25,3
p670,jew,24_04_25,3
harv,uni,24_04_25,3
harv,jew,24_04_25,2
harv,pa,24_04_25,2
p671,rum,24_04_25,2
p671,fn,24_04_25,2
p671,wsj,24_04_25,2
p671,chn,24_04_25,3
p671,mc,24_04_25,3
p671,fk,24_04_25,3
rum,fn,24_04_25,1
rum,wsj,24_04_25,1
wsj,chn,24_04_25,2
p672,boe,24_04_25,1
p672,chn,24_04_25,3
p672,mex,24_04_25,3
p672,can,24_04_25,3
p672,usa,24_04_25,3
p672,fy,24_04_25,3
p672,dr,24_04_25,3
chn,boe,24_04_25,2
chn,usa,24_04_25,2
mex,usa,24_04_25,2
can,usa,24_04_25,2
chn,fy,24_04_25,2
mex,fy,24_04_25,2
can,fy,24_04_25,2
p673,jgo,24_04_25,2
p673,msc,24_04_25,2
p673,apk,24_04_25,2
p673,atl,24_04_25,2
p673,mc,24_04_25,3
p673,fk,24_04_25,3
jgo,atl,24_04_25,1
msc,atl,24_04_25,1
apk,atl,24_04_25,1
p674,chp,25_04_25,1
p674,fn,25_04_25,1
p674,t,25_04_25,3
p674,boo,25_04_25,3
chp,fn,25_04_25,1
p675,vz,25_04_25,3
p675,ukr,25_04_25,3
p675,rus,25_04_25,3
p675,usa,25_04_25,1
p675,peace,25_04_25,3
vz,ukr,25_04_25,1
rus,ukr,25_04_25,2
usa,ukr,25_04_25,1
usa,rus,25_04_25,3
p676,afr,25_04_25,3
p676,usa,25_04_25,1
p676,war,25_04_25,3
p676,peace,25_04_25,3
usa,afr,25_04_25,1
afr,war,25_04_25,2
afr,peace,25_04_25,1
usa,peace,25_04_25,1
p677,des,25_04_25,1
p677,shs,25_04_25,1
p677,nfl,25_04_25,2
p677,fb,25_04_25,3
des,shs,25_04_25,1
des,fb,25_04_25,1
shs,fb,25_04_25,1
nfl,fb,25_04_25,3
p678,rus,25_04_25,3
p678,ukr,25_04_25,3
p678,pm,25_04_25,3
p678,war,25_04_25,3
p678,peace,25_04_25,3
rus,ukr,25_04_25,2
rus,war,25_04_25,2
ukr,war,25_04_25,2
rus,peace,25_04_25,1
ukr,peace,25_04_25,1
p679,nyt,26_04_25,2
p679,pba,26_04_25,2
p679,bo,26_04_25,2
p679,jb,26_04_25,2
p679,vp,26_04_25,2
p679,rus,26_04_25,3
p679,ukr,26_04_25,3
p679,mc,26_04_25,3
p679,fk,26_04_25,3
p679,war,26_04_25,3
p679,peace,26_04_25,3
pba,nyt,26_04_25,1
rus,ukr,26_04_25,2
vp,rus,26_04_25,1
vp,war,26_04_25,2
rus,war,26_04_25,2
ukr,war,26_04_25,2
rus,peace,26_04_25,1
ukr,peace,26_04_25,1
p680,usa,26_04_25,1
p680,mr,26_04_25,1
p680,pan,26_04_25,3
p680,egy,26_04_25,3
p680,pair,26_04_25,3
p680,pm,26_04_25,3
usa,pan,26_04_25,1
usa,egy,26_04_25,1
mr,usa,26_04_25,1
mr,pan,26_04_25,1
mr,egy,26_04_25,1
p681,usa,26_04_25,3
p681,jb,26_04_25,2
p681,js,26_04_25,3
p681,im,26_04_25,3
p681,m,26_04_25,3
p681,crm,26_04_25,3
p681,dr,26_04_25,3
jb,im,26_04_25,2
jb,m,26_04_25,2
m,crm,26_04_25,2
m,dr,26_04_25,2
crm,usa,26_04_25,2
dr,usa,26_04_25,2
p682,usa,27_04_25,1
p682,bor,27_04_25,3
p682,im,27_04_25,3
p682,m,27_04_25,3
usa,bor,27_04_25,1
bor,im,27_04_25,1
p683,usa,27_04_25,3
p683,t,27_04_25,3
p683,ta,27_04_25,3
p683,eco,27_04_25,3
usa,t,27_04_25,1
usa,ta,27_04_25,1
usa,eco,27_04_25,1
t,ta,27_04_25,1
t,eco,27_04_25,1
ta,eco,27_04_25,1
p684,ccol,27_04_25,1
p684,dp,27_04_25,2
p684,hist,27_04_25,3
p684,pat,27_04_25,3
p684,art,27_04_25,3
dp,ccol,27_04_25,2
ccol,hist,27_04_25,1
ccol,pat,27_04_25,1
dp,art,27_04_25,2
p685,rp,27_04_25,1
p685,usa,27_04_25,3
p685,mi,27_04_25,3
p685,ta,27_04_25,3
p685,bor,27_04_25,3
p685,ma,27_04_25,3
p685,sc,27_04_25,3
p685,eco,27_04_25,3
p685,maga,27_04_25,3
rp,ta,27_04_25,1
rp,bor,27_04_25,1
rp,ma,27_04_25,1
rp,sc,27_04_25,1
rp,eco,27_04_25,1
usa,eco,27_04_25,1
rp,maga,27_04_25,1
p686,actb,27_04_25,2
p686,dp,27_04_25,2
p686,asch,27_04_25,2
p686,jb,27_04_25,2
p686,usa,27_04_25,3
p686,cf,27_04_25,3
p686,cor,27_04_25,3
p686,par,27_04_25,3
p686,pa,27_04_25,3
actb,cf,27_04_25,1
dp,cor,27_04_25,2
jb,par,27_04_25,2
asch,par,27_04_25,1
dp,usa,27_04_25,2
p687,dp,28_04_25,2
p687,rp,28_04_25,1
p687,usa,28_04_25,3
p687,pm,28_04_25,3
p687,pa,28_04_25,3
p687,pat,28_04_25,3
dp,pm,28_04_25,2
rp,pm,28_04_25,1
rp,pat,28_04_25,1
dp,rp,28_04_25,2
rp,usa,28_04_25,1
p688,usa,28_04_25,3
p688,im,28_04_25,3
p688,crm,28_04_25,3
p688,dr,28_04_25,3
p688,js,28_04_25,3
p688,maga,28_04_25,3
im,crm,28_04_25,2
im,dr,28_04_25,2
crm,usa,28_04_25,2
dr,usa,28_04_25,2
js,im,28_04_25,2
usa,maga,28_04_25,1
p689,jmcl,28_04_25,1
p689,nyt,28_04_25,2
p689,abc,28_04_25,2
p689,twp,28_04_25,2
p689,fn,28_04_25,2
p689,mc,28_04_25,3
p689,fk,28_04_25,3
p689,ef,28_04_25,3
p689,maga,28_04_25,3
jmcl,mc,28_04_25,1
nyt,fk,28_04_25,2
abc,fk,28_04_25,2
twp,fk,28_04_25,2
fn,mc,28_04_25,2
nyt,ef,28_04_25,2
abc,ef,28_04_25,2
twp,ef,28_04_25,2
p690,p,28_04_25,2
p690,mc,28_04_25,3
p690,fk,28_04_25,3
p691,wz,28_04_25,1
p691,art,28_04_25,3
wz,art,28_04_25,1
p692,can,28_04_25,3
p692,usa,28_04_25,3
p692,ta,28_04_25,3
p692,eco,28_04_25,3
p692,bor,28_04_25,3
p692,ma,28_04_25,3
p692,t,28_04_25,3
can,usa,28_04_25,1
usa,can,28_04_25,1
usa,eco,28_04_25,1
can,eco,28_04_25,1
usa,ma,28_04_25,1
usa,bor,28_04_25,1
t,eco,28_04_25,1
ta,eco,28_04_25,1
p693,wft,28_04_25,1
p693,wash,28_04_25,1
p693,usa,28_04_25,3
p693,fball,28_04_25,3
p693,eco,28_04_25,3
p693,crm,28_04_25,3
p693,maga,28_04_25,3
wft,fball,28_04_25,1
wash,eco,28_04_25,1
wash,crm,28_04_25,2
usa,maga,28_04_25,1
p694,dvo,28_04_25,1
p694,wis,28_04_25,1
p694,amer,28_04_25,1
p694,ensr,28_04_25,3
p694,im,28_04_25,3
p694,m,28_04_25,3
p694,ma,28_04_25,3
p694,sec,28_04_25,3
dvo,ensr,28_04_25,1
dvo,im,28_04_25,2
dvo,m,28_04_25,2
dvo,ma,28_04_25,1
dvo,sec,28_04_25,1
wis,amer,28_04_25,1
p695,gev,28_04_25,1
p695,col,28_04_25,1
p695,amer,28_04_25,1
p695,ensr,28_04_25,3
p695,bor,28_04_25,3
p695,ep,28_04_25,3
p695,sec,28_04_25,3
p695,ma,28_04_25,3
p695,le,28_04_25,3
gev,ensr,28_04_25,1
gev,bor,28_04_25,1
gev,ep,28_04_25,1
gev,sec,28_04_25,1
gev,ma,28_04_25,1
gev,le,28_04_25,1
col,amer,28_04_25,1
p696,sp,28_04_25,1
p696,pen,28_04_25,1
p696,usa,28_04_25,1
p696,ensr,28_04_25,3
p696,bor,28_04_25,3
p696,m,28_04_25,3
p696,eco,28_04_25,3
p696,ma,28_04_25,3
p696,rol,28_04_25,3
p696,sec,28_04_25,3
p696,maga,28_04_25,3
sp,ensr,28_04_25,1
sp,bor,28_04_25,1
sp,m,28_04_25,2
sp,eco,28_04_25,1
sp,ma,28_04_25,1
sp,rol,28_04_25,1
sp,sec,28_04_25,1
sp,maga,28_04_25,1
pen,usa,28_04_25,1
p697,fema,28_04_25,1
p697,ph,28_04_25,1
p697,kn,28_04_25,1
p697,grab,28_04_25,1
p697,gy,28_04_25,1
p697,phb,28_04_25,1
p697,mw,28_04_25,1
p697,jca,28_04_25,1
p697,kg,28_04_25,1
p697,nk,28_04_25,1
p697,rcs,28_04_25,1
p697,mac,28_04_25,1
p697,bfe,28_04_25,1
p697,eg,28_04_25,1
p697,nas,28_04_25,3
p697,pm,28_04_25,3
p697,maga,28_04_25,3
fema,nas,28_04_25,1
ph,nas,28_04_25,1
kn,nas,28_04_25,1
grab,nas,28_04_25,1
gy,nas,28_04_25,1
phb,nas,28_04_25,1
mw,nas,28_04_25,1
jca,nas,28_04_25,1
kg,nas,28_04_25,1
nk,nas,28_04_25,1
rcs,nas,28_04_25,1
mac,nas,28_04_25,1
bfe,nas,28_04_25,1
eg,nas,28_04_25,1
fema,pm,28_04_25,1
ph,pm,28_04_25,1
kn,pm,28_04_25,1
grab,pm,28_04_25,1
gy,pm,28_04_25,1
phb,pm,28_04_25,1
mw,pm,28_04_25,1
jca,pm,28_04_25,1
kg,pm,28_04_25,1
nk,pm,28_04_25,1
rcs,pm,28_04_25,1
mac,pm,28_04_25,1
bfe,pm,28_04_25,1
eg,pm,28_04_25,1
p698,jmg,28_04_25,1
p698,vir,28_04_25,3
p698,usa,28_04_25,3
p698,ensr,28_04_25,3
p698,eco,28_04_25,3
p698,ep,28_04_25,3
p698,bor,28_04_25,3
p698,ma,28_04_25,3
p698,sec,28_04_25,3
p698,maga,28_04_25,3
jmg,ensr,28_04_25,1
jmg,eco,28_04_25,1
jmg,ep,28_04_25,1
jmg,bor,28_04_25,1
jmg,ma,28_04_25,1
jmg,sec,28_04_25,1
jmg,maga,28_04_25,1
vir,usa,28_04_25,1
p699,jb,29_04_25,2
p699,usa,29_04_25,3
p699,eco,29_04_25,3
p699,maga,29_04_25,3
jb,eco,29_04_25,2
usa,eco,29_04_25,1
usa,maga,29_04_25,1
p700,mc,29_04_25,3
p700,fk,29_04_25,3
p701,jb,30_04_25,2
p701,usa,30_04_25,3
p701,eco,30_04_25,3
p701,t,30_04_25,3
jb,eco,30_04_25,2
usa,eco,30_04_25,1
usa,t,30_04_25,1
jb,t,30_04_25,2
p702,kh,30_04_25,2
p702,smin,30_04_25,2
p702,cbs,30_04_25,2
p702,para,30_04_25,2
p702,fec,30_04_25,3
p702,fcc,30_04_25,3
p702,nyt,30_04_25,2
p702,amer,30_04_25,1
p702,mc,30_04_25,3
p702,fk,30_04_25,3
kh,mc,30_04_25,2
smin,mc,30_04_25,2
cbs,mc,30_04_25,2
para,mc,30_04_25,2
nyt,mc,30_04_25,2
smin,fk,30_04_25,2
cbs,fk,30_04_25,2
para,fk,30_04_25,2
nyt,fk,30_04_25,2
amer,mc,30_04_25,1
p703,ams,17_04_25,1
p703,usa,17_04_25,3
p703,tg,17_04_25,1
p703,usmil,17_04_25,1
p703,hist,17_04_25,3
p703,sam,17_04_25,3
ams,hist,17_04_25,1
usa,hist,17_04_25,1
tg,usa,17_04_25,1
tg,usmil,17_04_25,1
usmil,usa,17_04_25,1
ams,usa,17_04_25,1
p597,kel,11_04_25,1
p597,aoss,11_04_25,1
p597,stb,11_04_25,1
p597,lww,11_04_25,1
p597,eeoc,11_04_25,3
p597,usmil,11_04_25,1
p597,le,11_04_25,1
p597,js,11_04_25,3
p597,rb,11_04_25,3
kel,js,11_04_25,1
aoss,js,11_04_25,1
stb,js,11_04_25,1
lww,js,11_04_25,1
usmil,js,11_04_25,1
le,js,11_04_25,1
eeoc,js,11_04_25,3
p596,wh,11_04_25,1
p596,kel,11_04_25,1
p596,aoss,11_04_25,1
p596,stb,11_04_25,1
p596,lww,11_04_25,1
p596,eeoc,11_04_25,3
p596,jabi,11_04_25,1
p596,khga,11_04_25,1
p596,almi,11_04_25,1
p596,rmt,11_04_25,1
p596,amer,11_04_25,1
p596,js,11_04_25,3
kel,js,11_04_25,1
aoss,js,11_04_25,1
stb,js,11_04_25,1
lww,js,11_04_25,1
eeoc,js,11_04_25,3
jabi,kel,11_04_25,1
khga,aoss,11_04_25,1
almi,stb,11_04_25,1
rmt,lww,11_04_25,1
p551,mle,04_04_25,1
p551,nei,04_04_25,2
p551,awe,04_04_25,2
p551,lmo,04_04_25,2
p551,fra,04_04_25,1
p551,usa,04_04_25,1
p551,frp,04_04_25,1
p551,amer,04_04_25,1
p551,js,04_04_25,3
p551,fp,04_04_25,3
mle,js,04_04_25,1
nei,js,04_04_25,2
awe,js,04_04_25,2
lmo,js,04_04_25,2
fra,fp,04_04_25,1
usa,fp,04_04_25,1
frp,fra,04_04_25,1
amer,usa,04_04_25,1
p402,bbz,11_03_25,1
p402,dht,11_03_25,3
p402,usg,11_03_25,1
p402,aogo,11_03_25,3
bbz,aogo,11_03_25,1
bbz,usg,11_03_25,1
bbz,dht,11_03_25,3
usg,aogo,11_03_25,1
p401,mgd,11_03_25,1
p401,usg,11_03_25,1
p401,aogo,11_03_25,3
mgd,aogo,11_03_25,1
mgd,usg,11_03_25,1
usg,aogo,11_03_25,1