from,to,date,rating
p1,jh,01_05_2025,1
p1,n,01_05_2025,1
p1,us,01_05_2025,1
jh,n,01_05_2025,1
n,us,01_05_2025,1
p2,h,01_05_2025,1
p2,cc,01_05_2025,1
p2,was,01_05_2025,1
p2,vgl,01_05_2025,1
p2,s,01_05_2025,1
p2,pw,01_05_2025,1
p2,cc,01_05_2025,1
p2,bg,01_05_2025,1
p2,se,01_05_2025,1
p2,jj,01_05_2025,1
p2,el,01_05_2025,1
p2,n,01_05_2025,1
p2,g,01_05_2025,1
p2,a,01_05_2025,1
p2,tfs,01_05_2025,1
p2,al,01_05_2025,1
p2,iv,01_05_2025,1
p2,gea,01_05_2025,1
p2,usa,01_05_2025,1
p2,iv,01_05_2025,1
p3,mw,01_05_2025,1
p3,mr,01_05_2025,1
p3,usa,01_05_2025,1
p3,un,01_05_2025,1
p3,sd,01_05_2025,1
p3,nas,01_05_2025,1
mr,nas,01_05_2025,1
mw,usa,01_05_2025,1
mw,un,01_05_2025,1
mr,sd,01_05_2025,1
mw,nas,01_05_2025,1
p4,irn,01_05_2025,2
p4,usa,01_05_2025,1
p4,ses,01_05_2025,2
p4,pp,01_05_2025,1
usa,irn,01_05_2025,2
irn,usa,01_05_2025,2
irn,pp,01_05_2025,3
usa,pp,01_05_2025,2
usa,ses,01_05_2025,2
p5,ua,01_05_2025,1
p5,ca,01_05_2025,1
ca,ua,01_05_2025,1
,,,
p6,ww2,01_05_2025,1
p6,ww1,01_05_2025,1
p6,nh,01_05_2025,1
p6,allies,01_05_2025,1
,,,
p7,d,01_05_2025,2
p7,r,01_05_2025,1
p7,us_congress,01_05_2025,2
p7,as,01_05_2025,2
p7,iran,01_05_2025,1
p7,isr,01_05_2025,1
p7,rus,01_05_2025,1
p7,ukr,01_05_2025,1
p7,pa,01_05_2025,2
p7,if,01_05_2025,1
p7,b,01_05_2025,1
p7,ipt,01_05_2025,2
pa,d,01_05_2025,2
pa,as,01_05_2025,2
pa,us_congress,01_05_2025,2
ipt,us_congress,01_05_2025,2
,,,
p8,bs,01_05_2025,3
p8,fm,01_05_2025,3
p8,rpl,01_05_2025,3
p8,sr,01_05_2025,3
p8,aa,01_05_2025,3
p8,bf,01_05_2025,3
p8,aw,01_05_2025,3
p8,rg,01_05_2025,3
p8,ushmc,01_05_2025,3
p8,gh,01_05_2025,2
,,,
,,,
p9,wh,01_05_2025,1
p9,usca6,01_05_2025,3
p9,tu,01_05_2025,3
p9,pwb,01_05_2025,3
p9,sa,01_05_2025,1
p9,gws,01_05_2025,3
p9,scj,01_05_2025,3
p9,gws,01_05_2025,3
p9,con,01_05_2025,3
p9,rol,01_05_2025,3
wh,gws,01_05_2025,1
wh,usca6,01_05_2025,1
wh,con,01_05_2025,1
sa,con,01_05_2025,1
wh,rol,01_05_2025,1
sa,rol,01_05_2025,1
wh,pwb,01_05_2025,1
,,,
p10,hv,02_05_2025,2
p10,ta,02_05_2025,2
,,,
p11,gas,02_05_2025,1
p11,groceries,02_05_2025,1
p11,eggs,02_05_2025,1
p11,energy,02_05_2025,1
p11,mortgage,02_05_2025,1
p11,employment,02_05_2025,1
p11,tariffs,02_05_2025,1
p11,fed,02_05_2025,1
p11,if,02_05_2025,1
,,,
p12,ua,02_05_2025,1
,,,
p13,judges,03_05_2025,2
p13,usa,03_05_2025,3
p13,crm,03_05_2025,2
p13,mur,03_05_2025,2
p13,dep,03_05_2025,2
,,,
p14,d,04_05_2025,2
p15,dt,04_05_2025,1
,,,
p16,jc,04_05_2025,1
p16,book,04_05_2025,1
p16,campaign,04_05_2025,1
p16,media,04_05_2025,2
p16,usa,,1
,,,
p17,hk,04_05_2025,3
p17,cnn,04_05_2025,2
p17,msnbc,04_05_2025,2
p17,media,04_05_2025,2
p17,bd,04_05_2025,1
,,,
p18,alc,04_05_2025,1
p18,bop,04_05_2025,1
p18,doj,04_05_2025,1
p18,fbi,04_05_2025,1
p18,dhs,04_05_2025,1
p18,judges,04_05_2025,3
p18,usa,04_05_2025,1
p18,criminals,04_05_2025,2
,,,
p19,film,04_05_2025,2
p19,hollywood,04_05_2025,2
p19,usa,04_05_2025,2
p19,foreign,04_05_2025,2
p19,doc,04_05_2025,3
p19,ustr,04_05_2025,3
p19,tariffs,04_05_2025,1
p19,nas,04_05_2025,2
,,,
p20,kr,04_05_2025,2
p20,fn,04_05_2025,2
kr,fn,04_05_2025,2
,,,
p21,re,05_05_2025,1
p21,turkey,05_05_2025,1
p21,russia,05_05_2025,1
p21,ukraine,05_05_2025,1
p21,syria,05_05_2025,1
p21,gaza,05_05_2025,1
p21,usa,05_05_2025,1
p21,ab,05_05_2025,1
p21,wru,05_05_2025,3
p21,wdc,05_05_2025,1
re,usa,05_05_2025,1
usa,re,05_05_2025,1
re,ab,05_05_2025,1
usa,ab,05_05_2025,1
re,wdc,05_05_2025,1
usa,turkey,05_05_2025,1
,,,
p22,nfl,05_05_2025,1
p22,dc,05_05_2025,1
,,,
p23,maga,05_05_2025,3
p23,camp,05_05_2025,3
p23,el,05_05_2025,3
p23,gov,05_05_2025,3
p23,us,05_05_2025,3
,,,
p24,usa,5_05_2025,1
p24,ww1,5_05_2025,1
p24,ww2,5_05_2025,1
p24,all,5_05_2025,1
p24,hol,5_05_2025,1
p24,af,5_05_2025,1
p24,pair,5_05_2025,1
p24,ic,5_05_2025,1
p24,caaa,5_05_2025,1
p24,nas,5_05_2025,1
p24,maga,5_05_2025,1
usa,ww1,5_05_2025,1
usa,ww2,5_05_2025,1
usa,all,5_05_2025,1
usa,hol,5_05_2025,1
ww1,hol,5_05_2025,1
ww2,hol,5_05_2025,1
af,usa,5_05_2025,1
af,maga,5_05_2025,1
pair,all,5_05_2025,1
ww1,nas,5_05_2025,1
ww2,nas,5_05_2025,1
,,,
p25,pw,5_05_2025,2
p25,tp,5_05_2025,1
p25,agco,5_05_2025,2
p25,doj,5_05_2025,3
p25,dp,5_05_2025,2
p25,ms13,5_05_2025,2
p25,co,5_05_2025,3
p25,rl,5_05_2025,2
p25,d,5_05_2025,2
p25,ef,5_05_2025,2
p25,lp,5_05_2025,2
p25,js,5_05_2025,2
p25,cr,5_05_2025,2
p25,mu,5_05_2025,2
p25,nas,5_05_2025,2
p25,pa,5_05_2025,2
pw,ef,5_05_2025,2
pw,cr,5_05_2025,2
pw,mu,5_05_2025,2
tp,lp,5_05_2025,1
tp,js,5_05_2025,1
tp,pa,5_05_2025,2
dp,ef,5_05_2025,2
dp,rl,5_05_2025,2
ms13,nas,5_05_2025,2
doj,tp,5_05_2025,1
rl,d,5_05_2025,2
ill,cr,5_05_2025,2
pw,ill,5_05_2025,2
pw,tp,5_05_2025,2
,,,
p26,em,5_05_2025,1
p26,rfk,5_05_2025,1
p26,dojdc,5_05_2025,3
p26,rs,5_05_2025,1
p26,joe,5_05_2025,2
p26,aogo,5_05_2025,1
p26,me,5_05_2025,1
p26,af,5_05_2025,1
p26,maga,5_05_2025,1
em,aogo,5_05_2025,1
em,me,5_05_2025,1
em,maga,5_05_2025,1
rfk,em,5_05_2025,1
joe,me,5_05_2025,2
rs,em,5_05_2025,1
aogo,em,5_05_2025,1
me,joe,5_05_2025,2
,,,
p27,nfl,5_05_2025,1
p27,draft,5_05_2025,1
p27,dc,5_05_2025,1
p27,nm,5_05_2025,1
p27,ba,5_05_2025,1
p27,caaa,5_05_2025,1
p27,af,5_05_2025,1
nfl,draft,5_05_2025,1
draft,dc,5_05_2025,1
dc,nm,5_05_2025,1
draft,nm,5_05_2025,1
,,,
p28,eo,5_05_2025,1
p28,gof,5_05_2025,2
p28,me,5_05_2025,1
p28,nas,5_05_2025,1
p28,caaa,5_05_2025,1
eo,gof,5_05_2025,1
gof,nas,5_05_2025,2
gof,me,5_05_2025,2
eo,nas,5_05_2025,1
,,,
p29,rfk,5_05_2025,1
p29,joe,5_05_2025,2
p29,sc,5_05_2025,1
p29,cor,5_05_2025,2
p29,me,5_05_2025,1
p29,d,5_05_2025,2
rfk,sc,5_05_2025,1
rfk,cor,5_05_2025,2
rfk,me,5_05_2025,1
joe,me,5_05_2025,2
sc,cor,5_05_2025,1
cor,joe,5_05_2025,2
,,,
p30,mc,5_05_2025,1
p30,can,5_05_2025,3
p30,usa,5_05_2025,3
p30,pair,5_05_2025,1
p30,ic,5_05_2025,2
p30,t,5_05_2025,2
p30,ep,5_05_2025,2
p30,nas,5_05_2025,2
p30,af,5_05_2025,1
mc,can,5_05_2025,3
mc,pair,5_05_2025,1
usa,can,5_05_2025,2
usa,t,5_05_2025,2
usa,nas,5_05_2025,1
can,usa,5_05_2025,2
can,pair,5_05_2025,1
t,can,5_05_2025,2
ep,can,5_05_2025,2
,,,
p31,ag,6_05_2025,1
p31,cc,6_05_2025,1
p31,fifa,6_05_2025,1
p31,usf,6_05_2025,1
p31,ptf,6_05_2025,1
p31,aogo,6_05_2025,1
p31,ba,6_05_2025,1
p31,pair,6_05_2025,1
p31,caaa,6_05_2025,1
ag,ptf,6_05_2025,1
ag,aogo,6_05_2025,1
cc,fifa,6_05_2025,1
cc,usf,6_05_2025,1
fifa,ba,6_05_2025,1
ptf,fifa,6_05_2025,1
,,,
p32,jd,6_05_2025,1
p32,mo,6_05_2025,1
p32,ct,6_05_2025,1
p32,jh,6_05_2025,1
p32,js,6_05_2025,1
p32,aogo,6_05_2025,1
p32,af,6_05_2025,1
jd,mo,6_05_2025,1
jd,js,6_05_2025,1
mo,ct,6_05_2025,1
mo,js,6_05_2025,1
jt,jh,6_05_2025,1
jt,js,6_05_2025,1
jh,aogo,6_05_2025,1
jh,af,6_05_2025,1
js,jd,6_05_2025,1
rol,jd,6_05_2025,1
p32,rol,6_05_2025,1
p32,jd,6_05_2025,1
,,,
p33,zb,6_05_2025,1
p33,usao,6_05_2025,1
p33,ge,6_05_2025,1
p33,ox,6_05_2025,1
p33,ha,6_05_2025,1
p33,js,6_05_2025,1
p33,cr,6_05_2025,1
p33,le,6_05_2025,1
p33,aogo,6_05_2025,1
p33,js,6_05_2025,1
zb,usao,6_05_2025,1
zb,js,6_05_2025,1
usao,cr,6_05_2025,1
usao,js,6_05_2025,1
ge,le,6_05_2025,1
ge,js,6_05_2025,1
ox,aogo,6_05_2025,1
ox,js,6_05_2025,1
ha,cr,6_05_2025,1
ha,js,6_05_2025,1
js,le,6_05_2025,1
js,js,6_05_2025,1
cr,aogo,6_05_2025,1
cr,le,6_05_2025,1
le,js,6_05_2025,1
le,aogo,6_05_2025,1
usdc,zb,6_05_2025,1
edom,zb,6_05_2025,1
,,,
p34,ml,6_05_2025,1
p34,pds,6_05_2025,1
p34,go,6_05_2025,1
p34,uc,6_05_2025,1
p34,js,6_05_2025,1
p34,le,6_05_2025,1
ml,pds,6_05_2025,1
ml,js,6_05_2025,1
pds,js,6_05_2025,1
pds,le,6_05_2025,1
uc,js,6_05_2025,1
uc,le,6_05_2025,1
js,js,6_05_2025,1
edom,ml,6_05_2025,1
j,ml,6_05_2025,1
p34,j,6_05_2025,
p34,edom,6_05_2025,
p35,cr,6_05_2025,2
p35,edom,6_05_2025,1
p35,p,6_05_2025,1
p35,cs,6_05_2025,1
p35,mcoa,6_05_2025,1
p35,moago,6_05_2025,1
p35,usao,6_05_2025,1
p35,js,6_05_2025,1
p35,le,6_05_2025,1
p35,aogo,6_05_2025,1
cs,mcoa,6_05_2025,1
cs,moago,6_05_2025,1
cs,usao,6_05_2025,1
cs,js,6_05_2025,1
mcoa,js,6_05_2025,1
moago,js,6_05_2025,1
usao,le,6_05_2025,1
js,aogo,6_05_2025,1
le,aogo,6_05_2025,1
cs,p,6_05_2025,1
,,,
p36,eoc,6_05_2025,1
p36,scdc,6_05_2025,1
p36,usadc,6_05_2025,1
p36,js,6_05_2025,1
p36,le,6_05_2025,1
p36,aogo,6_05_2025,1
p36,cd,6_05_2025,1
p36,js,6_05_2025,1
eoc,scdc,6_05_2025,1
eoc,usadc,6_05_2025,1
eoc,js,6_05_2025,1
eoc,le,6_05_2025,1
scdc,js,6_05_2025,1
usadc,js,6_05_2025,1
js,aogo,6_05_2025,1
le,aogo,6_05_2025,1
cd,js,6_05_2025,1
,,,
p37,bb,6_05_2025,1
p37,nce,6_05_2025,1
p37,ny,6_05_2025,1
p37,el,6_05_2025,1
p37,ec,6_05_2025,1
p37,le,6_05_2025,1
p37,im,6_05_2025,1
p37,cvr,6_05_2025,1
bb,el,6_05_2025,1
bb,ec,6_05_2025,1
bb,le,6_05_2025,1
bb,im,6_05_2025,1
bb,cvr,6_05_2025,1
nce,el,6_05_2025,1
ny,el,6_05_2025,1
el,ec,6_05_2025,1
ec,el,6_05_2025,1
le,el,6_05_2025,1
im,el,6_05_2025,1
crv,el,6_05_2025,1
bb,maga,6_05_2025,1
p37,maga,6_05_2025,1
bb,ta,6_05_2025,1
p37,ta,6_05_2025,1
bb,m,6_05_2025,2
p37,m,6_05_2025,2
bb,sec,6_05_2025,1
p37,sec,6_05_2025,1
bb,nas,6_05_2025,1
p37,nas,6_05_2025,
,,,
p38,bhmc,6_05_2025,1
p38,sf,6_05_2025,1
p38,tf,6_05_2025,1
p38,jz,6_05_2025,1
p38,rns,6_05_2025,1
p38,jb,6_05_2025,1
p38,ll,6_05_2025,1
p38,bs,6_05_2025,1
p38,fm,6_05_2025,1
p38,rpl,6_05_2025,1
p38,sr,6_05_2025,1
p38,aa,6_05_2025,1
p38,bf,6_05_2025,1
p38,aw,6_05_2025,1
p38,rg,6_05_2025,1
p38,aogo,6_05_2025,1
p38,fp,6_05_2025,1
p38,bhmc,6_05_2025,1
sf,bhmc,6_05_2025,1
tf,bhmc,6_05_2025,1
jz,bhmc,6_05_2025,1
rns,bhmc,6_05_2025,1
jb,bhmc,6_05_2025,1
ll,bhmc,6_05_2025,1
bs,bhmc,6_05_2025,1
fm,bhmc,6_05_2025,1
rpl,bhmc,6_05_2025,1
sr,bhmc,6_05_2025,1
aa,bhmc,6_05_2025,1
bf,bhmc,6_05_2025,1
aw,bhmc,6_05_2025,1
rg,aogo,6_05_2025,1
bhmc,fp,6_05_2025,1
aogo,aogo,6_05_2025,1
,,,
p39,mlaw,6_05_2025,1
p39,ny17,6_05_2025,1
p39,ny,6_05_2025,1
p39,el,6_05_2025,1
p39,im,6_05_2025,1
p39,ec,6_05_2025,1
p39,en,6_05_2025,1
p39,le,6_05_2025,1
p39,cvr,6_05_2025,1
mlaw,el,6_05_2025,1
mlaw,im,6_05_2025,1
mlaw,ec,6_05_2025,1
mlaw,en,6_05_2025,1
mlaw,le,6_05_2025,1
mlaw,cvr,6_05_2025,1
mlaw,ny17,6_05_2025,1
ny17,el,6_05_2025,1
el,mlaw,6_05_2025,1
im,mlaw,6_05_2025,1
ec,mlaw,6_05_2025,1
en,mlaw,6_05_2025,1
le,mlaw,6_05_2025,1
cvr,mlaw,6_05_2025,1
,,,
p40,whftf,6_05_2025,1
p40,fifa,6_05_2025,1
p40,cwc25,6_05_2025,1
p40,wc26,6_05_2025,1
p40,fpp,6_05_2025,1
p40,caaa,6_05_2025,1
p40,pm,6_05_2025,1
whftf,pm,6_05_2025,1
fifa,fpp,6_05_2025,1
cwc25,fpp,6_05_2025,1
wc26,fpp,6_05_2025,1
,,,
p41,lj,6_05_2025,1
p41,faf,6_05_2025,1
p41,mc,6_05_2025,1
lj,faf,6_05_2025,1
faf,tva,6_05_2025,1
mc,p,6_05_2025,1
p41,tva,6_05_2025,1
,,,
p42,kmh,6_05_2025,2
p42,cbs,6_05_2025,2
p42,param,6_05_2025,2
p42,fcc,6_05_2025,2
p42,emmy,6_05_2025,2
p42,ef,6_05_2025,2
p42,mc,6_05_2025,2
p42,fk,6_05_2025,2
p42,lp,6_05_2025,2
p42,d,6_05_2025,2
p42,aa,6_05_2025,2
kmh,ef,6_05_2025,2
cbs,mc,6_05_2025,2
fcc,lp,6_05_2025,2
emmy,aa,6_05_2025,2
p42,lp,6_05_2025,2
,,,
p43,vdww2,,1
p43,ww2,,1
p43,hist,,1
p43,caaa,,1
vdww2,ww2,,1
ww2,hist,,1
,,,
p44,dp,,1
p44,china,,1
p44,amb,,1
p44,aogo,,1
p44,pair,,1
dp,china,,1
dp,pair,,1
china,ic,,1
,,,
p45,cm,,1
p45,sg,,1
p45,hhs,,1
p45,rfkj,,1
p45,jn,,1
p45,aogo,,1
cm,sg,,1
cm,me,,1
rfkj,hhs,,1
jn,hhs,,1
,,,
p46,tobbb,,1
p46,ta,,1
p46,if,,1
p46,af,,1
tobbb,ta,,1
p46,maga,,1
ta,maga,,1
,,,
p47,td,,1
p47,eco,,1
p47,af,,1
td,eco,,1
td,af,,1
,,,
p48,td,8_05_2025,1
p48,af,8_05_2025,1
td,af,8_05_2025,1
p48,uk,8_05_2025,1
p48,usa,8_05_2025,1
usa,uk,8_05_2025,1
uk,usa,8_05_2025,1
uk,td,8_05_2025,1
,,,
p49,af,8_05_2025,1
,,,
p50,if,8_05_2025,1
p50,eco,8_05_2025,1
p50,en,8_05_2025,1
p50,ta,8_05_2025,1
eco,if,8_05_2025,1
ta,eco,8_05_2025,1
en,eco,8_05_2025,1
,,,
p51,pm,8_05_2025,3
p51,ba,8_05_2025,2
p51,pa,8_05_2025,2
ba,pa,8_05_2025,2
,,,
p52,uk,8_05_2025,1
p52,t,8_05_2025,1
p52,pm,8_05_2025,1
p52,nas,8_05_2025,1
t,nas,8_05_2025,1
pm,nas,8_05_2025,1
nas,t,8_05_2025,1
p52,td,8_05_2025,1
p52,uk,8_05_2025,1
td,uk,8_05_2025,1
td,t,8_05_2025,1
,,,
p53,crfp,8_05_2025,1
p53,pl,8_05_2025,1
p53,rb,8_05_2025,1
p53,aogo,8_05_2025,1
,,,
p54,hl,8_05_2025,1
p54,caaa,8_05_2025,2
p54,ta,8_05_2025,1
p54,pm,8_05_2025,1
hl,caaa,8_05_2025,1
hl,ta,8_05_2025,1
,,,
p55,rus,8_05_2025,1
p55,ukr,8_05_2025,1
p55,eu,8_05_2025,1
p55,pair,8_05_2025,1
rus,ukr,8_05_2025,1
ukr,rus,8_05_2025,1
rus,pair,8_05_2025,1
ukr,pair,8_05_2025,1
,,,
p56,uk,8_05_2025,1
p56,f,8_05_2025,1
p56,r,8_05_2025,1
p56,pm,8_05_2025,1
f,r,8_05_2025,1
r,f,8_05_2025,1
f,t,8_05_2025,1
r,t,8_05_2025,1
,,,
p57,mb,8_05_2025,1
p57,mil,8_05_2025,1
p57,va,8_05_2025,1
p57,lc,8_05_2025,1
p57,sb,8_05_2025,1
p57,ta,8_05_2025,1
p57,en,8_05_2025,1
p57,sa,8_05_2025,1
p57,af,8_05_2025,1
mb,mil,8_05_2025,1
mb,va,8_05_2025,1
mb,lc,8_05_2025,1
mb,sb,8_05_2025,1
mb,af,8_05_2025,1
,,,
p58,zn,8_05_2025,1
p58,eco,8_05_2025,1
p58,ta,8_05_2025,1
p58,f,8_05_2025,1
p58,sb,8_05_2025,1
p58,mil,8_05_2025,1
p58,va,8_05_2025,1
p58,pts,8_05_2025,1
p58,sa,8_05_2025,1
zn,eco,8_05_2025,1
zn,ta,8_05_2025,1
zn,mil,8_05_2025,1
zn,va,8_05_2025,1
zn,sa,8_05_2025,1
,,,
p59,jk,8_05_2025,1
p59,mil,8_05_2025,1
p59,va,8_05_2025,1
p59,pts,8_05_2025,1
p59,sb,8_05_2025,1
p59,eco,8_05_2025,1
p59,en,8_05_2025,1
p59,sa,8_05_2025,1
jk,mil,8_05_2025,1
jk,va,8_05_2025,1
jk,eco,8_05_2025,1
jk,en,8_05_2025,1
jk,sa,8_05_2025,1
,,,
p60,nb,8_05_2025,1
p60,af,8_05_2025,1
p60,eco,8_05_2025,1
p60,ta,8_05_2025,1
p60,gw,8_05_2025,1
p60,sb,8_05_2025,1
p60,mc,8_05_2025,1
p60,id,8_05_2025,1
p60,mil,8_05_2025,1
p60,va,8_05_2025,1
p60,en,8_05_2025,1
p60,sa,8_05_2025,1
nb,eco,8_05_2025,1
nb,ta,8_05_2025,1
nb,sb,8_05_2025,1
nb,mil,8_05_2025,1
nb,va,8_05_2025,1
nb,en,8_05_2025,1
,,,
p61,rb,8_05_2025,1
p61,eco,8_05_2025,1
p61,ta,8_05_2025,1
p61,gw,8_05_2025,1
p61,sb,8_05_2025,1
p61,mc,8_05_2025,1
p61,mil,8_05_2025,1
p61,va,8_05_2025,1
p61,sa,8_05_2025,1
rb,eco,8_05_2025,1
rb,ta,8_05_2025,1
rb,sb,8_05_2025,1
rb,mil,8_05_2025,1
rb,va,8_05_2025,1
,,,
p62,tb,8_05_2025,1
p62,eco,8_05_2025,1
p62,ta,8_05_2025,1
p62,sb,8_05_2025,1
p62,lc,8_05_2025,1
p62,mil,8_05_2025,1
p62,va,8_05_2025,1
p62,sa,8_05_2025,1
p62,pts,8_05_2025,1
tb,eco,8_05_2025,1
tb,ta,8_05_2025,1
tb,sb,8_05_2025,1
tb,mil,8_05_2025,1
tb,va,8_05_2025,1
,,,
p63,tk,8_05_2025,1
p63,af,8_05_2025,1
p63,sb,8_05_2025,1
p63,lc,8_05_2025,1
p63,eco,8_05_2025,1
p63,ta,8_05_2025,1
p63,sbiz,8_05_2025,1
p63,en,8_05_2025,1
p63,mil,8_05_2025,1
p63,va,8_05_2025,1
p63,sa,8_05_2025,1
tk,eco,8_05_2025,1
tk,ta,8_05_2025,1
tk,sb,8_05_2025,1
tk,mil,8_05_2025,1
tk,va,8_05_2025,1
tk,en,8_05_2025,1
,,,
p64,rm,8_05_2025,1
p64,af,8_05_2025,1
p64,eco,8_05_2025,1
p64,ta,8_05_2025,1
p64,sb,8_05_2025,1
p64,mil,8_05_2025,1
p64,va,8_05_2025,1
p64,en,8_05_2025,1
p64,sa,8_05_2025,1
rm,eco,8_05_2025,1
rm,ta,8_05_2025,1
rm,sb,8_05_2025,1
rm,mil,8_05_2025,1
rm,va,8_05_2025,1
,,,
p65,ra,8_05_2025,1
p65,rp,8_05_2025,1
p65,ml,8_05_2025,1
p65,sc,8_05_2025,1
ra,rp,8_05_2025,1
ml,rp,8_05_2025,1
sc,rp,8_05_2025,1
,,,
p66,jm,8_05_2025,1
p66,rp,8_05_2025,1
p66,af,8_05_2025,1
p66,se,8_05_2025,1
jm,rp,8_05_2025,1
jm,af,8_05_2025,1
,,,
p67,jmck,8_05_2025,1
p67,rp,8_05_2025,1
p67,af,8_05_2025,1
p67,win,8_05_2025,1
jmck,rp,8_05_2025,1
jmck,af,8_05_2025,1
,,,
p68,jsim,8_05_2025,1
p68,rp_nc,8_05_2025,1
p68,af,8_05_2025,1
p68,win,8_05_2025,1
jsim,rp_nc,8_05_2025,1
jsim,af,8_05_2025,1
,,,
p69,jp,8_05_2025,1
p69,dc_usatt,8_05_2025,1
p69,foxnews,8_05_2025,1
p69,five,8_05_2025,1
jp,js,8_05_2025,1
jp,dv,8_05_2025,1
jp,hist,8_05_2025,1
dc_usatt,js,8_05_2025,1
dc_usatt,hist,8_05_2025,1
foxnews,five,8_05_2025,1
,,,
p70,em,8_05_2025,1
p70,doj,8_05_2025,1
p70,wdg,8_05_2025,1
p70,ad_ag,8_05_2025,1
em,js,8_05_2025,1
em,pa,8_05_2025,1
em,wdg,8_05_2025,1
em,ad_ag,8_05_2025,1
em,pa,8_05_2025,1
doj,wdg,8_05_2025,1
doj,ad_ag,8_05_2025,1
,,,
p71,china,9_05_2025,1
p71,usa,9_05_2025,1
p71,pm,9_05_2025,1
china,pair,9_05_2025,1
china,nas,9_05_2025,1
usa,pair,9_05_2025,1
usa,nas,9_05_2025,1
pm,pair,9_05_2025,1
pm,nas,9_05_2025,1
,,,
p72,china,9_05_2025,1
p72,t,9_05_2025,1
china,t,9_05_2025,1
china,nas,9_05_2025,1
t,nas,9_05_2025,1
,,,
p73,rl,9_05_2025,2
p73,d,9_05_2025,2
p73,ta,9_05_2025,3
rl,d,9_05_2025,2
rl,ta,9_05_2025,3
d,ta,9_05_2025,3
,,,
p74,t,9_05_2025,3
,,,
p75,if,9_05_2025,3
p75,fk,9_05_2025,2
if,fk,9_05_2025,2
,,,
p76,mc,9_05_2025,2
p76,d,9_05_2025,2
mc,d,9_05_2025,2
,,,
p77,kp,9_05_2025,1
p77,nyp,9_05_2025,1
p77,wsj,9_05_2025,1
kp,wsj,9_05_2025,1
nyp,china,9_05_2025,2
,,,
p78,sr,9_05_2025,2
p78,msdnc,9_05_2025,2
p78,ba,9_05_2025,1
ba,uk,9_05_2025,1
uk,ba,9_05_2025,1
msdnc,br,9_05_2025,2
sr,pa,9_05_2025,2
,,,
p79,apl,9_05_2025,1
p79,mil,9_05_2025,1
p79,ta,9_05_2025,1
p79,sec,9_05_2025,1
apl,af,9_05_2025,1
apl,ep,9_05_2025,1
mil,ta,9_05_2025,1
,,,
p80,jj,9_05_2025,1
p80,mil,9_05_2025,1
p80,sec,9_05_2025,1
jj,af,9_05_2025,1
jj,ep,9_05_2025,1
mil,sec,9_05_2025,1
,,,
p81,tw,9_05_2025,1
p81,edu,9_05_2025,1
p81,mil,9_05_2025,1
p81,sec,9_05_2025,1
tw,pr,9_05_2025,1
tw,ep,9_05_2025,1
tw,mil,9_05_2025,1
,,,
p82,vf,9_05_2025,1
p82,af,9_05_2025,1
p82,ta,9_05_2025,1
p82,mil,9_05_2025,1
vf,sec,9_05_2025,1
vf,eco,9_05_2025,1
vf,sec,9_05_2025,1
,,,
p83,rm,9_05_2025,1
p83,af,9_05_2025,1
p83,eco,9_05_2025,1
p83,ta,9_05_2025,1
p83,mil,9_05_2025,1
rm,rol,9_05_2025,1
rm,sec,9_05_2025,1
rm,mil,9_05_2025,1
,,,
p84,cm,9_05_2025,1
p84,af,9_05_2025,1
p84,eco,9_05_2025,1
p84,ta,9_05_2025,1
p84,mil,9_05_2025,1
cm,reg,9_05_2025,1
cm,ep,9_05_2025,1
cm,sec,9_05_2025,1
,,,
p85,eo,9_05_2025,2
p85,im,9_05_2025,2
p85,dp,9_05_2025,2
eo,im,9_05_2025,2
im,dp,9_05_2025,2
dp,nas,9_05_2025,2
p85,il,9_05_2025,2
il,im,9_05_2025,2
,,,
p86,usa,10_05_2025,1
p86,ind,10_05_2025,1
p86,pak,10_05_2025,1
p86,cf,10_05_2025,1
usa,ir,10_05_2025,1
ind,cf,10_05_2025,1
pak,cf,10_05_2025,1
,,,
p87,sj,10_05_2025,1
p87,boo,10_05_2025,1
p87,maga,10_05_2025,1
p87,cnn,10_05_2025,1
sj,maga,10_05_2025,1
sj,fn,10_05_2025,1
boo,maga,10_05_2025,1
,,,
p88,china,27_02_2026,1
p88,us,27_02_2026,1
p88,pair,27_02_2026,1
china,us,27_02_2026,1
china,pair,27_02_2026,1
us,pair,27_02_2026,1
,,,
p89,india,10_05_2025,1
p89,pakistan,10_05_2025,1
p89,us,10_05_2025,1
p89,pair,10_05_2025,1
india,pakistan,10_05_2025,1
india,us,10_05_2025,1
india,pair,10_05_2025,1
pakistan,us,10_05_2025,1
pakistan,pair,10_05_2025,1
us,pair,10_05_2025,1
,,,
p90,russia,11_05_2025,1
p90,ukraine,11_05_2025,1
p90,us,11_05_2025,1
p90,pair,11_05_2025,1
p90,b,11_05_2025,3
russia,ukraine,11_05_2025,1
russia,us,11_05_2025,1
russia,b,11_05_2025,3
ukraine,us,11_05_2025,1
ukraine,b,11_05_2025,3
us,pair,11_05_2025,1
,,,
p91,techbros,11_05_2025,2
p91,creators,11_05_2025,3
p91,caaa,11_05_2025,3
techbros,creators,11_05_2025,2
techbros,caaa,11_05_2025,2
creators,caaa,11_05_2025,3
,,,
p92,putin,11_05_2025,2
p92,ukraine,11_05_2025,1
p92,us,11_05_2025,1
p92,eu_leaders,11_05_2025,3
p92,pair,11_05_2025,1
p92,b,11_05_2025,3
putin,ukraine,11_05_2025,2
putin,us,11_05_2025,2
putin,pair,11_05_2025,2
ukraine,us,11_05_2025,1
ukraine,pair,11_05_2025,1
ukraine,b,11_05_2025,3
us,pair,11_05_2025,1
us,b,11_05_2025,3
eu_leaders,pair,11_05_2025,3
,,,
p93,illegal_aliens,11_05_2025,2
p93,court_system,11_05_2025,2
p93,lawyers,11_05_2025,1
p93,us,11_05_2025,1
p93,cm,11_05_2025,3
illegal_aliens,court_system,11_05_2025,2
illegal_aliens,us,11_05_2025,2
illegal_aliens,cm,11_05_2025,2
court_system,us,11_05_2025,2
court_system,cm,11_05_2025,2
lawyers,us,11_05_2025,1
lawyers,cm,11_05_2025,1
p93,maga,11_05_2025,1
,,,
p94,democrats,11_05_2025,2
p94,us,11_05_2025,1
p94,tariffs,11_05_2025,1
p94,t,11_05_2025,1
democrats,us,11_05_2025,2
democrats,tariffs,11_05_2025,2
us,tariffs,11_05_2025,1
us,t,11_05_2025,1
tariffs,t,11_05_2025,1
p94,maga,11_05_2025,1
,,,
p95,pharmaceutical_companies,11_05_2025,2
p95,drug_companies,11_05_2025,2
p95,democrats,11_05_2025,3
p95,republicans,11_05_2025,1
p95,us,11_05_2025,1
p95,me,11_05_2025,3
p95,maga,11_05_2025,3
pharmaceutical_companies,us,11_05_2025,2
pharmaceutical_companies,me,11_05_2025,2
drug_companies,us,11_05_2025,2
drug_companies,me,11_05_2025,2
democrats,us,11_05_2025,3
democrats,me,11_05_2025,3
republicans,us,11_05_2025,1
republicans,me,11_05_2025,1
us,me,11_05_2025,1
us,maga,11_05_2025,3
,,,
p96,edan_alexander,11_05_2025,1
p96,us,11_05_2025,1
p96,qatar,11_05_2025,1
p96,egypt,11_05_2025,1
p96,pair,11_05_2025,1
edan_alexander,us,11_05_2025,1
edan_alexander,qatar,11_05_2025,1
edan_alexander,egypt,11_05_2025,1
edan_alexander,pair,11_05_2025,1
us,qatar,11_05_2025,1
us,egypt,11_05_2025,1
us,pair,11_05_2025,1
qatar,egypt,11_05_2025,1
qatar,pair,11_05_2025,1
egypt,pair,11_05_2025,1
,,,
p97,martha_raditz,11_05_2025,2
p97,abc,11_05_2025,2
p97,pl,11_05_2025,3
p97,bob_iger,11_05_2025,1
p97,maga,11_05_2025,3
p97,mc,11_05_2025,3
martha_raditz,abc,11_05_2025,2
martha_raditz,pl,11_05_2025,3
martha_raditz,mc,11_05_2025,2
abc,mc,11_05_2025,2
bob_iger,maga,11_05_2025,1
,,,
p98,defense_department,11_05_2025,1
p98,democrats,11_05_2025,2
p98,af1,11_05_2025,1
p98,maga,11_05_2025,3
p98,caaa,11_05_2025,3
defense_department,af1,11_05_2025,1
defense_department,caaa,11_05_2025,1
democrats,caaa,11_05_2025,2
af1,caaa,11_05_2025,1
,,,
p99,edan_alexander,12_05_2025,1
p99,ham,12_05_2025,1
p99,pair,12_05_2025,3
edan_alexander,ham,12_05_2025,1
ham,pair,12_05_2025,1
edan_alexander,pair,12_05_2025,1
,,,
p100,me,12_05_2025,1
p100,pharmaceutical_companies,12_05_2025,1
p100,drug_companies,12_05_2025,1
p100,ep,12_05_2025,1
p100,if,12_05_2025,1
me,pharmaceutical_companies,12_05_2025,1
me,drug_companies,12_05_2025,1
ep,if,12_05_2025,1
,,,
p101,edan_alexander,12_05_2025,1
p101,pair,12_05_2025,3
edan_alexander,pair,12_05_2025,1
,,,
p102,sec_kennedy,12_05_2025,1
p102,o,12_05_2025,2
p102,suc,12_05_2025,3
sec_kennedy,o,12_05_2025,2
sec_kennedy,suc,12_05_2025,1
o,suc,12_05_2025,3
,,,
p103,jay_bhattacharya,12_05_2025,1
p103,me,12_05_2025,1
p103,pharmaceutical_companies,12_05_2025,1
p103,drug_companies,12_05_2025,1
jay_bhattacharya,me,12_05_2025,1
jay_bhattacharya,pharmaceutical_companies,12_05_2025,1
jay_bhattacharya,drug_companies,12_05_2025,1
me,pharmaceutical_companies,12_05_2025,1
me,drug_companies,12_05_2025,1
pharmaceutical_companies,drug_companies,12_05_2025,1
,,,
p104,pharmaceutical_companies,12_05_2025,2
p104,me,12_05_2025,1
pharmaceutical_companies,me,12_05_2025,2
,,,
p105,me,12_05_2025,1
p105,pharmaceutical_companies,12_05_2025,1
p105,drug_companies,12_05_2025,1
me,pharmaceutical_companies,12_05_2025,1
me,drug_companies,12_05_2025,1
pharmaceutical_companies,drug_companies,12_05_2025,1
,,,
p106,rs,12_05_2025,1
p106,jason_smith,12_05_2025,1
p106,brett_guthrie,12_05_2025,1
p106,gt_thompson,12_05_2025,1
p106,o,12_05_2025,2
p106,me,12_05_2025,1
p106,pharmaceutical_companies,12_05_2025,1
p106,drug_companies,12_05_2025,1
p106,t,12_05_2025,1
p106,caaa,12_05_2025,3
p106,maga,12_05_2025,3
p106,suc,12_05_2025,3
rs,jason_smith,12_05_2025,1
rs,brett_guthrie,12_05_2025,1
rs,gt_thompson,12_05_2025,1
rs,o,12_05_2025,2
jason_smith,o,12_05_2025,2
brett_guthrie,o,12_05_2025,2
gt_thompson,o,12_05_2025,2
me,pharmaceutical_companies,12_05_2025,1
me,drug_companies,12_05_2025,1
t,caaa,12_05_2025,1
pharmaceutical_companies,caaa,12_05_2025,1
drug_companies,caaa,12_05_2025,1
maga,caaa,12_05_2025,3
suc,caaa,12_05_2025,3
,,,
p107,me,12_05_2025,1
p107,pharmaceutical_companies,12_05_2025,1
p107,drug_companies,12_05_2025,1
me,pharmaceutical_companies,12_05_2025,1
me,drug_companies,12_05_2025,1
pharmaceutical_companies,drug_companies,12_05_2025,1
,,,
p108,mu,12_05_2025,2
p108,cr,12_05_2025,2
p108,rl,12_05_2025,2
p108,le,12_05_2025,1
mu,cr,12_05_2025,2
mu,rl,12_05_2025,2
cr,rl,12_05_2025,2
le,mu,12_05_2025,1
le,cr,12_05_2025,1
le,rl,12_05_2025,1
,,,
p109,jack_ciattarelli,12_05_2025,1
p109,maga,12_05_2025,3
p109,rs,12_05_2025,1
p109,rl,12_05_2025,2
p109,mu,12_05_2025,2
p109,cr,12_05_2025,2
p109,ma,12_05_2025,1
p109,ep,12_05_2025,1
p109,sec,12_05_2025,1
p109,ta,12_05_2025,1
p109,suc,12_05_2025,3
jack_ciattarelli,maga,12_05_2025,3
jack_ciattarelli,rs,12_05_2025,1
jack_ciattarelli,rl,12_05_2025,2
jack_ciattarelli,mu,12_05_2025,2
jack_ciattarelli,cr,12_05_2025,2
jack_ciattarelli,ma,12_05_2025,1
jack_ciattarelli,ep,12_05_2025,1
jack_ciattarelli,sec,12_05_2025,1
jack_ciattarelli,ta,12_05_2025,1
jack_ciattarelli,suc,12_05_2025,3
rs,jack_ciattarelli,12_05_2025,1
rs,ma,12_05_2025,1
rs,ep,12_05_2025,1
rs,ta,12_05_2025,1
rl,jack_ciattarelli,12_05_2025,2
rl,mu,12_05_2025,2
rl,cr,12_05_2025,2
ma,ep,12_05_2025,1
ma,ta,12_05_2025,1
ep,ta,12_05_2025,1
,,,
p110,le,12_05_2025,1
,,,
p111,joe_concha,12_05_2025,1
p111,boo,12_05_2025,1
p111,fk,12_05_2025,2
p111,mc,12_05_2025,2
joe_concha,boo,12_05_2025,1
joe_concha,fk,12_05_2025,1
joe_concha,mc,12_05_2025,1
fk,mc,12_05_2025,2
,,,
p112,me,12_05_2025,1
p112,pharmaceutical_companies,12_05_2025,1
p112,drug_companies,12_05_2025,1
me,pharmaceutical_companies,12_05_2025,1
me,drug_companies,12_05_2025,1
pharmaceutical_companies,drug_companies,12_05_2025,1
,,,
p113,caaa,13_05_2025,2
p113,ep,13_05_2025,1
p113,if,13_05_2025,1
ep,if,13_05_2025,1
caaa,ep,13_05_2025,2
caaa,if,13_05_2025,2
p113,fed,13_05_2025,3
,,,
p114,sean_hannity,13_05_2025,1
p114,p,13_05_2025,3
p114,tva,13_05_2025,3
sean_hannity,p,13_05_2025,1
sean_hannity,tva,13_05_2025,1
p,tva,13_05_2025,3
,,,
p115,usaf,13_05_2025,1
p115,dod,13_05_2025,1
p115,qatar,13_05_2025,1
p115,boeing,13_05_2025,3
p115,mil,13_05_2025,1
p115,tax,13_05_2025,1
p115,gov,13_05_2025,1
p115,maga,13_05_2025,1
,,,
qatar,usaf,13_05_2025,1
qatar,gov,13_05_2025,1
usaf,dod,13_05_2025,3
mil,tax,13_05_2025,1
gov,maga,13_05_2025,1
,,,
p116,wh,14_05_2025,1
p116,riy,14_05_2025,1
p116,abu,14_05_2025,1
p116,me,14_05_2025,1
p116,regp,14_05_2025,1
p116,neo,14_05_2025,2
p116,libnp,14_05_2025,2
,,,
regp,me,14_05_2025,1
riy,me,14_05_2025,1
abu,me,14_05_2025,1
neo,libnp,14_05_2025,1
,,,
p117,scotus,15_05_2025,1
p117,usa,15_05_2025,1
p117,bc,15_05_2025,3
p117,cartel,15_05_2025,2
p117,ill,15_05_2025,2
p117,pc,15_05_2025,2
p117,cw,15_05_2025,3
p117,cong,15_05_2025,3
p117,bos,15_05_2025,1
ill,cartel,15_05_2025,1
cw,bos,15_05_2025,1
cong,bc,15_05_2025,3
,,,
p118,cw,15_05_2025,3
p118,cip,15_05_2025,2
p118,bc,15_05_2025,3
cw,bc,15_05_2025,3
bc,cip,15_05_2025,2
,,,
p119,rl,16_05_2025,2
p119,scotus,16_05_2025,1
p119,elec,16_05_2025,3
p119,people,16_05_2025,1
p119,maga,16_05_2025,1
p119,pa,16_05_2025,2
rl,scotus,16_05_2025,2
people,maga,16_05_2025,1
elec,rl,16_05_2025,2
rl,pa,16_05_2025,2
,,,
p121,ts,16_05_2025,2
p121,pa,16_05_2025,2
p121,maga,16_05_2025,1
ts,pa,16_05_2025,2
,,,
p122,rl,16_05_2025,2
p122,scotus,16_05_2025,1
p122,pa,16_05_2025,2
p122,people,16_05_2025,1
p122,usa,16_05_2025,1
rl,scotus,16_05_2025,2
rl,pa,16_05_2025,2
people,usa,16_05_2025,1
,,,
p123,bs,16_05_2025,2
p123,biden,16_05_2025,2
p123,rl,16_05_2025,2
p123,pa,16_05_2025,2
p123,usa,16_05_2025,1
p123,maga,16_05_2025,1
bs,pa,16_05_2025,2
biden,pa,16_05_2025,2
rl,pa,16_05_2025,2
bs,rl,16_05_2025,2
,,,
p124,r,16_05_2025,1
p124,bbb,16_05_2025,1
p124,amer_need,16_05_2025,1
p124,ia,16_05_2025,2
p124,dems,16_05_2025,2
p124,gs,16_05_2025,2
p124,biden,16_05_2025,2
p124,ta,16_05_2025,1
r,bbb,16_05_2025,1
bbb,amer_need,16_05_2025,1
dems,bbb,16_05_2025,2
biden,bbb,16_05_2025,2
gs,r,16_05_2025,2
ia,bbb,16_05_2025,2
ta,bbb,16_05_2025,1
,,,
p125,smc,16_05_2025,1
p125,wv,16_05_2025,1
p125,amer,16_05_2025,1
p125,sen_env,16_05_2025,1
p125,mil_vets,16_05_2025,1
p125,ep,16_05_2025,1
p125,sec,16_05_2025,1
smc,wv,16_05_2025,1
smc,amer,16_05_2025,1
smc,sen_env,16_05_2025,1
smc,mil_vets,16_05_2025,1
smc,ep,16_05_2025,1
smc,sec,16_05_2025,1
,,,
p126,mm,16_05_2025,1
p126,ok,16_05_2025,1
p126,amer,16_05_2025,1
p126,mil_vets,16_05_2025,1
p126,ep,16_05_2025,1
p126,sec,16_05_2025,1
p126,farm_ranch,16_05_2025,1
p126,tribal,16_05_2025,1
p126,warren,16_05_2025,2
p126,mc,16_05_2025,2
p126,cr,16_05_2025,2
p126,maga,16_05_2025,1
p126,af,17_05_2025,1
p126,border,17_05_2025,1
mm,ok,17_05_2025,1
mm,amer,17_05_2025,1
mm,mil_vets,17_05_2025,1
mm,ep,17_05_2025,1
mm,sec,17_05_2025,1
mm,farm_ranch,17_05_2025,1
mm,tribal,17_05_2025,1
mm,maga,17_05_2025,1
mm,af,17_05_2025,1
mm,border,17_05_2025,1
warren,mm,17_05_2025,2
m,cr,16_05_2025,2
,,,
p127,alito,16_05_2025,1
p127,thomas,16_05_2025,1
p127/mu,mu,16_05_2025,2
p127/cr,cr,16_05_2025,2
p127/dd,dd,16_05_2025,2
p127/gm,gm,16_05_2025,2
p127/mi,mi,16_05_2025,2
p127/biden,biden,16_05_2025,2
p127/ia,ia,16_05_2025,2
p127/scotus,scotus,16_05_2025,2
mu,cr,16_05_2025,2
dd,cr,16_05_2025,2
gm,cr,16_05_2025,2
mi,cr,16_05_2025,2
ia,cr,16_05_2025,2
biden,ia,16_05_2025,2
scotus,ia,16_05_2025,2
,,,
p128,me,16_05_2025,1
,,,
p129,syr,16_05_2025,1
,,,
p130,usaf,16_05_2025,1
p130,boeing,16_05_2025,1
p130,pres,16_05_2025,1
usaf,boeing,16_05_2025,1
pres,usaf,16_05_2025,1
pres,boeing,16_05_2025,1
,,,
p131,maga,17_05_2025,1
p131,rl,17_05_2025,2
p131,comey,17_05_2025,2
p131,obama,17_05_2025,2
p131,biden,17_05_2025,2
p131,autopen,17_05_2025,3
p131,elec2020,17_05_2025,3
p131,unselect_committee,17_05_2025,2
rl,comey,17_05_2025,2
rl,obama,17_05_2025,2
rl,biden,17_05_2025,2
unselect_committee,autopen,17_05_2025,2
unselect_committee,elec2020,17_05_2025,2
,,,
p132,walmart,17_05_2025,1
p132,chn,17_05_2025,2
p132,t,17_05_2025,3
walmart,chn,17_05_2025,2
walmart,t,17_05_2025,3
,,,
p133,putin,17_05_2025,1
p133,zelenskyy,17_05_2025,1
p133,nato,17_05_2025,1
p133,b,17_05_2025,2
p133,rus,17_05_2025,3
p133,ukr,17_05_2025,3
p133,tr,17_05_2025,3
putin,b,17_05_2025,2
putin,ukr,17_05_2025,3
zelenskyy,b,17_05_2025,2
zelenskyy,ukr,17_05_2025,3
putin,zelenskyy,17_05_2025,1
putin,nato,17_05_2025,1
zelenskyy,nato,17_05_2025,1
,,,
p134,powell,17_05_2025,2
p134,fed,17_05_2025,3
p134,tr,17_05_2025,3
powell,fed,17_05_2025,2
powell,tr,17_05_2025,2
,,,
p135,qatar,17_05_2025,1
p135,boeing,17_05_2025,1
p135,abc,17_05_2025,2
p135,usa,17_05_2025,3
p135,usaf,17_05_2025,3
p135,dod,17_05_2025,3
p135,bi,17_05_2025,2
p135,pa,17_05_2025,2
qatar,boeing,17_05_2025,1
qatar,usaf,17_05_2025,1
qatar,dod,17_05_2025,1
abc,usaf,17_05_2025,2
abc,dod,17_05_2025,2
bi,pa,17_05_2025,2
,,,
p136,biden,18_05_2025,3
p136,jill,18_05_2025,3
p136,melania,18_05_2025,3
biden,jill,18_05_2025,1
biden,melania,18_05_2025,1
jill,melania,18_05_2025,3
,,,
p137,harris,19_05_2025,2
p137,bs,19_05_2025,2
p137,beyonce,19_05_2025,2
p137,oprah,19_05_2025,2
p137,bono,19_05_2025,2
harris,bs,19_05_2025,2
harris,beyonce,19_05_2025,2
harris,oprah,19_05_2025,2
harris,bono,19_05_2025,2
,,,
p138,harris,19_05_2025,2
p138,beyonce,19_05_2025,2
p138,bs,19_05_2025,2
p138,oprah,19_05_2025,2
p138,beyonce,19_05_2025,2
harris,beyonce,19_05_2025,2
harris,springsteen,19_05_2025,2
harris,oprah,19_05_2025,2
harris,bono,19_05_2025,2
,,,
p139,putin,19_05_2025,1
p139,zelenskyy,19_05_2025,1
p139,uleyen,19_05_2025,1
p139,macron,19_05_2025,1
p139,meloni,19_05_2025,1
p139,merz,19_05_2025,1
p139,stubb,19_05_2025,1
p139,pl,19_05_2025,1
p139,rus,19_05_2025,1
p139,ukr,19_05_2025,1
p139,eu,19_05_2025,1
p139,fr,19_05_2025,1
p139,it,19_05_2025,1
p139,de,19_05_2025,1
p139,fi,19_05_2025,1
p139,vatican,19_05_2025,1
p139,tr,19_05_2025,1
putin,zelenskyy,19_05_2025,1
putin,rus,19_05_2025,1
zelenskyy,ukr,19_05_2025,1
uleyen,eu,19_05_2025,1
macron,fr,19_05_2025,1
meloni,it,19_05_2025,1
merz,de,19_05_2025,1
stubb,fi,19_05_2025,1
pl,vatican,19_05_2025,1
rus,tr,19_05_2025,1
ukr,tr,19_05_2025,1
,,,
p140,ai,19_05_2025,1
p140,tid,19_05_2025,1
p140,w,19_05_2025,1
tid,w,19_05_2025,1
ai,w,19_05_2025,1
,,,
p141,rm,20_05_2025,1
p141,mb,20_05_2025,1
p141,fb,20_05_2025,1
p141,ks,20_05_2025,1
rm,mb,20_05_2025,1
rm,fb,20_05_2025,1
rm,ks,20_05_2025,1
,,,
p142,jb,20_05_2025,2
p142,ob,20_05_2025,2
p142,cr,20_05_2025,2
p142,dd,20_05_2025,2
p142,gm,20_05_2025,2
p142,mi,20_05_2025,2
p142,m,20_05_2025,2
p142,aut,20_05_2025,2
jb,ob,20_05_2025,2
jb,cr,20_05_2025,2
jb,dd,20_05_2025,2
jb,gm,20_05_2025,2
jb,mi,20_05_2025,2
jb,m,20_05_2025,2
aut,jb,20_05_2025,2
m,cr,20_05_2025,2
m,dd,20_05_2025,2
m,gm,20_05_2025,2
m,mi,20_05_2025,2
,,,
p143,congress,21_05_2025,1
p143,spectrum,21_05_2025,1
p143,wifi,21_05_2025,1
p143,g5,21_05_2025,1
p143,g6,21_05_2025,1
spectrum,congress,21_05_2025,1
wifi,g5,21_05_2025,1
wifi,g6,21_05_2025,1
g5,g6,21_05_2025,1
,,,
p144,dn,21_05_2025,1
p144,rom,21_05_2025,1
p144,af,21_05_2025,1
p144,mil,21_05_2025,1
p144,econ,21_05_2025,1
p144,sec,21_05_2025,1
dn,rom,21_05_2025,1
dn,af,21_05_2025,1
dn,mil,21_05_2025,1
dn,econ,21_05_2025,1
dn,sec,21_05_2025,1
,,,
p145,fn,21_05_2025,1
p145,fm,21_05_2025,1
p145,sb,21_05_2025,1
p145,hl,21_05_2025,1
p145,wp,21_05_2025,1
p145,cash,21_05_2025,1
sb,fn,21_05_2025,1
sb,fm,21_05_2025,1
hl,fn,21_05_2025,1
hl,fm,21_05_2025,1
wp,fn,21_05_2025,1
wp,fm,21_05_2025,1
,,,
p146,dc_killings,21_05_2025,2
p146,jews,21_05_2025,1
p146,families,21_05_2025,1
p146,radical_left,21_05_2025,2
,,,
p147,bbb,22_05_2025,1
p147,mj,22_05_2025,1
p147,house,22_05_2025,1
p147,senate,22_05_2025,1
p147,r,22_05_2025,1
p147,tax,22_05_2025,1
p147,border,22_05_2025,1
p147,ice,22_05_2025,1
p147,bp,22_05_2025,1
p147,gd,22_05_2025,1
p147,tsa,22_05_2025,1
p147,d,22_05_2025,2
p147,ob,22_05_2025,2
p147,cr,22_05_2025,2
mj,house,22_05_2025,1
r,house,22_05_2025,1
d,ob,22_05_2025,2
ob,cr,22_05_2025,2
border,ice,22_05_2025,1
border,bp,22_05_2025,1
,,,
p148,federal_judge,22_05_2025,2
p148,criminals,22_05_2025,2
p148,south_sudan,22_05_2025,0
p148,djibouti,22_05_2025,0
p148,supreme_court,22_05_2025,1
p148,radical_left,22_05_2025,2
p148,ice_officers,22_05_2025,1
,,,
p149,republicans,22_05_2025,1
p149,florida,22_05_2025,1
p149,democrats,22_05_2025,2
p149,miami_dade,22_05_2025,1
p149,republican_party_fl,22_05_2025,1
p149,trump,22_05_2025,1
,,,
p150,crypto_dinner,22_05_2025,1
p150,loudoun_county,22_05_2025,0
p150,usa,22_05_2025,1
p150,crypto,22_05_2025,1
p150,bitcoin,22_05_2025,1
,,,
p151,bernie_navarro,22_05_2025,1
p151,peru,22_05_2025,1
p151,usa,22_05_2025,1
p151,miami_dade_college,22_05_2025,1
p151,university_miami,22_05_2025,1
p151,harvard_university,22_05_2025,1
,,,
p152,russia,23_05_2025,1
p152,ukraine,23_05_2025,1
p152,prisoner_swap,23_05_2025,1
,,,
p153,united_states,23_05_2025,1
p153,united_kingdom,23_05_2025,1
p153,windmills,23_05_2025,2
p153,north_sea,23_05_2025,1
p153,aberdeen,23_05_2025,1
p153,oil_drilling,23_05_2025,1
p153,tax_system,23_05_2025,2
,,,
p154,tim_cook,23_05_2025,0
p154,apple,23_05_2025,2
p154,iphone,23_05_2025,1
p154,united_states,23_05_2025,1
p154,india,23_05_2025,2
p154,tariff,23_05_2025,1
,,,
p155,eu,23_05_2025,2
p155,trade,23_05_2025,1
p155,tariff,23_05_2025,1
p155,united_states,23_05_2025,1
p155,american_companies,23_05_2025,1
,,,
p156,us_steel,23_05_2025,1
p156,nippon_steel,23_05_2025,1
p156,tariff,23_05_2025,1
p156,united_states,23_05_2025,1
p156,pennsylvania,23_05_2025,1
p156,economy,23_05_2025,1
us_steel,nippon_steel,23_05_2025,1
us_steel,economy,23_05_2025,1
,,,
p157,us_army,23_05_2025,1
p157,parade,23_05_2025,1
p157,united_states,23_05_2025,1
p157,washington_dc,23_05_2025,1
us_army,parade,23_05_2025,1
,,,
p158,second_lieutenants,24_05_2025,1
p158,us_military,24_05_2025,1
second_lieutenants,us_military,24_05_2025,1
,,,
p159,harvard,25_05_2025,1
p159,foreign_students,25_05_2025,1
harvard,foreign_students,25_05_2025,1
,,,
p160,ursula_von_der_leyen,25_05_2025,1
p160,eu,25_05_2025,1
p160,tr,25_05_2025,1
ursula_von_der_leyen,eu,25_05_2025,1
ursula_von_der_leyen,tr,25_05_2025,1
eu,tr,25_05_2025,1
p161,af,25_05_2025,1
p161,border,25_05_2025,1
b_steil,af,25_05_2025,1
b_steil,border,25_05_2025,1
,,,
p162,g_reschenthaler,25_05_2025,1
p162,af,25_05_2025,1
p162,border,25_05_2025,1
p162,ta,25_05_2025,1
p162,ma,25_05_2025,1
p162,miusa,25_05_2025,1
g_reschenthaler,af,25_05_2025,1
g_reschenthaler,border,25_05_2025,1
g_reschenthaler,ta,25_05_2025,1
g_reschenthaler,ma,25_05_2025,1
g_reschenthaler,miusa,25_05_2025,1
,,,
p163,t_downing,25_05_2025,1
p163,ep,25_05_2025,1
p163,pts,25_05_2025,1
p163,border,25_05_2025,1
p163,ma,25_05_2025,1
t_downing,ep,25_05_2025,1
t_downing,pts,25_05_2025,1
t_downing,border,25_05_2025,1
t_downing,ma,25_05_2025,1
,,,
p164,a_garbarino,25_05_2025,1
p164,ep,25_05_2025,1
p164,border,25_05_2025,1
p164,ma,25_05_2025,1
a_garbarino,ep,25_05_2025,1
a_garbarino,border,25_05_2025,1
a_garbarino,ma,25_05_2025,1
,,,
p165,c_travis,25_05_2025,1
p165,boo,25_05_2025,1
p165,maga,25_05_2025,1
c_travis,boo,25_05_2025,1
c_travis,maga,25_05_2025,1
,,,
p166,j_concha,25_05_2025,1
p166,boo,25_05_2025,1
p166,fk,25_05_2025,1
p166,maga,25_05_2025,1
j_concha,boo,25_05_2025,1
j_concha,fk,25_05_2025,1
j_concha,maga,25_05_2025,1
,,,
p167,putin,25_05_2025,2
p167,rus,25_05_2025,2
p167,zel,25_05_2025,2
p167,ukr,25_05_2025,2
p167,war,25_05_2025,2
p167,drones,25_05_2025,2
p167,civilians,25_05_2025,2
p167,biden,25_05_2025,2
putin,rus,25_05_2025,2
zel,ukr,25_05_2025,2
putin,war,25_05_2025,2
zel,war,25_05_2025,2
biden,war,25_05_2025,2
,,,
p168,r,26_05_2025,2
p168,migrants,26_05_2025,2
p168,criminals,26_05_2025,2
p168,mentally_insane,26_05_2025,2
p168,murderers,26_05_2025,2
p168,drug_dealers,26_05_2025,2
p168,rapists,26_05_2025,2
p168,gang_members,26_05_2025,2
p168,prisoners,26_05_2025,2
p168,judges,26_05_2025,2
p168,supcourt,26_05_2025,2
p168,usa,26_05_2025,2
criminals,migrants,26_05_2025,2
murderers,migrants,26_05_2025,2
drug_dealers,migrants,26_05_2025,2
rapists,migrants,26_05_2025,2
gang_members,migrants,26_05_2025,2
prisoners,migrants,26_05_2025,2
judges,murderers,26_05_2025,2
judges,drug_dealers,26_05_2025,2
judges,rapists,26_05_2025,2
judges,gang_members,26_05_2025,2
supcourt,judges,26_05_2025,2
p168,biden,26_05_2025,2
biden,r,26_05_2025,2
biden,migrants,26_05_2025,2
biden,criminals,26_05_2025,2
,,,
p169,usa,26_05_2025,1
p169,countries,26_05_2025,1
p169,pair,26_05_2025,1
p169,maga,26_05_2025,1
p169,af,26_05_2025,1
p169,td,26_05_2025,1
,,,
p170,amer,26_05_2025,1
p170,iv,26_05_2025,1
p170,sc,26_05_2025,1
p170,if,26_05_2025,1
p170,pf,26_05_2025,1
p170,af,26_05_2025,1
amer,iv,26_05_2025,1
amer,sc,26_05_2025,1
amer,if,26_05_2025,1
amer,pf,26_05_2025,1
amer,af,26_05_2025,1
iv,sc,26_05_2025,1
iv,if,26_05_2025,1
iv,pf,26_05_2025,1
iv,af,26_05_2025,1
sc,if,26_05_2025,1
sc,pf,26_05_2025,1
sc,af,26_05_2025,1
if,pf,26_05_2025,1
if,af,26_05_2025,1
pf,af,26_05_2025,1
,,,
p171,harv,26_05_2025,2
p171,ts,26_05_2025,1
p171,af,26_05_2025,1
p171,caaa,26_05_2025,1
harv,ts,26_05_2025,2
harv,af,26_05_2025,2
harv,caaa,26_05_2025,2
ts,af,26_05_2025,1
ts,caaa,26_05_2025,1
af,caaa,26_05_2025,1
,,,
p172,harv,26_05_2025,2
p172,gov,26_05_2025,1
p172,jud,26_05_2025,1
p172,af,26_05_2025,1
harv,gov,26_05_2025,2
harv,jud,26_05_2025,2
harv,af,26_05_2025,2
gov,jud,26_05_2025,1
gov,af,26_05_2025,1
jud,af,26_05_2025,1
,,,
p173,anc,26_05_2025,1
p173,amer,26_05_2025,1
p173,ma,26_05_2025,1
p173,af,26_05_2025,1
anc,amer,26_05_2025,1
anc,ma,26_05_2025,1
anc,af,26_05_2025,1
amer,ma,26_05_2025,1
amer,af,26_05_2025,1
ma,af,26_05_2025,1
,,,
p174,sj,26_05_2025,1
p174,pj,26_05_2025,1
p174,rb,26_05_2025,2
p174,doj,26_05_2025,2
p174,courts,26_05_2025,2
p174,af,26_05_2025,1
sj,pj,26_05_2025,1
sj,rb,26_05_2025,2
sj,doj,26_05_2025,2
sj,courts,26_05_2025,2
sj,af,26_05_2025,1
pj,rb,26_05_2025,2
pj,doj,26_05_2025,2
pj,courts,26_05_2025,2
pj,af,26_05_2025,1
rb,doj,26_05_2025,2
rb,courts,26_05_2025,2
rb,af,26_05_2025,1
doj,courts,26_05_2025,2
doj,af,26_05_2025,1
courts,af,26_05_2025,1
,,,
p175,gn,27_05_2025,2
p175,cali,27_05_2025,2
p175,fa,27_05_2025,2
p175,la,27_05_2025,2
p175,ath,27_05_2025,2
p175,af,27_05_2025,1
p175,sp,27_05_2025,3
p175,rl,27_05_2025,2
gn,cali,27_05_2025,2
gn,fa,27_05_2025,2
gn,la,27_05_2025,2
gn,ath,27_05_2025,2
gn,af,27_05_2025,1
gn,rl,27_05_2025,2
cali,fa,27_05_2025,2
cali,la,27_05_2025,2
cali,ath,27_05_2025,2
cali,af,27_05_2025,1
cali,sp,27_05_2025,3
cali,rl,27_05_2025,2
fa,la,27_05_2025,2
fa,ath,27_05_2025,2
fa,af,27_05_2025,1
fa,sp,27_05_2025,3
fa,rl,27_05_2025,2
la,ath,27_05_2025,2
la,af,27_05_2025,1
la,sp,27_05_2025,3
la,rl,27_05_2025,2
ath,af,27_05_2025,1
ath,sp,27_05_2025,3
ath,rl,27_05_2025,2
sp,rl,27_05_2025,3
,,,
p176,eu,27_05_2025,1
p176,chn,27_05_2025,1
p176,amer,27_05_2025,1
p176,t,27_05_2025,1
p176,af,27_05_2025,1
eu,chn,27_05_2025,1
eu,amer,27_05_2025,1
eu,t,27_05_2025,1
eu,af,27_05_2025,1
chn,amer,27_05_2025,1
chn,t,27_05_2025,1
chn,af,27_05_2025,1
amer,t,27_05_2025,1
amer,af,27_05_2025,1
t,af,27_05_2025,1
,,,
p177,rus,27_05_2025,2
p177,put,27_05_2025,2
p177,af,27_05_2025,1
rus,put,27_05_2025,1
rus,af,27_05_2025,1
put,af,27_05_2025,1
,,,
p178,usb,27_05_2025,1
p178,biden,27_05_2025,2
p178,dems,27_05_2025,2
p178,af,27_05_2025,1
usb,biden,27_05_2025,2
usb,dems,27_05_2025,2
usb,af,27_05_2025,1
biden,dems,27_05_2025,2
biden,af,27_05_2025,1
dems,af,27_05_2025,1
,,,
p179,can,27_05_2025,1
p179,amer,27_05_2025,1
p179,af,27_05_2025,1
can,amer,27_05_2025,1
can,af,27_05_2025,1
amer,af,27_05_2025,1
,,,
p180,maine,27_05_2025,1
p180,fish,27_05_2025,1
p180,can,27_05_2025,1
p180,obama,27_05_2025,2
p180,biden,27_05_2025,2
p180,env,27_05_2025,2
p180,lumber,27_05_2025,1
p180,af,27_05_2025,1
maine,fish,27_05_2025,1
maine,can,27_05_2025,1
maine,obama,27_05_2025,2
maine,biden,27_05_2025,2
maine,env,27_05_2025,2
maine,lumber,27_05_2025,1
maine,af,27_05_2025,1
fish,can,27_05_2025,1
fish,obama,27_05_2025,2
fish,biden,27_05_2025,2
fish,env,27_05_2025,2
fish,lumber,27_05_2025,1
fish,af,27_05_2025,1
can,obama,27_05_2025,2
can,biden,27_05_2025,2
can,env,27_05_2025,2
can,lumber,27_05_2025,1
can,af,27_05_2025,1
obama,biden,27_05_2025,1
obama,env,27_05_2025,2
obama,lumber,27_05_2025,2
obama,af,27_05_2025,1
biden,env,27_05_2025,2
biden,lumber,27_05_2025,2
biden,af,27_05_2025,1
env,lumber,27_05_2025,2
env,af,27_05_2025,1
lumber,af,27_05_2025,1
,,,
p181,alaska,27_05_2025,1
p181,biden,27_05_2025,2
p181,harris,27_05_2025,2
p181,pol_leaders,27_05_2025,3
p181,af,27_05_2025,1
alaska,biden,27_05_2025,2
alaska,harris,27_05_2025,2
alaska,pol_leaders,27_05_2025,3
alaska,af,27_05_2025,1
biden,harris,27_05_2025,1
biden,pol_leaders,27_05_2025,3
biden,af,27_05_2025,1
harris,pol_leaders,27_05_2025,3
harris,af,27_05_2025,1
pol_leaders,af,27_05_2025,1
,,,
p182,autopen,27_05_2025,2
p182,biden,27_05_2025,2
p182,im,27_05_2025,2
p182,sp,27_05_2025,2
p182,af,27_05_2025,1
autopen,biden,27_05_2025,2
autopen,im,27_05_2025,2
autopen,sp,27_05_2025,2
autopen,af,27_05_2025,1
biden,im,27_05_2025,2
biden,sp,27_05_2025,2
biden,af,27_05_2025,1
im,sp,27_05_2025,2
im,af,27_05_2025,1
sp,af,27_05_2025,1
,,,
p183,fannie,27_05_2025,1
p183,freddie,27_05_2025,1
p183,usgov,27_05_2025,3
p183,amer,27_05_2025,1
p183,af,27_05_2025,1
fannie,freddie,27_05_2025,1
fannie,usgov,27_05_2025,3
fannie,amer,27_05_2025,1
fannie,af,27_05_2025,1
freddie,usgov,27_05_2025,3
freddie,amer,27_05_2025,1
freddie,af,27_05_2025,1
usgov,amer,27_05_2025,3
usgov,af,27_05_2025,1
amer,af,27_05_2025,1
p183,maga,27_05_2025,1
,,,
p184,barrack,28_05_2025,1
p184,amer,28_05_2025,1
p184,syr,28_05_2025,1
p184,tur,28_05_2025,1
p184,radicalism,28_05_2025,2
p184,af,28_05_2025,1
p184,nas,28_05_2025,1
barrack,amer,28_05_2025,1
barrack,syr,28_05_2025,1
barrack,tur,28_05_2025,1
barrack,radicalism,28_05_2025,2
barrack,af,28_05_2025,1
barrack,nas,28_05_2025,1
amer,syr,28_05_2025,1
amer,tur,28_05_2025,1
amer,radicalism,28_05_2025,2
amer,af,28_05_2025,1
amer,nas,28_05_2025,1
syr,tur,28_05_2025,1
syr,radicalism,28_05_2025,2
syr,af,28_05_2025,1
syr,nas,28_05_2025,1
tur,radicalism,28_05_2025,2
tur,af,28_05_2025,1
tur,nas,28_05_2025,1
radicalism,af,28_05_2025,1
radicalism,nas,28_05_2025,1
af,nas,28_05_2025,1
,,,
p185,bove,28_05_2025,1
p185,uscourt3,28_05_2025,1
p185,georgetown,28_05_2025,1
p185,sdny,28_05_2025,1
p185,tinu,28_05_2025,1
p185,rol,28_05_2025,1
p185,nas,28_05_2025,1
p185,af,28_05_2025,1
bove,uscourt3,28_05_2025,1
bove,georgetown,28_05_2025,1
bove,sdny,28_05_2025,1
bove,tinu,28_05_2025,1
sdny,tinu,28_05_2025,1
rol,bove,28_05_2025,1
nas,tinu,28_05_2025,1
,,,
p186,kd,28_05_2025,1
p186,usdct_fl,28_05_2025,1
p186,rol,28_05_2025,1
p186,im,28_05_2025,1
p186,le,28_05_2025,1
p186,af,28_05_2025,1
p186,cm,28_05_2025,1
kd,usdct_fl,28_05_2025,1
kd,rol,28_05_2025,1
kd,im,28_05_2025,1
kd,le,28_05_2025,1
kd,af,28_05_2025,1
im,cm,28_05_2025,
,,,
p187,moe,28_05_2025,1
p187,usdct_fl,28_05_2025,1
p187,fl2court,28_05_2025,1
p187,fl13court,28_05_2025,1
p187,rol,28_05_2025,1
p187,im,28_05_2025,2
p187,cm,28_05_2025,2
p187,amer,28_05_2025,1
p187,af,28_05_2025,1
moe,usdct_fl,28_05_2025,1
moe,fl2court,28_05_2025,1
moe,fl13court,28_05_2025,1
moe,rol,28_05_2025,1
moe,im,28_05_2025,2
moe,cm,28_05_2025,2
moe,amer,28_05_2025,1
moe,af,28_05_2025,1
im,cm,28_05_2025,2
,,,
p188,guard,28_05_2025,1
p188,usdct_fl,28_05_2025,1
p188,fsu,28_05_2025,1
p188,tulane,28_05_2025,1
p188,cdag,28_05_2025,1
p188,asstusa,28_05_2025,1
p188,rol,28_05_2025,1
p188,af,28_05_2025,1
guard,usdct_fl,28_05_2025,1
guard,fsu,28_05_2025,1
guard,tulane,28_05_2025,1
guard,cdag,28_05_2025,1
guard,asstusa,28_05_2025,1
guard,rol,28_05_2025,1
guard,af,28_05_2025,1
,,,
p189,pratt,28_05_2025,1
p189,usdct_fl,28_05_2025,1
p189,fl5court,28_05_2025,1
p189,us_sba,28_05_2025,1
p189,olp,28_05_2025,1
p189,dsg_fl,28_05_2025,1
p189,rol,28_05_2025,1
p189,af,28_05_2025,1
pratt,usdct_fl,28_05_2025,1
pratt,fl5court,28_05_2025,1
pratt,us_sba,28_05_2025,1
pratt,olp,28_05_2025,1
pratt,dsg_fl,28_05_2025,1
pratt,rol,28_05_2025,1
pratt,af,28_05_2025,1
,,,
p190,artau,28_05_2025,1
p190,usdct_sfl,28_05_2025,1
p190,fl4court,28_05_2025,1
p190,fl15court,28_05_2025,1
p190,sfwmd,28_05_2025,1
p190,rol,28_05_2025,1
p190,cs,28_05_2025,1
p190,af,28_05_2025,1
artau,usdct_sfl,28_05_2025,1
artau,fl4court,28_05_2025,1
artau,fl15court,28_05_2025,1
artau,sfwmd,28_05_2025,1
artau,rol,28_05_2025,1
artau,cs,28_05_2025,1
artau,af,28_05_2025,1
,,,
p191,pulitzer,28_05_2025,2
p191,nyt,28_05_2025,2
p191,washcomp,28_05_2025,2
p191,flappcourt,28_05_2025,1
p191,fnm,28_05_2025,2
p191,amer,28_05_2025,1
p191,rus,28_05_2025,3
p191,rol,28_05_2025,1
p191,cm,28_05_2025,2
pulitzer,nyt,28_05_2025,2
pulitzer,washcomp,28_05_2025,2
pulitzer,fnm,28_05_2025,2
nyt,washcomp,28_05_2025,2
nyt,fnm,28_05_2025,2
washcomp,fnm,28_05_2025,2
flappcourt,rol,28_05_2025,1
,,,
p192,ingrassia,29_05_2025,1
p192,osc,29_05_2025,1
p192,whls_hs,29_05_2025,1
p192,cornell,29_05_2025,1
p192,fordham,29_05_2025,1
p192,rol,29_05_2025,1
p192,af,29_05_2025,1
ingrassia,osc,29_05_2025,1
ingrassia,whls_hs,29_05_2025,1
ingrassia,cornell,29_05_2025,1
ingrassia,fordham,29_05_2025,1
ingrassia,rol,29_05_2025,1
ingrassia,af,29_05_2025,1
cornell,fordham,29_05_2025,1
,,,
p193,uscit,29_05_2025,2
p193,federalcircuit,29_05_2025,1
p193,scotus,29_05_2025,1
p193,congress,29_05_2025,2
p193,rl,29_05_2025,2
p193,fed_soc,29_05_2025,2
p193,leo,29_05_2025,2
p193,usa,29_05_2025,1
p193,invest,29_05_2025,1
uscit,federalcircuit,29_05_2025,1
federalcircuit,scotus,29_05_2025,1
rl,congress,29_05_2025,2
fed_soc,leo,29_05_2025,2
usa,invest,29_05_2025,1
,,,
p194,musk,29_05_2025,1
p194,wh,29_05_2025,1
p194,p,29_05_2025,3
p194,af,29_05_2025,1
musk,wh,29_05_2025,1
musk,af,29_05_2025,1
,,,
p195,chn,30_05_2025,2
p195,usa,30_05_2025,1
p195,t,30_05_2025,1
p195,invest,30_05_2025,1
p195,af,30_05_2025,1
chn,t,30_05_2025,2
chn,invest,30_05_2025,2
usa,t,30_05_2025,1
usa,invest,30_05_2025,1
t,invest,30_05_2025,1
,,,
p196,cbo,30_05_2025,2
p196,dems,30_05_2025,2
p196,usa,30_05_2025,1
p196,gw,30_05_2025,1
p196,ta,30_05_2025,1
p196,af,30_05_2025,1
cbo,dems,30_05_2025,2
gw,ta,30_05_2025,1
usa,gw,30_05_2025,1
usa,ta,30_05_2025,1
,,,
p197,sajet,30_05_2025,2
p197,npg,30_05_2025,3
p197,dei,30_05_2025,2
p197,af,30_05_2025,1
sajet,npg,30_05_2025,3
sajet,dei,30_05_2025,2
,,,
p198,musk,30_05_2025,1
p198,wh,30_05_2025,3
p198,af,30_05_2025,1
p198,b,30_05_2025,1
musk,wh,30_05_2025,1
musk,af,30_05_2025,1
musk,b,30_05_2025,1
,,,
p199,zito,30_05_2025,1
p199,book,30_05_2025,1
p199,af,30_05_2025,1
p199,amer,30_05_2025,1
zito,book,30_05_2025,1
zito,af,30_05_2025,1
zito,amer,30_05_2025,1
book,af,30_05_2025,1
book,amer,30_05_2025,1
,,,
p200,steel,30_05_2025,1
p200,alu,30_05_2025,1
p200,usa,30_05_2025,1
p200,t,30_05_2025,1
p200,af,30_05_2025,1
steel,alu,30_05_2025,1
steel,t,30_05_2025,1
alu,t,30_05_2025,1
steel,usa,30_05_2025,1
alu,usa,30_05_2025,1
,,,
p201,danp,30_05_2025,1
p201,txsen,30_05_2025,1
p201,txhouse,30_05_2025,3
p201,txle,30_05_2025,1
p201,usa,30_05_2025,1
p201,m,30_05_2025,2
p201,af,30_05_2025,1
danp,txsen,30_05_2025,1
danp,txle,30_05_2025,1
txsen,txle,30_05_2025,1
txle,usa,30_05_2025,1
txle,m,30_05_2025,2
,,,
p202,steel,30_05_2025,1
p202,pitt,30_05_2025,1
p202,shang,30_05_2025,2
p202,af,30_05_2025,1
steel,pitt,30_05_2025,1
steel,shang,30_05_2025,2
steel,af,30_05_2025,1
pitt,af,30_05_2025,1
,,,
203,workers,31_05_2025,1
p203,usa,31_05_2025,1
p203,af,31_05_2025,1
workers,usa,31_05_2025,1
workers,af,31_05_2025,1
usa,af,31_05_2025,1
,,,
p204,bbb,31_05_2025,1
p204,amer,31_05_2025,1
p204,wclass,31_05_2025,1
p204,m,31_05_2025,2
p204,med,31_05_2025,1
p204,af,31_05_2025,1
bbb,amer,31_05_2025,1
bbb,wclass,31_05_2025,1
bbb,m,31_05_2025,2
bbb,med,31_05_2025,1
bbb,af,31_05_2025,1
amer,wclass,31_05_2025,1
amer,med,31_05_2025,1
wclass,med,31_05_2025,1
,,,
p205,pi,31_05_2025,1
p205,osc,31_05_2025,1
p205,th,31_05_2025,1
p205,border,31_05_2025,1
p205,sp,31_05_2025,1
p205,rp,31_05_2025,2
p205,rl,31_05_2025,2
p205,bbb,31_05_2025,1
p205,usd,31_05_2025,2
p205,usa,31_05_2025,1
p205,af,31_05_2025,1
pi,osc,31_05_2025,1
th,border,31_05_2025,1
rp,rl,31_05_2025,2
bbb,rp,31_05_2025,1
sp,usd,31_05_2025,1
usa,af,31_05_2025,1
,,,
p206,ss,31_05_2025,1
p206,ta,31_05_2025,1
p206,af,31_05_2025,1
ss,ta,31_05_2025,1
ss,af,31_05_2025,1
ta,af,31_05_2025,1
,,,
p207,ji,31_05_2025,3
p207,nasa,31_05_2025,3
p207,af,31_05_2025,1
ji,nasa,31_05_2025,3
ji,af,31_05_2025,1
nasa,af,31_05_2025,1
,,,
p208,dm,01_06_2025,1
p208,td,01_06_2025,1
dm,td,01_06_2025,1
p208,boo,01_06_2025,3
dm,boo,01_06_2025,1
,,,
p209,sz,01_06_2025,1
p209,butler,01_06_2025,1
p209,dt,01_06_2025,1
p209,maga,01_06_2025,1
p209,usa,01_06_2025,3
p209,boo,01_06_2025,3
sz,butler,01_06_2025,1
butler,boo,01_06_2025,3
maga,usa,01_06_2025,1
,,,
p210,be,01_06_2025,1
p210,usa_att,01_06_2025,1
p210,ctf,01_06_2025,1
p210,hf,01_06_2025,3
p210,fc,01_06_2025,2
p210,usa,01_06_2025,3
be,usa_att,01_06_2025,1
be,ctf,01_06_2025,1
be,hf,01_06_2025,3
be,fc,01_06_2025,2
be,usa,01_06_2025,1
,,,
p211,pat,01_06_2025,1
p211,steel_pa,01_06_2025,3
p211,usa,01_06_2025,3
p211,energy,01_06_2025,3
p211,metal,01_06_2025,3
,,,
p212,courts,01_06_2025,3
p212,t,01_06_2025,1
p212,oc,01_06_2025,2
p212,usa,01_06_2025,3
p212,af,01_06_2025,3
,,,
p213,boulder,02_06_2025,1
p213,rad,02_06_2025,2
p213,biden_ob,02_06_2025,2
p213,usa,02_06_2025,3
p213,af,02_06_2025,3
p213,le,02_06_2025,3
af,le,02_06_2025,1
rad,dep,02_06_2025,1
af,bs,02_06_2025,1
,,,
p214,irn,02_06_2025,2
p214,uen,02_06_2025,2
p214,aut,02_06_2025,2
p214,agr,02_06_2025,1
p214,usa,02_06_2025,1
p214,af,02_06_2025,1
irn,uen,02_06_2025,2
,,,
p215,ml,02_06_2025,1
p215,umf,02_06_2025,1
p215,wep,02_06_2025,3
p215,usa,02_06_2025,1
p215,af,02_06_2025,1
p215,nas,02_06_2025,1
p215,ng,02_06_2025,1
p215,ma,02_06_2025,1
wep,nas,02_06_2025,1
ml,nas,02_06_2025,1
,,,
p216,bbb,02_06_2025,1
p216,usa,02_06_2025,1
p216,ta,02_06_2025,3
p216,sc,02_06_2025,1
p216,ep,02_06_2025,3
p216,spr,02_06_2025,3
p216,t,02_06_2025,3
p216,p,02_06_2025,3
p216,fos,02_06_2025,3
p216,pa,02_06_2025,2
p216,le,02_06_2025,3
p216,mu,02_06_2025,3
p216,cm,02_06_2025,3
p216,sch,02_06_2025,1
p216,c,02_06_2025,3
p216,w,02_06_2025,3
p216,af,02_06_2025,3
,,,
p217,bbb,02_06_2025,1
p217,ss,02_06_2025,1
p217,me,02_06_2025,1
p217,med,02_06_2025,1
p217,dem,02_06_2025,2
p217,wfa,02_06_2025,1
p217,af,02_06_2025,1
,,,
p218,mw,02_06_2025,2
p218,fk,02_06_2025,2
p218,harv,02_06_2025,2
p218,wh,02_06_2025,1
p218,upa,02_06_2025,1
p218,boo,02_06_2025,3
p218,af,02_06_2025,1
mw,fk,02_06_2025,2
mw,harv,02_06_2025,2
wh,upa,02_06_2025,1
,,,
p219,t,02_06_2025,3
p219,iv,02_06_2025,3
p219,af,02_06_2025,3
t,iv,02_06_2025,1
t,af,02_06_2025,1
iv,af,02_06_2025,1
,,,
p220,im,04_06_2025,3
p220,nas,04_06_2025,3
p220,le,04_06_2025,3
p220,af,04_06_2025,3
im,nas,04_06_2025,1
im,le,04_06_2025,1
nas,le,04_06_2025,1
im,af,04_06_2025,1
nas,af,04_06_2025,1
le,af,04_06_2025,1
,,,
p221,iv,05_06_2025,3
p221,chn,05_06_2025,3
p221,pair,05_06_2025,3
p221,af,05_06_2025,3
iv,chn,05_06_2025,1
iv,pair,05_06_2025,1
chn,pair,05_06_2025,1
iv,af,05_06_2025,1
chn,af,05_06_2025,1
pair,af,05_06_2025,1
p221,td,05_06_2025,3
td,chn,05_06_2025,1
,,,
p222,iv,05_06_2025,3
p222,t,05_06_2025,3
p222,af,05_06_2025,3
iv,t,05_06_2025,1
iv,af,05_06_2025,1
t,af,05_06_2025,1
,,,
p223,elon,05_06_2025,2
p223,af,05_06_2025,3
p223,t,05_06_2025,3
elon,af,05_06_2025,1
elon,t,05_06_2025,1
af,t,05_06_2025,1
,,,
p224,bbb,05_06_2025,3
p224,af,05_06_2025,3
p224,t,05_06_2025,3
p224,elon,05_06_2025,2
bbb,af,05_06_2025,1
bbb,t,05_06_2025,1
elon,bbb,05_06_2025,2
elon,af,05_06_2025,1
elon,t,05_06_2025,1
bbb,maga,05_06_2025,1
bbb,ta,05_06_2025,1
elon,maga,05_06_2025,1
elon,ta,05_06_2025,1
,,,
p225,fk,06_06_2025,2
p225,p,06_06_2025,3
p225,maga,06_06_2025,3
p225,nyt,06_06_2025,2
p225,wcp,06_06_2025,2
p225,d,06_06_2025,2
fk,nyt,06_06_2025,2
fk,wcp,06_06_2025,2
nyt,wcp,06_06_2025,2
nyt,d,06_06_2025,2
wcp,d,06_06_2025,2
,,,
p226,if,06_06_2025,1
p226,t,06_06_2025,1
p226,bd,06_06_2025,1
p226,iv,06_06_2025,1
p226,gas,06_06_2025,1
p226,c,06_06_2025,1
p226,maga,06_06_2025,1
if,t,06_06_2025,3
if,iv,06_06_2025,3
t,iv,06_06_2025,3
c,iv,06_06_2025,1
c,gas,06_06_2025,1
bd,t,06_06_2025,3
,,,
p227,tl,06_06_2025,2
p227,rate,06_06_2025,1
p227,inf,06_06_2025,3
p227,debt,06_06_2025,1
p227,short,06_06_2025,1
p227,long,06_06_2025,1
tl,rate,06_06_2025,2
tl,debt,06_06_2025,2
rate,debt,06_06_2025,3
short,long,06_06_2025,3
p227,gp,06_06_2025,3
p227,pa,06_06_2025,3
gp,pa,06_06_2025,3
,,,
p228,tc,06_06_2025,1
p228,rw,06_06_2025,1
p228,to,06_06_2025,1
p228,nas,06_06_2025,3
p228,bbb,06_06_2025,3
,,,
p229,jc,07_06_2025,1
p229,nj,07_06_2025,1
p229,ensr,07_06_2025,3
jc,nj,07_06_2025,1
jc,ensr,07_06_2025,1
,,,
p230,gn,07_06_2025,2
p230,kb,07_06_2025,2
p230,cali,07_06_2025,2
p230,la,07_06_2025,2
p230,rl,07_06_2025,2
p230,cm,07_06_2025,2
gn,rl,07_06_2025,2
kb,rl,07_06_2025,2
cali,cm,07_06_2025,2
la,cm,07_06_2025,2
,,,
p231,la,08_06_2025,2
p231,gn,08_06_2025,2
p231,kb,08_06_2025,2
p231,rl,08_06_2025,2
p231,cm,08_06_2025,3
p231,ng,08_06_2025,2
la,cm,08_06_2025,2
la,ng,08_06_2025,2
gn,rl,08_06_2025,2
kb,rl,08_06_2025,2
,,,
p232,la,08_06_2025,2
p232,kn,08_06_2025,2
p232,ph,08_06_2025,2
p232,pb,08_06_2025,2
p232,cm,08_06_2025,2
p232,m,08_06_2025,2
p232,db,08_06_2025,2
p232,dhs,08_06_2025,2
p232,dod,08_06_2025,2
p232,ag,08_06_2025,2
la,cm,08_06_2025,2
la,m,08_06_2025,2
la,db,08_06_2025,2
,,,
p233,jmd,09_06_2025,2
p233,lapd,09_06_2025,2
p233,la,09_06_2025,2
p233,cm,09_06_2025,2
p233,ng,09_06_2025,2
p233,m,09_06_2025,2
jmd,lapd,09_06_2025,2
la,cm,09_06_2025,2
la,m,09_06_2025,2
la,ng,09_06_2025,2
,,,
p234,ng,09_06_2025,2
p234,la,09_06_2025,3
p234,gn,09_06_2025,2
p234,kb,09_06_2025,2
p234,cm,09_06_2025,3
p234,le,09_06_2025,3
p234,af,09_06_2025,3
gn,la,09_06_2025,2
kb,la,09_06_2025,2
,,,
p235,la,10_06_2025,2
p235,gn,10_06_2025,2
p235,kb,10_06_2025,2
p235,fed,10_06_2025,2
p235,ng,10_06_2025,2
p235,af,10_06_2025,2
gn,la,10_06_2025,2
kb,la,10_06_2025,2
fed,la,10_06_2025,2
ng,la,10_06_2025,2
,,,
p236,obbb,10_06_2025,2
p236,child_a,10_06_2025,2
p236,af,10_06_2025,3
obbb,child_a,10_06_2025,2
obbb,af,10_06_2025,1
child_a,af,10_06_2025,1
,,,
p237,brad_l,10_06_2025,2
p237,idaho,10_06_2025,2
p237,border,10_06_2025,2
p237,military,10_06_2025,2
p237,le,10_06_2025,2
p237,sa,10_06_2025,2
p237,taxes,10_06_2025,2
p237,farmers,10_06_2025,2
brad_l,idaho,10_06_2025,1
brad_l,border,10_06_2025,1
brad_l,military,10_06_2025,1
brad_l,le,10_06_2025,1
brad_l,sa,10_06_2025,1
brad_l,taxes,10_06_2025,1
brad_l,farmers,10_06_2025,1
,,,
p238,army,10_06_2025,2
p238,blackh,10_06_2025,2
p238,artillery,10_06_2025,2
p238,infantry,10_06_2025,2
army,blackh,10_06_2025,1
army,artillery,10_06_2025,1
army,infantry,10_06_2025,1
blackh,artillery,10_06_2025,1
blackh,infantry,10_06_2025,1
artillery,infantry,10_06_2025,1
,,,
p239,army,10_06_2025,2
p239,flag,10_06_2025,2
p239,nas,10_06_2025,3
p239,af,10_06_2025,3
army,flag,10_06_2025,1
army,nas,10_06_2025,1
nas,af,10_06_2025,1
,,,
p240,army,10_06_2025,2
p240,flag,10_06_2025,2
p240,nas,10_06_2025,2
p240,af,10_06_2025,2
army,flag,10_06_2025,1
army,nas,10_06_2025,1
nas,af,10_06_2025,1
,,,
p241,army,10_06_2025,2
p241,nas,10_06_2025,3
p241,af,10_06_2025,3
p241,cali,10_06_2025,2
army,nas,10_06_2025,1
nas,af,10_06_2025,1
army,cali,10_06_2025,1
,,,
p242,t,11_06_2025,2
p242,usa,11_06_2025,2
t,usa,11_06_2025,1
p242,prot,11_06_2025,1
p242,fac,11_06_2025,1
fac,prot,11_06_2025,1
,,,
,,,
p243,gov_ca,11_06_2025,2
p243,ice_officers,11_06_2025,1
p243,agitators,11_06_2025,2
gov_ca,ice_officers,11_06_2025,2
gov_ca,agitators,11_06_2025,2
ice_officers,agitators,11_06_2025,2
,,,
p243,ng,12_06_2025,1
p243,ma,12_06_2025,1
p243,le,12_06_2025,1
p243,cali,12_06_2025,3
p243,pa,12_06_2025,2
p243,cm,12_06_2025,3
ng,ma,12_06_2025,1
ng,le,12_06_2025,1
ng,cm,12_06_2025,3
ma,le,12_06_2025,1
ma,cm,12_06_2025,3
le,cm,12_06_2025,3
pa,le,12_06_2025,2
pa,ng,12_06_2025,2
pa,ma,12_06_2025,2
,,,
p245,bbb,12_06_2025,1
p245,amer,12_06_2025,1
p245,ta,12_06_2025,1
p245,cm,12_06_2025,3
bbb,ta,12_06_2025,1
bbb,cm,12_06_2025,3
amer,cm,12_06_2025,3
,,,
p246,rs,12_06_2025,1
p246,w,12_06_2025,1
p246,c,12_06_2025,1
p246,bbb,12_06_2025,1
p246,amer,12_06_2025,1
rs,w,12_06_2025,1
rs,c,12_06_2025,1
rs,bbb,12_06_2025,1
w,c,12_06_2025,1
bbb,amer,12_06_2025,1
,,,
p247,chn,12_06_2025,1
p247,td,12_06_2025,1
p247,amer,12_06_2025,1
chn,td,12_06_2025,1
td,amer,12_06_2025,1
,,,
p248,migrants,12_06_2025,2
p248,farmer,12_06_2025,1
p248,hlb,12_06_2025,1
p248,biden,12_06_2025,2
p248,amer,12_06_2025,1
farmer,hlb,12_06_2025,3
migrants,farmer,12_06_2025,2
migrants,hlb,12_06_2025,2
biden,migrants,12_06_2025,2
amer,farmer,12_06_2025,1
amer,hlb,12_06_2025,1
,,,
p249,amer,12_06_2025,1
p249,usa,12_06_2025,1
p249,tc,12_06_2025,1
p249,budget,12_06_2025,1
amer,usa,12_06_2025,3
tc,budget,12_06_2025,3
tc,usa,12_06_2025,1
budget,usa,12_06_2025,3
,,,
p250,biden,12_06_2025,2
p250,ice,12_06_2025,1
p250,cbp,12_06_2025,1
p250,amer,12_06_2025,1
p250,ohio,12_06_2025,2
p250,border,12_06_2025,1
p250,aliens,12_06_2025,2
p250,schools,12_06_2025,2
p250,hospitals,12_06_2025,2
p250,parks,12_06_2025,2
p250,resources,12_06_2025,2
p250,jobs,12_06_2025,2
p250,welfare,12_06_2025,2
aliens,amer,12_06_2025,2
aliens,schools,12_06_2025,2
aliens,hospitals,12_06_2025,2
aliens,parks,12_06_2025,2
aliens,jobs,12_06_2025,2
aliens,welfare,12_06_2025,2
ice,border,12_06_2025,1
ice,amer,12_06_2025,1
cbp,aliens,12_06_2025,1
,,,
p251,house,12_06_2025,3
p251,npr,12_06_2025,2
p251,pbs,12_06_2025,2
p251,rep,12_06_2025,1
p251,aid,12_06_2025,2
p251,bill,12_06_2025,3
p251,t,12_06_2025,1
p251,aliens,12_06_2025,1
p251,economy,12_06_2025,1
p251,bbb,12_06_2025,1
npr,pbs,12_06_2025,2
house,r,12_06_2025,1
bbb,t,12_06_2025,3
bbb,economy,12_06_2025,
,,,
p252,irn,12_06_2025,3
p252,us,12_06_2025,3
p252,nuke,12_06_2025,3
p252,dipl,12_06_2025,3
irn,nuke,12_06_2025,3
us,nuke,12_06_2025,3
irn,dipl,12_06_2025,3
us,dipl,12_06_2025,3
,,,
p253,biden,12_06_2025,2
p253,newscum,12_06_2025,2
p253,ice,12_06_2025,1
p253,amer,12_06_2025,1
p253,illegals,12_06_2025,2
p253,schools,12_06_2025,2
p253,hospitals,12_06_2025,2
p253,communities,12_06_2025,2
p253,welfare,12_06_2025,2
biden,illegals,12_06_2025,2
newscum,illegals,12_06_2025,2
ice,illegals,12_06_2025,1
amer,illegals,12_06_2025,2
illegals,schools,12_06_2025,2
illegals,hospitals,12_06_2025,2
illegals,communities,12_06_2025,2
illegals,welfare,12_06_2025,2
ice,amer,12_06_2025,1
,,,
p254,iran,13_06_2025,2
p254,usmil,13_06_2025,1
p254,isr,13_06_2025,1
iran,usmil,13_06_2025,2
iran,isr,13_06_2025,2
usmil,isr,13_06_2025,1
,,,
p255,ng,13_06_2025,1
p255,usmil,13_06_2025,1
p255,cali,13_06_2025,3
ng,usmil,13_06_2025,1
ng,cali,13_06_2025,1
usmil,cali,13_06_2025,1
,,,
p256,iran,13_06_2025,2
p256,ult,13_06_2025,3
p256,deal,13_06_2025,3
p256,second_chance,13_06_2025,3
iran,ult,13_06_2025,2
iran,deal,13_06_2025,2
ult,deal,13_06_2025,3
deal,second_chance,13_06_2025,3
,,,
p257,ag,14_06_2025,3
p257,fbi,14_06_2025,3
p257,mnlaw1,14_06_2025,3
p257,mnlaw2,14_06_2025,3
p257,mn,14_06_2025,3
p257,violence,14_06_2025,3
ag,fbi,14_06_2025,1
ag,mnlaw1,14_06_2025,1
ag,mnlaw2,14_06_2025,1
fbi,mnlaw1,14_06_2025,1
fbi,mnlaw2,14_06_2025,1
mnlaw1,mnlaw2,14_06_2025,3
mnlaw1,violence,14_06_2025,2
mnlaw2,violence,14_06_2025,2
mn,ag,14_06_2025,3
mn,fbi,14_06_2025,3
,,,
p258,putin,14_06_2025,3
p258,iran,14_06_2025,3
p258,rus,14_06_2025,3
p258,isr,14_06_2025,3
p258,prisoners,14_06_2025,3
putin,iran,14_06_2025,3
putin,rus,14_06_2025,3
putin,isr,14_06_2025,3
iran,isr,14_06_2025,3
prisoners,putin,14_06_2025,1
prisoners,iran,14_06_2025,1
prisoners,isr,14_06_2025,1
,,,
p259,iran,15_06_2025,3
p259,usmil,15_06_2025,1
p259,isr,15_06_2025,3
p259,deal,15_06_2025,3
iran,usmil,15_06_2025,2
iran,isr,15_06_2025,2
isr,deal,15_06_2025,3
usmil,deal,15_06_2025,3
,,,
p260,iran,15_06_2025,3
p260,isr,15_06_2025,3
p260,india,15_06_2025,3
p260,pak,15_06_2025,3
p260,serbia,15_06_2025,3
p260,kosovo,15_06_2025,3
p260,egypt,15_06_2025,3
p260,ethiopia,15_06_2025,3
p260,nile_dam,15_06_2025,3
p260,trade_us,15_06_2025,3
iran,isr,15_06_2025,3
india,pak,15_06_2025,3
serbia,kosovo,15_06_2025,3
egypt,ethiopia,15_06_2025,3
egypt,nile_dam,15_06_2025,3
ethiopia,nile_dam,15_06_2025,3
iran,trade_us,15_06_2025,3
isr,trade_us,15_06_2025,3
india,trade_us,15_06_2025,3
pak,trade_us,15_06_2025,3
,,,
p261,ice,15_06_2025,3
p261,fb,15_06_2025,3
p261,dea,15_06_2025,3
p261,atf,15_06_2025,3
p261,pentagon,15_06_2025,3
p261,state_dept,15_06_2025,3
p261,americans,15_06_2025,3
p261,la,15_06_2025,3
p261,ny,15_06_2025,3
p261,chi,15_06_2025,3
p261,sanctuary,15_06_2025,3
p261,dems,15_06_2025,3
ice,fb,15_06_2025,1
ice,dea,15_06_2025,1
ice,atf,15_06_2025,1
ice,pentagon,15_06_2025,1
ice,state_dept,15_06_2025,1
ice,americans,15_06_2025,1
ice,la,15_06_2025,1
ice,ny,15_06_2025,1
ice,chi,15_06_2025,1
ice,sanctuary,15_06_2025,1
dems,la,15_06_2025,2
dems,ny,15_06_2025,2
dems,chi,15_06_2025,2
,,,
p262,hamadeh,16_06_2025,1
p262,az8,16_06_2025,3
p262,army,16_06_2025,1
p262,border,16_06_2025,1
p262,economy,16_06_2025,3
p262,ta,16_06_2025,3
p262,military,16_06_2025,3
p262,elections,16_06_2025,3
p262,sec,16_06_2025,3
hamadeh,az8,16_06_2025,1
hamadeh,army,16_06_2025,1
hamadeh,border,16_06_2025,1
hamadeh,economy,16_06_2025,1
hamadeh,ta,16_06_2025,1
hamadeh,military,16_06_2025,1
hamadeh,elections,16_06_2025,1
hamadeh,sec,16_06_2025,1
,,,
p263,irn,16_06_2025,3
p263,nuw,16_06_2025,2
p263,deal,16_06_2025,3
p263,evac,16_06_2025,3
p263,us,16_06_2025,3
irn,nuw,16_06_2025,3
irn,deal,16_06_2025,3
irn,evac,16_06_2025,3
us,deal,16_06_2025,3
us,nuw,16_06_2025,1
,,,
p264,tc,16_06_2025,2
p264,irn,16_06_2025,3
p264,nuw,16_06_2025,3
p264,us,16_06_2025,3
tc,irn,16_06_2025,3
us,irn,16_06_2025,1
tc,pa,16_06_2025,2
,,,
p265,af,16_06_2025,1
p265,irn,16_06_2025,2
p265,nuw,16_06_2025,3
p265,us,16_06_2025,1
af,irn,16_06_2025,3
af,us,16_06_2025,1
us,irn,16_06_2025,1
irn,nuw,16_06_2025,3
us,nuw,16_06_2025,1
p265,maga,16_06_2025,3
,,,
p266,gn,16_06_2025,2
p266,la,16_06_2025,3
p266,natguard,16_06_2025,1
p266,attacks,16_06_2025,3
p266,us,16_06_2025,3
gn,attacks,16_06_2025,2
natguard,la,16_06_2025,1
us,natguard,16_06_2025,1
gn,pa,16_06_2025,2
,,,
p257,macron,17_06_2025,2
p257,g7summit,17_06_2025,3
p257,ceasefire,17_06_2025,3
p257,us,17_06_2025,3
p257,isr,17_06_2025,3
p257,iran,17_06_2025,3
macron,ceasefire,17_06_2025,3
macron,g7summit,17_06_2025,3
macron,us,17_06_2025,3
g7summit,ceasefire,17_06_2025,3
g7summit,us,17_06_2025,3
g7summit,macron,17_06_2025,3
ceasefire,isr,17_06_2025,3
ceasefire,iran,17_06_2025,3
us,isr,17_06_2025,3
us,iran,17_06_2025,3
,,,
p258,iran,17_06_2025,3
p258,peace_talks,17_06_2025,2
p258,fake_news,17_06_2025,1
p258,us,17_06_2025,3
iran,peace_talks,17_06_2025,3
iran,us,17_06_2025,3
fake_news,peace_talks,17_06_2025,1
,,,
p259,irn,17_06_2025,2
p259,usmil,17_06_2025,1
p259,airspace,17_06_2025,3
p259,israel,17_06_2025,3
usmil,airspace,17_06_2025,1
usmil,israel,17_06_2025,1
irn,airspace,17_06_2025,2
,,,
p260,supreme,17_06_2025,2
p260,iran,17_06_2025,2
p260,us,17_06_2025,1
p260,usmil,17_06_2025,1
p260,civ,17_06_2025,1
p260,missiles,17_06_2025,2
supreme,iran,17_06_2025,3
irn,missiles,17_06_2025,2
missiles,civ,17_06_2025,2
missiles,usmil,17_06_2025,2
us,usmil,17_06_2025,1
,,,
p261,wh,17_06_2025,3
p261,flags,17_06_2025,3
wh,flags,17_06_2025,3
,,,
p262,sen,18_06_2025,3
p262,ha,18_06_2025,3
p262,da,18_06_2025,3
p262,ga,18_06_2025,3
sen,da,18_06_2025,1
ha,da,18_06_2025,1
sen,ga,18_06_2025,1
ha,ga,18_06_2025,1
,,,
p263,cm,18_06_2025,3
p263,usc,18_06_2025,3
p263,rol,18_06_2025,3
cm,rol,18_06_2025,1
cm,usc,18_06_2025,1
,,,
p264,top,18_06_2025,2
p264,pa,18_06_2025,3
top,pa,18_06_2025,2
,,,
p265,fn,19_06_2025,2
p265,pa,19_06_2025,3
fn,pa,19_06_2025,2
,,,
p266,jp,19_06_2025,2
p266,pa,19_06_2025,3
jp,pa,19_06_2025,2
jp,if,19_06_2025,2
,,,
p267,ttb,19_06_2025,3
,,,
p268,tn,19_06_2025,3
p268,al,19_06_2025,3
p268,ar,19_06_2025,3
p268,northc,19_06_2025,3
,,,
p269,nwh,19_06_2025,2
p269,af,19_06_2025,1
nwh,af,19_06_2025,1
,,,
p270,le,19_06_2025,1
p270,ng,19_06_2025,1
p270,cali,19_06_2025,2
p270,amer,19_06_2025,1
p270,rol,19_06_2025,1
p270,njc,19_06_2025,1
p270,pa,19_06_2025,2
le,ng,19_06_2025,1
le,cali,19_06_2025,2
le,amer,19_06_2025,1
ng,cali,19_06_2025,2
ng,amer,19_06_2025,1
njc,cali,19_06_2025,3
njc,amer,19_06_2025,3
rol,le,19_06_2025,1
rol,njc,19_06_2025,1
,,,
p271,biden,20_06_2025,3
p271,pa,20_06_2025,3
p271,o,20_06_2025,3
p271,amer,20_06_2025,1
p271,rs,20_06_2025,1
p271,ice,20_06_2025,1
p271,m,20_06_2025,3
biden,o,20_06_2025,2
biden,m,20_06_2025,2
ice,m,20_06_2025,1
rs,ice,20_06_2025,1
amer,ice,20_06_2025,1
biden,pa,20_06_2025,2
,,,
p272,harv,20_06_2025,3
p272,amer,20_06_2025,1
harv,amer,20_06_2025,1
,,,
p273,pow,20_06_2025,2
p273,pa,20_06_2025,2
pa,pow,20_06_2025,2
,,,
p274,rubio,20_06_2025,1
p274,drc,20_06_2025,1
p274,rwa,20_06_2025,1
p274,npp,20_06_2025,3
rubio,drc,20_06_2025,1
rubio,rwa,20_06_2025,1
drc,rwa,20_06_2025,1
drc,npp,20_06_2025,3
rwa,npp,20_06_2025,3
,,,
p274,jt,20_06_2025,2
p274,fn,20_06_2025,3
p274,rp,20_06_2025,1
p274,ia,20_06_2025,1
p274,biden,20_06_2025,1
p274,ka,20_06_2025,1
p274,j,20_06_2025,3
p274,gg,20_06_2025,3
p274,maga,20_06_2025,2
jt,fn,20_06_2025,2
jt,pa,20_06_2025,2
biden,im,20_06_2025,1
maga,fn,20_06_2025,2
pa,biden,20_06_2025,2
,,,
p275,gtb,21_06_2025,2
p275,wt,21_06_2025,2
p275,cc,21_06_2025,2
p275,ep,21_06_2025,2
p275,chn,21_06_2025,2
gtb,wt,21_06_2025,2
gtb,cc,21_06_2025,2
gtb,ep,21_06_2025,2
wt,cc,21_06_2025,2
wt,ep,21_06_2025,2
cc,ep,21_06_2025,2
ep,chn,21_06_2025,2
,,,
p276,irn,21_06_2025,2
p276,fdw,21_06_2025,1
p276,ntz,21_06_2025,1
p276,esf,21_06_2025,1
p276,umf,21_06_2025,1
fdw,ntz,21_06_2025,3
fdw,esf,21_06_2025,3
ntz,esf,21_06_2025,3
umf,fdw,21_06_2025,1
umf,ntz,21_06_2025,1
umf,esf,21_06_2025,1
irn,fdw,21_06_2025,2
irn,ntz,21_06_2025,2
irn,esf,21_06_2025,2
,,,
p277,wh,21_06_2025,3
p277,usa,21_06_2025,1
p277,isr,21_06_2025,1
p277,irn,21_06_2025,2
p277,umf,21_06_2025,1
usa,isr,21_06_2025,1
usa,irn,21_06_2025,2
isr,irn,21_06_2025,2
umf,usa,21_06_2025,1
,,,
p278,rs,22_06_2025,1
p278,gtb,22_06_2025,1
p278,maga,22_06_2025,1
rs,gtb,22_06_2025,1
rs,maga,22_06_2025,1
gtb,maga,22_06_2025,1
,,,
p279,tm,22_06_2025,2
p279,rs,22_06_2025,3
p279,maga,22_06_2025,1
p279,gtb,22_06_2025,2
p279,umf,22_06_2025,1
p279,iran,22_06_2025,2
p279,rp,22_06_2025,2
tm,rs,22_06_2025,2
tm,rp,22_06_2025,2
tm,maga,22_06_2025,2
tm,gtb,22_06_2025,2
tm,umf,22_06_2025,2
tm,iran,22_06_2025,2
rs,rp,22_06_2025,1
maga,umf,22_06_2025,1
gtb,maga,22_06_2025,1
umf,iran,22_06_2025,2
,,,
p280,irn,22_06_2025,3
p280,umf,22_06_2025,3
p280,ins,22_06_2025,3
ins,umf,22_06_2025,1
,,,
p281,iran,22_06_2025,3
p281,ir_regime,22_06_2025,3
iran,ir_regime,22_06_2025,3
,,,
p282,iran,23_06_2025,2
p282,ins,23_06_2025,1
p282,umf,23_06_2025,1
ins,iran,23_06_2025,2
umf,ins,23_06_2025,1
umf,iran,23_06_2025,1
,,,
p283,russia,23_06_2025,3
p283,dm,23_06_2025,3
p283,ins,23_06_2025,2
p283,umf,23_06_2025,1
p283,ns,23_06_2025,1
p283,fp,23_06_2025,1
p283,cc,23_06_2025,1
russia,dm,23_06_2025,3
russia,ins,23_06_2025,2
umf,ins,23_06_2025,1
ns,ins,23_06_2025,1
fp,ins,23_06_2025,1
cc,ins,23_06_2025,1
umf,ns,23_06_2025,1
umf,fp,23_06_2025,1
umf,cc,23_06_2025,1
,,,
p284,ins,23_06_2025,1
p284,ac,23_06_2025,2
p284,blr,23_06_2025,2
p284,jk,23_06_2025,2
p284,cnn,23_06_2025,2
p284,abc,23_06_2025,2
p284,nbc,23_06_2025,2
p284,con,23_06_2025,2
ins,ac,23_06_2025,2
ins,blr,23_06_2025,2
ins,jk,23_06_2025,2
ins,cnn,23_06_2025,2
ins,abc,23_06_2025,2
ins,nbc,23_06_2025,2
ins,con,23_06_2025,2
,,,
p285,iran,23_06_2025,3
p285,ins,23_06_2025,1
p285,umf,23_06_2025,1
p285,isr,23_06_2025,1
ins,iran,23_06_2025,2
umf,ins,23_06_2025,1
umf,iran,23_06_2025,1
isr,iran,23_06_2025,1
,,,
p286,irn,23_06_2025,1
p286,isr,23_06_2025,1
p286,mid,23_06_2025,1
p286,usa,23_06_2025,1
iran,isr,23_06_2025,1
isr,mid,23_06_2025,1
irn,mid,23_06_2025,1
usa,mid,23_06_2025,1
,,,
p287,irn,23_06_2025,1
p287,isr,23_06_2025,1
p287,mid,23_06_2025,1
p287,wor,23_06_2025,1
irn,isr,23_06_2025,1
irn,mid,23_06_2025,1
isr,mid,23_06_2025,1
irn,wor,23_06_2025,1
isr,wor,23_06_2025,1
mid,wor,23_06_2025,1
,,,
p288,jp,24_06_2025,2
p288,fed,24_06_2025,2
p288,usa,24_06_2025,3
p288,congress,24_06_2025,3
jp,fed,24_06_2025,3
jp,usa,24_06_2025,2
fed,usa,24_06_2025,3
congress,jp,24_06_2025,2
congress,fed,24_06_2025,2
,,,
p289,isr,24_06_2025,3
p289,irn,24_06_2025,3
p289,cf,24_06_2025,1
isr,irn,24_06_2025,1
isr,cf,24_06_2025,1
irn,cf,24_06_2025,1
,,,
p289,nato,24_06_2025,3
p289,eur,24_06_2025,3
p289,usa,24_06_2025,3
p289,isr,24_06_2025,1
p289,irn,24_06_2025,1
nato,eur,24_06_2025,1
usa,nato,24_06_2025,1
eur,usa,24_06_2025,1
,,,
p290,chi,24_06_2025,1
p290,irn,24_06_2025,1
p290,usa,24_06_2025,1
chi,irn,24_06_2025,1
chi,usa,24_06_2025,3
irn,usa,24_06_2025,3
,,,
p291,tm,24_06_2025,2
p291,gb,24_06_2025,1
p291,usa,24_06_2025,3
tm,gb,24_06_2025,2
tm,usa,24_06_2025,2
,,,
p292,aoc,24_06_2025,2
p292,d,24_06_2025,2
p292,cs,24_06_2025,3
p292,usa,24_06_2025,3
aoc,d,24_06_2025,2
aoc,cs,24_06_2025,2
aoc,usa,24_06_2025,2
d,cs,24_06_2025,2
d,usa,24_06_2025,2
pa,aoc,24_06_2025,2
pa,d,24_06_2025,2
,,,
p293,gb,24_06_2025,1
p293,usa,24_06_2025,3
p293,senate,24_06_2025,1
p293,house,24_06_2025,1
gb,senate,24_06_2025,1
gb,house,24_06_2025,1
senate,house,24_06_2025,1
senate,usa,24_06_2025,1
house,usa,24_06_2025,1
,,,
p294,cnn,24_06_2025,2
p294,nyt,24_06_2025,2
p294,media,24_06_2025,2
p294,ins,24_06_2025,1
cnn,nyt,24_06_2025,3
cnn,media,24_06_2025,1
nyt,media,24_06_2025,1
cnn,ins,24_06_2025,2
nyt,ins,24_06_2025,2
media,ins,24_06_2025,2
,,,
p295,net,25_06_2025,3
p295,king,25_06_2025,1
p295,queen,25_06_2025,1
p295,nato,25_06_2025,3
p295,usa,25_06_2025,3
net,king,25_06_2025,1
net,queen,25_06_2025,1
nato,usa,25_06_2025,1
,,,
p296,usa,25_06_2025,3
p296,ins,25_06_2025,1
p296,peace,25_06_2025,1
p296,war,25_06_2025,3
p296,isr,25_06_2025,1
p296,iran,25_06_2025,1
usa,ins,25_06_2025,1
usa,peace,25_06_2025,1
usa,war,25_06_2025,3
ins,iran,25_06_2025,2
iran,isr,25_06_2025,1
isr,peace,25_06_2025,1
iran,peace,25_06_2025,1
,,,
p297,cnn,25_06_2025,2
p297,nyt,25_06_2025,2
p297,media,25_06_2025,2
p297,b2,25_06_2025,1
p297,ins,25_06_2025,1
pa,cnn,25_06_2025,2
pa,nyt,25_06_2025,2
pa,media,25_06_2025,2
b2,ins,25_06_2025,1
cnn,nyt,25_06_2025,3
cnn,media,25_06_2025,1
nyt,media,25_06_2025,1
ins,media,25_06_2025,2
,,,
p298,nber,25_06_2025,2
p298,cnn,25_06_2025,2
p298,b2,25_06_2025,1
p298,ins,25_06_2025,1
p298,media,25_06_2025,2
pa,nber,25_06_2025,2
pa,cnn,25_06_2025,2
pa,media,25_06_2025,2
b2,ins,25_06_2025,1
cnn,media,25_06_2025,1
nber,cnn,25_06_2025,2
ins,media,25_06_2025,2
,,,
p299,bibi,25_06_2025,1
p299,israel,25_06_2025,1
p299,court,25_06_2025,2
p299,pa,25_06_2025,2
p299,usa,25_06_2025,1
p299,ins,25_06_2025,1
pa,court,25_06_2025,2
bibi,israel,25_06_2025,1
usa,bibi,25_06_2025,1
usa,israel,25_06_2025,1
ins,israel,25_06_2025,2
ins,usa,25_06_2025,1
,,,
p300,cnn,25_06_2025,2
p300,anchors,25_06_2025,2
p300,media,25_06_2025,2
pa,cnn,25_06_2025,2
pa,anchors,25_06_2025,2
anchors,cnn,25_06_2025,2
cnn,media,25_06_2025,1
anchors,media,25_06_2025,1
,,,
p301,cnn,26_06_2025,2
p301,nyt,26_06_2025,2
p301,reporters,26_06_2025,2
p301,media,26_06_2025,3
cnn,reporters,26_06_2025,1
nyt,reporters,26_06_2025,1
reporters,media,26_06_2025,1
cnn,media,26_06_2025,1
nyt,media,26_06_2025,1
pa,cnn,26_06_2025,2
pa,nyt,26_06_2025,2
rumor,cnn,26_06_2025,2
rumor,nyt,26_06_2025,2
p301,pa,26_06_2025,3
p301,rumor,26_06_2025,3
,,,
p302,pres,26_06_2025,1
p302,media,26_06_2025,2
p302,pa,26_06_2025,2
p302,witch,26_06_2025,2
p302,war,26_06_2025,1
pa,media,26_06_2025,2
witch,media,26_06_2025,2
war,pres,26_06_2025,1
,,,
p303,ins,26_06_2025,1
p303,war,26_06_2025,1
p303,rumor,26_06_2025,2
p303,media,26_06_2025,2
rumor,media,26_06_2025,2
war,ins,26_06_2025,1
media,ins,26_06_2025,3
,,,
p304,nato,26_06_2025,1
p304,summit,26_06_2025,1
p304,leaders,26_06_2025,1
p304,five,26_06_2025,1
p304,usa,26_06_2025,1
nato,summit,26_06_2025,1
nato,leaders,26_06_2025,1
nato,five,26_06_2025,1
usa,nato,26_06_2025,1
leaders,summit,26_06_2025,1
,,,
p305,cnn,26_06_2025,2
p305,nyt,26_06_2025,2
p305,rep,26_06_2025,2
p305,pa,26_06_2025,2
p305,media,26_06_2025,2
pa,cnn,26_06_2025,2
pa,nyt,26_06_2025,2
pa,rep,26_06_2025,2
cnn,rep,26_06_2025,1
nyt,rep,26_06_2025,1
cnn,media,26_06_2025,1
nyt,media,26_06_2025,1
,,,
,,,
p306,sc,27_06_2025,1
p306,brc,27_06_2025,2
p306,doj,27_06_2025,1
p306,bondi,27_06_2025,1
p306,sauer,27_06_2025,1
p306,wh,27_06_2025,1
p306,imm,27_06_2025,2
p306,pa,27_06_2025,2
scotus,doj,27_06_2025,1
doj,bondi,27_06_2025,1
doj,sauer,27_06_2025,1
brc,imm,27_06_2025,3
pa,brc,27_06_2025,2
pa,imm,27_06_2025,2
,,,
p307,kham,27_06_2025,2
p307,irn,27_06_2025,2
p307,isr,27_06_2025,1
p307,usaf,27_06_2025,1
p307,ins,27_06_2025,1
p307,sanc,27_06_2025,2
p307,econ,27_06_2025,2
p307,pa,27_06_2025,2
kham,irn,27_06_2025,1
kham,pa,27_06_2025,2
irn,ins,27_06_2025,1
usaf,ins,27_06_2025,1
isr,irn,27_06_2025,2
sanc,irn,27_06_2025,2
pa,kham,27_06_2025,2
pa,irn,27_06_2025,2
,,,
p308,can,27_06_2025,2
p308,atc,27_06_2025,1
p308,euorg,27_06_2025,2
p308,usa,27_06_2025,1
p308,t,27_06_2025,3
p308,tech,27_06_2025,3
p308,eu,27_06_2025,3
can,t,27_06_2025,2
can,tech,27_06_2025,2
euorg,tech,27_06_2025,2
euorg,eu,27_06_2025,2
atc,tech,27_06_2025,1
usa,t,27_06_2025,1
can,euorg,27_06_2025,1
usa,atc,27_06_2025,1
usa,can,27_06_2025,2
,,,
p309,uss,27_06_2025,1
p309,hor,27_06_2025,1
p309,afam,27_06_2025,1
p309,ta,27_06_2025,3
p309,eco,27_06_2025,3
p309,heca,27_06_2025,3
p309,ma,27_06_2025,3
p309,aogo,27_06_2025,3
uss,hor,27_06_2025,1
uss,ta,27_06_2025,1
uss,eco,27_06_2025,1
uss,ma,27_06_2025,1
hor,afam,27_06_2025,1
hor,eco,27_06_2025,1
afam,eco,27_06_2025,1
,,,
p310,cnn,27_06_2025,2
p310,aph,27_06_2025,2
p310,t,27_06_2025,3
p310,eco,27_06_2025,3
p310,mc,27_06_2025,3
cnn,aph,27_06_2025,2
cnn,t,27_06_2025,2
cnn,eco,27_06_2025,2
cnn,mc,27_06_2025,2
aph,t,27_06_2025,2
aph,eco,27_06_2025,2
aph,mc,27_06_2025,2
,,,
p311,gc,28_06_2025,1
p311,fn,28_06_2025,1
p311,amer,28_06_2025,1
p311,mu,28_06_2025,3
p311,cr,28_06_2025,3
p311,cm,28_06_2025,3
gc,fn,28_06_2025,1
gc,amer,28_06_2025,1
gc,mu,28_06_2025,1
gc,cr,28_06_2025,1
gc,cm,28_06_2025,1
fn,mu,28_06_2025,1
fn,cr,28_06_2025,1
fn,cm,28_06_2025,1
amer,mu,28_06_2025,1
amer,cr,28_06_2025,1
amer,cm,28_06_2025,1
,,,
p312,ffw,28_06_2025,1
p312,fnn,28_06_2025,2
p312,mc,28_06_2025,3
ffw,fnn,28_06_2025,1
ffw,mc,28_06_2025,1
fnn,mc,28_06_2025,2
p313,kk,28_06_2025,1
p313,radg,28_06_2025,2
p313,adm,28_06_2025,1
p313,ta,28_06_2025,3
p313,cm,28_06_2025,3
p313,budg,28_06_2025,3
kk,radg,28_06_2025,1
kk,adm,28_06_2025,1
kk,ta,28_06_2025,1
kk,budg,28_06_2025,1
adm,radg,28_06_2025,1
adm,ta,28_06_2025,1
radg,cm,28_06_2025,2
p314,dem,28_06_2025,2
p314,o,28_06_2025,3
dem,o,28_06_2025,2
p315,nato,28_06_2025,1
p315,wl,28_06_2025,1
p315,pair,28_06_2025,3
p315,pm,28_06_2025,3
nato,wl,28_06_2025,1
nato,pair,28_06_2025,1
nato,pm,28_06_2025,1
wl,pair,28_06_2025,1
wl,pm,28_06_2025,1
,,,
p316,bn,28_06_2025,1
p316,isr,28_06_2025,1
p316,usa,28_06_2025,1
p316,irn,28_06_2025,2
p316,ham,28_06_2025,2
p316,proc,28_06_2025,2
p316,war,28_06_2025,3
p316,nas,28_06_2025,3
p316,js,28_06_2025,3
bn,isr,28_06_2025,1
bn,usa,28_06_2025,1
bn,irn,28_06_2025,2
bn,ham,28_06_2025,2
isr,usa,28_06_2025,1
isr,irn,28_06_2025,2
isr,ham,28_06_2025,2
proc,bn,28_06_2025,2
proc,isr,28_06_2025,2
,,,
p317,tt,28_06_2025,2
p317,dem,28_06_2025,2
p317,nc,28_06_2025,1
p317,tob,28_06_2025,1
p317,chn,28_06_2025,2
p317,jb,28_06_2025,2
p317,gpnc,28_06_2025,1
p317,ta,28_06_2025,3
p317,budg,28_06_2025,3
p317,ma,28_06_2025,3
p317,eco,28_06_2025,3
p317,wf,28_06_2025,3
tt,dem,28_06_2025,2
tt,nc,28_06_2025,2
tt,tob,28_06_2025,2
tt,chn,28_06_2025,2
tt,jb,28_06_2025,2
nc,gpnc,28_06_2025,1
tob,nc,28_06_2025,1
jb,nc,28_06_2025,2
,,,
p318,rep,28_06_2025,1
p318,dem,28_06_2025,2
p318,hsr,28_06_2025,2
p318,usa,28_06_2025,1
p318,budg,28_06_2025,1
p318,ta,28_06_2025,3
p318,ma,28_06_2025,3
p318,rol,28_06_2025,3
p318,o,28_06_2025,3
rep,dem,28_06_2025,1
rep,hsr,28_06_2025,1
rep,usa,28_06_2025,1
rep,budg,28_06_2025,1
dem,o,28_06_2025,2
hsr,rep,28_06_2025,2
,,,
p319,rs,29_06_2025,1
p319,ml,29_06_2025,1
p319,rj,29_06_2025,1
p319,cl,29_06_2025,1
p319,rep,29_06_2025,1
p319,usa,29_06_2025,1
p319,eco,29_06_2025,3
p319,ta,29_06_2025,3
p319,ma,29_06_2025,3
p319,heca,29_06_2025,3
p319,sec,29_06_2025,3
rs,rep,29_06_2025,1
ml,rep,29_06_2025,1
rj,rep,29_06_2025,1
cl,rep,29_06_2025,1
rs,usa,29_06_2025,1
ml,usa,29_06_2025,1
rj,usa,29_06_2025,1
cl,usa,29_06_2025,1
rep,eco,29_06_2025,3
rep,ta,29_06_2025,3
rep,ma,29_06_2025,3
rep,heca,29_06_2025,3
rep,sec,29_06_2025,3
,,,
p320,usa,29_06_2025,1
p320,eco,29_06_2025,3
usa,eco,29_06_2025,3
,,,
p321,biden,29_06_2025,2
p321,bor,29_06_2025,2
p321,im,29_06_2025,2
biden,bor,29_06_2025,2
biden,im,29_06_2025,2
bor,im,29_06_2025,2
,,,
p322,rep,29_06_2025,1
p322,eco,29_06_2025,3
p322,budg,29_06_2025,3
rep,eco,29_06_2025,3
rep,budg,29_06_2025,1
eco,budg,29_06_2025,3
,,,
p323,bbb,30_06_2025,1
p323,usa,30_06_2025,1
p323,budg,30_06_2025,3
p323,eco,30_06_2025,3
bbb,usa,30_06_2025,1
bbb,budg,30_06_2025,3
bbb,eco,30_06_2025,3
usa,budg,30_06_2025,3
usa,eco,30_06_2025,3
budg,eco,30_06_2025,3
,,,
p324,ta,30_06_2025,1
p324,ac,30_06_2025,1
p324,budg,30_06_2025,3
p324,eco,30_06_2025,3
ta,ac,30_06_2025,1
ta,budg,30_06_2025,3
ta,eco,30_06_2025,3
ac,budg,30_06_2025,3
ac,eco,30_06_2025,3
budg,eco,30_06_2025,3
,,,
p325,jp,30_06_2025,2
p325,frb,30_06_2025,2
p325,usa,30_06_2025,1
p325,budg,30_06_2025,3
p325,eco,30_06_2025,3
jp,frb,30_06_2025,2
jp,usa,30_06_2025,2
jp,budg,30_06_2025,3
jp,eco,30_06_2025,3
frb,usa,30_06_2025,2
frb,budg,30_06_2025,3
frb,eco,30_06_2025,3
usa,budg,30_06_2025,3
usa,eco,30_06_2025,3
budg,eco,30_06_2025,3
,,,
p326,usa,30_06_2025,1
p326,jpn,30_06_2025,1
p326,t,30_06_2025,3
p326,pair,30_06_2025,3
usa,jpn,30_06_2025,1
usa,t,30_06_2025,3
usa,pair,30_06_2025,3
jpn,t,30_06_2025,3
jpn,pair,30_06_2025,3
t,pair,30_06_2025,3
td,jpn,30_06_2025,1
p326,td,30_06_2025,1
,,,
p327,att,30_06_2025,2
p327,fl,30_06_2025,3
p327,pm,30_06_2025,3
p327,tech,30_06_2025,3
att,fl,30_06_2025,2
att,pm,30_06_2025,2
att,tech,30_06_2025,3
fl,pm,30_06_2025,3
fl,tech,30_06_2025,3
pm,tech,30_06_2025,3
,,,
p328,rep,01_07_2025,1
p328,bbb,01_07_2025,1
p328,ta,01_07_2025,3
p328,bor,01_07_2025,3
rep,bbb,01_07_2025,1
rep,ta,01_07_2025,1
rep,bor,01_07_2025,1
bbb,ta,01_07_2025,1
bbb,bor,01_07_2025,1
ta,bor,01_07_2025,3
,,,
p329,em,01_07_2025,2
p329,doge,01_07_2025,1
p329,usa,01_07_2025,1
p329,ep,01_07_2025,3
p329,eco,01_07_2025,3
p329,ensr,01_07_2025,3
em,ep,01_07_2025,2
em,eco,01_07_2025,2
em,ensr,01_07_2025,1
doge,eco,01_07_2025,1
doge,ep,01_07_2025,1
usa,eco,01_07_2025,1
ep,eco,01_07_2025,3
,,,
p330,rep,01_07_2025,1
p330,sen,01_07_2025,1
p330,hgop,01_07_2025,1
p330,dem,01_07_2025,2
p330,amer,01_07_2025,1
p330,usa,01_07_2025,1
p330,bbb,01_07_2025,1
p330,ta,01_07_2025,3
p330,bor,01_07_2025,3
p330,eco,01_07_2025,3
p330,socs,01_07_2025,3
p330,heca,01_07_2025,3
rep,sen,01_07_2025,1
rep,hgop,01_07_2025,1
rep,dem,01_07_2025,2
rep,bbb,01_07_2025,1
hgop,bbb,01_07_2025,1
sen,bbb,01_07_2025,1
amer,bbb,01_07_2025,1
dem,bbb,01_07_2025,2
bbb,eco,01_07_2025,1
bbb,ta,01_07_2025,1
bbb,bor,01_07_2025,1
bbb,socs,01_07_2025,1
bbb,heca,01_07_2025,1
usa,eco,01_07_2025,1
usa,ta,01_07_2025,1
usa,bor,01_07_2025,1
pa,dem,01_07_2025,2
,,,
p331,iowa,01_07_2025,1
p331,farm,01_07_2025,1
p331,sb,01_07_2025,1
p331,usa,01_07_2025,1
p331,hero,01_07_2025,1
p331,af,01_07_2025,3
p331,pm,01_07_2025,3
p331,pat,01_07_2025,3
p331,t,01_07_2025,3
iowa,farm,01_07_2025,1
iowa,sb,01_07_2025,1
iowa,af,01_07_2025,1
farm,t,01_07_2025,1
farm,af,01_07_2025,1
sb,eco,01_07_2025,1
usa,pat,01_07_2025,1
hero,pat,01_07_2025,1
,,,
p332,biden,01_07_2025,2
p332,alc,01_07_2025,1
p332,pdf,01_07_2025,3
p332,m,01_07_2025,2
p332,usa,01_07_2025,1
p332,im,01_07_2025,3
p332,bor,01_07_2025,3
p332,cm,01_07_2025,3
p332,le,01_07_2025,3
biden,im,01_07_2025,2
biden,bor,01_07_2025,2
biden,cm,01_07_2025,2
m,im,01_07_2025,2
m,bor,01_07_2025,2
alc,cm,01_07_2025,1
alc,le,01_07_2025,1
le,cm,01_07_2025,1
usa,im,01_07_2025,1
usa,bor,01_07_2025,1
,,,
p333,israel,01_07_2025,3
p333,hamas,01_07_2025,3
p333,qatar,01_07_2025,1
p333,egypt,01_07_2025,1
p333,meast,01_07_2025,3
p333,usr,01_07_2025,1
p333,isr,01_07_2025,3
p333,ham,01_07_2025,3
p333,gaz,01_07_2025,3
p333,pair,01_07_2025,3
p333,peace,01_07_2025,3
p333,me,01_07_2025,3
israel,gaz,01_07_2025,1
israel,peace,01_07_2025,1
qatar,peace,01_07_2025,1
egypt,peace,01_07_2025,1
qatar,pair,01_07_2025,1
egypt,pair,01_07_2025,1
hamas,gaz,01_07_2025,2
hamas,peace,01_07_2025,2
meast,peace,01_07_2025,3
,,,
p334,jb,02_07_25,2
p334,dem,02_07_25,2
p334,rep,02_07_25,1
p334,usa,02_07_25,1
p334,ust,02_07_25,1
p334,bbb,02_07_25,3
p334,t,02_07_25,3
p334,eco,02_07_25,3
p334,iv,02_07_25,3
p334,o,02_07_25,3
rep,dem,02_07_25,2
jb,dem,02_07_25,1
dem,o,02_07_25,1
rep,bbb,02_07_25,1
usa,eco,02_07_25,1
usa,iv,02_07_25,1
ust,t,02_07_25,1
t,eco,02_07_25,1
iv,eco,02_07_25,1
dem,eco,02_07_25,2
jb,eco,02_07_25,2
,,,
p335,ny,02_07_25,1
p335,usa,02_07_25,1
p335,o,02_07_25,2
ny,o,02_07_25,2
usa,o,02_07_25,2
usa,ny,02_07_25,1
,,,
p336,ven,02_07_25,1
p336,pair,02_07_25,3
p336,usa,02_07_25,1
usa,ven,02_07_25,1
usa,pair,02_07_25,1
ven,pair,02_07_25,1
,,,
p337,ven,03_07_25,1
p337,to,03_07_25,1
p337,usa,03_07_25,1
p337,t,03_07_25,3
p337,pair,03_07_25,3
p337,suv,03_07_25,3
usa,ven,03_07_25,1
usa,t,03_07_25,1
usa,suv,03_07_25,1
usa,pair,03_07_25,1
ven,t,03_07_25,1
ven,suv,03_07_25,1
ven,pair,03_07_25,1
to,ven,03_07_25,1
to,usa,03_07_25,1
,,,
p338,usa,02_07_25,1
p338,bbb,02_07_25,3
p338,eco,02_07_25,3
p338,iv,02_07_25,3
p338,budg,02_07_25,3
usa,bbb,02_07_25,1
usa,eco,02_07_25,1
usa,iv,02_07_25,1
usa,budg,02_07_25,1
bbb,eco,02_07_25,1
bbb,iv,02_07_25,1
bbb,budg,02_07_25,1
iv,eco,02_07_25,1
,,,
p339,jd,02_07_25,1
p339,usa,02_07_25,3
p339,me,02_07_25,3
p339,aogo,02_07_25,3
p339,pierce,02_07_25,3
p339,nd,02_07_25,3
jd,usa,02_07_25,1
jd,me,02_07_25,1
jd,aogo,02_07_25,1
jd,pierce,02_07_25,1
jd,nd,02_07_25,1
usa,aogo,02_07_25,1
me,aogo,02_07_25,1
,,,
p340,et,02_07_25,1
p340,usa,02_07_25,1
p340,ca,02_07_25,3
p340,or,02_07_25,3
p340,wa,02_07_25,3
p340,aogo,02_07_25,3
p340,sc,02_07_25,3
p340,dos,02_07_25,3
p340,cdca,02_07_25,3
p340,asusa,02_07_25,3
p340,as,02_07_25,1
p340,ng,02_07_25,1
et,usa,02_07_25,1
et,ca,02_07_25,1
et,or,02_07_25,1
et,wa,02_07_25,1
et,aogo,02_07_25,1
et,sc,02_07_25,1
et,dos,02_07_25,1
et,cdca,02_07_25,1
et,asusa,02_07_25,1
et,as,02_07_25,1
et,ng,02_07_25,1
usa,aogo,02_07_25,1
ca,aogo,02_07_25,1
or,aogo,02_07_25,1
wa,aogo,02_07_25,1
,,,
p341,bp,02_07_25,1
p341,ice,02_07_25,1
p341,cbp,02_07_25,1
p341,usa,02_07_25,1
p341,bbb,02_07_25,3
p341,nas,02_07_25,3
bp,ice,02_07_25,1
bp,cbp,02_07_25,1
bp,usa,02_07_25,1
bp,nas,02_07_25,1
ice,cbp,02_07_25,1
ice,usa,02_07_25,1
ice,nas,02_07_25,1
cbp,usa,02_07_25,1
cbp,nas,02_07_25,1
usa,nas,02_07_25,1
bbb,bp,02_07_25,3
bbb,ice,02_07_25,3
bbb,cbp,02_07_25,3
bbb,usa,02_07_25,3
,,,
p342,house,02_07_25,3
p342,repubs,02_07_25,1
p342,usa,02_07_25,1
p342,eco,02_07_25,3
house,repubs,02_07_25,1
house,usa,02_07_25,1
house,eco,02_07_25,3
repubs,usa,02_07_25,1
repubs,eco,02_07_25,1
usa,eco,02_07_25,1
,,,
p343,usa,02_07_25,1
p343,rep,02_07_25,1
p343,dem,02_07_25,2
p343,eco,02_07_25,3
usa,rep,02_07_25,1
usa,dem,02_07_25,2
usa,eco,02_07_25,1
rep,dem,02_07_25,2
rep,eco,02_07_25,1
dem,eco,02_07_25,2
p343,grw,02_07_25,1
p343,ta,02_07_25,1
,,,
p344,rep,03_07_25,1
p344,dem,03_07_25,2
p344,usa,03_07_25,1
p344,eco,03_07_25,3
rep,dem,03_07_25,2
rep,usa,03_07_25,1
rep,eco,03_07_25,1
dem,usa,03_07_25,2
dem,eco,03_07_25,2
usa,eco,03_07_25,1
,,,
p345,putin,03_07_25,3
p345,rus,03_07_25,3
putin,rus,03_07_25,1
,,,
p346,usa,03_07_25,1
p346,eco,03_07_25,3
usa,eco,03_07_25,1
,,,
p347,rep,03_07_25,3
p347,house,03_07_25,1
p347,senate,03_07_25,1
p347,mj,03_07_25,1
p347,jt,03_07_25,1
p347,usa,03_07_25,3
p347,bbb,03_07_25,3
rep,house,03_07_25,1
rep,senate,03_07_25,1
rep,mj,03_07_25,1
rep,jt,03_07_25,1
house,senate,03_07_25,1
house,bbb,03_07_25,1
senate,bbb,03_07_25,1
mj,bbb,03_07_25,1
jt,bbb,03_07_25,1
usa,bbb,03_07_25,1
,,,
p348,te,03_07_25,1
p348,jackie,03_07_25,1
p348,rep,03_07_25,3
p348,usa,03_07_25,3
p348,bbb,03_07_25,3
te,bbb,03_07_25,1
rep,te,03_07_25,1
te,jackie,03_07_25,1
usa,bbb,03_07_25,1
,,,
p349,ss,03_07_25,1
p349,jenn,03_07_25,1
p349,rep,03_07_25,1
p349,usa,03_07_25,1
p349,bbb,03_07_25,3
ss,bbb,03_07_25,1
rep,ss,03_07_25,1
ss,jenn,03_07_25,1
usa,bbb,03_07_25,1
,,,
p350,mj,03_07_25,1
p350,rep,03_07_25,1
p350,usa,03_07_25,1
p350,bbb,03_07_25,3
mj,bbb,03_07_25,1
rep,mj,03_07_25,1
usa,bbb,03_07_25,1
,,,
p351,jt,03_07_25,1
p351,rep,03_07_25,1
p351,bbb,03_07_25,3
jt,bbb,03_07_25,1
rep,jt,03_07_25,1
,,,
p352,sb,03_07_25,1
p352,rep,03_07_25,1
p352,bbb,03_07_25,3
sb,bbb,03_07_25,1
rep,sb,03_07_25,1
,,,
p353,ng,04_07_25,1
p353,boo,04_07_25,3
ng,boo,04_07_25,1
,,,
p354,ea,04_07_25,1
p354,ham,04_07_25,2
ea,ham,04_07_25,2
,,,
p355,ice,05_07_25,3
p355,cm,05_07_25,3
p355,remig,05_07_25,3
p355,pat,05_07_25,3
ice,cm,05_07_25,1
ice,remig,05_07_25,1
ice,pat,05_07_25,1
,,,
p356,bor,05_07_25,3
p356,eco,05_07_25,3
p356,ma,05_07_25,3
p356,pat,05_07_25,3
bor,eco,05_07_25,1
bor,ma,05_07_25,1
bor,pat,05_07_25,1
eco,ma,05_07_25,1
eco,pat,05_07_25,1
ma,pat,05_07_25,1
,,,
p357,emerg,06_07_25,3
p357,ma,06_07_25,3
p357,tx,06_07_25,3
p357,pat,06_07_25,3
p357,gov,06_07_25,3
p357,knoem,06_07_25,3
p357,fr,06_07_25,3
emerg,ma,06_07_25,1
emerg,fr,06_07_25,1
emerg,gov,06_07_25,1
ma,fr,06_07_25,1
ma,tx,06_07_25,1
fr,tx,06_07_25,1
gov,knoem,06_07_25,1
tx,pat,06_07_25,1
,,,
p358,elon,06_07_25,3
p358,tp,06_07_25,3
p358,ev,06_07_25,3
p358,nasa,06_07_25,3
p358,repub,06_07_25,3
p358,o,06_07_25,3
p358,ensr,06_07_25,3
p358,pat,06_07_25,3
p358,friend,06_07_25,3
elon,ev,06_07_25,2
elon,tp,06_07_25,2
elon,friend,06_07_25,3
friend,nasa,06_07_25,1
repub,ev,06_07_25,1
repub,pat,06_07_25,1
o,tp,06_07_25,2
o,ev,06_07_25,2
pat,elon,06_07_25,1
pat,friend,06_07_25,1
ensr,elon,06_07_25,1
pa,elon,06_07_25,2
p358,pa,06_07_25,3
p358,dem,06_07_25,2
pa,dem,06_07_25,2
,,,
p359,usa,06_07_25,3
p359,t,06_07_25,3
p359,pair,06_07_25,3
p359,countries,06_07_25,3
usa,t,06_07_25,1
usa,pair,06_07_25,1
usa,countries,06_07_25,1
t,countries,06_07_25,1
pair,countries,06_07_25,1
,,,
p360,t,06_07_25,3
p360,pair,06_07_25,3
p360,brics,06_07_25,3
p360,usa,06_07_25,3
usa,t,06_07_25,1
usa,pair,06_07_25,1
usa,brics,06_07_25,2
t,brics,06_07_25,2
pair,brics,06_07_25,2
,,,
p361,brl,07_07_25,3
p361,jb,07_07_25,3
p361,pair,07_07_25,3
p361,o,07_07_25,3
p361,ef,07_07_25,3
p361,t,07_07_25,3
jb,brl,07_07_25,1
jb,t,07_07_25,1
jb,o,07_07_25,2
jb,ef,07_07_25,1
brl,o,07_07_25,2
brl,ef,07_07_25,2
pair,brl,07_07_25,1
pair,jb,07_07_25,1
,,,
p362,t,08_07_25,3
p362,pair,08_07_25,3
t,pair,08_07_25,1
,,,
p363,cea,08_07_25,3
p363,mir,08_07_25,3
p363,t,08_07_25,3
p363,if,08_07_25,3
p363,iv,08_07_25,3
p363,jp,08_07_25,3
p363,fn,08_07_25,3
p363,jpow,08_07_25,2
t,if,08_07_25,1
t,iv,08_07_25,1
iv,jp,08_07_25,1
iv,fn,08_07_25,1
p363,pa,08_07_25,2
p363,tl,08_07_25,2
jp,pa,08_07_25,2
jp,tl,08_07_25,2
,,,
p364,t,08_07_25,3
p364,c1,08_07_25,3
p364,c2,08_07_25,3
p364,c3,08_07_25,3
p364,c4,08_07_25,3
p364,c5,08_07_25,3
p364,c6,08_07_25,3
p364,c7,08_07_25,3
t,c1,08_07_25,1
t,c2,08_07_25,1
t,c3,08_07_25,1
t,c4,08_07_25,1
t,c5,08_07_25,1
t,c6,08_07_25,1
t,c7,08_07_25,1
,,,
p365,sc,08_07_25,3
p365,dem,08_07_25,3
sc,dem,08_07_25,2
dem,crooked,08_07_25,2
,,,
p366,rm,09_07_25,3
p366,ma,09_07_25,3
p366,peace,09_07_25,3
p366,eco,09_07_25,6
p366,ta,09_07_25,3
p366,bor,09_07_25,3
p366,ep,09_07_25,3
p366,sec,09_07_25,3
rm,ma,09_07_25,1
rm,peace,09_07_25,1
rm,eco,09_07_25,1
rm,ta,09_07_25,1
rm,bor,09_07_25,1
rm,ep,09_07_25,1
rm,sec,09_07_25,1
,,,
p367,rm,09_07_25,3
p367,ma,09_07_25,3
p367,eco,09_07_25,3
p367,ta,09_07_25,3
p367,bor,09_07_25,3
p367,ep,09_07_25,3
p367,sec,09_07_25,3
rm,ma,09_07_25,1
rm,eco,09_07_25,1
rm,ta,09_07_25,1
rm,bor,09_07_25,1
rm,ep,09_07_25,1
rm,sec,09_07_25,1
rm,ks,09_07_25,3
,,,
p368,lg,09_07_25,3
p368,sc,09_07_25,3
lg,sc,09_07_25,3
,,,
p369,copper,09_07_25,3
p369,nas,09_07_25,3
p369,us,09_07_25,3
p369,dod,09_07_25,3
copper,dod,09_07_25,3
nas,dod,09_07_25,3
us,copper,09_07_25,3
us,dod,09_07_25,3
,,,
p370,sduffy,09_07_25,3
p370,nasa,09_07_25,3
p370,transport,09_07_25,3
p370,atc,09_07_25,3
p370,roads,09_07_25,3
sduffy,nasa,09_07_25,1
sduffy,transport,09_07_25,1
sduffy,atc,09_07_25,1
sduffy,roads,09_07_25,1
,,,
p371,tech,10_07_25,3
p371,indust,10_07_25,3
p371,nasdaq,10_07_25,3
p371,crypto,10_07_25,3
p371,nvidia,10_07_25,3
p371,tariffs,10_07_25,3
p371,fed,10_07_25,3
p371,usa,10_07_25,3
nvidia,tariffs,10_07_25,1
usa,tariffs,10_07_25,1
usa,fed,10_07_25,2
usa,tech,10_07_25,1
usa,indust,10_07_25,1
usa,nasdaq,10_07_25,1
usa,crypto,10_07_25,1
,,,
p372,fed,10_07_25,3
p372,jp,10_07_25,3
p372,usa,10_07_25,3
usa,fed,10_07_25,1
usa,jp,10_07_25,2
usa,credit,10_07_25,1
,,,
p373,wwm,10_07_25,3
p373,usdc,10_07_25,3
p373,doj,10_07_25,3
wwm,usdc,10_07_25,1
wwm,doj,10_07_25,1
,,,
p374,cpb,10_07_25,2
p374,cnn,10_07_25,2
p374,msdnc,10_07_25,2
cpb,cnn,10_07_25,2
cpb,msdnc,10_07_25,2
,,,
p375,phe,11_07_25,1
p375,bv,11_07_25,1
p375,fn,11_07_25,1
p375,maga,11_07_25,3
phe,bv,11_07_25,1
phe,fn,11_07_25,1
bv,fn,11_07_25,1
,,,
p376,ice,11_07_25,1
p376,knoem,11_07_25,1
p376,thoman,11_07_25,1
p376,le,11_07_25,1
p376,thugs,11_07_25,2
p376,maga,11_07_25,3
knoem,ice,11_07_25,1
thoman,ice,11_07_25,1
le,ice,11_07_25,1
thugs,ice,11_07_25,2
,,,
p377,sz,11_07_25,1
p377,boo,11_07_25,3
p377,maga,11_07_25,3
sz,boo,11_07_25,1
sz,maga,11_07_25,1
,,,
p378,zn,11_07_25,1
p378,iowa,11_07_25,3
p378,sec,11_07_25,3
p378,ta,11_07_25,3
p378,maga,11_07_25,3
p378,f,11_07_25,3
zn,iowa,11_07_25,1
zn,sec,11_07_25,1
zn,ta,11_07_25,1
zn,maga,11_07_25,1
zn,f,11_07_25,1
,,,
p379,pb,12_07_25,1
p379,jep,12_07_25,2
p379,ob,12_07_25,2
p379,hc,12_07_25,2
p379,jc,12_07_25,2
p379,db,12_07_25,2
p379,ba,12_07_25,2
p379,kp,12_07_25,1
p379,fbi,12_07_25,1
kp,jep,12_07_25,2
fbi,jep,12_07_25,2
,,,
p380,lt,12_07_25,1
p380,fn,12_07_25,3
lt,fn,12_07_25,1
,,,
p381,usa,14_07_25,2
p381,fr,14_07_25,2
p381,fo,14_07_25,2
usa,fr,14_07_25,3
usa,fo,14_07_25,3
fr,fo,14_07_25,3
,,,
p382,sc,14_07_25,1
p382,lmc,14_07_25,1
p382,parents,14_07_25,1
p382,students,14_07_25,1
p382,usa,14_07_25,1
sc,lmc,14_07_25,1
lmc,students,14_07_25,1
lmc,parents,14_07_25,1
usa,students,14_07_25,3
usa,parents,14_07_25,3
,,,
p383,ind,15_07_25,3
p383,pres,15_07_25,3
p383,usa,15_07_25,3
pres,ind,15_07_25,1
usa,ind,15_07_25,3
p384,cp,15_07_25,3
p384,fed,15_07_25,3
cp,fed,15_07_25,1
,,,
p385,as,15_07_25,2
p385,fm,15_07_25,3
p385,md,15_07_25,3
p385,ca,15_07_25,3
as,fm,15_07_25,2
as,md,15_07_25,2
as,ca,15_07_25,2
,,,
p386,tx,15_07_25,3
p386,cong_tx,15_07_25,3
p386,mx,15_07_25,3
cong_tx,tx,15_07_25,1
tx,mx,15_07_25,3
,,,
p387,genius,15_07_25,3
p387,crypto,15_07_25,3
p387,china,15_07_25,3
p387,eu,15_07_25,2
p387,senate,15_07_25,3
p387,house,15_07_25,3
house,genius,15_07_25,1
senate,genius,15_07_25,1
crypto,china,15_07_25,3
crypto,eu,15_07_25,3
,,,
p388,indonesia,15_07_25,3
p388,prabowo,15_07_25,3
p388,energy,15_07_25,3
p388,agri,15_07_25,3
p388,boeing,15_07_25,3
p388,ranchers,15_07_25,3
p388,farmers,15_07_25,3
p388,fishermen,15_07_25,3
p388,t,15_07_25,3
p388,us,15_07_25,3
indonesia,prabowo,15_07_25,1
indonesia,us,15_07_25,1
prabowo,us,15_07_25,1
energy,us,15_07_25,1
agri,us,15_07_25,1
boeing,us,15_07_25,1
ranchers,us,15_07_25,1
farmers,us,15_07_25,1
fishermen,us,15_07_25,1
t,us,15_07_25,1
,,,
p389,nj,15_07_25,3
p389,jvd,15_07_25,3
p389,windmills,15_07_25,3
p389,beaches,15_07_25,3
jvd,beaches,15_07_25,1
jvd,windmills,15_07_25,2
nj,beaches,15_07_25,1
nj,windmills,15_07_25,2
,,,
p390,fl,15_07_25,3
p390,ts,15_07_25,3
p390,pt,15_07_25,3
ts,pt,15_07_25,1
fl,ts,15_07_25,1
fl,pt,15_07_25,1
,,,
p391,mj,15_07_25,3
p391,cong,15_07_25,3
p391,maga,15_07_25,3
mj,cong,15_07_25,1
mj,maga,15_07_25,1
cong,maga,15_07_25,1
,,,
p392,dem,16_07_25,2
p392,fn,16_07_25,2
p392,jep,16_07_25,2
p392,maga,16_07_25,1
dem,jep,16_07_25,2
dem,fn,16_07_25,2
fn,jep,16_07_25,2
maga,jep,16_07_25,1
,,,
p393,coke,16_07_25,3
p393,caaa,16_07_25,3
coke,caaa,16_07_25,3
,,,
p394,jm,16_07_25,1
p394,aogo,16_07_25,3
jm,aogo,16_07_25,3
,,,
p395,sdu,16_07_25,1
p395,ca,16_07_25,2
p395,ct,16_07_25,3
p395,taxpayer,16_07_25,3
sdu,taxpayer,16_07_25,1
ca,taxpayer,16_07_25,2
,,,
p396,rep,16_07_25,1
p396,dem,16_07_25,2
p396,heca,16_07_25,3
p396,hosp,16_07_25,3
p396,amer,16_07_25,3
rep,hosp,16_07_25,1
amer,hosp,16_07_25,1
dem,hosp,16_07_25,2
p396,bbb,16_07_25,1
,,,
p397,wsj,17_07_25,2
p397,rm,17_07_25,2
p397,et,17_07_25,2
p397,kl,17_07_25,1
p397,abc,17_07_25,2
p397,cbs,17_07_25,2
p397,nc,17_07_25,2
p397,trump,17_07_25,1
p397,jep,17_07_25,3
trump,wsj,17_07_25,2
trump,rm,17_07_25,2
trump,et,17_07_25,2
trump,nc,17_07_25,2
trump,abc,17_07_25,2
trump,cbs,17_07_25,2
kl,et,17_07_25,1
wsj,rm,17_07_25,3
abc,gs,17_07_25,3
cbs,gs,17_07_25,3
,,,
p398,pb,17_07_25,1
p398,jep,17_07_25,3
pb,jep,17_07_25,1
p398,dem,17_07_25,3
p398,scam,17_07_25,2
dem,scam,17_07_25,2
,,,
p399,jep,17_07_25,3
p399,wsj,17_07_25,2
p399,rm,17_07_25,2
wsj,jep,17_07_25,2
rm,jep,17_07_25,2
p399,fake,17_07_25,2
wsj,fake,17_07_25,2
jep,fake,17_07_25,2
wsj,mc,17_07_25,2
p399,mc,17_07_25,2
,,,
p400,pep,18_07_25,3
p400,npr,18_07_25,3
p400,rep,18_07_25,1
rep,pep,18_07_25,1
rep,npr,18_07_25,1
,,,
p401,tl,18_07_25,2
p401,jp,18_07_25,2
tl,jp,18_07_25,2
p401,hm,18_07_25,3
p401,yp,18_07_25,3
p401,sj,18_07_25,2
p401,fb,18_07_25,2
p401,ic,18_07_25,3
fb,jp,18_07_25,3
ic,jp,18_07_25,3
p401,jb,18_07_25,2
p401,if,18_07_25,2
jb,sj,18_07_25,2
,,,
p402,jep,18_07_25,3
p402,dem,18_07_25,3
p402,mg,18_07_25,3
p402,jc,18_07_25,3
p402,files,18_07_25,3
p402,sg,18_07_25,3
dem,files,18_07_25,3
mg,files,18_07_25,2
jc,files,18_07_25,2
sg,jep,18_07_25,3
sg,dem,18_07_25,3
,,,
p403,sc,18_07_25,3
p403,jk,18_07_25,3
p403,gg,18_07_25,3
p403,nbc,18_07_25,3
p403,ratings,18_07_25,2
p403,talent,18_07_25,3
sc,ratings,18_07_25,2
jk,ratings,18_07_25,2
gg,ratings,18_07_25,2
sc,talent,18_07_25,3
jk,talent,18_07_25,3
gg,talent,18_07_25,3
nbc,sc,18_07_25,2
nbc,jk,18_07_25,2
nbc,gg,18_07_25,2
,,,
p404,wh,18_07_25,3
p404,rep,18_07_25,3
p404,dem,18_07_25,3
p404,record,18_07_25,3
p404,criticism,18_07_25,3
rep,record,18_07_25,1
dem,criticism,18_07_25,2
wh,rep,18_07_25,1
wh,dem,18_07_25,2
,,,
p405,bg,18_07_25,3
p405,tx,18_07_25,3
p405,maga,18_07_25,3
p405,economy,18_07_25,3
p405,taxes,18_07_25,3
p405,border,18_07_25,3
p405,military,18_07_25,3
p405,energy,18_07_25,3
p405,secondamendment,18_07_25,3
bg,maga,18_07_25,1
bg,economy,18_07_25,1
bg,taxes,18_07_25,1
bg,border,18_07_25,1
bg,military,18_07_25,1
bg,energy,18_07_25,1
bg,secondamendment,18_07_25,1
tx,bg,18_07_25,1
,,,
p406,mm,18_07_2025,1
p406,usmc,18_07_2025,1
p406,americans,18_07_2025,1
p406,farm,18_07_2025,1
p406,ensr,18_07_2025,3
p406,im,18_07_2025,3
p406,m,18_07_2025,3
p406,cr,18_07_2025,3
p406,ma,18_07_2025,3
p406,ta,18_07_2025,3
p406,ep,18_07_2025,3
p406,sec,18_07_2025,3
mm,usmc,18_07_2025,1
mm,americans,18_07_2025,1
mm,farm,18_07_2025,1
mm,ensr,18_07_2025,1
mm,im,18_07_2025,1
mm,m,18_07_2025,2
mm,cr,18_07_2025,2
mm,ma,18_07_2025,1
mm,ta,18_07_2025,1
mm,ep,18_07_2025,1
mm,sec,18_07_2025,1
usmc,ma,18_07_2025,1
m,cr,18_07_2025,1
farm,ep,18_07_2025,1
americans,sec,18_07_2025,1
,,,
p407,sb,18_07_2025,1
p407,ok5,18_07_2025,1
p407,farm,18_07_2025,1
p407,ran,18_07_2025,1
p407,eco,18_07_2025,1
p407,ta,18_07_2025,1
p407,ep,18_07_2025,1
p407,im,18_07_2025,1
p407,m,18_07_2025,2
p407,cr,18_07_2025,2
p407,ma,18_07_2025,1
p407,sa,18_07_2025,1
p407,ensr,18_07_2025,3
sb,farm,18_07_2025,1
sb,ran,18_07_2025,1
sb,eco,18_07_2025,1
sb,ta,18_07_2025,1
sb,ep,18_07_2025,1
sb,im,18_07_2025,1
sb,m,18_07_2025,2
sb,cr,18_07_2025,2
sb,ma,18_07_2025,1
sb,sa,18_07_2025,1
farm,eco,18_07_2025,1
ran,eco,18_07_2025,1
im,m,18_07_2025,1
m,cr,18_07_2025,2
,,,
p408,wsj,18_07_2025,2
p408,rm,18_07_2025,2
p408,rt,18_07_2025,2
p408,abc,18_07_2025,2
p408,gs,18_07_2025,2
p408,cbs,18_07_2025,2
p408,sm,18_07_2025,2
p408,pp,18_07_2025,2
p408,amer,18_07_2025,1
p408,lp,18_07_2025,3
p408,fk,18_07_2025,3
p408,mc,18_07_2025,3
p408,p,18_07_2025,3
wsj,rm,18_07_2025,3
wsj,rt,18_07_2025,3
abc,gs,18_07_2025,3
cbs,sm,18_07_2025,3
wsj,fk,18_07_2025,2
abc,fk,18_07_2025,2
cbs,fk,18_07_2025,2
pp,fk,18_07_2025,2
amer,p,18_07_2025,1
amer,mc,18_07_2025,1
,,,
p409,usa,18_07_2025,1
p409,bit,18_07_2025,1
p409,tech,18_07_2025,1
p409,eco,18_07_2025,1
usa,bit,18_07_2025,1
usa,tech,18_07_2025,1
usa,eco,18_07_2025,1
bit,tech,18_07_2025,1
bit,eco,18_07_2025,1
tech,eco,18_07_2025,1
,,,
p410,usa,18_07_2025,1
p410,bbb,18_07_2025,1
p410,fy,18_07_2025,2
p410,budg,18_07_2025,1
p410,lp,18_07_2025,1
p410,tech,18_07_2025,1
usa,bbb,18_07_2025,1
usa,fy,18_07_2025,2
usa,budg,18_07_2025,1
usa,lp,18_07_2025,1
usa,tech,18_07_2025,1
bbb,budg,18_07_2025,1
fy,lp,18_07_2025,2
tech,lp,18_07_2025,1
,,,
p411,irn,18_07_2025,2
p411,nuc,18_07_2025,2
p411,nas,18_07_2025,1
p411,war,18_07_2025,3
irn,nuc,18_07_2025,2
irn,nas,18_07_2025,2
irn,war,18_07_2025,2
nuc,nas,18_07_2025,1
nuc,war,18_07_2025,3
,,,
p412,jep,19_07_2025,2
p412,doj,19_07_2025,1
p412,js,19_07_2025,3
p412,lp,19_07_2025,3
p412,pa,19_07_2025,3
jep,js,19_07_2025,2
jep,lp,19_07_2025,2
doj,js,19_07_2025,1
doj,lp,19_07_2025,1
jep,pa,19_07_2025,2
,,,
p413,hf,19_07_2025,1
p413,tg,19_07_2025,1
p413,bo,19_07_2025,2
p413,fox,19_07_2025,1
p413,ef,19_07_2025,3
p413,lp,19_07_2025,3
p413,mc,19_07_2025,3
p413,tva,19_07_2025,3
hf,fox,19_07_2025,1
tg,ef,19_07_2025,1
bo,ef,19_07_2025,2
bo,lp,19_07_2025,2
,,,
p414,amer,20_07_2025,3
p414,war,20_07_2025,3
p414,ic,20_07_2025,3
war,ic,20_07_2025,3
p414,st,20_07_2025,1
p414,anniversary,20_07_2025,1
,,,
p415,bor,20_07_2025,1
p415,amer,20_07_2025,1
p415,maga,20_07_2025,1
p415,pat,20_07_2025,1
bor,amer,20_07_2025,3
bor,maga,20_07_2025,3
amer,maga,20_07_2025,3
pat,amer,20_07_2025,1
p415,rl,20_07_2025,2
p415,jep,20_07_2025,2
rl,jep,20_07_2025,2
p416,fball,20_07_2025,1
p416,baseb,20_07_2025,1
p416,hist,20_07_2025,1
fball,hist,20_07_2025,3
baseb,hist,20_07_2025,3
fball,baseb,20_07_2025,3
,,,
p417,wjp,20_07_2025,1
p417,hfa,20_07_2025,1
wjp,hfa,20_07_2025,1
p417,we,20_07_2025,2
p417,rl,20_07_2025,2
rl,we,20_07_2025,2
,,,
p418,as,20_07_2025,2
as,cor,20_07_2025,2
as,js,20_07_2025,2
as,pa,20_07_2025,2
,,,
p419,cbp,20_07_2025,3
p419,biden,20_07_2025,3
cbp,m,20_07_2025,2
cbp,cr,20_07_2025,2
biden,pa,20_07_2025,2
,,,
p420,redskins,20_07_2025,1
p420,commanders,20_07_2025,2
p420,indians,20_07_2025,1
p420,md,20_07_2025,2
redskins,commanders,20_07_2025,2
indians,md,20_07_2025,3
,,,
p421,wsj,20_07_2025,2
p421,sb,20_07_2025,1
p421,jp,20_07_2025,2
wsj,sb,20_07_2025,3
sb,jp,20_07_2025,3
jp,fk,20_07_2025,2
jp,mc,20_07_2025,2
jp,pa,20_07_2025,2
jp,tl,20_07_2025,2
,,,
p422,ml,20_07_2025,1
p422,boo,20_07_2025,3
ml,boo,20_07_2025,1
,,,
p423,as,20_07_2025,2
p423,pa,20_07_2025,3
p423,pr,20_07_2025,3
p423,sc,20_07_2025,3
as,pa,20_07_2025,2
as,pr,20_07_2025,2
as,sc,20_07_2025,2
,,,
p424,cr,21_07_2025,2
p424,le,21_07_2025,1
p424,cb,21_07_2025,2
p424,cmn,21_07_2025,2
cr,le,21_07_2025,2
cb,cmn,21_07_2025,2
cmn,le,21_07_2025,2
,,,
p425,ds,21_07_2025,1
p425,eco,21_07_2025,1
p425,ta,21_07_2025,1
p425,sc,21_07_2025,1
p425,bor,21_07_2025,1
p425,mu,21_07_2025,1
p425,ep,21_07_2025,1
p425,sec,21_07_2025,1
ds,eco,21_07_2025,1
ds,ta,21_07_2025,1
ds,sc,21_07_2025,1
ds,bor,21_07_2025,1
ds,mu,21_07_2025,1
ds,ep,21_07_2025,1
ds,sec,21_07_2025,1
,,,
p426,bk,21_07_2025,2
p426,id,21_07_2025,3
p426,mu,21_07_2025,2
p426,pr,21_07_2025,3
p426,js,21_07_2025,3
bk,mu,21_07_2025,2
bk,pr,21_07_2025,2
js,bk,21_07_2025,2
,,,
p427,harv,21_07_2025,2
p427,mj,21_07_2025,2
p427,ob,21_07_2025,3
p427,us,21_07_2025,3
p427,edu,21_07_2025,3
harv,mj,21_07_2025,2
mj,us,21_07_2025,2
harv,edu,21_07_2025,2
,,,
p428,mr,21_07_2025,1
p428,sd,21_07_2025,3
p428,amer,21_07_2025,1
p428,mil,21_07_2025,1
p428,le,21_07_2025,1
p428,sa,21_07_2025,1
p428,ene,21_07_2025,1
mr,amer,21_07_2025,1
mr,mil,21_07_2025,1
mr,le,21_07_2025,1
mr,sa,21_07_2025,1
mr,ene,21_07_2025,1
mr,sd,21_07_2025,3
,,,
p429,kn,21_07_2025,1
p429,th,21_07_2025,1
p429,rs,21_07_2025,1
p429,pb,21_07_2025,1
p429,phe,21_07_2025,1
p429,bp,21_07_2025,1
p429,ice,21_07_2025,1
kn,th,21_07_2025,1
kn,rs,21_07_2025,1
kn,pb,21_07_2025,1
kn,phe,21_07_2025,1
kn,bp,21_07_2025,1
kn,ice,21_07_2025,1
th,rs,21_07_2025,1
th,pb,21_07_2025,1
th,phe,21_07_2025,1
th,bp,21_07_2025,1
th,ice,21_07_2025,1
rs,pb,21_07_2025,1
rs,phe,21_07_2025,1
rs,bp,21_07_2025,1
rs,ice,21_07_2025,1
pb,phe,21_07_2025,1
pb,bp,21_07_2025,1
pb,ice,21_07_2025,1
phe,bp,21_07_2025,1
phe,ice,21_07_2025,1
bp,ice,21_07_2025,1
,,,
p430,aa,21_07_2025,1
p430,bb,21_07_2025,3
p430,cnn,21_07_2025,2
p430,msdnc,21_07_2025,2
aa,bb,21_07_2025,3
bb,cnn,21_07_2025,2
bb,msdnc,21_07_2025,2
cnn,loser,21_07_2025,2
msdnc,loser,21_07_2025,2
,,,
p431,ob,21_07_2025,2
p431,ch,21_07_2025,2
p431,jb,21_07_2025,2
ob,ch,21_07_2025,2
ob,jb,21_07_2025,2
ch,jb,21_07_2025,2
ob,rh,21_07_2025,2
ob,pa,21_07_2025,2
jb,rh,21_07_2025,2
jb,pa,21_07_2025,2
ch,pa,21_07_2025,2
ch,rh,21_07_2025,2
p431,rh,21_07_2025,2
p431,pa,21_07_2025,2
,,,
p432,jk,22_07_2025,2
p432,jf,22_07_2025,2
p432,gg,22_07_2025,1
jk,jf,22_07_2025,2
jk,gg,22_07_2025,2
jf,gg,22_07_2025,2
jk,pa,22_07_2025,2
jf,pa,22_07_2025,2
,,,
p434,fm,22_07_2025,1
p434,phl,22_07_2025,1
fm,phl,22_07_2025,1
,,,
p435,cbs,22_07_2025,1
p435,pm,22_07_2025,1
p435,si60,22_07_2025,1
p435,abc,22_07_2025,2
p435,gs,22_07_2025,1
p435,wsj,22_07_2025,2
p435,nyt,22_07_2025,2
p435,wapo,22_07_2025,2
p435,msdnc,22_07_2025,2
p435,cnn,22_07_2025,2
p435,fn,22_07_2025,2
cbs,pm,22_07_2025,3
cbs,si60,22_07_2025,3
pm,si60,22_07_2025,3
wsj,msdnc,22_07_2025,3
wsj,cnn,22_07_2025,3
msdnc,cnn,22_07_2025,3
abc,gs,22_07_2025,3
,,,
p436,jpn,22_07_2025,1
p436,usa,22_07_2025,1
jpn,usa,22_07_2025,3
,,,
p437,tl,23_07_2025,2
p437,fed,23_07_2025,2
tl,fed,23_07_2025,2
p437,jp,23_07_2025,2
jp,tl,23_07_2025,2
,,,
p438,jpn,23_07_2025,1
p438,usa,23_07_2025,1
p438,mil,23_07_2025,1
p438,ag,23_07_2025,1
p438,rice,23_07_2025,1
jpn,usa,23_07_2025,1
jpn,mil,23_07_2025,1
jpn,ag,23_07_2025,1
jpn,rice,23_07_2025,1
,,,
p439,indonesia,23_07_2025,1
p439,jpn,23_07_2025,1
indonesia,jpn,23_07_2025,3
p440,major_countries,23_07_2025,1
p440,p1,23_07_2025,3
major_countries,indonesia,23_07_2025,3
major_countries,jpn,23_07_2025,3
p441,jpn,23_07_2025,1
p441,p2,23_07_2025,3
p442,columbia,23_07_2025,1
p442,lmc,23_07_2025,1
columbia,lmc,23_07_2025,1
p442,p2,23_07_2025,3
p443,elon,24_07_2025,1
,,,
p444,radical_left,24_07_2025,2
p444,epstein,24_07_2025,1
p444,russia_hoax,24_07_2025,2
p444,scam,24_07_2025,2
p444,hoax,24_07_2025,2
p444,maga,24_07_2025,1
epstein,scam,24_07_2025,3
russia_hoax,hoax,24_07_2025,3
,,,
p445,aus,25_07_2025,1
p445,us_beef,25_07_2025,1
p445,farmers,25_07_2025,2
p445,maga,25_07_2025,1
aus,us_beef,25_07_2025,3
farmers,us_beef,25_07_2025,2
,,,
p446,cambodia,26_07_2025,1
p446,thailand,26_07_2025,1
p446,war,26_07_2025,2
p446,ceasefire,26_07_2025,2
p446,trade,26_07_2025,1
p446,india,26_07_2025,1
p446,pakistan,26_07_2025,1
cambodia,thailand,26_07_2025,3
war,ceasefire,26_07_2025,2
india,pakistan,26_07_2025,3
trade,cambodia,26_07_2025,2
trade,thailand,26_07_2025,2
,,,
p447,bey,26_07_2025,2
p447,opr,26_07_2025,2
p447,als,26_07_2025,2
p447,kam,26_07_2025,2
p447,dem,26_07_2025,2
p447,ensr,26_07_2025,3
p447,cor,26_07_2025,3
p447,caaa,26_07_2025,3
bey,kam,26_07_2025,1
opr,kam,26_07_2025,1
als,kam,26_07_2025,1
dem,kam,26_07_2025,1
kam,ensr,26_07_2025,2
bey,ensr,26_07_2025,1
opr,ensr,26_07_2025,1
als,ensr,26_07_2025,1
kam,cor,26_07_2025,2
dem,cor,26_07_2025,2
bey,cor,26_07_2025,2
opr,cor,26_07_2025,2
als,cor,26_07_2025,2
,,,
p447,net,26_07_2025,2
p447,dem,26_07_2025,2
p447,mc,26_07_2025,3
p447,p,26_07_2025,3
net,dem,26_07_2025,1
net,mc,26_07_2025,2
dem,mc,26_07_2025,2
net,p,26_07_2025,2
,,,
p448,tha,28_07_2025,1
p448,kam,28_07_2025,1
p448,tt,28_07_2025,1
p448,war,28_07_2025,3
p448,peace,28_07_2025,3
p448,t,28_07_2025,3
tha,kam,28_07_2025,2
tha,peace,28_07_2025,1
kam,peace,28_07_2025,1
tha,war,28_07_2025,2
kam,war,28_07_2025,2
tt,t,28_07_2025,1
tha,t,28_07_2025,1
kam,t,28_07_2025,1
,,,
p449,sco,28_07_2025,3
p449,eu,28_07_2025,1
p449,usa,28_07_2025,1
p449,pair,28_07_2025,3
eu,usa,28_07_2025,1
eu,pair,28_07_2025,1
usa,pair,28_07_2025,1
,,,
p450,chn,28_07_2025,3
p450,xi,28_07_2025,3
p450,fk,28_07_2025,2
p450,ic,28_07_2025,3
fk,xi,28_07_2025,2
fk,chn,28_07_2025,2
xi,chn,28_07_2025,1
,,,
p451,uk,29_07_2025,1
p451,ns,29_07_2025,1
p451,eco,29_07_2025,3
p451,budg,29_07_2025,2
uk,ns,29_07_2025,1
uk,budg,29_07_2025,2
ns,eco,29_07_2025,1
budg,eco,29_07_2025,2
,,,
p452,cg,29_07_2025,1
p452,dem,29_07_2025,2
p452,sch,29_07_2025,2
p452,war,29_07_2025,2
p452,kai,29_07_2025,2
p452,boo,29_07_2025,2
p452,schf,29_07_2025,2
p452,biden,29_07_2025,3
p452,aogo,29_07_2025,3
p452,rs,29_07_2025,3
p452,rol,29_07_2025,3
p452,cor,29_07_2025,3
p452,cali,29_07_2025,3
p452,ny,29_07_2025,3
p452,nj,29_07_2025,3
p452,il,29_07_2025,3
p452,va,29_07_2025,3
cg,rs,29_07_2025,1
cg,aogo,29_07_2025,1
cg,rol,29_07_2025,1
dem,sch,29_07_2025,1
dem,war,29_07_2025,1
dem,kai,29_07_2025,1
dem,boo,29_07_2025,1
dem,schf,29_07_2025,1
cali,cor,29_07_2025,2
ny,cor,29_07_2025,2
nj,cor,29_07_2025,2
il,cor,29_07_2025,2
va,cor,29_07_2025,2
,,,
p453,ice,29_07_2025,1
p453,le,29_07_2025,1
p453,jb,29_07_2025,3
p453,im,29_07_2025,3
p453,pa,29_07_2025,3
ice,jb,29_07_2025,1
ice,im,29_07_2025,1
le,jb,29_07_2025,1
le,im,29_07_2025,1
jb,Joe Biden,29_07_2025,2
,,,
p454,ind,30_07_2025,2
p454,t,30_07_2025,3
p454,im,30_07_2025,3
p454,rus,30_07_2025,2
p454,ep,30_07_2025,3
ind,t,30_07_2025,2
ind,rus,30_07_2025,2
ind,ep,30_07_2025,2
t,rus,30_07_2025,3
im,ind,30_07_2025,3
im,rus,30_07_2025,3
rus,ep,30_07_2025,1
,,,
p455,eco,30_07_2025,1
p455,budg,30_07_2025,2
p455,if,30_07_2025,3
eco,budg,30_07_2025,1
eco,if,30_07_2025,1
budg,if,30_07_2025,2
,,,
p456,t,30_07_2025,3
p456,sk,30_07_2025,3
p456,pak,30_07_2025,3
p456,ind,30_07_2025,3
p456,eco,30_07_2025,1
sk,t,30_07_2025,1
pak,t,30_07_2025,1
ind,t,30_07_2025,1
pak,eco,30_07_2025,1
ind,eco,30_07_2025,1
sk,eco,30_07_2025,1
,,,
p457,ind,31_07_2025,2
p457,rus,31_07_2025,2
p457,t,31_07_2025,3
p457,im,31_07_2025,3
p457,med,31_07_2025,2
ind,rus,31_07_2025,2
rus,med,31_07_2025,2
ind,t,31_07_2025,2
rus,t,31_07_2025,2
,,,
p458,can,31_07_2025,2
p458,pal,31_07_2025,2
p458,t,31_07_2025,3
p458,pair,31_07_2025,3
can,pal,31_07_2025,2
can,t,31_07_2025,2
pal,t,31_07_2025,2
,,,
p459,t,31_07_2025,1
p459,eco,31_07_2025,1
p459,pa,31_07_2025,2
eco,t,31_07_2025,1
t,pa,31_07_2025,2
eco,pa,31_07_2025,2
,,,
p460,t,31_07_2025,1
p460,eco,31_07_2025,1
p460,lp,31_07_2025,1
eco,t,31_07_2025,1
eco,lp,31_07_2025,1
t,lp,31_07_2025,1
,,,
p461,jp,31_07_2025,2
p461,budg,31_07_2025,2
p461,eco,31_07_2025,2
p461,pa,31_07_2025,2
jp,budg,31_07_2025,2
jp,eco,31_07_2025,2
jp,pa,31_07_2025,2
budg,eco,31_07_2025,1
budg,pa,31_07_2025,2
eco,pa,31_07_2025,2
,,,
p462,dem,31_07_2025,2
p462,aogo,31_07_2025,3
p462,rol,31_07_2025,3
p462,hist,31_07_2025,3
p462,pa,31_07_2025,2
dem,aogo,31_07_2025,2
dem,rol,31_07_2025,2
dem,pa,31_07_2025,2
hist,aogo,31_07_2025,3
,,,
p463,rs,31_07_2025,3
p463,sc,31_07_2025,2
p463,pa,31_07_2025,2
rs,sc,31_07_2025,2
rs,pa,31_07_2025,3
sc,pa,31_07_2025,2
,,,
p464,jp,01_08_2025,2
p464,budg,01_08_2025,2
p464,pa,01_08_2025,2
jp,budg,01_08_2025,2
jp,pa,01_08_2025,2
budg,pa,01_08_2025,2
,,,
p465,rus,01_08_2025,2
p465,cr,01_08_2025,2
p465,hist,01_08_2025,3
p465,pa,01_08_2025,2
rus,cr,01_08_2025,2
rus,pa,01_08_2025,2
cr,pa,01_08_2025,2
,,,
p466,jp,01_08_2025,2
p466,budg,01_08_2025,2
p466,t,01_08_2025,1
p466,eco,01_08_2025,1
jp,budg,01_08_2025,2
budg,eco,01_08_2025,1
t,eco,01_08_2025,1
jp,eco,01_08_2025,2
jp,t,01_08_2025,2
budg,t,01_08_2025,1
jp,tl,01_08_2025,2
p466,tl,01_08_2025,3
jp,pa,01_08_2025,2
,,,
p467,war,01_08_2025,3
p467,pa,01_08_2025,2
p467,rus,01_08_2025,2
p467,ukr,01_08_2025,2
rus,ukr,01_08_2025,2
rus,cr,01_08_2025,2
ukr,cr,01_08_2025,2
p467,jb,01_08_2025,2
,,,
p468,jobs,01_08_2025,2
p468,pa,01_08_2025,2
p468,budg,01_08_2025,2
p468,eco,01_08_2025,1
p468,aogo,01_08_2025,2
p468,jb,01_08_2025,2
jobs,pa,01_08_2025,2
jobs,aogo,01_08_2025,2
budg,eco,01_08_2025,1
budg,jb,01_08_2025,2
eco,jb,01_08_2025,2
aogo,pa,01_08_2025,2
,,,
p469,jobs,01_08_2025,2
p469,jb,01_08_2025,2
p469,eco,01_08_2025,1
p469,pa,01_08_2025,2
jobs,jb,01_08_2025,2
jobs,pa,01_08_2025,2
jb,pa,01_08_2025,2
eco,jobs,01_08_2025,1
eco,jb,01_08_2025,2
,,,
p470,im,02_08_2025,1
p470,pa,02_08_2025,2
p470,me,02_08_2025,1
p470,en,02_08_2025,1
p470,biden,02_08_2025,2
p470,harris,02_08_2025,2
im,biden,02_08_2025,2
im,harris,02_08_2025,2
me,en,02_08_2025,1
pa,biden,02_08_2025,2
pa,harris,02_08_2025,2
,,,
p471,aogo,02_08_2025,1
p471,dem,02_08_2025,2
p471,rep,02_08_2025,1
p471,pa,02_08_2025,2
p471,pe,02_08_2025,1
p471,jt,02_08_2025,1
aogo,rep,02_08_2025,1
aogo,dem,02_08_2025,2
rep,pe,02_08_2025,1
dem,pa,02_08_2025,2
jt,rep,02_08_2025,1
,,,
p472,aogo,02_08_2025,1
p472,dem,02_08_2025,2
p472,rep,02_08_2025,1
p472,pa,02_08_2025,2
p472,cs,02_08_2025,2
p472,rl,02_08_2025,2
aogo,dem,02_08_2025,2
aogo,rep,02_08_2025,1
dem,pa,02_08_2025,2
cs,dem,02_08_2025,2
cs,rl,02_08_2025,2
rep,dem,02_08_2025,2
p472,maga,02_08_2025,1
,,,
p473,dem,02_08_2025,2
p473,rep,02_08_2025,1
p473,eco,02_08_2025,1
p473,pa,02_08_2025,2
p473,maga,02_08_2025,1
dem,pa,02_08_2025,2
rep,eco,02_08_2025,1
rep,maga,02_08_2025,1
maga,eco,02_08_2025,1
rep,dem,02_08_2025,2
eco,dem,02_08_2025,2
,,,
p474,rep,02_08_2025,1
p474,maga,02_08_2025,1
p474,leg,02_08_2025,1
p474,pe,02_08_2025,1
p474,jt,02_08_2025,1
p474,mj,02_08_2025,1
pe,jt,02_08_2025,1
pe,mj,02_08_2025,1
rep,jt,02_08_2025,1
rep,mj,02_08_2025,1
leg,rep,02_08_2025,1
maga,rep,02_08_2025,1
,,,
p475,maga,03_08_2025,1
p475,eco,03_08_2025,1
p475,im,03_08_2025,1
p475,fp,03_08_2025,1
p475,pa,03_08_2025,2
p475,jb,03_08_2025,2
p475,kh,03_08_2025,2
p475,lt,03_08_2025,1
p475,cmtg,03_08_2025,2
p475,en,03_08_2025,1
p475,me,03_08_2025,1
en,lt,03_08_2025,1
me,lt,03_08_2025,1
pa,cmtg,03_08_2025,2
pa,jb,03_08_2025,2
pa,kh,03_08_2025,2
eco,jb,03_08_2025,2
im,jb,03_08_2025,2
maga,eco,03_08_2025,1
fp,maga,03_08_2025,1
,,,
p476,jobs,03_08_2025,2
p476,eco,03_08_2025,2
p476,pa,03_08_2025,2
p476,aogo,03_08_2025,2
p476,scam,03_08_2025,2
p476,el,03_08_2025,2
jobs,eco,03_08_2025,2
jobs,scam,03_08_2025,2
jobs,el,03_08_2025,2
scam,el,03_08_2025,2
aogo,jobs,03_08_2025,2
pa,jobs,03_08_2025,2
,,,
p477,dem,03_08_2025,2
p477,rep,03_08_2025,1
p477,cs,03_08_2025,2
p477,rl,03_08_2025,2
p477,aogo,03_08_2025,1
p477,pa,03_08_2025,2
p477,scam,03_08_2025,2
aogo,dem,03_08_2025,2
aogo,rep,03_08_2025,1
cs,dem,03_08_2025,2
cs,rl,03_08_2025,2
dem,pa,03_08_2025,2
,,,
p478,jobs,04_08_2025,2
p478,scam,04_08_2025,2
p478,elect,04_08_2025,2
p478,dem,04_08_2025,2
p478,rl,04_08_2025,2
p478,rep,04_08_2025,1
p478,aogo,04_08_2025,1
p478,maga,04_08_2025,1
jobs,scam,04_08_2025,2
jobs,elect,04_08_2025,2
dem,scam,04_08_2025,2
dem,elect,04_08_2025,2
rl,dem,04_08_2025,2
rep,aogo,04_08_2025,1
maga,rep,04_08_2025,1
,,,
p479,eco,04_08_2025,1
p479,tax,04_08_2025,1
p479,energy,04_08_2025,1
p479,pa,04_08_2025,2
p479,ew,04_08_2025,2
p479,pe,04_08_2025,1
p479,maga,04_08_2025,1
pa,ew,04_08_2025,2
eco,tax,04_08_2025,1
eco,energy,04_08_2025,1
pe,eco,04_08_2025,1
maga,eco,04_08_2025,1
,,,
p480,ew,04_08_2025,2
p480,pa,04_08_2025,2
p480,scam,04_08_2025,2
p480,maga,04_08_2025,1
pa,ew,04_08_2025,2
,,,
p481,ind,04_08_2025,2
p481,rus,04_08_2025,2
p481,ukr,04_08_2025,2
p481,t,04_08_2025,1
p481,eco,04_08_2025,1
p481,fp,04_08_2025,1
p481,pa,04_08_2025,2
p481,maga,04_08_2025,1
ind,rus,04_08_2025,2
ind,ukr,04_08_2025,2
t,ind,04_08_2025,1
eco,t,04_08_2025,1
fp,ukr,04_08_2025,1
,,,
p482,dem,05_08_2025,2
p482,pa,05_08_2025,2
p482,scam,05_08_2025,2
p482,maga,05_08_2025,1
pa,dem,05_08_2025,2
scam,dem,05_08_2025,2
,,,
p483,aogo,06_08_2025,1
p483,ph,06_08_2025,1
p483,en,06_08_2025,1
p483,maga,06_08_2025,1
aogo,ph,06_08_2025,1
en,ph,06_08_2025,1
maga,ph,06_08_2025,1
,,,
p484,t,06_08_2025,1
p484,eco,06_08_2025,1
p484,rl,06_08_2025,2
p484,pa,06_08_2025,2
p484,maga,06_08_2025,1
t,eco,06_08_2025,1
rl,pa,06_08_2025,2
,,,
p485,irn,07_08_2025,1
p485,mec,07_08_2025,1
p485,ac,07_08_2025,1
p485,fp,07_08_2025,1
p485,pe,07_08_2025,1
p485,maga,07_08_2025,1
irn,ac,07_08_2025,1
mec,ac,07_08_2025,1
ac,pe,07_08_2025,1
fp,ac,07_08_2025,1
fp,pe,07_08_2025,1
mec,pe,07_08_2025,1
obl,ac,07_08_2025,1
obl,fp,07_08_2025,1
,,,
p486,mel,07_08_2025,1
p486,pe,07_08_2025,1
p486,maga,07_08_2025,1
mel,pe,07_08_2025,1
mel,maga,07_08_2025,1
pe,maga,07_08_2025,1
,,,
p487,t,08_08_2025,1
p487,sm,08_08_2025,1
p487,eco,08_08_2025,1
p487,rl,08_08_2025,2
p487,cs,08_08_2025,1
p487,pa,08_08_2025,2
p487,pe,08_08_2025,1
p487,maga,08_08_2025,1
rl,pa,08_08_2025,2
sm,eco,08_08_2025,1
t,sm,08_08_2025,1
cs,pe,08_08_2025,1
,,,
p488,np,09_08_2025,2
p488,pa,09_08_2025,2
p488,ins,09_08_2025,2
p488,maga,09_08_2025,1
np,pa,09_08_2025,2
np,ins,09_08_2025,2
,,,
p489,ph,10_08_2025,1
p489,hom,10_08_2025,1
p489,cr,10_08_2025,1
p489,pa,10_08_2025,2
p489,maga,10_08_2025,1
hom,ph,10_08_2025,1
cr,ph,10_08_2025,1
pa,hom,10_08_2025,2
pa,cr,10_08_2025,2
,,,
p490,chi,10_08_2025,1
p490,fa,10_08_2025,1
p490,trade,10_08_2025,1
p490,eco,10_08_2025,1
p490,fp,10_08_2025,1
p490,maga,10_08_2025,1
p490,xi,10_08_2025,1
chi,fa,10_08_2025,1
chi,trade,10_08_2025,1
chi,eco,10_08_2025,1
xi,chi,10_08_2025,1
fa,trade,10_08_2025,1
trade,eco,10_08_2025,1
fp,chi,10_08_2025,1
fp,trade,10_08_2025,1
,,,
p491,ph,11_08_2025,1
p491,cr,11_08_2025,1
p491,pa,11_08_2025,2
p491,maga,11_08_2025,1
cr,ph,11_08_2025,1
pa,cr,11_08_2025,2
pa,ph,11_08_2025,2
p491,bor,11_08_2025,1
,,,
p492,cr,11_08_2025,2
p492,col,11_08_2025,3
p492,pa,11_08_2025,2
p492,maga,11_08_2025,1
cr,col,11_08_2025,2
pa,cr,11_08_2025,2
w,cr,11_08_2025,2
p492,w,11_08_2025,2
,,,
p493,ea,11_08_2025,1
p493,eco,11_08_2025,1
p493,en,11_08_2025,1
p493,maga,11_08_2025,1
ea,eco,11_08_2025,1
en,ea,11_08_2025,1
,,,
p494,kc,12_08_2025,1
p494,aw,12_08_2025,1
p494,pa,12_08_2025,1
p494,maga,12_08_2025,1
kc,aw,12_08_2025,1
pa,kc,12_08_2025,1
pa,aw,12_08_2025,1
,,,
,,,
p495,ct,12_08_2025,1
p495,db,12_08_2025,1
p495,nbc,12_08_2025,2
p495,fa,12_08_2025,2
p495,en,12_08_2025,1
p495,maga,12_08_2025,1
ct,db,12_08_2025,1
ct,nbc,12_08_2025,2
en,ct,12_08_2025,1
en,db,12_08_2025,1
,,,
p496,tl,12_08_2025,1
p496,sm,12_08_2025,2
p496,eco,12_08_2025,1
p496,pa,12_08_2025,2
p496,maga,12_08_2025,1
tl,jp,12_08_2025,2
pa,jp,12_08_2025,2
eco,jp,12_08_2025,2
,,,
p497,t,12_08_2025,1
p497,eco,12_08_2025,1
p497,sm,12_08_2025,2
p497,gs,12_08_2025,2
p497,pa,12_08_2025,2
p497,maga,12_08_2025,1
sm,gs,12_08_2025,2
t,eco,12_08_2025,1
,,,
p498,jm,12_08_2025,1
p498,js,12_08_2025,1
p498,rol,12_08_2025,1
p498,en,12_08_2025,1
p498,maga,12_08_2025,1
jm,js,12_08_2025,1
jm,rol,12_08_2025,1
en,jm,12_08_2025,1
,,,
p499,rc,12_08_2025,1
p499,js,12_08_2025,1
p499,rol,12_08_2025,1
p499,en,12_08_2025,1
p499,maga,12_08_2025,1
rc,js,12_08_2025,1
rc,rol,12_08_2025,1
en,rc,12_08_2025,1
,,,
p500,put,13_08_2025,1
p500,jb,13_08_2025,2
p500,fa,13_08_2025,2
p500,cor,13_08_2025,2
p500,en,13_08_2025,1
p500,maga,13_08_2025,1
jb,fa,13_08_2025,2
fa,cor,13_08_2025,2
put,cor,13_08_2025,3
,,,
p501,bbb,14_08_2025,1
p501,socs,14_08_2025,1
p501,pa,14_08_2025,2
p501,maga,14_08_2025,1
socs,pa,14_08_2025,2
,,,
p502,rt,14_08_2025,1
p502,js,14_08_2025,1
p502,le,14_08_2025,1
p502,en,14_08_2025,1
p502,maga,14_08_2025,1
rt,js,14_08_2025,1
rt,le,14_08_2025,1
en,rt,14_08_2025,1
,,,
p503,dem,15_08_2025,2
p503,cr,15_08_2025,2
p503,pa,15_08_2025,2
p503,maga,15_08_2025,1
dem,cr,15_08_2025,2
dem,pa,15_08_2025,2
cr,pa,15_08_2025,2
,,,
p504,put,16_08_2025,1
p504,zel,16_08_2025,1
p504,nato,16_08_2025,1
p504,pe,16_08_2025,1
p504,maga,16_08_2025,1
put,zel,16_08_2025,1
put,pe,16_08_2025,1
zel,pe,16_08_2025,1
nato,pe,16_08_2025,1
,,,
p505,fn,17_08_2025,2
p505,pe,17_08_2025,1
p505,pa,17_08_2025,2
p505,maga,17_08_2025,1
fn,pa,17_08_2025,2
,,,
p506,fn,17_08_2025,2
p506,dem,17_08_2025,2
p506,rl,17_08_2025,2
p506,pe,17_08_2025,1
p506,maga,17_08_2025,1
fn,rl,17_08_2025,2
,,,
p507,fn,17_08_2025,2
p507,dem,17_08_2025,2
p507,rl,17_08_2025,2
p507,pe,17_08_2025,1
p507,cr,17_08_2025,1
p507,bb,17_08_2025,1
p507,maga,17_08_2025,1
fn,rl,17_08_2025,2
fn,dem,17_08_2025,2
dem,rl,17_08_2025,2
cr,bb,17_08_2025v,1
pe,cr,17_08_2025,1
pe,bb,17_08_2025,1
,,,
p508,pe,17_08_2025,1
p508,fn,17_08_2025,2
p508,dem,17_08_2025,2
p508,rl,17_08_2025,2
pe,cb,17_08_2025,2
pe,jb,17_08_2025,2
fn,cb,17_08_2025,2
fn,jb,17_08_2025,2
dem,cb,17_08_2025,1
rl,cb,17_08_2025,2
cb,jb,17_08_2025,2
,,,
p509,pe,17_08_2025,1
p509,fn,17_08_2025,2
pe,vz,17_08_2025,1
pe,rus,17_08_2025,2
fn,ob,17_08_2025,2
vz,rus,17_08_2025,1
,,,
p510,pa,17_08_2025,1
p510,eco,17_08_2025,1
p510,maga,17_08_2025,1
,,,
p511,scam,18_08_2025,2
p511,election,18_08_2025,1
p511,rl,18_08_2025,2
p511,rep,18_08_2025,1
,,,
p512,ham,18_08_2025,2
p512,pe,18_08_2025,1
p512,nuc,18_08_2025,1
pe,ham,18_08_2025,1
pe,nuc,18_08_2025,1
,,,
p513,dc,18_08_2025,1
p513,fn,18_08_2025,2
p513,cd,18_08_2025,1
dc,cd,18_08_2025,1
fn,dc,18_08_2025,2
,,,
p514,fn,18_08_2025,2
p514,rl,18_08_2025,2
p514,pe,18_08_2025,1
pe,fn,18_08_2025,1
pe,rl,18_08_2025,1
p514,russia,18_08_2025,3
rl,fn,18_08_2025,2
,,,
p515,caa,18_08_2025,1
p515,pair,18_08_2025,1
p515,rep,18_08_2025,1
pair,rep,18_08_2025,1
caa,rep,18_08_2025,1
pair,caa,18_08_2025,1
,,,
p516,pe,18_08_2025,1
p516,pm,18_08_2025,1
p516,nato,18_08_2025,1
p516,vz,18_08_2025,1
p516,em,18_08_2025,1
p516,as,18_08_2025,1
p516,gm,18_08_2025,1
p516,ks,18_08_2025,1
p516,fm,18_08_2025,1
p516,uvl,18_08_2025,1
p516,mr,18_08_2025,1
p516,vp,18_08_2025,1
p516,mrub,18_08_2025,1
p516,sw,18_08_2025,1
p516,putin,18_08_2025,1
pe,pm,18_08_2025,1
pe,nato,18_08_2025,1
pm,vz,18_08_2025,1
pm,em,18_08_2025,1
pm,as,18_08_2025,1
pm,gm,18_08_2025,1
pm,ks,18_08_2025,1
pm,fm,18_08_2025,1
pm,uvl,18_08_2025,1
pm,mr,18_08_2025,1
nato,vp,18_08_2025,1
nato,mrub,18_08_2025,1
nato,sw,18_08_2025,1
pe,putin,18_08_2025,1
,,,
p517,mc,18_08_2025,1
p517,pair,18_08_2025,1
p517,uvl,18_08_2025,1
p517,mel,18_08_2025,1
pair,uvl,18_08_2025,1
pair,mel,18_08_2025,1
mc,pair,18_08_2025,1
,,,
p518,ep,19_08_2025,2
p518,wind,19_08_2025,2
p518,epr,19_08_2025,2
ep,wind,19_08_2025,2
wind,epr,19_08_2025,2
,,,
p519,fed,19_08_2025,2
p519,eco,19_08_2025,2
p519,if,19_08_2025,1
p519,pa,19_08_2025,2
p519,jp,19_08_2025,2
fed,jp,19_08_2025,2
fed,eco,19_08_2025,2
if,fed,19_08_2025,2
pa,jp,19_08_2025,2
,,,
p520,ep,20_08_2025,2
p520,wind,20_08_2025,2
p520,sol,20_08_2025,2
p520,ec,20_08_2025,2
p520,maga,20_08_2025,1
ep,wind,20_08_2025,2
ep,sol,20_08_2025,2
wind,ec,20_08_2025,2
sol,ec,20_08_2025,2
,,,
,,,
p521,election,20_08_2025,1
p521,scam,20_08_2025,2
p521,rep,20_08_2025,1
p521,eco,20_08_2025,1
p521,gun,20_08_2025,1
rep,election,20_08_2025,1
election,scam,20_08_2025,2
rep,gun,20_08_2025,1
rep,eco,20_08_2025,1
,,,
p522,election,20_08_2025,1
p522,vf,20_08_2025,2
p522,rep,20_08_2025,1
rep,election,20_08_2025,1
election,vf,20_08_2025,2
,,,
p523,ca,20_08_2025,1
p523,rep,20_08_2025,1
p523,gn,20_08_2025,2
rep,ca,20_08_2025,1
gn,ca,20_08_2025,2
,,,
p524,msnbc,20_08_2025,2
p524,concast,20_08_2025,2
concast,msnbc,20_08_2025,2
,,,
p525,dc,21_08_2025,2
p525,border,21_08_2025,2
,,,
p526,ca,21_08_2025,2
p526,ed,21_08_2025,2
p526,rl,21_08_2025,2
,,,
p527,ny,21_08_2025,2
p527,rl,21_08_2025,2
p527,lg,21_08_2025,2
,,,
p528,lj,22_08_2025,2
p528,nyag,22_08_2025,2
p528,nyj,22_08_2025,2
p528,apd,22_08_2025,3
p528,njs,22_08_2025,3
lj,nyag,22_08_2025,3
lj,nyj,22_08_2025,3
lj,apd,22_08_2025,3
lj,njs,22_08_2025,3
nyag,nyj,22_08_2025,3
nyag,apd,22_08_2025,3
nyag,njs,22_08_2025,3
nyj,apd,22_08_2025,3
nyj,njs,22_08_2025,3
apd,njs,22_08_2025,3
lj,le,22_08_2025,2
lj,cor,22_08_2025,2
nyag,js,22_08_2025,3
nyj,js,22_08_2025,3
apd,js,22_08_2025,3
njs,js,22_08_2025,3
,,,
p529,t,22_08_2025,3
p529,nc,22_08_2025,3
p529,sc,22_08_2025,3
p529,mi,22_08_2025,3
p529,usa,22_08_2025,3
p529,fb,22_08_2025,3
t,nc,22_08_2025,3
t,sc,22_08_2025,3
t,mi,22_08_2025,3
t,usa,22_08_2025,3
t,fb,22_08_2025,3
nc,fb,22_08_2025,3
sc,fb,22_08_2025,3
mi,fb,22_08_2025,3
usa,fb,22_08_2025,3
,,,
p530,rl,22_08_2025,3
p530,cbo,22_08_2025,3
p530,t,22_08_2025,3
p530,suc,22_08_2025,3
p530,ta,22_08_2025,3
p530,ep,22_08_2025,3
p530,fy,22_08_2025,3
rl,cbo,22_08_2025,3
rl,t,22_08_2025,1
rl,suc,22_08_2025,1
rl,ta,22_08_2025,1
rl,ep,22_08_2025,1
rl,fy,22_08_2025,1
cbo,t,22_08_2025,1
cbo,suc,22_08_2025,1
cbo,ta,22_08_2025,1
cbo,ep,22_08_2025,1
cbo,fy,22_08_2025,1
t,suc,22_08_2025,1
t,ta,22_08_2025,1
t,ep,22_08_2025,1
t,fy,22_08_2025,1
suc,ta,22_08_2025,1
suc,ep,22_08_2025,1
suc,fy,22_08_2025,1
ta,ep,22_08_2025,1
ta,fy,22_08_2025,1
ep,fy,22_08_2025,1