id,name,date,month,sex,party,topcategory,link
cf,campaign fundraising,,,,,1,
ef,election fraud,,,,,1,
suc,surrogate campaigning,,,,,1,
af,America First,,,,,1,
fy,Fentanyl,,,,,2,
ty,Tylenol,,,,,2,
if,inflation,,,,,3,
iv,investments,,,,,3,
spc,spending cuts,,,,,3,
cor,corruption,,,,,8,
doge,DOGE,,,,,3,
js,justice system,,,,,4,
le,law enforcement,,,,,4,
sec,second amendment,,,,,4,
fos,freedom of speech,,,,,4,
lp,legal proceedings,,,,,4,
sch,school system,,,,,5,
uni,universities,,,,,5,
ta,taxes,,,,,6,
caaa,corporate and administrative announcements,,,,,6,
ng,national guards,,,,,7,
nwt,nuclear weapons testing,,,,,7,
ma,Marine,,,,,7,
mu,murderer,,,,,8,
cr,criminals,,,,,8,
rl,radical left,,,,,9,
fk,fake news,,,,,10,
mc,media criticism,,,,,10,
u,Univision,,,,,10,
p,press,,,,,10,
tva,TV appearances,,,,,10,
t,tariffs,,,,,11,
ttb,TikTok Ban,,,,,11,
eu,European Union,,,,,11,
afd,Alternative für Deutschland,,,,,11,
ham,Hamas,,,,,11,
pair,political alliances & international relations,,,,,11,
pm,political meetings,,,,,11,
ic,international comparison,,,,,11,
un,United Nations,,,,,11,
aogo,appointment of government officials,,,,,12,
bbb,Big Beautiful Bill,,,,,12,
o,opposition,,,,,12,
ack,assassination attempt on Charlie Kirk,,,,,12,
lu,labor union,,,,,12,
d,democrats,,,,,,
ice,ICE,,,,,12,
hist,history,,,,,17,
isr,Israel,,,,,20,
rus,Russia,,,,,20,
ukr,Ukraine,,,,,20,
gaz,Gaza Strip,,,,,13,
tha,Thailand,,,,,20,
kam,Kambodscha,,,,,20,
grl,Greenland,,,,,20,
irn,Iran,,,,,20,
ven,Venezuela,,,,,20,
cap,capitol riot,,,,,13,
b,Blutbad (Bloodbath in Bezug auf Russland/Ukraine),,,,,13,
eco,economy,,,,,1,
ba,Basketball,,,,,14,
wt,wind turbines,,,,,15,
clicha,climate change,,,,,15,
ep,energy policy,,,,,15,
rb,religious beliefs,,,,,16,
jew,jews,,,,,16,
npp,nobel peace price,,,,,19,
fpp,FIFA Peace Prize,,,,19,19,
par,pardon,,,,,4,
pa,personal attacks,,,,,9,
nas,national security,,,,,7,
c,children,,,,,18,
w,wife,,,,,18,
usdod,Department of Defence,,,,,7,
fb,football,,,,,14,
obp,open border policy,,,,,14,
wf,wild fires,,,,,15,
iwr,I was right,,,,,,
nz,New Zealand,,,,,20,
sam,Samoa,,,,,20,
nv,Nevada,,,,,21,
fl,Florida,,,,,21,
az,Arizona,,,,,21,
col,Colombia,,,,,20,
pan,Panama,,,,,20,
wafl,Waterflow,,,,,,
av,aviation,,,,,,
soma,Somalia,,,,,20,
mex,Mexico,,,,,20,
can,Canada,,,,,20,
chn,China,,,,,20,
soaf,South Africa,,,,,20,
boo,books,,,,,10,
aut,Autism,,,,,2,
trans,Transgender participation,,,,,,
wspt,Womenssport,,,,,14,
rf,religions freedom,,,,,16,
budg,Budget,,,,,3,
env,environment,,,,,15,
jpn,Japan,,,,,20,
art,arts & culture,,,,,,
iw,Iowa,,,,,12,
ger,Germany,,,,,20,
fin,finnland,,,,,20,
gofa,golf of america,,,,,11,
usdoc,United States Department of Commerce,,,,,6,
ustr,United States Trade Representative,,,,,6,
im,immigration,,,,,12,
wy,Wyoming,,,,,21,
syr,Syria,,,,,20,
ny,New York,,,,,21,
bor,border,,,,,12,
ct,congestion toll,,,,,,
hf,Hedge Funds,,,,,3,
rlm,radical left media,,,,,10,
bit,Bitcoin,,,,,3,
peace,peace,,,,,,
tech,technology,,,,,,
fra,France,,,,,20,
ai,Artificial Intelligence,,,,,,
baseb,baseball,,,,,14,
ensr,endorsment,,,,,,
hom,homless,,,,,,
dr,drugs,,,,,2,
socs,Social Secruity,,,,,,
ont,Ontario,,,,,21,
aus,Australia,,,,,20,
nuc,Nuclear Weapons,,,,,,
irl,Ireland,,,,,20,
j6,January 6th,,,,,,
cont,Connecticut,,,,,21,
els,El Salvador,,,,,20,
uae,United Arab Emirates,,,,,20,
maga,Make America Great Again,,,,,,
box,boxing,,,,,14,
mai,Maine,,,,,,
socm,Social Media,,,,,,
elec,election,,,,,1,
nj,New Jersey,,,,,21,
crm,crime,,,,,8,
emerg,Emergency Managment,,,,,,
wash,Washington,,,,,21,
war,war,,,,,13,
egy,Egypt,,,,,20,
edu,education,,,,,5,
yem,Yemen,,,,,20,
uk,United Kingdom,,,,,20,
vie,Vietnam,,,,,20,
skor,South Korea,,,,,20,
dom,Daylight Saving,,,,,,
hr,human rights,,,,,4,
usa,United States of America,,,,,20,
fa,farmers,,,,,,
fam,family,,,,,18,
ir,interest rates,,,,,,
ita,Italy,,,,,20,
afr,Africa,,,,,20,
actb,ActBlue,,,,,,
pen,Pennsylvania,,,,,21,
vir,Virginia,,,,,21,
colo,Colorado,,,,,21,
con,constituion,,,,,4,
p1,post1,01_01_25,jan25,,,,
p2,post2,01_01_25,jan25,,,,https://truthsocial.com/@realDonaldTrump/posts/113754467479053315
p3,post3,01_01_25,jan25,,,,https://truthsocial.com/@realDonaldTrump/posts/113755116467958801
p4,post4,02_01_25,jan25,,,,https://truthsocial.com/@realDonaldTrump/posts/113757022203490348
p5,post5,02_01_25,jan25,,,,https://truthsocial.com/@realDonaldTrump/posts/113757027763121461
p6,post6,02_01_25,jan25,,,,https://truthsocial.com/@realDonaldTrump/posts/113759153879157409
p7,post7,03_01_25,jan25,,,,https://truthsocial.com/@realDonaldTrump/posts/113761610630888873
p8,post8,03_01_25,jan25,,,,https://truthsocial.com/@realDonaldTrump/posts/113761610964263186
p9,post9,03_01_25,jan25,,,,https://truthsocial.com/@realDonaldTrump/posts/113761614635372995
p10,post10,03_01_25,jan25,,,,https://truthsocial.com/@realDonaldTrump/posts/113761615416243218
p11,post11,03_01_25,jan25,,,,https://truthsocial.com/@realDonaldTrump/posts/113762718646858742
p12,post12,03_01_25,jan25,,,,https://truthsocial.com/@realDonaldTrump/posts/113762729436262921
p13,post13,03_01_25,jan25,,,,https://truthsocial.com/@realDonaldTrump/posts/113764616476025179
p14,post14,03_01_25,jan25,,,,https://truthsocial.com/@realDonaldTrump/posts/113764619892369475
p15,post15,03_01_25,jan25,,,,https://truthsocial.com/@realDonaldTrump/posts/113765824090252651
p16,post16,03_01_25,jan25,,,,https://truthsocial.com/@realDonaldTrump/posts/113765847370756395
p17,post17,03_01_25,jan25,,,,https://truthsocial.com/@realDonaldTrump/posts/113766194492726186
p18,post18,03_01_25,jan25,,,,https://truthsocial.com/@realDonaldTrump/posts/113766496962657828
p19,post19,04_01_25,jan25,,,,https://truthsocial.com/@realDonaldTrump/posts/113767012101264154
p20,post20,04_01_25,jan25,,,,https://truthsocial.com/@realDonaldTrump/posts/113767012988447810
p21,post21,04_01_25,jan25,,,,https://truthsocial.com/@realDonaldTrump/posts/113767243927095317
p22,post22,04_01_25,jan25,,,,https://truthsocial.com/@realDonaldTrump/posts/113767548146140020
p23,post23,04_01_25,jan25,,,,https://truthsocial.com/@realDonaldTrump/posts/113767548146140020
p24,post24,04_01_25,jan25,,,,https://truthsocial.com/@realDonaldTrump/posts/113770089280713901
p25,post25,04_01_25,jan25,,,,https://truthsocial.com/@realDonaldTrump/posts/113770221063957382
p26,post26,06_01_25,jan25,,,,https://truthsocial.com/@realDonaldTrump/posts/113778270981808446
p27,post27,06_01_25,jan25,,,,https://truthsocial.com/@realDonaldTrump/posts/113778957475969583
p28,post28,06_01_25,jan25,,,,https://truthsocial.com/@realDonaldTrump/posts/113781647532063909
p29,post29,06_01_25,jan25,,,,https://truthsocial.com/@realDonaldTrump/posts/113781668884628397
p30,post30,06_01_25,jan25,,,,https://truthsocial.com/@realDonaldTrump/posts/113781828670659948
p31,post31,06_01_25,jan25,,,,https://truthsocial.com/@realDonaldTrump/posts/113782593946571268
p32,post32,06_01_25,jan25,,,,https://truthsocial.com/@realDonaldTrump/posts/113782682597333035
p33,post33,07_01_25,jan25,,,,https://truthsocial.com/@realDonaldTrump/posts/113783930691285775
p34,post34,07_01_25,jan25,,,,https://truthsocial.com/@realDonaldTrump/posts/113784403054671011
p35,post35,07_01_25,jan25,,,,https://truthsocial.com/@realDonaldTrump/posts/113787590758180339
p36,post36,08_01_25,jan25,,,,https://truthsocial.com/@realDonaldTrump/posts/113789874318969723
p37,post37,08_01_25,jan25,,,,https://truthsocial.com/@realDonaldTrump/posts/113793724958051185
p38,post38,08_01_25,jan25,,,,https://truthsocial.com/@realDonaldTrump/posts/113794310597997768
p39,post39,08_01_25,jan25,,,,https://truthsocial.com/@realDonaldTrump/posts/113794373085936970
p40,post40,08_01_25,jan25,,,,https://truthsocial.com/@realDonaldTrump/posts/113794520227234567
p41,post41,08_01_25,jan25,,,,https://truthsocial.com/@realDonaldTrump/posts/113794812156056041
p42,post42,09_01_25,jan25,,,,https://truthsocial.com/@realDonaldTrump/posts/113795257617091833
p43,post43,09_01_25,jan25,,,,https://truthsocial.com/@realDonaldTrump/posts/113795270864571871
p44,post44,09_01_25,jan25,,,,https://truthsocial.com/@realDonaldTrump/posts/113796555731896970
p45,post45,09_01_25,jan25,,,,https://truthsocial.com/@realDonaldTrump/posts/113798400418762415
p46,post46,09_01_25,jan25,,,,https://truthsocial.com/@realDonaldTrump/posts/113800079508041805
p47,post47,09_01_25,jan25,,,,https://truthsocial.com/@realDonaldTrump/posts/113800699320833807
p48,post48,10_01_25,jan25,,,,https://truthsocial.com/@realDonaldTrump/posts/113801030153083772
p49,post49,10_01_25,jan25,,,,https://truthsocial.com/@realDonaldTrump/posts/113801031089610076
p50,post50,10_01_25,jan25,,,,https://truthsocial.com/@realDonaldTrump/posts/113801152970385739
p51,post51,10_01_25,jan25,,,,https://truthsocial.com/@realDonaldTrump/posts/113801194574051815
p52,post52,10_01_25,jan25,,,,https://truthsocial.com/@realDonaldTrump/posts/113801361784208511
p53,post53,10_01_25,jan25,,,,https://truthsocial.com/@realDonaldTrump/posts/113801865804214139
p54,post54,10_01_25,jan25,,,,https://truthsocial.com/@realDonaldTrump/posts/113804764963563444
p55,post55,11_01_25,jan25,,,,https://truthsocial.com/@realDonaldTrump/posts/113806697640626691
p56,post56,11_01_25,jan25,,,,https://truthsocial.com/@realDonaldTrump/posts/113806736829454392
p57,post57,11_01_25,jan25,,,,https://truthsocial.com/@realDonaldTrump/posts/113811527858687071
p58,post58,11_01_25,jan25,,,,https://truthsocial.com/@realDonaldTrump/posts/113811530017352088
p59,post59,11_01_25,jan25,,,,https://truthsocial.com/@realDonaldTrump/posts/113811581986342614
p60,post60,11_01_25,jan25,,,,https://truthsocial.com/@realDonaldTrump/posts/113811582662856492
p61,post61,11_01_25,jan25,,,,https://truthsocial.com/@realDonaldTrump/posts/113811582890637417
p62,post62,11_01_25,jan25,,,,https://truthsocial.com/@realDonaldTrump/posts/113811644829513908
p63,post63,11_01_25,jan25,,,,https://truthsocial.com/@realDonaldTrump/posts/113811654018456899
p64,post64,11_01_25,jan25,,,,https://truthsocial.com/@realDonaldTrump/posts/113811658891289537
p65,post65,11_01_25,jan25,,,,https://truthsocial.com/@realDonaldTrump/posts/113811719432524620
p66,post66,12_01_25,jan25,,,,https://truthsocial.com/@realDonaldTrump/posts/113813910239950299
p67,post67,12_01_25,jan25,,,,https://truthsocial.com/@realDonaldTrump/posts/113813952733064849
p68,post68,12_01_25,jan25,,,,https://truthsocial.com/@realDonaldTrump/posts/113815442943651160
p69,post69,12_01_25,jan25,,,,https://truthsocial.com/@realDonaldTrump/posts/113816744699535201
p70,post70,12_01_25,jan25,,,,https://truthsocial.com/@realDonaldTrump/posts/113817279378833131
p71,post71,13_01_25,jan25,,,,https://truthsocial.com/@realDonaldTrump/posts/113822014832762107
p72,post72,14_01_25,jan25,,,,https://truthsocial.com/@realDonaldTrump/posts/113824747339407145
p73,post73,14_01_25,jan25,,,,https://truthsocial.com/@realDonaldTrump/posts/113825273712457498
p74,post74,14_01_25,jan25,,,,https://truthsocial.com/@realDonaldTrump/posts/1138253426502525
p75,post75,14_01_25,jan25,,,,https://truthsocial.com/@realDonaldTrump/posts/113825385088555273
p76,post76,14_01_25,jan25,,,,https://truthsocial.com/@realDonaldTrump/posts/113825394837263070
p77,post77,14_01_25,jan25,,,,https://truthsocial.com/@realDonaldTrump/posts/113826664007613749
p78,post78,14_01_25,jan25,,,,https://truthsocial.com/@realDonaldTrump/posts/113826686962325672
p79,post79,14_01_25,jan25,,,,https://truthsocial.com/@realDonaldTrump/posts/113827650534234057
p80,post80,14_01_25,jan25,,,,https://truthsocial.com/@realDonaldTrump/posts/113827719473988869
p81,post81,15_01_25,jan25,,,,https://truthsocial.com/@realDonaldTrump/posts/113830524777312896
p82,post82,15_01_25,jan25,,,,https://truthsocial.com/@realDonaldTrump/posts/113833208508999868
p83,post83,15_01_25,jan25,,,,https://truthsocial.com/@realDonaldTrump/posts/113833216412524131
p84,post84,15_01_25,jan25,,,,https://truthsocial.com/@realDonaldTrump/posts/113833442957238587
p85,post85,15_01_25,jan25,,,,https://truthsocial.com/@realDonaldTrump/posts/113833531533520804
p86,post86,15_01_25,jan25,,,,https://truthsocial.com/@realDonaldTrump/posts/113833850315456524
p87,post87,16_01_25,jan25,,,,https://truthsocial.com/@realDonaldTrump/posts/113835342903467996
p88,post88,16_01_25,jan25,,,,https://truthsocial.com/@realDonaldTrump/posts/113838910141234898
p89,post89,16_01_25,jan25,,,,https://truthsocial.com/@realDonaldTrump/posts/113838910394876248
p90,post90,16_01_25,jan25,,,,https://truthsocial.com/@realDonaldTrump/posts/113838911029899508
p91,post91,16_01_25,jan25,,,,https://truthsocial.com/@realDonaldTrump/posts/113838912162964211
p92,post92,16_01_25,jan25,,,,https://truthsocial.com/@realDonaldTrump/posts/113839243472952784
p93,post93,16_01_25,jan25,,,,https://truthsocial.com/@realDonaldTrump/posts/113839799861268090
p94,post94,16_01_25,jan25,,,,https://truthsocial.com/@realDonaldTrump/posts/113839800612338060
p95,post95,16_01_25,jan25,,,,https://truthsocial.com/@realDonaldTrump/posts/113839801377597625
p96,post96,16_01_25,jan25,,,,https://truthsocial.com/@realDonaldTrump/posts/113839802504691145
p97,post97,16_01_25,jan25,,,,https://truthsocial.com/@realDonaldTrump/posts/113839802746301933
p98,post98,16_01_25,jan25,,,,https://truthsocial.com/@realDonaldTrump/posts/113840390339817438
p99,post99,16_01_25,jan25,,,,https://truthsocial.com/@realDonaldTrump/posts/113840390686249645
p100,post100,17_01_25,jan25,,,,https://truthsocial.com/@realDonaldTrump/posts/113840929878704254
p101,post101,17_01_25,jan25,,,,https://truthsocial.com/@realDonaldTrump/posts/113844165549788304
p102,post102,17_01_25,jan25,,,,https://truthsocial.com/@realDonaldTrump/posts/113844584193010573
p103,post103,17_01_25,jan25,,,,https://truthsocial.com/@realDonaldTrump/posts/113844745273237387
p104,post104,18_01_25,jan25,,,,https://truthsocial.com/@realDonaldTrump/posts/113846689919960778
p105,post105,18_01_25,jan25,,,,https://truthsocial.com/@realDonaldTrump/posts/113846888132979151
p106,post106,18_01_25,jan25,,,,https://truthsocial.com/@realDonaldTrump/posts/113847449027767807
p107,post107,18_01_25,jan25,,,,https://truthsocial.com/@realDonaldTrump/posts/113849594966153309
p108,post108,18_01_25,jan25,,,,https://truthsocial.com/@realDonaldTrump/posts/113849658813199949
p109,post109,19_01_25,jan25,,,,https://truthsocial.com/@realDonaldTrump/posts/113852861184162135
p110,post110,19_01_25,jan25,,,,https://truthsocial.com/@realDonaldTrump/posts/113854921940858148
p111,post111,19_01_25,jan25,,,,https://truthsocial.com/@realDonaldTrump/posts/113854984722256650
p112,post112,19_01_25,jan25,,,,https://truthsocial.com/@realDonaldTrump/posts/113855299596698276
p113,post113,19_01_25,jan25,,,,https://truthsocial.com/@realDonaldTrump/posts/113855616848696050
p114,post114,21_01_25,jan25,,,,https://truthsocial.com/@realDonaldTrump/posts/113864692804149616
p115,post115,22_01_25,jan25,,,,https://truthsocial.com/@realDonaldTrump/posts/113869112741612092
p116,post116,22_01_25,jan25,,,,https://truthsocial.com/@realDonaldTrump/posts/113870397327465225
p117,post117,22_01_25,jan25,,,,https://truthsocial.com/@realDonaldTrump/posts/113872782548137314
p118,post118,22_01_25,jan25,,,,https://truthsocial.com/@realDonaldTrump/posts/113873487944418855
p119,post119,23_01_25,jan25,,,,https://truthsocial.com/@realDonaldTrump/posts/113874735766176608
p120,post120,23_01_25,jan25,,,,https://truthsocial.com/@realDonaldTrump/posts/113874737440816090
p121,post121,23_01_25,jan25,,,,https://truthsocial.com/@realDonaldTrump/posts/113874738288379518
p122,post122,23_01_25,jan25,,,,https://truthsocial.com/@realDonaldTrump/posts/113874811205486989
p123,post123,23_01_25,jan25,,,,https://truthsocial.com/@realDonaldTrump/posts/113874843045385307
p124,post124,23_01_25,jan25,,,,https://truthsocial.com/@realDonaldTrump/posts/113878119879850620
p125,post125,24_01_25,jan25,,,,https://truthsocial.com/@realDonaldTrump/posts/113883512938932504
p126,post126,24_01_25,jan25,,,,https://truthsocial.com/@realDonaldTrump/posts/113884264222871038
p127,post127,24_01_25,jan25,,,,https://truthsocial.com/@realDonaldTrump/posts/113884268951413821
p128,post128,24_01_25,jan25,,,,https://truthsocial.com/@realDonaldTrump/posts/113885433070959220
p129,post129,24_01_25,jan25,,,,https://truthsocial.com/@realDonaldTrump/posts/113885585200862094
p130,post130,25_01_25,jan25,,,,https://truthsocial.com/@realDonaldTrump/posts/113886755513227722
p131,post131,25_01_25,jan25,,,,https://truthsocial.com/@realDonaldTrump/posts/113887487731381945
p132,post132,25_01_25,jan25,,,,https://truthsocial.com/@realDonaldTrump/posts/113890894680713957
p133,post133,25_01_25,jan25,,,,https://truthsocial.com/@realDonaldTrump/posts/113891423260527462
p134,post134,26_01_25,jan25,,,,https://truthsocial.com/@realDonaldTrump/posts/113891479358660000
p135,post135,26_01_25,jan25,,,,https://truthsocial.com/@realDonaldTrump/posts/113891609516360925
p136,post136,26_01_25,jan25,,,,https://truthsocial.com/@realDonaldTrump/posts/113891610231810742
p137,post137,26_01_25,jan25,,,,https://truthsocial.com/@realDonaldTrump/posts/113891875170815980
p138,post138,26_01_25,jan25,,,,https://truthsocial.com/@realDonaldTrump/posts/113891965069994650
p139,post139,26_01_25,jan25,,,,https://truthsocial.com/@realDonaldTrump/posts/113892028555891611
p140,post140,26_01_25,jan25,,,,https://truthsocial.com/@realDonaldTrump/posts/113896070273857964
p141,post141,26_01_25,jan25,,,,https://truthsocial.com/@realDonaldTrump/posts/113896658711691006
p142,post142,27_01_25,jan25,,,,https://truthsocial.com/@realDonaldTrump/posts/113897618055963806
p143,post143,27_01_25,jan25,,,,https://truthsocial.com/@realDonaldTrump/posts/113897833433874090
p144,post144,27_01_25,jan25,,,,https://truthsocial.com/@realDonaldTrump/posts/113898174546866337
p145,post145,27_01_25,jan25,,,,https://truthsocial.com/@realDonaldTrump/posts/113898250054290578
p146,post146,27_01_25,jan25,,,,https://truthsocial.com/@realDonaldTrump/posts/113898263726281638
p147,post147,27_01_25,jan25,,,,https://truthsocial.com/@realDonaldTrump/posts/113898278629423148
p148,post148,28_01_25,jan25,,,,https://truthsocial.com/@realDonaldTrump/posts/113903630433895227
p149,post149,28_01_25,jan25,,,,https://truthsocial.com/@realDonaldTrump/posts/113904028349476462
p150,post150,28_01_25,jan25,,,,https://truthsocial.com/@realDonaldTrump/posts/113906705175756002
p151,post151,28_01_25,jan25,,,,https://truthsocial.com/@realDonaldTrump/posts/113906848441608708
p152,post152,28_01_25,jan25,,,,https://truthsocial.com/@realDonaldTrump/posts/113907637484810162
p153,post153,29_01_25,jan25,,,,https://truthsocial.com/@realDonaldTrump/posts/113908666572035035
p154,post154,29_01_25,jan25,,,,https://truthsocial.com/@realDonaldTrump/posts/113908670949354923
p155,post155,29_01_25,jan25,,,,https://truthsocial.com/@realDonaldTrump/posts/113909188940119917
p156,post156,29_01_25,jan25,,,,https://truthsocial.com/@realDonaldTrump/posts/113913032836526850
p157,post157,29_01_25,jan25,,,,https://truthsocial.com/@realDonaldTrump/posts/113913720574106648
p158,post158,30_01_25,jan25,,,,https://truthsocial.com/@realDonaldTrump/posts/113914469333231777
p159,post159,30_01_25,jan25,,,,https://truthsocial.com/@realDonaldTrump/posts/113915617049801010
p160,post160,30_01_25,jan25,,,,https://truthsocial.com/@realDonaldTrump/posts/113915624224794529
p161,post161,30_01_25,jan25,,,,https://truthsocial.com/@realDonaldTrump/posts/113917721798012197
p162,post162,30_01_25,jan25,,,,https://truthsocial.com/@realDonaldTrump/posts/113918387910784054
p163,post163,30_01_25,jan25,,,,https://truthsocial.com/@realDonaldTrump/posts/113918402678637852
p164,post164,31_01_25,jan25,,,,https://truthsocial.com/@realDonaldTrump/posts/113918417817363879
p165,post165,31_01_25,jan25,,,,https://truthsocial.com/@realDonaldTrump/posts/113920366067218393
p166,post166,31_01_25,jan25,,,,https://truthsocial.com/@realDonaldTrump/posts/113923125872343340
p167,post167,31_01_25,jan25,,,,https://truthsocial.com/@realDonaldTrump/posts/113923147334338299
fnm,Fake News Media,,,,,10,
nopd,New Orleans Police Department,,,,,4,
trad,Trump Administration,,,,,12,
cono,City of New Orleans,,,,,21,
doj,Department of Justice,,,,,4,
fbi,Federal Bureau of Investigation,,,,,4,
cia,Central Intelligence Agency,,,,,,
jb,Joe Biden,,,2,1,,
jpop,Joe Popolo,,,2,2,,
usg,United States Goverment,,,,,22,
bljr,Benjamin Leon jr.,,,2,2,,
ca,Cora Alvi,,,1,3,,
sb,Scott Bessent,,,2,3,,
kk,Ken Kies,,,2,3,,
apr,Alexandra Preate,,,1,3,,
hmc,Hunter McMaster,,,2,2,,
dk,Daniel Katz,,,2,3,,
ss,Samantha Schwab,,,1,3,,
usdot,United States Department of the Treasury,,,,,3,
mijo,Mike Johnson,,,2,2,,
jc,Jimmy Charter,,,2,1,,
usco,United States Congress,,,,,22,
mo,Morgan Ortagus,,,1,2,,
sw,Steven Witkoff,,,2,2,,
rp,Roman Pipko,,,2,2,,
tb,Tammy Bruce,,,1,2,,
maru,Marco Rubio,,,2,2,,
usdos,U.S. Department of State,,,,,22,
jume,Juan Merchan,,,2,3,,
albr,Alvin Bragg,,,2,1,,
usc,United States Courts,,,,,4,
usst,US. Steel,,,,,6,
twp,post1155,,,,,10,
dtjr,Donald Trump Jr.,,,2,3,,
rep,Representatives,,,,,,
jnj,Joesph Nocella Jr.,,,2,2,,
edony,Eastern District of New York,,,,,,
ccol,Christopher Columbus,,,2,3,,
gn,Gavin Newsom,,,2,1,,
bho,Beryl Howell,,,2,3,,
cal,California,,,,,21,
rmu,Rupert Murdoch,,,2,2,,
la,Los Angeles,,,,,21,
pc,Perkins Coie,,,,,,
fema,Federal Emergency Management Agency,,,,,,
usda,United States Department of Agriculture,,,,,15,
rfi,Randy Fine,,,2,2,,
jn,John Nollte,,,2,3,,
kaba,Karen Bass,,,1,1,,
mcm,María Corina Machado,,,1,3,,
venepeo,Venezuelan people,,,,,,
vac,Venezuelan American community,,,,,,
abc,ABC News,,,,,,
dub,Dustin Burrows,,,2,2,,
eg,Edmundo González,,,2,3,,
cvh,Chris Van Hollen,,,2,1,,
jmcl,John McLaughlin,,,2,3,,
opm,Office of Personnel Management,,,,,,
swe,Sweden,,,,,20,
gev,Gabe Evans,,,2,2,,
lj,Letitia James,,,1,1,,
wz,Warren Zeiders,,,2,3,,
wft,Washington Football Team,,,,,,
msc,Michael Scherer,,,,,,
para,Paramount,,,,,,
ace,Army Corps of Engineers,,,,,,
lt,Leo Terrell,,,2,2,,
hkd,Harmeet K. Dhillon,,,2,2,,
samb,Sam Brown,,,2,2,,
xj,Xi Jinping,,,2,3,,
coa,Capital One Arena,,,,,,
rr,Ronald Reagan,,,2,2,,
malo,Matthew Lohmeier,,,2,3,,
trumpm,$TRUMP Meme,,,,,,
ps,Penny Schwinn,,,1,3,,
usdoed,United States Department of Education,,,,,5,
wc,Will Cain,,,2,3,,
faf,Fox and Friends,,,,,,
nyj,New York Judge,,,,,4,
nyc,New York Courts,,,,,4,
ja,Jose Andres,,,2,3,,
bh,Brian Hook,,,2,2,,
kb,Keisha Lance Bottoms,,,1,1,,
pcsfn,"President’s Council on Sports,Fitness and Nutrition",,,,,14,
niac,National Infrastructure Advisory Council,,,,,6,
wcs,Wilson Center for Scholars,,,,,,
ru,Ross William Ulbricht,,,1,3,,
lm,Libertarian Movement,,,,,,
nb,National Prayer Service Bishop,,,,,,
nps,National Prayer Service,,,,,,
vp,Vladimir Putin,,,2,3,,
mt,Melania Trump,,,1,3,,
lbb,L. Brent Bozell III,,,1,3,,
usagm,United States Agency for Global Media,,,,,,
ap,Andrew F. Puzder,,,,,,
sc,Sean Curran,,,2,3,,
frs,First Responders,,,,,2,
usss,United States Secret Service,,,,,4,
fn,Fox News,,,,,10,
sh,Sean Hannity,,,2,2,,
jvd,Jeff Van Drew,,,2,2,,
capr,United States Capitol Rotunda,,,,,,
bl,Brian Lanza,,,2,2,,
jano,Jared Novelly,,,1,3,,
gsw,Gina Swoboda,,,1,2,,
azgop,Arizona GOP,,,,,,
yt,YouTube,,,,,,
x,X,,,,,,
ml,Mark Levin,,,2,3,,
kapa,Katie Pavlich,,,1,2,,
kcc,Kansas City Chiefs,,,,,,
bbill,Buffalo Bills,,,,,,
mimc,Michael McDonald,,,2,3,,
jl,Joe Lombardo,,,2,2,,
nvgop,Nevada GOP,,,,,,
jiac,Jim Acosta,,,2,3,,
cnn,CNN,,,,,,
gac,Gender Affirming Care,,,,,,
spx,Space X,,,,,,
em,Elon Musk,,,2,3,,
jf,Jeff Fortenberry,,,2,2,,
fedr,Federal Reserve,,,,,,
bbe,Bryan Bedford,,,2,3,,
faa,Federal Aviation Administration,,,,,,
rna,Reagan National Airport,,,,,,
brics,BRICS Countries,,,,,,
pama,Patrick Mahomes,,,2,3,,
brma,Brittany Mahomes,,,1,3,,
cbs,CBS News,,,,,,
smin,60 Minutes,,,,,,
usaid,United States Agency for international Development,,,,,11,
ncaa,National Collegiate Athletic Association (NCAA),,,,,14,
oc,Olympics Committee,,,,,14,
usms,United States Marshals Service,,,,,7,
tr,Thomas Rose,,,2,2,,
mk,Michael E. Kavoukjian,,,2,3,,
mh,Melinda Hildebrand,,,1,3,,
nm,Nicholas Merrick,,,2,3,,
kc,Kennedy Center,,,,,,
bot,Board of Trustees,,,,,,
rpi,Republican Party of Iowa,,,,,12,
dapa,Dan Patrick,,,2,2,,
bcr,Brandon Creighton,,,,,,
txh,Texas House,,,,,,
tsw,Taylor Swift,,,1,1,,
hb,Howard Brodie,,,,,,
rigr,Ric Grenell,,,2,2,,
lz,Lee Zeldin,,,2,2,,
vz,Vlaimir Zelenski,,,2,3,,
tc,Terry Cole,,,2,2,,
dea,Drug Enforcement Administration,,,,,2,
m,migrants,,,,,,
nara,National Archives and Records Administration,,,,,,
jby,Jim Byron,,,2,3,,
jrq,Jason Reding Quiñones,,,2,3,,
sdf,Southern District of Florida,,,,,21,
jojo,John Jovanovic,,,2,2,,
exim,Export-Import Bank of the United States,,,,,3,
idleg,Idaho Legislators,,,,,22,
wys,Wyoming Senate,,,,,12,
bbt,Bo Biteman,,,2,3,,
doc,District of Columbia,,,,,21,
nr,Ned Ryun,,,2,3,,
erm,Edward R. Martin Jr.,,,2,2,,
centcom,U.S. Central Command,,,,,,
mkur,Michael Kurilla,,,2,3,,
aq,al-Qaeda,,,,,,
bt,Bennie Thompson,,,2,1,,
lg,Lindsey Graham,,,2,2,,
man,Manhattan,,,,,21,
damac,DAMAC,,,,,,
sfb,SoftBank,,,,,3,
nyt,New York Times,,,,,10,
rw,Roger Williams,,,2,2,,
mwol,Michael Wolff,,,2,3,,
sha,Sharyl Attkisson,,,1,3,,
ghwb,George H. W. Bush,,,2,2,,
jou,Journalist,,,,,10,
app,Apple,,,,,,
emm,Emmanuel Macron,,,2,3,,
limc,Linda McMahon,,,1,2,,
g7,G7,,,,,11,
vr,Vivek Ramaswamy,,,2,2,,
saa,Samuel Alito,,,2,3,,
kecr,Kevin Cramer,,,2,2,,
kr,Kris Cramer,,,2,3,,
hor,House of Representatives,,,,,,
brainm,Brian Mast,,,2,2,,
mtu,Malcolm Turnbull,,,2,3,,
mkh,Mahmoud Khalil,,,2,3,,
hfc,House Freedom Caucus,,,,,,
tsl,Tesla,,,,,,
ak,Adam Kinzinger,,,,,,
hou,Houthis,,,,,,
kke,Keith Kellogg,,,2,3,,
pank,Paul Anka,,,2,3,,
slo,Scott Lombart,,,2,3,,
jape,Janet Petro,,,1,3,,
nasa,National Aeronautics and Space Administration,,,,,,
mibo,Michelle “Miki” Bowman,,,1,2,,
dnik,Doug Nikolai,,,2,3,,
dcl,Dan Clark,,,2,3,,
chki,Charlie Kirk,,,2,2,,
dp,Dina Powell,,,1,2,,
usafa,United States Air Force Academy,,,,,7,
swp,South Western Pilots,,,2,2,,
stda,Steve Daines,,,2,2,,
jh,Jon Husted,,,2,2,,
nrsc,National Republican Senatorial Committee,,,,,22,
abg,Andy Biggs,,,1,2,,
wna,Walt Nauta,,,2,3,,
ktr,Karrin Taylor Robson,,,1,2,,
tsh,Tim Sheehy,,,2,2,,
eeh,Earl Ehrhart,,,2,2,,
usna,United States Naval Academy,,,,,7,
kag,Kilmar Abrego Garcia,,,2,3,,
dbe,David Bellavia,,,2,3,,
ua,University of Alabama,,,,,5,
jgo,Jeffrey Goldberg,,,2,1,,
usma,United States Military Academy,,,,,7,
dpn,Dana Perino,,,1,2,,
bbn,Benjamin Netanyahu,,,2,3,,
dwa,Dan Walrath,,,2,3,,
mfl,Michael Flynn,,,2,2,,
ndsu,North Dakota State University,,,,,5,
whu,Wesley Hunt,,,2,2,,
chp,Charles Payne,,,2,3,,
mf,Marc Fogel,,,2,3,,
dn,Daniel Noboa,,,2,3,,
mba,Maureen Bannon,,,1,3,,
mmo,Meghan Mobbs,,,1,3,,
wp,West Point (United States Military Academy),,,,,7,
hubi,Hunter Biden,,,2,3,,
abid,Ashley Biden,,,1,1,,
atl,The Atlantic,,,,,,
apk,Ashley Parker,,,1,3,,
tzn,Tahnoon bin Zayed Al Nahyan,,,2,3,,
jhe,Jacqui Heinrich,,,1,3,,
whca,White House Correspondents' Association,,,,,10,
mwa,Michael Waltz,,,2,2,,
bsc,Brad Schimel,,,2,2,,
scr,Susan Crawford,,,1,3,,
pba,Peter Baker,,,2,3,,
sgl,Susan Glasser,,,1,3,,
bo,Barack Obama,,,2,1,,
gfo,George Foreman,,,2,3,,
ah,Alina Habba,,,1,2,,
prk,Pete Ricketts,,,2,2,,
dos,Dan Obsorn,,,2,3,,
jg,John Giordano,,,2,2,,
gcl,George Clooney,,,2,3,,
es,Elise Stefanik,,,1,2,,
jlo,Jeremy London,,,2,3,,
ondcp,Office of National Drug Control Policy,,,,,2,
sac,Sara Carter,,,1,2,,
aj,Andrew Jackson,,,2,,,
npas,National Park Service,,,,,,
tmc,Thomas M. Cerabino,,,2,3,,
mcart,Mexican drug cartels,,,,,,
wfg,Willkie Farr & Gallagher LLP,,,,,,
mwk,Mark Walker,,,2,3,,
yk,Yehuda Kaploun,,,2,2,,
bro,Brooke Rollins,,,1,2,,
tcr,Ted Cruz,,,2,2,,
cwt,Cadwalader Wickersham & Taft LLP,,,,,,
pq,Patrick Quinn,,,2,3,,
wbm,William “Billy” Marshall III,,,2,2,,
g20,G20,,,,,11,
rmc,Rory McIlroy,,,2,3,,
nvda,NVIDIA,,,,,,
rmor,Rachel Morin,,,1,3,,
harv,Harvard,,,,,5,
boei,Boeing,,,,,,
evgr,Evan Greenberg,,,2,3,,
bfe,Bob Fenton,,,2,3,,
rcs,Rosie Cordero-Stutz,,,1,3,,
hl,Howard Lutnick,,,2,2,,
nk,W. Nim Kidd,,,2,3,,
kg,Kevin Guthrie,,,2,3,,
phb,Phil Bryant,,,2,2,,
jca,Jane Castor,,,2,1,,
mco,Mark Cooper,,,2,2,,
gy,Glenn Youngkin,,,1,2,,
kel,Kirkland & Ellis LLP,,,,,,
aoss,Allen Overy Shearman Sterling US LLP,,,,,,
stb,Simpson Thacher & Bartlett LLP,,,,,,
lww,Latham & Watkins LLP,,,,,,
eeoc,Equal Employment Opportunity Commission,,,,,22,
rmt,Richard M. Trobman,,,2,3,,
almi,Alden Millard,,,2,3,,
khga,Khalid Garousha,,,2,3,,
dri,David Rivkin,,,2,2,,
eho,Elie Honig,,,2,3,,
amc,Andy McCarthy,,,2,2,,
ade,Alan Dershowitz,,,2,3,,
gja,Gregg Jarrett,,,2,3,,
epf,Elizabeth Price Foley,,,1,3,,
kch,Katie Cherkasky,,,1,3,,
ach,Andy Cherkasky,,,2,3,,
pin,Paul Ingrassia,,,2,2,,
mda,Manhattan District Attorney,,,,,4,
jabi,Jon A. Ballis,,,2,3,,
p168,post168,01_02_25,feb25,,,,https://truthsocial.com/@realDonaldTrump/posts/113925591427889253
p169,post169,01_02_25,feb25,,,,https://truthsocial.com/@realDonaldTrump/posts/113925656710541132
p170,post170,01_02_25,feb25,,,,https://truthsocial.com/@realDonaldTrump/posts/113925800748181952
p171,post171,01_02_25,feb25,,,,https://truthsocial.com/@realDonaldTrump/posts/113925824938962217
p172,post172,01_02_25,feb25,,,,https://truthsocial.com/@realDonaldTrump/posts/113926164813266216
p173,post173,01_02_25,feb25,,,,https://truthsocial.com/@realDonaldTrump/posts/113928743830963167
p174,post174,01_02_25,feb25,,,,https://truthsocial.com/@realDonaldTrump/posts/113928759847321475
p175,post175,01_02_25,feb25,,,,https://truthsocial.com/@realDonaldTrump/posts/113929394841474581
p176,post176,01_02_25,feb25,,,,https://truthsocial.com/@realDonaldTrump/posts/113929767736564719
p177,post177,01_02_25,feb25,,,,https://truthsocial.com/@realDonaldTrump/posts/113931044424714413
p178,post178,02_02_25,feb25,,,,https://truthsocial.com/@realDonaldTrump/posts/113934450227067577
p179,post179,02_02_25,feb25,,,,https://truthsocial.com/@realDonaldTrump/posts/113934520197790682
p180,post180,02_02_25,feb25,,,,https://truthsocial.com/@realDonaldTrump/posts/113936675328110177
p181,post181,02_02_25,feb25,,,,https://truthsocial.com/@realDonaldTrump/posts/113936759417845784
p182,post182,03_02_25,feb25,,,,https://truthsocial.com/@realDonaldTrump/posts/113936851614563699
p183,post183,03_02_25,feb25,,,,https://truthsocial.com/@realDonaldTrump/posts/113936897719370915
p184,post184,03_02_25,feb25,,,,https://truthsocial.com/@realDonaldTrump/posts/113936920653240968
p185,post185,03_02_25,feb25,,,,https://truthsocial.com/@realDonaldTrump/posts/113940352024494275
p186,post186,03_02_25,feb25,,,,https://truthsocial.com/@realDonaldTrump/posts/113940711907400754
p187,post187,03_02_25,feb25,,,,https://truthsocial.com/@realDonaldTrump/posts/113942189236610107
p188,post188,03_02_25,feb25,,,,https://truthsocial.com/@realDonaldTrump/posts/113942323439724379
p189,post189,04_02_25,feb25,,,,https://truthsocial.com/@realDonaldTrump/posts/113942439882594659
p190,post190,04_02_25,feb25,,,,https://truthsocial.com/@realDonaldTrump/posts/113942594933209212
p191,post191,04_02_25,feb25,,,,https://truthsocial.com/@realDonaldTrump/posts/113942595408214881
p192,post192,04_02_25,feb25,,,,https://truthsocial.com/@realDonaldTrump/posts/113942916893223583
p193,post193,04_02_25,feb25,,,,https://truthsocial.com/@realDonaldTrump/posts/113943087759847311
p194,post194,04_02_25,feb25,,,,https://truthsocial.com/@realDonaldTrump/posts/113943147684253813
p195,post195,04_02_25,feb25,,,,https://truthsocial.com/@realDonaldTrump/posts/113946130240319294
p196,post196,04_02_25,feb25,,,,https://truthsocial.com/@realDonaldTrump/posts/113946642879077926
p197,post197,05_02_25,feb25,,,,https://truthsocial.com/@realDonaldTrump/posts/113950850150588744
p198,post198,05_02_25,feb25,,,,https://truthsocial.com/@realDonaldTrump/posts/113950912959049223
p199,post199,05_02_25,feb25,,,,https://truthsocial.com/@realDonaldTrump/posts/113950996936674770
p200,post200,05_02_25,feb25,,,,https://truthsocial.com/@realDonaldTrump/posts/113952321517471694
p201,post201,05_02_25,feb25,,,,https://truthsocial.com/@realDonaldTrump/posts/113952325584416831
p202,post202,05_02_25,feb25,,,,https://truthsocial.com/@realDonaldTrump/posts/113953378000128712
p203,post203,05_02_25,feb25,,,,https://truthsocial.com/@realDonaldTrump/posts/113953380137889976
p204,post204,05_02_25,feb25,,,,https://truthsocial.com/@realDonaldTrump/posts/113953424718890288
p205,post205,06_02_25,feb25,,,,https://truthsocial.com/@realDonaldTrump/posts/113955337256027963
p206,post206,06_02_25,feb25,,,,https://truthsocial.com/@realDonaldTrump/posts/113956631326391344
p207,post207,06_02_25,feb25,,,,https://truthsocial.com/@realDonaldTrump/posts/113956721204228037
p208,post208,06_02_25,feb25,,,,https://truthsocial.com/@realDonaldTrump/posts/113956778707659340
p209,post209,06_02_25,feb25,,,,https://truthsocial.com/@realDonaldTrump/posts/113958043346651690
p210,post210,06_02_25,feb25,,,,https://truthsocial.com/@realDonaldTrump/posts/113958047997367769
p211,post211,06_02_25,feb25,,,,https://truthsocial.com/@realDonaldTrump/posts/113959311319434685
p212,post212,06_02_25,feb25,,,,https://truthsocial.com/@realDonaldTrump/posts/113959311791400230
p213,post213,06_02_25,feb25,,,,https://truthsocial.com/@realDonaldTrump/posts/113959376894602189
p214,post214,06_02_25,feb25,,,,https://truthsocial.com/@realDonaldTrump/posts/113959378194447457
p215,post215,06_02_25,feb25,,,,https://truthsocial.com/@realDonaldTrump/posts/113959420733046049
p216,post216,07_02_25,feb25,,,,https://truthsocial.com/@realDonaldTrump/posts/113959429103008524
p217,post217,07_02_25,feb25,,,,https://truthsocial.com/@realDonaldTrump/posts/113959430611091391
p218,post218,07_02_25,feb25,,,,https://truthsocial.com/@realDonaldTrump/posts/113962698098343227
p219,post219,07_02_25,feb25,,,,https://truthsocial.com/@realDonaldTrump/posts/113962763765213252
p220,post220,07_02_25,feb25,,,,https://truthsocial.com/@realDonaldTrump/posts/113963085497636545
p221,post221,07_02_25,feb25,,,,https://truthsocial.com/@realDonaldTrump/posts/113963121926787410
p222,post222,07_02_25,feb25,,,,https://truthsocial.com/@realDonaldTrump/posts/113963246096886557
p223,post223,07_02_25,feb25,,,,https://truthsocial.com/@realDonaldTrump/posts/113964402116790805
p224,post224,07_02_25,feb25,,,,https://truthsocial.com/@realDonaldTrump/posts/113964959500715895
p225,post225,07_02_25,feb25,,,,https://truthsocial.com/@realDonaldTrump/posts/113964964253376658
p226,post226,08_02_25,feb25,,,,https://truthsocial.com/@realDonaldTrump/posts/113965169045323865
p227,post227,08_02_25,feb25,,,,https://truthsocial.com/@realDonaldTrump/posts/113966421487800920
p228,post228,08_02_25,feb25,,,,https://truthsocial.com/@realDonaldTrump/posts/113968217842034212
p229,post229,08_02_25,feb25,,,,https://truthsocial.com/@realDonaldTrump/posts/113968248204804564
p230,post230,08_02_25,feb25,,,,https://truthsocial.com/@realDonaldTrump/posts/113969768086301747
p231,post231,09_02_25,feb25,,,,https://truthsocial.com/@realDonaldTrump/posts/113974251046470821
p232,post232,09_02_25,feb25,,,,https://truthsocial.com/@realDonaldTrump/posts/113974252831717932
p233,post233,09_02_25,feb25,,,,https://truthsocial.com/@realDonaldTrump/posts/113975695512840158
p234,post234,10_02_25,feb25,,,,https://truthsocial.com/@realDonaldTrump/posts/113977224933701762
p235,post235,10_02_25,feb25,,,,https://truthsocial.com/@realDonaldTrump/posts/113977646169606601
p236,post236,10_02_25,feb25,,,,https://truthsocial.com/@realDonaldTrump/posts/113977651409141894
p237,post237,10_02_25,feb25,,,,https://truthsocial.com/@realDonaldTrump/posts/113980013020158273
p238,post238,10_02_25,feb25,,,,https://truthsocial.com/@realDonaldTrump/posts/113980014678337654
p239,post239,10_02_25,feb25,,,,https://truthsocial.com/@realDonaldTrump/posts/113981387327065544
p240,post240,10_02_25,feb25,,,,https://truthsocial.com/@realDonaldTrump/posts/113981872435350592
p241,post241,11_02_25,feb25,,,,https://truthsocial.com/@realDonaldTrump/posts/1139822515178648
p242,post242,11_02_25,feb25,,,,https://truthsocial.com/@realDonaldTrump/posts/113982206998719178
p243,post243,11_02_25,feb25,,,,https://truthsocial.com/@realDonaldTrump/posts/113984838325525572
p244,post244,11_02_25,feb25,,,,https://truthsocial.com/@realDonaldTrump/posts/113984899512098104
p245,post245,11_02_25,feb25,,,,https://truthsocial.com/@realDonaldTrump/posts/113984933641128955
p246,post246,11_02_25,feb25,,,,https://truthsocial.com/@realDonaldTrump/posts/113985130949178184
p247,post247,11_02_25,feb25,,,,https://truthsocial.com/@realDonaldTrump/posts/113985325416343873
p248,post248,11_02_25,feb25,,,,https://truthsocial.com/@realDonaldTrump/posts/113985896471994837
p249,post249,11_02_25,feb25,,,,https://truthsocial.com/@realDonaldTrump/posts/113985962341531654
p250,post250,11_02_25,feb25,,,,https://truthsocial.com/@realDonaldTrump/posts/113986279826269375
p251,post251,11_02_25,feb25,,,,https://truthsocial.com/@realDonaldTrump/posts/113986285138546896
p252,post252,12_02_25,feb25,,,,https://truthsocial.com/@realDonaldTrump/posts/113988982619953735
p253,post253,12_02_25,feb25,,,,https://truthsocial.com/@realDonaldTrump/posts/113991030846598649
p254,post254,12_02_25,feb25,,,,https://truthsocial.com/@realDonaldTrump/posts/113991086021543780
p255,post255,12_02_25,feb25,,,,https://truthsocial.com/@realDonaldTrump/posts/113991088208672350
p256,post256,12_02_25,feb25,,,,https://truthsocial.com/@realDonaldTrump/posts/113991292104953657
p257,post257,12_02_25,feb25,,,,https://truthsocial.com/@realDonaldTrump/posts/113991956474899296
p258,post258,12_02_25,feb25,,,,https://truthsocial.com/@realDonaldTrump/posts/113992264519415084
p259,post259,12_02_25,feb25,,,,https://truthsocial.com/@realDonaldTrump/posts/113992617804848860
p260,post260,13_02_25,feb25,,,,https://truthsocial.com/@realDonaldTrump/posts/113996222032466903
p261,post261,13_02_25,feb25,,,,https://truthsocial.com/@realDonaldTrump/posts/113996386971796071
p262,post262,13_02_25,feb25,,,,https://truthsocial.com/@realDonaldTrump/posts/113996410955252842
p263,post263,13_02_25,feb25,,,,https://truthsocial.com/@realDonaldTrump/posts/113996433848678436
p264,post264,13_02_25,feb25,,,,https://truthsocial.com/@realDonaldTrump/posts/113996895642654410
p265,post265,13_02_25,feb25,,,,https://truthsocial.com/@realDonaldTrump/posts/113998250121701192
p266,post266,13_02_25,feb25,,,,https://truthsocial.com/@realDonaldTrump/posts/113998953188726976
p267,post267,15_02_25,feb25,,,,https://truthsocial.com/@realDonaldTrump/posts/114007859463769499
p268,post268,15_02_25,feb25,,,,https://truthsocial.com/@realDonaldTrump/posts/114009175266247925
p269,post269,15_02_25,feb25,,,,https://truthsocial.com/@realDonaldTrump/posts/114009179225169296
p270,post270,16_02_25,feb25,,,,https://truthsocial.com/@realDonaldTrump/posts/114014567906020636
p271,post271,16_02_25,feb25,,,,https://truthsocial.com/@realDonaldTrump/posts/114015151574566832
p272,post272,16_02_25,feb25,,,,https://truthsocial.com/@realDonaldTrump/posts/114015151894861058
p273,post273,16_02_25,feb25,,,,https://truthsocial.com/@realDonaldTrump/posts/114015154260594234
p274,post274,16_02_25,feb25,,,,https://truthsocial.com/@realDonaldTrump/posts/114015581630558522
p275,post275,16_02_25,feb25,,,,https://truthsocial.com/@realDonaldTrump/posts/114015582241142234
p276,post276,16_02_25,feb25,,,,https://truthsocial.com/@realDonaldTrump/posts/114015585700941084
p277,post277,17_02_25,feb25,,,,https://truthsocial.com/@realDonaldTrump/posts/114019501223546266
p278,post278,17_02_25,feb25,,,,https://truthsocial.com/@realDonaldTrump/posts/114020008419550279
p279,post279,18_02_25,feb25,,,,https://truthsocial.com/@realDonaldTrump/posts/114022760519424165
p280,post280,18_02_25,feb25,,,,https://truthsocial.com/@realDonaldTrump/posts/114025028025455053
p281,post281,19_02_25,feb25,,,,https://truthsocial.com/@realDonaldTrump/posts/114027416242272061
p282,post282,19_02_25,feb25,,,,https://truthsocial.com/@realDonaldTrump/posts/114027416979768016
p283,post283,19_02_25,feb25,,,,https://truthsocial.com/@realDonaldTrump/posts/114031015354735395
p284,post284,19_02_25,feb25,,,,https://truthsocial.com/@realDonaldTrump/posts/114031332924234939
p285,post285,19_02_25,feb25,,,,https://truthsocial.com/@realDonaldTrump/posts/114032082899254855
p286,post286,19_02_25,feb25,,,,https://truthsocial.com/@realDonaldTrump/posts/114032992368318528
p287,post287,19_02_25,feb25,,,,https://truthsocial.com/@realDonaldTrump/posts/114033020482640722
p288,post288,20_02_25,feb25,,,,https://truthsocial.com/@realDonaldTrump/posts/114033082612679343
p289,post289,20_02_25,feb25,,,,https://truthsocial.com/@realDonaldTrump/posts/114033884590103594
p290,post290,20_02_25,feb25,,,,https://truthsocial.com/@realDonaldTrump/posts/114036341536036183
p291,post291,20_02_25,feb25,,,,https://truthsocial.com/@realDonaldTrump/posts/114036421460956478
p292,post292,20_02_25,feb25,,,,https://truthsocial.com/@realDonaldTrump/posts/114036638899167319
p293,post293,21_02_25,feb25,,,,https://truthsocial.com/@realDonaldTrump/posts/114038732409625780
p294,post294,21_02_25,feb25,,,,https://truthsocial.com/@realDonaldTrump/posts/114038745707654586
p295,post295,21_02_25,feb25,,,,https://truthsocial.com/@realDonaldTrump/posts/114038780132459435
p296,post296,21_02_25,feb25,,,,https://truthsocial.com/@realDonaldTrump/posts/114042361686358877
p297,post297,22_02_25,feb25,,,,https://truthsocial.com/@realDonaldTrump/posts/114044712489265353
p298,post298,22_02_25,feb25,,,,https://truthsocial.com/@realDonaldTrump/posts/114047631828196314
p299,post299,22_02_25,feb25,,,,https://truthsocial.com/@realDonaldTrump/posts/114047677181856301
p300,post300,22_02_25,feb25,,,,https://truthsocial.com/@realDonaldTrump/posts/114047709471578461
p301,post301,22_02_25,feb25,,,,https://truthsocial.com/@realDonaldTrump/posts/114047718263615731
p302,post302,22_02_25,feb25,,,,https://truthsocial.com/@realDonaldTrump/posts/114047738854261552
p303,post303,23_02_25,feb25,,,,https://truthsocial.com/@realDonaldTrump/posts/114050070794885064
p304,post304,23_02_25,feb25,,,,https://truthsocial.com/@realDonaldTrump/posts/114050109943745892
p305,post305,23_02_25,feb25,,,,https://truthsocial.com/@realDonaldTrump/posts/114054706390970120
p306,post306,23_02_25,feb25,,,,https://truthsocial.com/@realDonaldTrump/posts/114055134407375955
p307,post307,23_02_25,feb25,,,,https://truthsocial.com/@realDonaldTrump/posts/114055226421032415
p308,post308,24_02_25,feb25,,,,https://truthsocial.com/@realDonaldTrump/posts/114056119584695591
p309,post309,24_02_25,feb25,,,,https://truthsocial.com/@realDonaldTrump/posts/114056317037035302
p310,post310,24_02_25,feb25,,,,https://truthsocial.com/@realDonaldTrump/posts/114056351439814038
p311,post311,24_02_25,feb25,,,,https://truthsocial.com/@realDonaldTrump/posts/114056934528746786
p312,post312,24_02_25,feb25,,,,https://truthsocial.com/@realDonaldTrump/posts/114059004456970017
p313,post313,24_02_25,feb25,,,,https://truthsocial.com/@realDonaldTrump/posts/114059930426328863
p314,post314,24_02_25,feb25,,,,https://truthsocial.com/@realDonaldTrump/posts/114060603767862225
p315,post315,24_02_25,feb25,,,,https://truthsocial.com/@realDonaldTrump/posts/114060903128542394
p316,post316,24_02_25,feb25,,,,https://truthsocial.com/@realDonaldTrump/posts/114060909744642044
p317,post317,25_02_25,feb25,,,,https://truthsocial.com/@realDonaldTrump/posts/114061816777959152
p318,post318,25_02_25,feb25,,,,https://truthsocial.com/@realDonaldTrump/posts/114062254652077484
p319,post319,26_02_25,feb25,,,,https://truthsocial.com/@realDonaldTrump/posts/114067028336826956
p320,post320,26_02_25,feb25,,,,https://truthsocial.com/@realDonaldTrump/posts/114067029529937308
p321,post321,26_02_25,feb25,,,,https://truthsocial.com/@realDonaldTrump/posts/114068079034540790
p322,post322,26_02_25,feb25,,,,https://truthsocial.com/@realDonaldTrump/posts/114068081809400335
p323,post323,26_02_25,feb25,,,,https://truthsocial.com/@realDonaldTrump/posts/114070038526458197
p324,post324,26_02_25,feb25,,,,https://truthsocial.com/@realDonaldTrump/posts/114070115148185478
p325,post325,26_02_25,feb25,,,,https://truthsocial.com/@realDonaldTrump/posts/114070315739588346
p326,post326,26_02_25,feb25,,,,https://truthsocial.com/@realDonaldTrump/posts/114070560562637397
p327,post327,26_02_25,feb25,,,,https://truthsocial.com/@realDonaldTrump/posts/114070572392915582
p328,post328,26_02_25,feb25,,,,https://truthsocial.com/@realDonaldTrump/posts/114070612892953565
p329,post329,26_02_25,feb25,,,,https://truthsocial.com/@realDonaldTrump/posts/114070882108433827
p330,post330,26_02_25,feb25,,,,https://truthsocial.com/@realDonaldTrump/posts/114071774104516883
p331,post331,26_02_25,feb25,,,,https://truthsocial.com/@realDonaldTrump/posts/114071839130050988
p332,post332,26_02_25,feb25,,,,https://truthsocial.com/@realDonaldTrump/posts/114071862189521640
p333,post333,26_02_25,feb25,,,,https://truthsocial.com/@realDonaldTrump/posts/114071877790872450
p334,post334,26_02_25,feb25,,,,https://truthsocial.com/@realDonaldTrump/posts/114071893306050761
p335,post335,27_02_25,feb25,,,,https://truthsocial.com/@realDonaldTrump/posts/114072703621092444
p336,post336,27_02_25,feb25,,,,https://truthsocial.com/@realDonaldTrump/posts/114076153524132682
p337,post337,28_02_25,feb25,,,,https://truthsocial.com/@realDonaldTrump/posts/114079183066806657
p338,post338,28_02_25,feb25,,,,https://truthsocial.com/@realDonaldTrump/posts/114079183960044080
p339,post339,28_02_25,feb25,,,,https://truthsocial.com/@realDonaldTrump/posts/114079187160409658
p340,post340,28_02_25,feb25,,,,https://truthsocial.com/@realDonaldTrump/posts/114079208701433194
p341,post341,28_02_25,feb25,,,,https://truthsocial.com/@realDonaldTrump/posts/114082877976878390
bbl,Benjamin Black,,,2,3,,
dfc,United States International Development Finance Corporation,,,,,,
elc,Ellie Cohanim,,,1,2,,
pf,Phil Flynn,,,2,3,,
isis,ISIS,,,,,,
pent,Pentagon,,,,,12,
joke,Joe Kent,,,2,2,,
nctc,National Counter Terrorism Center,,,,,,
hc,Hillsborough County,,,,,21,
fp,Florida Panthers,,,,,,
wh,White House,,,,,12,
rfkj,Robert F. Kennedy Jr.,,,2,3,,
tw,Tiger Woods,,,2,3,,
kw,Kultida Woods,,,1,,,
dvo,Derrick Van Orden,,,2,2,,
pb,Pam Bondi,,,1,2,,
er,Eugene Robinson,,,2,3,,
jk,Jeff Kaufmann,,,2,2,,
reu,Reuters,,,,,10,
brba,Bret Baier,,,2,3,,
jth,John Thune,,,2,2,,
rpa,Rand Paul,,,2,2,,
bd,Byron Donalds,,,2,2,,
mm,Meshawn Maddock,,,2,2,,
jaca,James Carville,,,2,1,,
latr,Lara Trump,,,1,2,,
mw,Michael Whatley,,,2,2,,
usd,United States Department of State,,,,,22,
db,Dan Bongino,,,2,2,,
nypd,New York Police Department,,,,,4,
uss,US Secret Service,,,,,,
pbo,Paula Bongino,,,1,3,,
brar,Brian Roberts,,,2,3,,
jr,Joy Reid,,,1,1,,
aw,Alex Wagner,,,2,3,,
rm,Rachel Maddow,,,1,1,,
rgt,Rosie Grace Tuberville,,,,,,
sen,Senate,,,,,22,
nimo,Nicolás Maduro,,,2,3,,
pd,Paul Dabbar,,,2,3,,
huca,Hung Cao,,,,,,
rnc,Republican National Committee,,,,,22,
pr,Pete Rose,,,2,3,,
mbo,Muriel Bowser,,,,,,
jro,John Roberts,,,2,3,,
csh,Claudia Sheinbaum,,,1,3,,
cdc,Centers for Disease Control and Prevention,,,,,2,
ag,Amer Ghalib,,,1,1,,
dbu,Duke Buchan,,,1,2,,
lb,Lynda Blanchard,,,1,2,,
missa,Michel Issa,,,2,3,,
li,Laura Ingraham,,,1,3,,
ssp,Sean Spicer,,,2,2,,
roja,Ronny Jackson,,,2,2,,
mmar,Micheál Martin,,,2,2,,
mwm,Markwayne Mullin,,,2,3,,
jri,Jim Risch,,,2,2,,
sfrc,Senate Foreign Relations Committee,,,,,22,
pw,"Paul,Weiss,Rifkind,Wharton & Garrison LLP",,,,,,
bka,Brad Karp,,,2,3,,
mpo,Mark Pomerantz,,,2,1,,
jbo,James Boasberg,,,2,3,,
mde,Miranda Devine,,,1,3,,
nyp,New York Post,,,,,10,
mha,Maggie Haberman,,,1,3,,
jmi,Janet Mills,,,1,1,,
truths,TruthSocial,,,,,,
ced,Chuck Edwards,,,2,2,,
sm,Susan Monarez,,,1,3,,
brb,Brandon Beach,,,2,2,,
bhg,Bill Hagerty,,,2,2,,
chs,Cindy Hyde-Smith,,,1,2,,
lad,Los Angeles Dodgers,,,,,,
cl,Cynthia Lummis,,,1,2,,
jtr,Justin Trudeau,,,2,3,,
npr,National Public Radio (NPR),,,,,10,
pbs,Public Broadcasting Service (PBS),,,,,10,
kn,Kristi Noem,,,1,2,,
ms13,MS13,,,,,,
sta,Stacey Abrams,,,1,1,,
mbr,Mark Brnovich,,,2,2,,
ast,Alexander Stubb,,,2,3,,
gpl,Gary Player,,,2,3,,
tgo,Trey Gowdy,,,2,2,,
krwe,Kristen Welker,,,1,3,,
kst,Keir Starmer,,,2,3,,
kro,Kid Rock,,,2,3,,
bma,Bill Maher,,,2,3,,
rol,Rule of Law,,,,,4,
dw,Dana White,,,1,3,,
nbu,Nayib Bukele,,,2,3,,
mmc,Mitch McConnell,,,2,2,,
limu,Lisa Murkowski,,,1,2,,
tla,To Lam,,,2,3,,
dc,Daniel Caine,,,1,3,,
mle,Marine Le Pen,,,1,3,,
csc,Colorado State Capitol,,,,,22,
jud,Judges,,,,,4,
awe,Andrew Weissmann,,,2,3,,
lmo,Lisa Monaco,,,2,1,,
frp,French People,,,,,,
bbz,Bill Bazzi,,,2,2,,
dht,Dearborn Heights,,,,,21,
mgd,Michael George DeSombre,,,2,3,,
cqb,Charles CQ Brown,,,2,3,,
dca,Dan Razin Caine,,,2,2,,
aes,Abd al-Fattah as-Sisi,,,2,3,,
jcs,Joint Chiefs of Staff,,,,,7,
jgr,Janet Gretzky,,,1,2,,
canp,Canadian People,,,,,,
p342,post342,01_03_25,mar25,,,,https://truthsocial.com/@realDonaldTrump/posts/114084241095787137
p343,post343,01_03_25,mar25,,,,https://truthsocial.com/@realDonaldTrump/posts/114085325641437111
p344,post344,01_03_25,mar25,,,,https://truthsocial.com/@realDonaldTrump/posts/114088564162922800
p345,post345,02_03_25,mar25,,,,https://truthsocial.com/@realDonaldTrump/posts/114093526901586124
p346,post346,02_03_25,mar25,,,,https://truthsocial.com/@realDonaldTrump/posts/114094872007717497
p347,post347,02_03_25,mar25,,,,https://truthsocial.com/@realDonaldTrump/posts/114096103832487629
p348,post348,03_03_25,mar25,,,,https://truthsocial.com/@realDonaldTrump/posts/114096104536926329
p349,post349,03_03_25,mar25,,,,https://truthsocial.com/@realDonaldTrump/posts/114096106742782827
p350,post350,03_03_25,mar25,,,,https://truthsocial.com/@realDonaldTrump/posts/114098529870362771
p351,post351,03_03_25,mar25,,,,https://truthsocial.com/@realDonaldTrump/posts/114099009721475492
p352,post352,03_03_25,mar25,,,,https://truthsocial.com/@realDonaldTrump/posts/114099480566604857
p353,post353,03_03_25,mar25,,,,https://truthsocial.com/@realDonaldTrump/posts/114099924838350231
p354,post354,03_03_25,mar25,,,,https://truthsocial.com/@realDonaldTrump/posts/114099930171583950
p355,post355,04_03_25,mar25,,,,https://truthsocial.com/@realDonaldTrump/posts/114104167452161158
p356,post356,04_03_25,mar25,,,,https://truthsocial.com/@realDonaldTrump/posts/114104687765298529
p357,post357,04_03_25,mar25,,,,https://truthsocial.com/@realDonaldTrump/posts/114104810698249053
p358,post358,04_03_25,mar25,,,,https://truthsocial.com/@realDonaldTrump/posts/114105388432604284
p359,post359,05_03_25,mar25,,,,https://truthsocial.com/@realDonaldTrump/posts/114111155189097825
p360,post360,05_03_25,mar25,,,,https://truthsocial.com/@realDonaldTrump/posts/114111166145299229
p361,post361,05_03_25,mar25,,,,https://truthsocial.com/@realDonaldTrump/posts/114112015891353323
p362,post362,06_03_25,mar25,,,,https://truthsocial.com/@realDonaldTrump/posts/114112412110386906
p363,post363,06_03_25,mar25,,,,https://truthsocial.com/@realDonaldTrump/posts/114112430549537723
p364,post364,06_03_25,mar25,,,,https://truthsocial.com/@realDonaldTrump/posts/114112621570651215
p365,post365,06_03_25,mar25,,,,https://truthsocial.com/@realDonaldTrump/posts/114113510529624746
p366,post366,06_03_25,mar25,,,,https://truthsocial.com/@realDonaldTrump/posts/114116116851075814
p367,post367,06_03_25,mar25,,,,https://truthsocial.com/@realDonaldTrump/posts/114116271026986660
p368,post368,06_03_25,mar25,,,,https://truthsocial.com/@realDonaldTrump/posts/114116432894994278
p369,post369,06_03_25,mar25,,,,https://truthsocial.com/@realDonaldTrump/posts/114117008305421663
p370,post370,07_03_25,mar25,,,,https://truthsocial.com/@realDonaldTrump/posts/114121529754059509
p371,post371,07_03_25,mar25,,,,https://truthsocial.com/@realDonaldTrump/posts/114121576367163341
p372,post372,07_03_25,mar25,,,,https://truthsocial.com/@realDonaldTrump/posts/114121736384220932
p373,post373,08_03_25,mar25,,,,https://truthsocial.com/@realDonaldTrump/posts/114124063031303446
p374,post374,08_03_25,mar25,,,,https://truthsocial.com/@realDonaldTrump/posts/114124064191342023
p375,post375,08_03_25,mar25,,,,https://truthsocial.com/@realDonaldTrump/posts/114124068976645988
p376,post376,08_03_25,mar25,,,,https://truthsocial.com/@realDonaldTrump/posts/114124069701923303
p377,post377,08_03_25,mar25,,,,https://truthsocial.com/@realDonaldTrump/posts/114124070435213204
p378,post378,08_03_25,mar25,,,,https://truthsocial.com/@realDonaldTrump/posts/114124071552960368
p379,post379,08_03_25,mar25,,,,https://truthsocial.com/@realDonaldTrump/posts/114124499360504090
p380,post380,08_03_25,mar25,,,,https://truthsocial.com/@realDonaldTrump/posts/114128213945115106
p381,post381,08_03_25,mar25,,,,https://truthsocial.com/@realDonaldTrump/posts/114129217070412961
p382,post382,09_03_25,mar25,,,,https://truthsocial.com/@realDonaldTrump/posts/114132050804394743
p383,post383,10_03_25,mar25,,,,https://truthsocial.com/@realDonaldTrump/posts/114135068157531979
p384,post384,10_03_25,mar25,,,,https://truthsocial.com/@realDonaldTrump/posts/114135377964485025
p385,post385,10_03_25,mar25,,,,https://truthsocial.com/@realDonaldTrump/posts/114135383571986279
p386,post386,10_03_25,mar25,,,,https://truthsocial.com/@realDonaldTrump/posts/114135388919019484
p387,post387,10_03_25,mar25,,,,https://truthsocial.com/@realDonaldTrump/posts/114135394676135924
p388,post388,10_03_25,mar25,,,,https://truthsocial.com/@realDonaldTrump/posts/114135400416790297
p389,post389,10_03_25,mar25,,,,https://truthsocial.com/@realDonaldTrump/posts/114135406628804244
p390,post390,10_03_25,mar25,,,,https://truthsocial.com/@realDonaldTrump/posts/114135672415463032
p391,post391,10_03_25,mar25,,,,https://truthsocial.com/@realDonaldTrump/posts/114135887529701366
p392,post392,10_03_25,mar25,,,,https://truthsocial.com/@realDonaldTrump/posts/114139222625284782
p393,post393,11_03_25,mar25,,,,https://truthsocial.com/@realDonaldTrump/posts/114141533823019998
p394,post394,11_03_25,mar25,,,,https://truthsocial.com/@realDonaldTrump/posts/114141631976318293
p395,post395,11_03_25,mar25,,,,https://truthsocial.com/@realDonaldTrump/posts/114141854575248527
p396,post396,11_03_25,mar25,,,,https://truthsocial.com/@realDonaldTrump/posts/114144217763824399
p397,post397,11_03_25,mar25,,,,https://truthsocial.com/@realDonaldTrump/posts/114144501101999196
p398,post398,11_03_25,mar25,,,,https://truthsocial.com/@realDonaldTrump/posts/114144896693695214
p399,post399,11_03_25,mar25,,,,https://truthsocial.com/@realDonaldTrump/posts/114145595237667373
p400,post400,11_03_25,mar25,,,,https://truthsocial.com/@realDonaldTrump/posts/114145604547078768
p401,post401,11_03_25,mar25,,,,https://truthsocial.com/@realDonaldTrump/posts/114145653738723042
p402,post402,11_03_25,mar25,,,,https://truthsocial.com/@realDonaldTrump/posts/114145974393951612
p403,post403,11_03_25,mar25,,,,https://truthsocial.com/@realDonaldTrump/posts/114145974744723188
p404,post404,11_03_25,mar25,,,,https://truthsocial.com/@realDonaldTrump/posts/114145975409380484
p405,post405,12_03_25,mar25,,,,https://truthsocial.com/@realDonaldTrump/posts/114146381629892800
p406,post406,12_03_25,mar25,,,,https://truthsocial.com/@realDonaldTrump/posts/114147788974149994
p407,post407,12_03_25,mar25,,,,https://truthsocial.com/@realDonaldTrump/posts/114149845661093099
p408,post408,12_03_25,mar25,,,,https://truthsocial.com/@realDonaldTrump/posts/114150971128693981
p409,post409,12_03_25,mar25,,,,https://truthsocial.com/@realDonaldTrump/posts/114151015090831669
p410,post410,12_03_25,mar25,,,,https://truthsocial.com/@realDonaldTrump/posts/114151034882857858
p411,post411,12_03_25,mar25,,,,https://truthsocial.com/@realDonaldTrump/posts/114154923764886136
p412,post412,13_03_25,mar25,,,,https://truthsocial.com/@realDonaldTrump/posts/114155003492555395
p413,post413,13_03_25,mar25,,,,https://truthsocial.com/@realDonaldTrump/posts/114155230513269064
p414,post414,13_03_25,mar25,,,,https://truthsocial.com/@realDonaldTrump/posts/114155282989654298
p415,post415,13_03_25,mar25,,,,https://truthsocial.com/@realDonaldTrump/posts/114156036814880330
p416,post416,14_03_25,mar25,,,,https://truthsocial.com/@realDonaldTrump/posts/114160550238908846
p417,post417,14_03_25,mar25,,,,https://truthsocial.com/@realDonaldTrump/posts/114160764726726796
p418,post418,14_03_25,mar25,,,,https://truthsocial.com/@realDonaldTrump/posts/114161025000723427
p419,post419,14_03_25,mar25,,,,https://truthsocial.com/@realDonaldTrump/posts/114161039436456514
p420,post420,14_03_25,mar25,,,,https://truthsocial.com/@realDonaldTrump/posts/114162707211212885
p421,post421,14_03_25,mar25,,,,https://truthsocial.com/@realDonaldTrump/posts/114162711308747922
p422,post422,14_03_25,mar25,,,,https://truthsocial.com/@realDonaldTrump/posts/114162722006073409
p423,post423,14_03_25,mar25,,,,https://truthsocial.com/@realDonaldTrump/posts/114162725547256622
p424,post424,14_03_25,mar25,,,,https://truthsocial.com/@realDonaldTrump/posts/114162728799436840
p425,post425,14_03_25,mar25,,,,https://truthsocial.com/@realDonaldTrump/posts/114162735584978065
p426,post426,14_03_25,mar25,,,,https://truthsocial.com/@realDonaldTrump/posts/114162742656201560
p427,post427,14_03_25,mar25,,,,https://truthsocial.com/@realDonaldTrump/posts/114162747519761407
p428,post428,14_03_25,mar25,,,,https://truthsocial.com/@realDonaldTrump/posts/114162763549195233
p429,post429,15_03_25,mar25,,,,https://truthsocial.com/@realDonaldTrump/posts/114163546048177560
p430,post430,15_03_25,mar25,,,,https://truthsocial.com/@realDonaldTrump/posts/114164024901387974
p431,post431,15_03_25,mar25,,,,https://truthsocial.com/@realDonaldTrump/posts/114167524244753377
p432,post432,15_03_25,mar25,,,,https://truthsocial.com/@realDonaldTrump/posts/114167864888304754
p433,post433,15_03_25,mar25,,,,https://truthsocial.com/@realDonaldTrump/posts/114167886343462616
p434,post434,16_03_25,mar25,,,,https://truthsocial.com/@realDonaldTrump/posts/114173619031149739
p435,post435,16_03_25,mar25,,,,https://truthsocial.com/@realDonaldTrump/posts/114173862724361939
p436,post436,16_03_25,mar25,,,,https://truthsocial.com/@realDonaldTrump/posts/114174243289152293
p437,post437,17_03_25,mar25,,,,https://truthsocial.com/@realDonaldTrump/posts/114175855340997773
p438,post438,17_03_25,mar25,,,,https://truthsocial.com/@realDonaldTrump/posts/114175905527380199
p439,post439,17_03_25,mar25,,,,https://truthsocial.com/@realDonaldTrump/posts/114175908922736427
p440,post440,17_03_25,mar25,,,,https://truthsocial.com/@realDonaldTrump/posts/114178483249053992
p441,post441,17_03_25,mar25,,,,https://truthsocial.com/@realDonaldTrump/posts/114179081339591399
p442,post442,17_03_25,mar25,,,,https://truthsocial.com/@realDonaldTrump/posts/114179738803054417
p443,post443,17_03_25,mar25,,,,https://truthsocial.com/@realDonaldTrump/posts/114179857581963138
p444,post444,17_03_25,mar25,,,,https://truthsocial.com/@realDonaldTrump/posts/114179858983072823
p445,post445,17_03_25,mar25,,,,https://truthsocial.com/@realDonaldTrump/posts/114179860762359782
p446,post446,17_03_25,mar25,,,,https://truthsocial.com/@realDonaldTrump/posts/114179869587194428
p447,post447,17_03_25,mar25,,,,https://truthsocial.com/@realDonaldTrump/posts/114179895802766275
p448,post448,17_03_25,mar25,,,,https://truthsocial.com/@realDonaldTrump/posts/114180054723679623
p449,post449,17_03_25,mar25,,,,https://truthsocial.com/@realDonaldTrump/posts/114180060627046678
p450,post450,17_03_25,mar25,,,,https://truthsocial.com/@realDonaldTrump/posts/114180129350673750
p451,post451,17_03_25,mar25,,,,https://truthsocial.com/@realDonaldTrump/posts/114180199351008084
p452,post452,18_03_25,mar25,,,,https://truthsocial.com/@realDonaldTrump/posts/114183576937425149
p453,post453,18_03_25,mar25,,,,https://truthsocial.com/@realDonaldTrump/posts/114184931453780675
p454,post454,19_03_25,mar25,,,,https://truthsocial.com/@realDonaldTrump/posts/114186559522815802
p455,post455,19_03_25,mar25,,,,https://truthsocial.com/@realDonaldTrump/posts/114186711043337111
p456,post456,19_03_25,mar25,,,,https://truthsocial.com/@realDonaldTrump/posts/114187128423651010
p457,post457,19_03_25,mar25,,,,https://truthsocial.com/@realDonaldTrump/posts/114187132592852427
p458,post458,19_03_25,mar25,,,,https://truthsocial.com/@realDonaldTrump/posts/114189841352600682
p459,post459,19_03_25,mar25,,,,https://truthsocial.com/@realDonaldTrump/posts/114190686109079519
p460,post460,19_03_25,mar25,,,,https://truthsocial.com/@realDonaldTrump/posts/114190903570658626
p461,post461,19_03_25,mar25,,,,https://truthsocial.com/@realDonaldTrump/posts/114191290196334140
p462,post462,20_03_25,mar25,,,,https://truthsocial.com/@realDonaldTrump/posts/114192326899482441
p463,post463,20_03_25,mar25,,,,https://truthsocial.com/@realDonaldTrump/posts/114196247731494277
p464,post464,20_03_25,mar25,,,,https://truthsocial.com/@realDonaldTrump/posts/114197044617921519
p465,post465,20_03_25,mar25,,,,https://truthsocial.com/@realDonaldTrump/posts/114197092205719557
p466,post466,20_03_25,mar25,,,,https://truthsocial.com/@realDonaldTrump/posts/114197120302143482
p467,post467,20_03_25,mar25,,,,https://truthsocial.com/@realDonaldTrump/posts/114197120302143482
p468,post468,21_03_25,mar25,,,,https://truthsocial.com/@realDonaldTrump/posts/114197257776642416
p469,post469,21_03_25,mar25,,,,https://truthsocial.com/@realDonaldTrump/posts/114198186465713235
p470,post470,21_03_25,mar25,,,,https://truthsocial.com/@realDonaldTrump/posts/114198218638202475
p471,post471,21_03_25,mar25,,,,https://truthsocial.com/@realDonaldTrump/posts/114198370343993836
p472,post472,21_03_25,mar25,,,,https://truthsocial.com/@realDonaldTrump/posts/114200175082806882
p473,post473,21_03_25,mar25,,,,https://truthsocial.com/@realDonaldTrump/posts/114200244380161257
p474,post474,21_03_25,mar25,,,,https://truthsocial.com/@realDonaldTrump/posts/114200269495299138
p475,post475,21_03_25,mar25,,,,https://truthsocial.com/@realDonaldTrump/posts/114200313009802638
p476,post476,21_03_25,mar25,,,,https://truthsocial.com/@realDonaldTrump/posts/114200803076709113
p477,post477,21_03_25,mar25,,,,https://truthsocial.com/@realDonaldTrump/posts/114202797666318443
p478,post478,22_03_25,mar25,,,,https://truthsocial.com/@realDonaldTrump/posts/114203564650249629
p479,post479,22_03_25,mar25,,,,https://truthsocial.com/@realDonaldTrump/posts/114205681569837036
p480,post480,22_03_25,mar25,,,,https://truthsocial.com/@realDonaldTrump/posts/114205890583765400
p481,post481,23_03_25,mar25,,,,https://truthsocial.com/@realDonaldTrump/posts/114212434987437462
p482,post482,23_03_25,mar25,,,,https://truthsocial.com/@realDonaldTrump/posts/114212436865389622
p483,post483,23_03_25,mar25,,,,https://truthsocial.com/@realDonaldTrump/posts/114212465033291057
p484,post484,23_03_25,mar25,,,,https://truthsocial.com/@realDonaldTrump/posts/114212560131813236
p485,post485,24_03_25,mar25,,,,https://truthsocial.com/@realDonaldTrump/posts/114214565824374410
p486,post486,24_03_25,mar25,,,,https://truthsocial.com/@realDonaldTrump/posts/114214658359777536
p487,post487,24_03_25,mar25,,,,https://truthsocial.com/@realDonaldTrump/posts/114214801561710989
p488,post488,24_03_25,mar25,,,,https://truthsocial.com/@realDonaldTrump/posts/114215433044457113
p489,post489,24_03_25,mar25,,,,https://truthsocial.com/@realDonaldTrump/posts/114217181247493951
p490,post490,24_03_25,mar25,,,,https://truthsocial.com/@realDonaldTrump/posts/114217184366735434
p491,post491,24_03_25,mar25,,,,https://truthsocial.com/@realDonaldTrump/posts/114217913229258108
p492,post492,24_03_25,mar25,,,,https://truthsocial.com/@realDonaldTrump/posts/114217914259825110
p493,post493,24_03_25,mar25,,,,https://truthsocial.com/@realDonaldTrump/posts/114219231809224627
p494,post494,25_03_25,mar25,,,,https://truthsocial.com/@realDonaldTrump/posts/114223777905731606
p495,post495,25_03_25,mar25,,,,https://truthsocial.com/@realDonaldTrump/posts/114224810565767895
p496,post496,25_03_25,mar25,,,,https://truthsocial.com/@realDonaldTrump/posts/114224828669645176
p497,post497,25_03_25,mar25,,,,https://truthsocial.com/@realDonaldTrump/posts/114224841459970407
p498,post498,25_03_25,mar25,,,,https://truthsocial.com/@realDonaldTrump/posts/114224857723072168
p499,post499,27_03_25,mar25,,,,https://truthsocial.com/@realDonaldTrump/posts/114231344319625636
p500,post500,27_03_25,mar25,,,,https://truthsocial.com/@realDonaldTrump/posts/114231372872784481
p501,post501,27_03_25,mar25,,,,https://truthsocial.com/@realDonaldTrump/posts/114231401205332854
p502,post502,27_03_25,mar25,,,,https://truthsocial.com/@realDonaldTrump/posts/114231406031813856
p503,post503,27_03_25,mar25,,,,https://truthsocial.com/@realDonaldTrump/posts/114231406967175939
p504,post504,27_03_25,mar25,,,,https://truthsocial.com/@realDonaldTrump/posts/114231437487201538
p505,post505,27_03_25,mar25,,,,https://truthsocial.com/@realDonaldTrump/posts/114231537224620218
p506,post506,27_03_25,mar25,,,,https://truthsocial.com/@realDonaldTrump/posts/114231606967578813
p507,post507,27_03_25,mar25,,,,https://truthsocial.com/@realDonaldTrump/posts/114232682702493359
p508,post508,27_03_25,mar25,,,,https://truthsocial.com/@realDonaldTrump/posts/114232752130631453
p509,post509,27_03_25,mar25,,,,https://truthsocial.com/@realDonaldTrump/posts/114232783362562355
p510,post510,27_03_25,mar25,,,,https://truthsocial.com/@realDonaldTrump/posts/114232829948632918
p511,post511,27_03_25,mar25,,,,https://truthsocial.com/@realDonaldTrump/posts/114234217151169492
p512,post512,27_03_25,mar25,,,,https://truthsocial.com/@realDonaldTrump/posts/114234393336690404
p513,post513,27_03_25,mar25,,,,https://truthsocial.com/@realDonaldTrump/posts/114234742770558412
p514,post514,27_03_25,mar25,,,,https://truthsocial.com/@realDonaldTrump/posts/114235616565301548
p515,post515,27_03_25,mar25,,,,https://truthsocial.com/@realDonaldTrump/posts/114235745233828789
p516,post516,28_03_25,mar25,,,,https://truthsocial.com/@realDonaldTrump/posts/114240434953893474
p517,post517,28_03_25,mar25,,,,https://truthsocial.com/@realDonaldTrump/posts/114240691141784921
p518,post518,28_03_25,mar25,,,,https://truthsocial.com/@realDonaldTrump/posts/114241348699704594
p519,post519,28_03_25,mar25,,,,https://truthsocial.com/@realDonaldTrump/posts/114241662387997605
p520,post520,28_03_25,mar25,,,,https://truthsocial.com/@realDonaldTrump/posts/114241663757084870
p521,post521,28_03_25,mar25,,,,https://truthsocial.com/@realDonaldTrump/posts/114242038889809702
p522,post522,29_03_25,mar25,,,,https://truthsocial.com/@realDonaldTrump/posts/114246745942405963
p523,post523,29_03_25,mar25,,,,https://truthsocial.com/@realDonaldTrump/posts/114246747590580179
p524,post524,29_03_25,mar25,,,,https://truthsocial.com/@realDonaldTrump/posts/114247551865595874
p525,post525,30_03_25,mar25,,,,https://truthsocial.com/@realDonaldTrump/posts/114251714651932084
p526,post526,30_03_25,mar25,,,,https://truthsocial.com/@realDonaldTrump/posts/114253205784550890
p527,post527,30_03_25,mar25,,,,https://truthsocial.com/@realDonaldTrump/posts/114253297744744441
p528,post528,31_03_25,mar25,,,,https://truthsocial.com/@realDonaldTrump/posts/114253819551160329
p529,post529,31_03_25,mar25,,,,https://truthsocial.com/@realDonaldTrump/posts/114254008984567465
p530,post530,31_03_25,mar25,,,,https://truthsocial.com/@realDonaldTrump/posts/114254009723637368
p531,post531,31_03_25,mar25,,,,https://truthsocial.com/@realDonaldTrump/posts/114254057682596962
p532,post532,31_03_25,mar25,,,,https://truthsocial.com/@realDonaldTrump/posts/114258061899987431
p533,post533,31_03_25,mar25,,,,https://truthsocial.com/@realDonaldTrump/posts/114258062336428979
p534,post534,31_03_25,mar25,,,,https://truthsocial.com/@realDonaldTrump/posts/114258384664012595
p535,post535,31_03_25,mar25,,,,https://truthsocial.com/@realDonaldTrump/posts/114258406263396157
p536,post536,01_04_25,apr25,,,,https://truthsocial.com/@realDonaldTrump/posts/114263048748701626
p537,post537,01_04_25,apr25,,,,https://truthsocial.com/@realDonaldTrump/posts/114263050632843712
p538,post538,01_04_25,apr25,,,,https://truthsocial.com/@realDonaldTrump/posts/114263386262728170
p539,post539,01_04_25,apr25,,,,https://truthsocial.com/@realDonaldTrump/posts/114263461013940328
p540,post540,01_04_25,apr25,,,,https://truthsocial.com/@realDonaldTrump/posts/114264549657133828
p541,post541,01_04_25,apr25,,,,https://truthsocial.com/@realDonaldTrump/posts/114264667777137553
p542,post542,02_04_25,apr25,,,,https://truthsocial.com/@realDonaldTrump/posts/114265268833712885
p543,post543,02_04_25,apr25,,,,https://truthsocial.com/@realDonaldTrump/posts/114265284182327245
p544,post544,02_04_25,apr25,,,,https://truthsocial.com/@realDonaldTrump/posts/114265353051503359
p545,post545,02_04_25,apr25,,,,https://truthsocial.com/@realDonaldTrump/posts/114265460175109325
p546,post546,02_04_25,apr25,,,,https://truthsocial.com/@realDonaldTrump/posts/114265493906125093
p547,post547,02_04_25,apr25,,,,https://truthsocial.com/@realDonaldTrump/posts/114265988202750791
p548,post548,02_04_25,apr25,,,,https://truthsocial.com/@realDonaldTrump/posts/114266599439835683
p549,post549,02_04_25,apr25,,,,https://truthsocial.com/@realDonaldTrump/posts/114270538820142872
p550,post550,03_04_25,apr25,,,,https://truthsocial.com/@realDonaldTrump/posts/114275636283855793
p551,post551,04_04_25,apr25,,,,https://truthsocial.com/@realDonaldTrump/posts/114277430639309106
p552,post552,04_04_25,apr25,,,,https://truthsocial.com/@realDonaldTrump/posts/114280292618523684
p553,post553,04_04_25,apr25,,,,https://truthsocial.com/@realDonaldTrump/posts/114280322706682564
p554,post554,04_04_25,apr25,,,,https://truthsocial.com/@realDonaldTrump/posts/114280893859636366
p555,post555,04_04_25,apr25,,,,https://truthsocial.com/@realDonaldTrump/posts/114281864005346951
p556,post556,05_04_25,apr25,,,,https://truthsocial.com/@realDonaldTrump/posts/114282305980898453
p557,post557,05_04_25,apr25,,,,https://truthsocial.com/@realDonaldTrump/posts/114285375813275308
p558,post558,05_04_25,apr25,,,,https://truthsocial.com/@realDonaldTrump/posts/114287474604619244
p559,post559,07_04_25,apr25,,,,https://truthsocial.com/@realDonaldTrump/posts/114293581018893404
p560,post560,07_04_25,apr25,,,,https://truthsocial.com/@realDonaldTrump/posts/114296287858068040
p561,post561,07_04_25,apr25,,,,https://truthsocial.com/@realDonaldTrump/posts/114296801411259400
p562,post562,07_04_25,apr25,,,,https://truthsocial.com/@realDonaldTrump/posts/114296909356614075
p563,post563,07_04_25,apr25,,,,https://truthsocial.com/@realDonaldTrump/posts/114296933498836216
p564,post564,07_04_25,apr25,,,,https://truthsocial.com/@realDonaldTrump/posts/114297331052690348
p565,post565,08_04_25,apr25,,,,https://truthsocial.com/@realDonaldTrump/posts/114298964268045690
p566,post566,08_04_25,apr25,,,,https://truthsocial.com/@realDonaldTrump/posts/114299368234840539
p567,post567,08_04_25,apr25,,,,https://truthsocial.com/@realDonaldTrump/posts/114302499965852704
p568,post568,09_04_25,apr25,,,,https://truthsocial.com/@realDonaldTrump/posts/114304634655292901
p569,post569,09_04_25,apr25,,,,https://truthsocial.com/@realDonaldTrump/posts/114305448331638991
p570,post570,09_04_25,apr25,,,,https://truthsocial.com/@realDonaldTrump/posts/114307832213562859
p571,post571,09_04_25,apr25,,,,https://truthsocial.com/@realDonaldTrump/posts/114307836775073198
p572,post572,09_04_25,apr25,,,,https://truthsocial.com/@realDonaldTrump/posts/114307883361614427
p573,post573,09_04_25,apr25,,,,https://truthsocial.com/@realDonaldTrump/posts/114308121820846336
p574,post574,09_04_25,apr25,,,,https://truthsocial.com/@realDonaldTrump/posts/114308258545250117
p575,post575,09_04_25,apr25,,,,https://truthsocial.com/@realDonaldTrump/posts/114308898654506738
p576,post576,09_04_25,apr25,,,,https://truthsocial.com/@realDonaldTrump/posts/114309144289505174
p577,post577,09_04_25,apr25,,,,https://truthsocial.com/@realDonaldTrump/posts/114310188132445566
p578,post578,10_04_25,apr25,,,,https://truthsocial.com/@realDonaldTrump/posts/114310370550367017
p579,post579,10_04_25,apr25,,,,https://truthsocial.com/@realDonaldTrump/posts/114313667304867320
p580,post580,10_04_25,apr25,,,,https://truthsocial.com/@realDonaldTrump/posts/114313927527638500
p581,post581,10_04_25,apr25,,,,https://truthsocial.com/@realDonaldTrump/posts/114313939062499622
p582,post582,10_04_25,apr25,,,,https://truthsocial.com/@realDonaldTrump/posts/114314374220244880
p583,post583,10_04_25,apr25,,,,https://truthsocial.com/@realDonaldTrump/posts/114315219437063160
p584,post584,10_04_25,apr25,,,,https://truthsocial.com/@realDonaldTrump/posts/114315881639906095
p585,post585,10_04_25,apr25,,,,https://truthsocial.com/@realDonaldTrump/posts/114315902995818386
p586,post586,11_04_25,apr25,,,,https://truthsocial.com/@realDonaldTrump/posts/114316044192204977
p587,post587,11_04_25,apr25,,,,https://truthsocial.com/@realDonaldTrump/posts/114316044643910190
p588,post588,11_04_25,apr25,,,,https://truthsocial.com/@realDonaldTrump/posts/114316139821071778
p589,post589,11_04_25,apr25,,,,https://truthsocial.com/@realDonaldTrump/posts/114316141098255318
p590,post590,11_04_25,apr25,,,,https://truthsocial.com/@realDonaldTrump/posts/114316199673595819
p591,post591,11_04_25,apr25,,,,https://truthsocial.com/@realDonaldTrump/posts/114319533589155171
p592,post592,11_04_25,apr25,,,,https://truthsocial.com/@realDonaldTrump/posts/114319592702753512
p593,post593,11_04_25,apr25,,,,https://truthsocial.com/@realDonaldTrump/posts/114319659315817918
p594,post594,11_04_25,apr25,,,,https://truthsocial.com/@realDonaldTrump/posts/114320236639062571
p595,post595,11_04_25,apr25,,,,https://truthsocial.com/@realDonaldTrump/posts/114320237164839938
p596,post596,11_04_25,apr25,,,,https://truthsocial.com/@realDonaldTrump/posts/114320244770957852
p597,post597,11_04_25,apr25,,,,https://truthsocial.com/@realDonaldTrump/posts/114320245355397433
p598,post598,12_04_25,apr25,,,,https://truthsocial.com/@realDonaldTrump/posts/114321895832364816
p599,post599,12_04_25,apr25,,,,https://truthsocial.com/@realDonaldTrump/posts/114321989500112442
p600,post600,13_04_25,apr25,,,,https://truthsocial.com/@realDonaldTrump/posts/114327375256344311
p601,post601,13_04_25,apr25,,,,https://truthsocial.com/@realDonaldTrump/posts/114332337028519855
p602,post602,13_04_25,apr25,,,,https://truthsocial.com/@realDonaldTrump/posts/114332342610034728
p603,post603,14_04_25,apr25,,,,https://truthsocial.com/@realDonaldTrump/posts/114333582402241548
p604,post604,14_04_25,apr25,,,,https://truthsocial.com/@realDonaldTrump/posts/114333659248371323
p605,post605,14_04_25,apr25,,,,https://truthsocial.com/@realDonaldTrump/posts/114333660655935996
p606,post606,14_04_25,apr25,,,,https://truthsocial.com/@realDonaldTrump/posts/114333875444620545
p607,post607,14_04_25,apr25,,,,https://truthsocial.com/@realDonaldTrump/posts/114334087867258791
p608,post608,14_04_25,apr25,,,,https://truthsocial.com/@realDonaldTrump/posts/114336642481948430
p609,post609,14_04_25,apr25,,,,https://truthsocial.com/@realDonaldTrump/posts/114336723764365914
p610,post610,14_04_25,apr25,,,,https://truthsocial.com/@realDonaldTrump/posts/114336740381919950
p611,post611,14_04_25,apr25,,,,https://truthsocial.com/@realDonaldTrump/posts/114338375079660274
p612,post612,15_04_25,apr25,,,,https://truthsocial.com/@realDonaldTrump/posts/114338831106475110
p613,post613,15_04_25,apr25,,,,https://truthsocial.com/@realDonaldTrump/posts/114339966797907461
p614,post614,15_04_25,apr25,,,,https://truthsocial.com/@realDonaldTrump/posts/114341773968885783
p615,post615,15_04_25,apr25,,,,https://truthsocial.com/@realDonaldTrump/posts/114341848091430549
p616,post616,15_04_25,apr25,,,,https://truthsocial.com/@realDonaldTrump/posts/114342374504628520
p617,post617,15_04_25,apr25,,,,https://truthsocial.com/@realDonaldTrump/posts/114342518862792060
p618,post618,16_04_25,apr25,,,,https://truthsocial.com/@realDonaldTrump/posts/114345470440861946
p619,post619,16_04_25,apr25,,,,https://truthsocial.com/@realDonaldTrump/posts/114345526663892197
p620,post620,16_04_25,apr25,,,,https://truthsocial.com/@realDonaldTrump/posts/114347128422370864
p621,post621,16_04_25,apr25,,,,https://truthsocial.com/@realDonaldTrump/posts/114347313852363347
p622,post622,16_04_25,apr25,,,,https://truthsocial.com/@realDonaldTrump/posts/114347318770577330
p623,post623,16_04_25,apr25,,,,https://truthsocial.com/@realDonaldTrump/posts/114347397237866545
p624,post624,16_04_25,apr25,,,,https://truthsocial.com/@realDonaldTrump/posts/114347490565859534
p625,post625,16_04_25,apr25,,,,https://truthsocial.com/@realDonaldTrump/posts/114349841902096375
p626,post626,16_04_25,apr25,,,,https://truthsocial.com/@realDonaldTrump/posts/114349871024459620
p627,post627,16_04_25,apr25,,,,https://truthsocial.com/@realDonaldTrump/posts/114349871024459620
p628,post628,17_04_25,apr25,,,,https://truthsocial.com/@realDonaldTrump/posts/114349929882626042
p629,post629,17_04_25,apr25,,,,https://truthsocial.com/@realDonaldTrump/posts/114352766082542122
p630,post630,17_04_25,apr25,,,,https://truthsocial.com/@realDonaldTrump/posts/114353130958010667
p631,post631,17_04_25,apr25,,,,https://truthsocial.com/@realDonaldTrump/posts/114353201227355474
p632,post632,17_04_25,apr25,,,,https://truthsocial.com/@realDonaldTrump/posts/114353467767721095
p633,post633,17_04_25,apr25,,,,https://truthsocial.com/@realDonaldTrump/posts/114354225021338752
p634,post634,18_04_25,apr25,,,,https://truthsocial.com/@realDonaldTrump/posts/114359025219551578
p635,post635,18_04_25,apr25,,,,https://truthsocial.com/@realDonaldTrump/posts/114359040827344338
p636,post636,18_04_25,apr25,,,,https://truthsocial.com/@realDonaldTrump/posts/114360632714487285
p637,post637,19_04_25,apr25,,,,https://truthsocial.com/@realDonaldTrump/posts/114361211919694573
p638,post638,20_04_25,apr25,,,,https://truthsocial.com/@realDonaldTrump/posts/114367252307184336
p639,post639,20_04_25,apr25,,,,https://truthsocial.com/@realDonaldTrump/posts/114370333902322250
p640,post640,20_04_25,apr25,,,,https://truthsocial.com/@realDonaldTrump/posts/114370361342759621
p641,post641,20_04_25,apr25,,,,https://truthsocial.com/@realDonaldTrump/posts/114370637123886922
p642,post642,20_04_25,apr25,,,,https://truthsocial.com/@realDonaldTrump/posts/114372052807631514
p643,post643,20_04_25,apr25,,,,https://truthsocial.com/@realDonaldTrump/posts/114372085732582216
p644,post644,20_04_25,apr25,,,,https://truthsocial.com/@realDonaldTrump/posts/114372102982066647
p645,post645,20_04_25,apr25,,,,https://truthsocial.com/@realDonaldTrump/posts/114372126396548824
p646,post646,20_04_25,apr25,,,,https://truthsocial.com/@realDonaldTrump/posts/114372165978000486
p647,post647,20_04_25,apr25,,,,https://truthsocial.com/@realDonaldTrump/posts/114372349322321344
p648,post648,20_04_25,apr25,,,,https://truthsocial.com/@realDonaldTrump/posts/114372350378942829
p649,post649,21_04_25,apr25,,,,https://truthsocial.com/@realDonaldTrump/posts/114375838396081159
p650,post650,21_04_25,apr25,,,,https://truthsocial.com/@realDonaldTrump/posts/114376239725335883
p651,post651,21_04_25,apr25,,,,https://truthsocial.com/@realDonaldTrump/posts/114376655236734018
p652,post652,21_04_25,apr25,,,,https://truthsocial.com/@realDonaldTrump/posts/114377719179993844
p653,post653,21_04_25,apr25,,,,https://truthsocial.com/@realDonaldTrump/posts/114377783798888758
p654,post654,21_04_25,apr25,,,,https://truthsocial.com/@realDonaldTrump/posts/114377993063822566
p655,post655,21_04_25,apr25,,,,https://truthsocial.com/@realDonaldTrump/posts/114377993807616549
p656,post656,21_04_25,apr25,,,,https://truthsocial.com/@realDonaldTrump/posts/114378035138845295
p657,post657,22_04_25,apr25,,,,https://truthsocial.com/@realDonaldTrump/posts/114378287917044509
p658,post658,22_04_25,apr25,,,,https://truthsocial.com/@realDonaldTrump/posts/114378317437182332
p659,post659,22_04_25,apr25,,,,https://truthsocial.com/@realDonaldTrump/posts/114378371957337028
p660,post660,22_04_25,apr25,,,,https://truthsocial.com/@realDonaldTrump/posts/114379314291410399
p661,post661,22_04_25,apr25,,,,https://truthsocial.com/@realDonaldTrump/posts/114381682443037273
p662,post662,22_04_25,apr25,,,,https://truthsocial.com/@realDonaldTrump/posts/114382248962521077
p663,post663,22_04_25,apr25,,,,https://truthsocial.com/@realDonaldTrump/posts/114382687269815844
p664,post664,23_04_25,apr25,,,,https://truthsocial.com/@realDonaldTrump/posts/114387538306195784
p665,post665,23_04_25,apr25,,,,https://truthsocial.com/@realDonaldTrump/posts/114388111141848447
p666,post666,24_04_25,apr25,,,,https://truthsocial.com/@realDonaldTrump/posts/114392724515353626
p667,post667,24_04_25,apr25,,,,https://truthsocial.com/@realDonaldTrump/posts/114392734082544469
p668,post668,24_04_25,apr25,,,,https://truthsocial.com/@realDonaldTrump/posts/114392923237368367
p669,post669,24_04_25,apr25,,,,https://truthsocial.com/@realDonaldTrump/posts/114392937947872770
p670,post670,24_04_25,apr25,,,,https://truthsocial.com/@realDonaldTrump/posts/114393194962253226
p671,post671,24_04_25,apr25,,,,https://truthsocial.com/@realDonaldTrump/posts/114393275364471638
p672,post672,24_04_25,apr25,,,,https://truthsocial.com/@realDonaldTrump/posts/114393469355437462
p673,post673,24_04_25,apr25,,,,https://truthsocial.com/@realDonaldTrump/posts/114393736523039807
p674,post674,25_04_25,apr25,,,,https://truthsocial.com/@realDonaldTrump/posts/114399870830051429
p675,post675,25_04_25,apr25,,,,https://truthsocial.com/@realDonaldTrump/posts/114400030944429028
p676,post676,25_04_25,apr25,,,,https://truthsocial.com/@realDonaldTrump/posts/114400448382660700
p677,post677,25_04_25,apr25,,,,https://truthsocial.com/@realDonaldTrump/posts/114400583767375750
p678,post678,25_04_25,apr25,,,,https://truthsocial.com/@realDonaldTrump/posts/114400805703099287
p679,post679,26_04_25,apr25,,,,https://truthsocial.com/@realDonaldTrump/posts/114404524335638236
p680,post680,26_04_25,apr25,,,,https://truthsocial.com/@realDonaldTrump/posts/114406185820566958
p681,post681,26_04_25,apr25,,,,https://truthsocial.com/@realDonaldTrump/posts/114406186212473866
p682,post682,27_04_25,apr25,,,,https://truthsocial.com/@realDonaldTrump/posts/114410037014364322
p683,post683,27_04_25,apr25,,,,https://truthsocial.com/@realDonaldTrump/posts/114410073592204291
p684,post684,27_04_25,apr25,,,,https://truthsocial.com/@realDonaldTrump/posts/114411157925493893
p685,post685,27_04_25,apr25,,,,https://truthsocial.com/@realDonaldTrump/posts/114411159111822314
p686,post686,27_04_25,apr25,,,,https://truthsocial.com/@realDonaldTrump/posts/114411308844416576
p687,post687,28_04_25,apr25,,,,https://truthsocial.com/@realDonaldTrump/posts/114412380099590919
p688,post688,28_04_25,apr25,,,,https://truthsocial.com/@realDonaldTrump/posts/114412405334656020
p689,post689,28_04_25,apr25,,,,https://truthsocial.com/@realDonaldTrump/posts/114414863742664682
p690,post690,28_04_25,apr25,,,,https://truthsocial.com/@realDonaldTrump/posts/114414895289941753
p691,post691,28_04_25,apr25,,,,https://truthsocial.com/@realDonaldTrump/posts/114414928875781139
p692,post692,28_04_25,apr25,,,,https://truthsocial.com/@realDonaldTrump/posts/114415618596069518
p693,post693,28_04_25,apr25,,,,https://truthsocial.com/@realDonaldTrump/posts/114416887168755037
p694,post694,28_04_25,apr25,,,,https://truthsocial.com/@realDonaldTrump/posts/114417100472347708
p695,post695,28_04_25,apr25,,,,https://truthsocial.com/@realDonaldTrump/posts/114417102068372350
p696,post696,28_04_25,apr25,,,,https://truthsocial.com/@realDonaldTrump/posts/114417114971503482
p697,post697,28_04_25,apr25,,,,https://truthsocial.com/@realDonaldTrump/posts/114417332210818903
p698,post698,28_04_25,apr25,,,,https://truthsocial.com/@realDonaldTrump/posts/114417364027219606
p699,post699,29_04_25,apr25,,,,https://truthsocial.com/@realDonaldTrump/posts/114419175691843654
p700,post700,29_04_25,apr25,,,,https://truthsocial.com/@realDonaldTrump/posts/114419185611217033
p701,post701,30_04_25,apr25,,,,https://truthsocial.com/@realDonaldTrump/posts/114427089568235019
p702,post702,30_04_25,apr25,,,,https://truthsocial.com/@realDonaldTrump/posts/114427214911868233
dam,downsyndrrom awareness month,,,,,2,
s2ack,Attentat auf Charlie Kirk,,,,,12,
s2gaz,Gaza Stripe,,,,,13,
fball,Football,,,,,14,
gh,german history,,,,,17,
scj,supreme court justices,,,,,12,
s2con,constitution,,,,,12,
s2rol,rule of law,,,,,12,
p703,post703,01_05_25,may25,,,,https://truthsocial.com/@realDonaldTrump/posts/114432954072144063
s2jh,Jensen Haug,,,2,3,,
p704,post704,01_05_2025,may25,,,,https://truthsocial.com/@realDonaldTrump/posts/114432976140064253
cmaggm,CMA CGM,,may25,,,,
was,Worldwide Amazon Stores,,,,,,
vgl,Venture Global LNG,,,,,,
s,Siemens,,,,,,
s2pw,Pratt Whitney,,,,,,
chobani,Chobani,,,,,,
bg,Bel Group,,,,,,
se,Schneider Electric,,,,,,
s2jj,Johnson Johnson,,,,,,
eli,Eli Lilly,,,,,,
novartis,Novartis,,,,,,
genentech,Genentech,,,,,,
a,AbbVie,,,,,,
tfs,Therm Fisher Scientific,,,,,,
al,Abbott Laboratories,,,,,,
gea,GE Aerospace,,,,,,
p705,post705,01_05_25,may25,,,,https://truthsocial.com/@realDonaldTrump/posts/114433942825461076
s2mw,Mike Waltz,,,2,2,,
s2sd,State Department,,,,,,
p706,post706,01_05_25,may25,,,,https://truthsocial.com/@realDonaldTrump/posts/114433959082847679
ses,secondary sanctions,,,,,11,
pp,petrochemical products,,,,,,
p707,post707,01_05_25,may25,,,,https://truthsocial.com/@realDonaldTrump/posts/114435073705713456
s2ca,commencement address,,,,,,
p708,post708,01_05_25,may25,,,,https://truthsocial.com/@realDonaldTrump/posts/114435902192931017
ww2,world war 2,,,,,,
ww1,world war 1,,,,,,
allies,allied countries,,may25,,,,
nh,national holiday,,,,,,
p709,post709,01_05_25,may25,,,,https://truthsocial.com/@realDonaldTrump/posts/114436142904738936
r,republicans,,,,2,,
uscong,US Congress,,,,,22,
ipt,impeachment,,,,,,
p710,post710,01_05_25,may25,,,,https://truthsocial.com/@realDonaldTrump/posts/114436165701323476
bs,Betty Schwartz,,,1,2,,
fm,Fred Marcus,,,2,3,,
rpl,Rabbi Pinchos Lipschutz,,,2,3,,
sr,Sid Rosenberg,,,2,2,,
aa,Ariel Abergel,,,1,3,,
bf,Barbara Feingold,,,1,3,,
s2aw,Alex Witkoff,,,2,3,,
s2rg,Robert Garson,,,2,3,,
ushmc,United States Holocaust Memorial Council,,,,,22,
p711,post711,01_05_25,may25,,,,https://truthsocial.com/@realDonaldTrump/posts/114436168298983317
whitney,Whitney Hermandorfer,,,1,2,,
usca6,United States Court of Appeals for the Sixth Circuit,,,,,4,
pwb,Princeton University Women's Basketball Team,,,,,,
sa,Justice Samuel Alito,,,2,3,,
gws,Girls’ and Women’s Sports,,,,,14,
p712,post712,02_05_25,may25,,,,https://truthsocial.com/@realDonaldTrump/posts/114437989795464761
hv,harvard,,,,,5,
p713,post713,02_05_25,may25,,,,https://truthsocial.com/@realDonaldTrump/posts/114438304481024140
gas,Gasoline,,,,,,
groceries,Groceries,,,,,,
eggs,Eggs,,,,,,
mortgage,Mortgage rates,,,,,,
employment,Employment,,,,,,
p714,post714,02_05_25,may25,,,,https://truthsocial.com/@realDonaldTrump/posts/114438330555648164
p715,post715,03_05_25,may25,,,,https://truthsocial.com/@realDonaldTrump/posts/114442321106427795
dep,deportation,,,,,17,
p716,post716,04_05_25,may25,,,,https://truthsocial.com/@realDonaldTrump/posts/114450707221467337
p717,post717,04_05_25,may25,,,,https://truthsocial.com/@realDonaldTrump/posts/114450726968071164
p718,post718,04_05_25,may25,,,,https://truthsocial.com/@realDonaldTrump/posts/114451970991645838
tgce,The Greatest Comeback Ever: Inside Trump’s Big Beautiful Campaign,,,,,,
campa,Political Campaign,,,,,12,
p719,post719,04_05_25,may25,,,,https://truthsocial.com/@realDonaldTrump/posts/114451972448301240
hk,Howie Kurtz,,,2,3,,
s2bd,Ben Domenech,,,2,3,,
p720,post720,04_05_25,may25,,,,https://truthsocial.com/@realDonaldTrump/posts/114452025916969327
alc,Alcatraz,,,,,,
bop,Bureau of Prisons,,,,,,
p721,post721,04_05_25,may25,,,,https://truthsocial.com/@realDonaldTrump/posts/114452117143235155
film,American Movie Industry,,,,,,
fc,Foreign Countries,,,,,20,
p722,post722,04_05_25,may25,,,,https://truthsocial.com/@realDonaldTrump/posts/114452877224020351
s2kr,Karl Rove,,,2,1,,
p723,post723,05_05_25,may25,,,,https://truthsocial.com/@realDonaldTrump/posts/114455860282159313
re,Recep Erdoğan,,,2,3,,
gaza,Gaza,,,,,20,
ab,Andrew Brunson,,,2,3,,
wru,War Russia/Ukraine,,,,,13,
wdc,Washington D.C.,,,,,21,
p724,post724,05_05_25,may25,,,,https://truthsocial.com/@realDonaldTrump/posts/114456520145752092
s2nfl,National Football League,,,,,,
p725,post725,05_05_25,may25,,,,https://truthsocial.com/@realDonaldTrump/posts/114456568203695294
camp,Campaign Promises,,,,,1,
p726,post726,05_05_25,may25,,,,https://truthsocial.com/@realDonaldTrump/posts/114457666559426766
all,Allies,,,,,,
s2hol,National Holiday,,,,,,
p727,post727,05_05_25,may25,,,,https://truthsocial.com/@realDonaldTrump/posts/114457992767716636
philw,Phil Weiser,,,2,1,,
s2ms13,MS-13,,,,,,
ill,illegals,,,,,8,
p728,post728,05_05_25,may25,,,,https://truthsocial.com/@realDonaldTrump/posts/114457993936599790
s2em,Ed Martin,,,2,1,,
dojdc,U.S. Attorney District of Columbia,,,,,4,
p729,post729,05_05_25,may25,,,,https://truthsocial.com/@realDonaldTrump/posts/114458023850536968
draft,NFL Draft 2027,,,,,,
s2nm,National Mall,,,,,,
p730,post730,05_05_25,may25,,,,https://truthsocial.com/@realDonaldTrump/posts/114458094742048024
eo,Executive Order,,,,,4,
gof,gain-of-function research,,,,,,
p731,post731,05_05_25,may25,,,,https://truthsocial.com/@realDonaldTrump/posts/114458100604424846
p732,post732,06_05_25,may25,,,,https://truthsocial.com/@realDonaldTrump/posts/114461575736468146
marcar,Mark Carney,,,2,3,,
p733,post733,06_05_25,may25,,,,https://truthsocial.com/@realDonaldTrump/posts/114462513304037389
s2ag,Andrew Giuliani,,,2,2,,
carcor,Carlos Cordeiro,,,2,3,,
fifa,FIFA,,,,,14,
usf,United States Soccer Federation,,,,,,
ptf,President’s Task Force 2026 FIFA World Cup,,,,,14,
p734,post734,06_05_25,may25,,,,https://truthsocial.com/@realDonaldTrump/posts/114462867354665095
s2jd,Joshua Divine,,,2,3,,
johaw,Josh Hawley,,,1,2,,
p735,post735,06_05_25,may25,,,,https://truthsocial.com/@realDonaldTrump/posts/114462868084205660
zb,Zachary Bluestone,,,2,3,,
usao,United States Attorney’s Office,,,,,4,
ge,Georgetown,,,,,21,
ox,Oxford,,,,,21,
usdc,United States District Court,,,,,4,
edom,Eastern District of Missouri,,,,,21,
p736,post736,06_05_25,may25,,,,https://truthsocial.com/@realDonaldTrump/posts/114462868808829711
s2ml,Maria Lanahan,,,1,3,,
pds,Principal Deputy Solicitor General,,,,,,
go,Gonzaga,,,,,,
uc,University of Chicago,,,,,5,
j,judge,,,,,4,
pat,patriots,,,,,,
p737,post737,06_05_25,may25,,,,https://truthsocial.com/@realDonaldTrump/posts/114462869560496665
cs,Cristian Stevens,,,2,3,,
mcoa,Missouri Court of Appeals,,,,,4,
mago,Missouri Attorney General’s Office,,,,,4,
p738,post738,06_05_25,may25,,,,https://truthsocial.com/@realDonaldTrump/posts/114462869802626948
eoc,Edward Aloysius O’Connell,,,2,3,,
scdc,Superior Court of the District of Columbia,,,,,4,
usadc,Office of the United States Attorney for the District of Columbia,,,,,4,
p739,post739,06_05_25,may25,,,,https://truthsocial.com/@realDonaldTrump/posts/114463309556144556
nce,Nassau County Executive,,,,,4,
cvr,civil rights,,,,,4,
s2m,migration,,,,,,
p740,post740,06_05_25,may25,,,,https://truthsocial.com/@realDonaldTrump/posts/114463589898854957
bhmc,Board of the Holocaust Memorial Council,,,,,17,
sf,Siggy Flicker,,,1,3,,
tf,Tila Falic,,,1,3,,
jz,Jackie Zeckman,,,1,2,,
rns,Rabbi Nate Segal,,,2,3,,
burkan,Jonathan Burkan,,,2,2,,
s2ll,Lee Lipton,,,2,3,,
s2fp,foreign policy,,,,,11,
p741,post741,06_05_25,may25,,,,https://truthsocial.com/@realDonaldTrump/posts/114463623151906341
ny17,New York’s 17th Congressional District,,,,,22,
p742,post742,06_05_25,may25,,,,https://truthsocial.com/@realDonaldTrump/posts/114464206114299371
whftf,White House FIFA Task Force,,,,,14,
cwc25,2025 Club World Cup,,,,,2,
wc26,2026 World Cup,,,,,2,
p743,post743,07_05_25,may25,,,,https://truthsocial.com/@realDonaldTrump/posts/114466802601303034
s2lj,Lawrence Jones,,,2,3,,
p744,post744,07_05_25,may25,,,,https://truthsocial.com/@realDonaldTrump/posts/114466820318104255
emmy,Emmys,,,,,,
p745,post745,07_05_25,may25,,,19,https://truthsocial.com/@realDonaldTrump/posts/114468174830884590
vdww2,Victory Day for World War II,,,,,17,
p746,post746,07_05_25,may25,,,,https://truthsocial.com/@realDonaldTrump/posts/114468257803426979
s2dp,David Perdue,,,2,2,,
amb,Ambassador to China,,,,,11,
p747,post747,07_05_25,may25,,,,https://truthsocial.com/@realDonaldTrump/posts/114468502752133916
s2cm,Dr. Casey Means,,,1,3,,
sg,Surgeon General of the United States,,,,,7,
dohhs,Department of Health and Human Services,,,,,2,
s2jn,Dr. Janette Nesheiwat,,,1,3,,
p748,post748,07_05_25,may25,,,,https://truthsocial.com/@realDonaldTrump/posts/114468755257430424
p749,post749,07_05_25,may25,,,,https://truthsocial.com/@realDonaldTrump/posts/114469488580251681
td,trade deal,,,,,11,
p750,post750,08_05_25,may25,,,,https://truthsocial.com/@realDonaldTrump/posts/114471661029075259
p751,post751,08_05_25,may25,,,,https://truthsocial.com/@realDonaldTrump/posts/114471687266303772
p752,post752,08_05_25,may25,,,,https://truthsocial.com/@realDonaldTrump/posts/114471750357100883
p753,post753,08_05_25,may25,,,,https://truthsocial.com/@realDonaldTrump/posts/114471776222344399
p754,post754,08_05_25,may25,,,,https://truthsocial.com/@realDonaldTrump/posts/114472802068018414
ranch,ranchers,,,,,15,
p755,post755,08_05_25,may25,,,,https://truthsocial.com/@realDonaldTrump/posts/114473380014194441
crfp,Cardinal Robert Francis Prevost,,,2,3,,
s2pl,Pope Leo XIV,,,2,3,,
p756,post756,08_05_25,may25,,,,https://truthsocial.com/@realDonaldTrump/posts/114474136573150113
p757,post757,08_05_25,may25,,,,https://truthsocial.com/@realDonaldTrump/posts/114474136794655068
p758,post758,08_05_25,may25,,,,https://truthsocial.com/@realDonaldTrump/posts/114474417554010988
p759,post759,08_05_25,may25,,,,https://truthsocial.com/@realDonaldTrump/posts/114474464809294039
s2mb,Mike Bost,,,2,2,,
va,veterans affairs,,,,,7,
s2sb,secure border,,,,,12,
p760,post760,08_05_25,may25,,,,https://truthsocial.com/@realDonaldTrump/posts/114474465286880800
zn,Zach Nunn,,,2,2,,
pts,peace through strength,,,,,,
p761,post761,08_05_25,may25,,,,https://truthsocial.com/@realDonaldTrump/posts/114474466584246331
s2jk,Jen Kiggans,,,2,1,,
p762,post762,08_05_25,may25,,,,https://truthsocial.com/@realDonaldTrump/posts/114474467319531911
s2nb,Nick Begich,,,2,1,,
gw,government waste,,,,,,
s2id,illegal drugs,,,,,8,
p763,post763,08_05_25,may25,,,,https://truthsocial.com/@realDonaldTrump/posts/114474468098464790
robr,Rob Bresnahan,,,2,2,,
p764,post764,08_05_25,may25,,,,https://truthsocial.com/@realDonaldTrump/posts/114474468725706522
s2tb,Tom Barrett,,,2,2,,
p765,post765,08_05_25,may25,,,,https://truthsocial.com/@realDonaldTrump/posts/114474469364898946
tk,Tom Kean,,,2,2,,
sbiz,small business,,,,,,
p766,post766,08_05_25,may25,,,,https://truthsocial.com/@realDonaldTrump/posts/114474470016240455
p767,post767,08_05_25,may25,,,,https://truthsocial.com/@realDonaldTrump/posts/114474470666888173
ra,Robert Axson,,,2,2,,
lee,Mike Lee,,,2,2,,
p768,post768,08_05_25,may25,,,,
jm,Julianne Murray,,,1,2,,
secel,secure elections,,,,1,,
p769,post769,08_05_25,may25,,,,https://truthsocial.com/@realDonaldTrump/posts/114474472453521323
jmck,Josh McKoon,,,2,2,,
win,victories,,,,,,
p770,post770,08_05_25,may25,,,,https://truthsocial.com/@realDonaldTrump/posts/114474472707126728
jsim,Jason Simmons,,,2,2,,
nocarrep,North Carolina Republican Party,,,,,,
p771,post771,08_05_25,may25,,,,https://truthsocial.com/@realDonaldTrump/posts/114474584669905764
jeanine,Jeanine Pirro,,,1,2,,
five,The Five,,,,,,
dv,domestic violence,,,,,8,
p772,post772,08_05_25,may25,,,,https://truthsocial.com/@realDonaldTrump/posts/114474760680232575
wdg,Weaponization Working Group,,,,,,
asdep,Associate Deputy Attorney General,,,,,4,
pardatto,Pardon Attorney,,,2,2,,
p773,post773,09_05_25,may25,,,,https://truthsocial.com/@realDonaldTrump/posts/114477610338144415
p774,post774,09_05_25,may25,,,,https://truthsocial.com/@realDonaldTrump/posts/114477628854583525
p775,post775,09_05_25,may25,,,,https://truthsocial.com/@realDonaldTrump/posts/114477701321152097
p776,post776,09_05_25,may25,,,,https://truthsocial.com/@realDonaldTrump/posts/114477930037382424
p777,post777,09_05_25,may25,,,,https://truthsocial.com/@realDonaldTrump/posts/114478129470076553
p778,post778,09_05_25,may25,,,,https://truthsocial.com/@realDonaldTrump/posts/114478160839858570
p779,post779,09_05_25,may25,,,,https://truthsocial.com/@realDonaldTrump/posts/114478777761818193
poole,Keith Poole,,,2,3,,
p780,post780,09_05_25,may25,,,,https://truthsocial.com/@realDonaldTrump/posts/114478780390671313
stephanie,Stephanie Ruhle,,,1,3,,
msdnc,MSDNC,,,,,,
brair,British Airways,,,,,,
p781,post781,09_05_25,may25,,,,
apl,Anna Paulina Luna,,,1,2,,
p782,post782,09_05_25,may25,,,,https://truthsocial.com/@realDonaldTrump/posts/114480045872688080
p783,post783,09_05_25,may25,,,,https://truthsocial.com/@realDonaldTrump/posts/114480047403137321
s2tw,Tim Walberg,,,2,1,,
s2edu,Education Policy,,,,,5,
s2pr,Parental Rights,,,,,4,
p784,post784,09_05_25,may25,,,,https://truthsocial.com/@realDonaldTrump/posts/114480048117794658
vf,Virginia Foxx,,,1,2,,
p785,post785,09_05_25,may25,,,,https://truthsocial.com/@realDonaldTrump/posts/114480048504802354
moore,Riley Moore,,,2,2,,
p786,post786,09_05_25,may25,,,,https://truthsocial.com/@realDonaldTrump/posts/114480087342467417
carol,Carol Miller,,,1,2,,
reg,Regulations,,,,,,
p787,post787,09_05_25,may25,,,,https://truthsocial.com/@realDonaldTrump/posts/114480839195032975
il,illegal,,,,,8,
p788,post788,10_05_25,may25,,,,https://truthsocial.com/@realDonaldTrump/posts/114483405683675564
ceafir,Ceasefire,,,,,,
s2ir,International Relations,,,,,11,
p789,post789,10_05_25,may25,,,,https://truthsocial.com/@realDonaldTrump/posts/114484265663388527
p790,post790,10_05_25,may25,,,,https://truthsocial.com/@realDonaldTrump/posts/114486066663976973
p791,post791,10_05_25,may25,,,,https://truthsocial.com/@realDonaldTrump/posts/114487190752990599
p792,post792,10_05_25,may25,,,,https://truthsocial.com/@realDonaldTrump/posts/114487210304050642
p793,post793,11_05_25,may25,,,,https://truthsocial.com/@realDonaldTrump/posts/114489425158423737
techbros,Tech Bros,,,,,,
creators,Creators,,,,,,
p794,post794,11_05_25,may25,,,,https://truthsocial.com/@realDonaldTrump/posts/114490093180275292
eulea,European Leaders,,,,,11,
p795,post795,11_05_25,may25,,,,https://truthsocial.com/@realDonaldTrump/posts/114490277514269016
illali,Illegal Aliens,,,,,8,
cousys,Court System / Supreme Court,,,,,4,
lawyers,Lawyers,,,,,4,
p796,post796,11_05_25,may25,,,,https://truthsocial.com/@realDonaldTrump/posts/114490604608562822
tarpol,Tariff Policy,,,,,11,
p797,post797,11_05_25,may25,,,,https://truthsocial.com/@realDonaldTrump/posts/114491534347862682
drucomp,Drug Companies,,,,,,
p798,post798,11_05_25,may25,,,,https://truthsocial.com/@realDonaldTrump/posts/114491594957458207
edaalexa,Edan Alexander,,,2,3,,
p799,post799,11_05_25,may25,,,,https://truthsocial.com/@realDonaldTrump/posts/114491949696762931
marrad,Martha Raditz,,,1,3,,
boig,Bob Iger,,,2,1,,
p800,post800,11_05_25,may25,,,,https://truthsocial.com/@realDonaldTrump/posts/114492082555622686
defdep,Defense Department,,,,,22,
af1,Air Force One / 747 Aircraft,,,,,,
p801,post801,12_05_25,may25,,,,https://truthsocial.com/@realDonaldTrump/posts/114494359849751984
p802,post802,12_05_25,may25,,,,https://truthsocial.com/@realDonaldTrump/posts/114494372667836601
p803,post803,12_05_25,may25,,,,https://truthsocial.com/@realDonaldTrump/posts/114495777170382544
p804,post804,12_05_25,may25,,,,https://truthsocial.com/@realDonaldTrump/posts/114495789264464415
seckenn,Secretary Kennedy,,,2,1,,
p805,post805,12_05_25,may25,,,,https://truthsocial.com/@realDonaldTrump/posts/114495805003498315
jaybh,Jay Bhattacharya,,,2,3,,
p806,post806,12_05_25,may25,,,,https://truthsocial.com/@realDonaldTrump/posts/114495819579444373
p807,post807,12_05_25,may25,,,,https://truthsocial.com/@realDonaldTrump/posts/114495828046526222
p808,post808,12_05_25,may25,,,,https://truthsocial.com/@realDonaldTrump/posts/114495946485549840
gtt,Glenn GT Thompson,,,2,2,,
p809,post809,12_05_25,may25,,,,https://truthsocial.com/@realDonaldTrump/posts/114496851630865496
p810,post810,12_05_25,may25,,,,https://truthsocial.com/@realDonaldTrump/posts/114496961305632019
p811,post811,12_05_25,may25,,12,,https://truthsocial.com/@realDonaldTrump/posts/114497218878772156
p812,post812,12_05_25,may25,,4,,
p813,post813,12_05_25,may25,,,,https://truthsocial.com/@realDonaldTrump/posts/114498083205032077
jocon,Joe Concha,,,2,3,,
p814,post814,12_05_25,may25,,,,https://truthsocial.com/@realDonaldTrump/posts/114498087289429724
p815,post815,13_05_25,may25,,,,https://truthsocial.com/@realDonaldTrump/posts/114501759958997511
fed,FED,,,,,,
p816,post816,13_05_25,may25,,,,https://truthsocial.com/@realDonaldTrump/posts/114501781259201749
p817,post817,13_05_25,may25,,,,https://truthsocial.com/@realDonaldTrump/posts/114503203859060399
s2usaf,United States Air Force,,,,,7,
p818,post818,14_05_25,may25,,,,https://truthsocial.com/@realDonaldTrump/posts/114507421112399589
riy,Riyadh,,,,,,
abu,Abu Dhabi,,,,,21,
neo,Neocons,,,,,,
libnp,Liberal Nonprofits,,,,,,
regp,People of the Region,,,,,,
p819,post819,15_05_25,may25,,,,https://truthsocial.com/@realDonaldTrump/posts/114511710554568353
cartel,Drug Cartels,,,,,,
s2pc,Political Correctness,,,,,,
cw,Civil War,,,,,,
cong,Congress,,,,,4,
bos,Babies of Slaves,,,,,,
p820,post820,15_05_25,may25,,,,https://truthsocial.com/@realDonaldTrump/posts/114511762010659631
cip,Current Immigration Policy,,,,,12,
p821,post821,16_05_25,may25,,,,https://truthsocial.com/@realDonaldTrump/posts/114515613065520300
people,The People,,,,,,
p822,post822,16_05_25,may25,,,,https://truthsocial.com/@realDonaldTrump/posts/114516603030095775
p823,post823,16_05_25,may25,,,,https://truthsocial.com/@realDonaldTrump/posts/114517718765768352
p824,post824,16_05_25,may25,,,,https://truthsocial.com/@realDonaldTrump/posts/114517773720445162
public,The Public,,,,,,
p825,post825,16_05_25,may25,,,,https://truthsocial.com/@realDonaldTrump/posts/114517896576879203
bruce,Bruce Springsteen,,,2,1,,
p826,post826,16_05_25,may25,,,,https://truthsocial.com/@realDonaldTrump/posts/114517897638237566
amerneed,Americans in Need,,,,,,
s2gs,Grandstanders,,,,,,
p827,post827,16_05_25,may25,,,,https://truthsocial.com/@realDonaldTrump/posts/114518115625400272
smc,Shelley Moore Capito,,,1,1,,
wv,West Virginia,,,,,,
senenv,Senate Environment & Public Works Committee,,,,,21,
p828,post828,16_05_25,may25,,,,
ok,Oklahoma,,,,,21,
farranch,Farmers / Ranchers,,,,,15,
tribal,Tribal Communities,,,,,,
warren,Elizabeth Warren,,,1,1,,
p829,post829,16_05_25,may25,,,,https://truthsocial.com/@realDonaldTrump/posts/114519753109701350
alito,Justice Alito,,,2,3,,
thomas,Justice Thomas,,,2,3,,
s2gm,Gang Members,,,,,,
s2mi,Mentally Insane,,,,,,
p830,post830,16_05_25,may25,,,,https://truthsocial.com/@realDonaldTrump/posts/114519933006186542
p831,post831,16_05_25,may25,,,,https://truthsocial.com/@realDonaldTrump/posts/114519952063614449
p832,post832,16_05_25,may25,,,,https://truthsocial.com/@realDonaldTrump/posts/114519965289784767
afo,Air Force One,,,,,7,
pres,President,,,,,,
p833,post833,17_05_25,may25,,,,https://truthsocial.com/@realDonaldTrump/posts/114523195208653918
autopen,Autopen,,,,,,
elec2020,2020 Presidential Election,,,,,1,
unsecomm,Unselect Committee of Political Thugs,,,,,,
p834,post834,17_05_25,may25,,,,https://truthsocial.com/@realDonaldTrump/posts/114523638623110397
p835,post835,17_05_25,may25,,,,https://truthsocial.com/@realDonaldTrump/posts/114523762104941397
nato,NATO,,,,,11,
p836,post836,17_05_25,may25,,,,https://truthsocial.com/@realDonaldTrump/posts/114523811882470999
jp,Jerome Powell,,,2,2,,
rates,Rates,,,,,,
p837,post837,17_05_25,may25,,,,https://truthsocial.com/@realDonaldTrump/posts/114526479593964662
p838,post838,18_05_25,may25,,,,https://truthsocial.com/@realDonaldTrump/posts/114530973523345791
jill,Jill Biden,,,2,2,,
p839,post839,19_05_25,may25,,,,https://truthsocial.com/@realDonaldTrump/posts/114532867603994760
beyonce,Beyoncé,,,1,3,,
oprah,Oprah,,,1,3,,
bono,Bono,,,2,3,,
p840,post840,19_05_25,may25,,,,https://truthsocial.com/@realDonaldTrump/posts/114534665591178846
p841,post841,19_05_25,may25,,,,https://truthsocial.com/@realDonaldTrump/posts/114535693441367601
uvl,Ursula von der Leyen,,,1,3,,
merz,Friedrich Merz,,,2,3,,
fi,Finland,,,,,20,
vatican,Vatican,,,,,20,
p842,post842,19_05_25,may25,,,,https://truthsocial.com/@realDonaldTrump/posts/114536543500030486
s2ai,AI Image Generation,,,,,,
tid,Take It Down Act,,,,,,
wmn,Women,,,,,,
p843,post843,20_05_25,may25,,,,https://truthsocial.com/@realDonaldTrump/posts/114540150008777841
mabar,Maria Bartiromo,,,1,3,,
p844,post844,20_05_25,may25,,,,https://truthsocial.com/@realDonaldTrump/posts/114541915757167539
p845,post845,20_05_25,may25,,,,https://truthsocial.com/@realDonaldTrump/posts/114541917095503331
spectrum,Spectrum,,,,,,
wifi,WiFi,,,,,,
g5,5G,,,,,,
g6,6G,,,,,,
p846,post846,20_05_25,may25,,,,https://truthsocial.com/@realDonaldTrump/posts/114542709133462503
s2dn,Darryl Nirenberg,,,1,1,,
rom,Romania,,,,,20,
seci,Security Interests,,,,,,
p847,post847,21_05_25,may25,,,,https://truthsocial.com/@realDonaldTrump/posts/114548257487682819
s2wp,William Pulte,,,2,2,,
cash,Cash,,,,,3,
p848,post848,21_05_25,may25,,,,https://truthsocial.com/@realDonaldTrump/posts/114549529250052858
dckill,D.C. Killings,,,,,,
jews,Jews,,,,,16,
families,Families of victims,,,,,,
p849,post849,22_05_25,may25,,,,https://truthsocial.com/@realDonaldTrump/posts/114551462787614405
bp,Border Patrol,,,,,,
gd,Golden Dome,,,,,,
tsa,Trump Savings Accounts,,,,,3,
p850,post850,22_05_25,may25,,,,https://truthsocial.com/@realDonaldTrump/posts/114552682280589564
fedjudg,Federal Judge (Boston),,,,,,
soutsud,South Sudan,,,,,20,
djibouti,Djibouti,,,,,,
supcou,Supreme Court of the United States,,,,,4,
iceoff,ICE Officers,,,,,,
p851,post851,22_05_25,may25,,,,https://truthsocial.com/@realDonaldTrump/posts/114552899639158114
p852,post852,22_05_25,may25,,,,https://truthsocial.com/@realDonaldTrump/posts/114553573338999017
loudocou,Loudoun County,,,,,21,
crypto,Cryptocurrency,,,,,3,
p853,post853,22_05_25,may25,,,,https://truthsocial.com/@realDonaldTrump/posts/114553874373379109
berna,Bernie Navarro,,,2,2,,
peru,Republic of Peru,,,,,20,
miadadcol,Miami Dade College,,,,,5,
unimia,University of Miami,,,,,5,
harva,Harvard University,,,,,5,
p854,post854,23_05_25,may25,,,,https://truthsocial.com/@realDonaldTrump/posts/114556494480941887
prisoswap,Prisoner Swap,,,,,,
p855,post855,23_05_25,may25,,,,https://truthsocial.com/@realDonaldTrump/posts/114556558074574515
windmills,Windmills,,,,,15,
norsea,North Sea,,,,,,
aberdeen,Aberdeen,,,,,,
oildril,Oil Drilling,,,,,,
p856,post856,23_05_25,may25,,,,https://truthsocial.com/@realDonaldTrump/posts/114556874484491575
apple,Apple Inc.,,,,,,
iphone,iPhone,,,,,,
p857,post857,23_05_25,may25,,,,https://truthsocial.com/@realDonaldTrump/posts/114556968834547173
amercomp,American Companies,,,,,10,
p858,post858,23_05_25,may25,,,,https://truthsocial.com/@realDonaldTrump/posts/114558783827880495
nipste,Nippon Steel,,,,,,
p859,post859,23_05_25,may25,,,,https://truthsocial.com/@realDonaldTrump/posts/114558786117625961
parade,Parade,,,,,,
p862,post862,25_05_25,may25,,,,https://truthsocial.com/@realDonaldTrump/posts/114570775887793036
p863,post863,25_05_25,may26,,,,https://truthsocial.com/@realDonaldTrump/posts/114570966776768541
p864,post864,25_05_25,may26,,,,https://truthsocial.com/@realDonaldTrump/posts/114570967137329867
miusa,Made in the U.S.A.,,,,,,
p865,post865,25_05_25,may26,,,,https://truthsocial.com/@realDonaldTrump/posts/114570968024837869
tdown,Troy Downing,,,,,,
edomi,energy dominance,,,,,,
p866,post866,25_05_25,may26,,,,https://truthsocial.com/@realDonaldTrump/posts/114570969019320314
p867,post867,25_05_25,may26,,,,https://truthsocial.com/@realDonaldTrump/posts/114571147521146559
cltra,Clay Travis,,,2,2,,
p868,post868,25_05_25,may26,,,,https://truthsocial.com/@realDonaldTrump/posts/114571149026549724
p869,post869,25_05_25,may25,,,,https://truthsocial.com/@realDonaldTrump/posts/114571369956761390
drones,Missiles/Drones,,,,,,
p870,post870,26_05_25,may25,,,,https://truthsocial.com/@realDonaldTrump/posts/114573871728757682
rapists,Rapists,,,,,8,
prisrel,Released Prisoners,,,,,,
p871,post871,26_05_25,may25,,,,https://truthsocial.com/@realDonaldTrump/posts/114573960971600808
countries,Countries from all over the World,,,,,20,
p872,post872,26_05_25,may25,,,,https://truthsocial.com/@realDonaldTrump/posts/114574087342675789
s2pf,Plants & Factories,,,,,,
p873,post873,26_05_25,may25,,,,https://truthsocial.com/@realDonaldTrump/posts/114574126417705588
trascho,Trade Schools,,,,,,
p874,post874,26_05_25,may25,,,,https://truthsocial.com/@realDonaldTrump/posts/114574185207174304
p875,post875,26_05_25,may25,,,,https://truthsocial.com/@realDonaldTrump/posts/114574280556211991
anc,Arlington National Cemetery,,,,,,
p876,post876,26_05_25,may25,,,,https://truthsocial.com/@realDonaldTrump/posts/114575749717831050
sj,Scott Jenkins,,,2,2,,
pj,Patricia Jenkins,,,1,3,,
robbal,Robert Ballou,,,1,3,,
courts,Federal/City/State Courts,,,,,4,
p877,post877,27_05_25,may25,,,,https://truthsocial.com/@realDonaldTrump/posts/114579949187402607
s2fa,Federal Authorities,,,,,4,
s2la,Local Authorities,,,,,4,
ath,Transitioned Male Athlete,,may25,,,,
sports,Sports,,,,,,
p878,post878,27_05_25,may25,,,,https://truthsocial.com/@realDonaldTrump/posts/114580018376822663
p879,post879,27_05_25,may25,,,,https://truthsocial.com/@realDonaldTrump/posts/114580564427808609
p880,post880,27_05_25,may25,,,,https://truthsocial.com/@realDonaldTrump/posts/114581050750543458
p881,post881,27_05_25,may25,,,,https://truthsocial.com/@realDonaldTrump/posts/114581970051938528
p882,post882,27_05_25,may25,,,,https://truthsocial.com/@realDonaldTrump/posts/114582050209637823
fish,Fishing Industry,,,,,,
s2env,Environmentalists,,,,,15,
lumber,Lumberjacks / voters,,,,,,
p883,post883,27_05_25,may25,,,,https://truthsocial.com/@realDonaldTrump/posts/114582051233743955
alaska,Alaska,,,,,21,
pollead,Political Leaders,,,,,,
p884,post884,27_05_25,may25,,,,https://truthsocial.com/@realDonaldTrump/posts/114582052493616430
p885,post885,27_05_25,may25,,,,https://truthsocial.com/@realDonaldTrump/posts/114582141732207441
usgov,U.S. Government,,,,,22,
p886,post886,28_05_25,may25,,,,https://truthsocial.com/@realDonaldTrump/posts/114586960080176462
barrack,Tom Barrack,,,2,2,,
tur,Turkey,,,,,20,
radicalism,Radicalism,,,,,8,
p887,post887,28_05_25,may25,,,,https://truthsocial.com/@realDonaldTrump/posts/114587010981213926
bove,Emil Bove,,,2,3,,
georgetown,Georgetown Law,,,,4,4,
sdny,Southern District of NY,,,,,21,
tinu,Terrorism & Intl Narcotics Unit,,,,,,
p888,post888,28_05_25,may25,,,,https://truthsocial.com/@realDonaldTrump/posts/114587447106051612
kd,Kyle Dudek,,,2,2,,
p889,post889,28_05_25,may25,,,,https://truthsocial.com/@realDonaldTrump/posts/114587447392412802
moe,Anne-Leigh Gaylord Moe,,,1,3,,
fl2court,FL 2nd District Court of Appeals,,,,4,,
fl13court,FL 13th Judicial Circuit Court,,,,4,,
p890,post890,28_05_25,may25,,,,https://truthsocial.com/@realDonaldTrump/posts/114587448932259485
guard,John Guard,,,2,1,,
fsu,Florida State University,,,,,5,
tulane,Tulane University School of Law,,,,,5,
cdag,State Chief Deputy Attorney Gen,,,,,,
asstusa,Assistant US Attorney Middle FL,,,,,4,
p891,post891,28_05_25,may25,,,,https://truthsocial.com/@realDonaldTrump/posts/114587449190015002
pratt,Jordan E. Pratt,,,2,1,,
fl5court,FL 5th District Court of Appeal,,,,,4,
ussba,US Small Business Administration,,,,,,
olp,Office of Legal US DOJ Policy,,,,,22,
dsgfl,Deputy Solicitor General,,,,,7,
p892,post892,28_05_25,may25,,,,https://truthsocial.com/@realDonaldTrump/posts/114587450000198620
artau,Ed Artau,,,2,2,,
usdctsfl,US District Court Southern FL,,,,,4,
fl4court,FL 4th District Court of Appeal,,,,,4,
fl15court,FL 15th Judicial Circuit Court,28_05_25,,,,4,
sfwmd,South FL Water Management Dist,,,,,,
cmns,Common Sense,,,,,,
p893,post893,28_05_25,may25,,,,https://truthsocial.com/@realDonaldTrump/posts/114588267526398401
pulitzer,Pulitzer Prize Board,,,,,19,
washcomp,Washington Compost,,,,,,
flappcourt,Florida Appellate Court,,,,,4,
p894,post894,29_05_25,may25,,,4,https://truthsocial.com/@realDonaldTrump/posts/114593467159196179
osc,US Office of Special Counsel,,may25,,,22,
whlshs,White House Liaison Homeland,,,,,,
cornell,Cornell Law School,,,,,5,
fordham,Fordham University,,,,,5,
p895,post895,29_05_25,may25,,,,https://truthsocial.com/@realDonaldTrump/posts/114593880455063168
uscit,US Court of International Trade,,,,,22,
federalcircuit,US Court of Appeals Federal Circuit,,,,,22,
fedsoc,The Federalist Society,,,,,,
p896,post896,29_05_25,may25,,,,https://truthsocial.com/@realDonaldTrump/posts/114593895018014960
p897,post897,30_05_25,may25,,,,https://truthsocial.com/@realDonaldTrump/posts/114596705340367716
p898,post898,30_05_25,may25,,,,https://truthsocial.com/@realDonaldTrump/posts/114597726905289988
cbo,Congressional Budget Office,,,,,,
growth,growth,,,,,,
p899,post899,30_05_25,may25,,,,https://truthsocial.com/@realDonaldTrump/posts/114597966895334541
sajet,Kim Sajet,,,1,3,,
npg,National Portrait Gallery,,,,,,
dei,Diversity Equity & Inclusion,,,,,,
p900,post900,30_05_25,may25,,,,https://truthsocial.com/@realDonaldTrump/posts/114598269085729861
business,Business,,,,,,
p901,post901,30_05_25,may25,,,,https://truthsocial.com/@realDonaldTrump/posts/114598642369146101
zito,Salena Zito,,,1,3,,
p902,post902,30_05_25,may25,,,,https://truthsocial.com/@realDonaldTrump/posts/114599330494282325
steel,Steel Industry,,,,,,
alu,Aluminum Industry,,,,,,
p903,post903,30_05_25,may25,,,,https://truthsocial.com/@realDonaldTrump/posts/114599417835206103
txsen,Texas Senate,,,,,4,
txle,Texas Law Enforcement,,,,,4,
p904,post904,30_05_25,may25,,,,https://truthsocial.com/@realDonaldTrump/posts/114599557006933759
pitt,Pittsburgh,,,,,21,
shang,Shanghai,,,,,21,
p905,post905,31_05_25,may25,,,,https://truthsocial.com/@realDonaldTrump/posts/114602629020606637
workers,Workers / Labor,,,,,,
p906,post906,31_05_25,may25,,,,https://truthsocial.com/@realDonaldTrump/posts/114602636801002520
wclass,Working-class Americans,,,,,,
med,medication,,,,,2,
p907,post907,31_05_25,may25,,,,https://truthsocial.com/@realDonaldTrump/posts/114604190866906781
s2sp,S&P / Stock Market,,,,,,
s2rp,Senator Rand Paul,,,2,2,,
s2usd,U.S. Debt,,,,,,
p908,post908,31_05_25,may25,,,,https://truthsocial.com/@realDonaldTrump/posts/114605138646113482
p909,post909,31_05_25,may25,,,,https://truthsocial.com/@realDonaldTrump/posts/114605559474286180
ji,Jared Isaacman,,,2,3,,
p910,post910,01_06_25,jun25,,,,https://truthsocial.com/@realDonaldTrump/posts/114606254307800195
s2dm,David Mamet,,,2,1,,
the,The Disenlightenment Politics Horror,,,,,,
p911,post911,01_06_25,jun25,,,,
butler,BUTLER: The Untold Story of the Near Assassination of Donald Trump,,,,,,
p912,post912,01_06_25,jun25,,,,https://truthsocial.com/@realDonaldTrump/posts/114608902357322907
be,Bill Essayli,,,2,2,,
usaatt,United States Attorney,,,,,4,
ctf,Criminal Task Force,,,,,4,
s2hf,Homelessness Funds,,,,,,
fraud,Fraud and Corruption,,,,,1,
p913,post913,01_06_25,jun25,,,,https://truthsocial.com/@realDonaldTrump/posts/114609088288599288
stepa,Pennsylvania Steel,,,,,,
metal,Metal Industry,,,,,,
p914,post914,01_06_25,jun25,,,,https://truthsocial.com/@realDonaldTrump/posts/114609401400916551
s2oc,Other Countries,,,,,,
p915,post915,02_06_25,jun25,,,,https://truthsocial.com/@realDonaldTrump/posts/114614695646992423
boulder,Boulder,,,,,,
rad,Anti-American Radical,,,,,,
borsaf,border safety,,,,,,
p916,post916,02_06_25,jun25,,,,https://truthsocial.com/@realDonaldTrump/posts/114616038217949758
uen,Uranium enrichment,,,,,,
s2aut,AUTOPEN,,,,,,
agr,Potential Agreement,,,,,,
p917,post917,02_06_25,jun25,,,,https://truthsocial.com/@realDonaldTrump/posts/114616063852488330
millea,Military Leaders,,,,,,
umf,US Military Forces,,,,,7,
wep,Weapons,,,,,,
p918,post918,02_06_25,jun25,,,,https://truthsocial.com/@realDonaldTrump/posts/114616192602509494
spr,Strategic Petroleum Reserve,,,,,,
p919,post919,02_06_25,jun25,,,,https://truthsocial.com/@realDonaldTrump/posts/114616207227510153
wfa,Waste Fraud Abuse,,,,,,
p920,post920,02_06_25,jun25,,,,https://truthsocial.com/@realDonaldTrump/posts/114616348045430286
wharton,Wharton School of Finance,,,,,5,
upa,University of Pennsylvania,,,,,5,
p921,post921,02_06_25,jun25,,,,https://truthsocial.com/@realDonaldTrump/posts/114616351910119498
p922,post922,04_06_25,jun25,,,,https://truthsocial.com/@realDonaldTrump/posts/114627858736860268
p923,post923,05_06_25,jun25,,,,https://truthsocial.com/@realDonaldTrump/posts/114631295762726849
p924,post924,05_06_25,jun25,,,,https://truthsocial.com/@realDonaldTrump/posts/114631479329996984
p925,post925,05_06_25,jun25,,,,https://truthsocial.com/@realDonaldTrump/posts/114632205177163456
p926,post926,05_06_25,jun25,,,,https://truthsocial.com/@realDonaldTrump/posts/114632555927229642
p927,post927,06_06_25,jun25,,,,https://truthsocial.com/@realDonaldTrump/posts/114636148473122568
wcp,Washington ComPost,,,,,,
p928,post928,06_06_25,jun25,,,,https://truthsocial.com/@realDonaldTrump/posts/114636249329541108
compa,companies,,,,,,
p929,post929,06_06_25,jun25,,,,https://truthsocial.com/@realDonaldTrump/posts/114636734825372318
rate,Rate,,,,,,
inf,Inflation,,,,,3,
debt,Debt,,,,,,
short,Short-term borrowing,,,,,,
long,Long-term borrowing,,,,,,
p930,Post 930,06_06_25,jun25,,,,https://truthsocial.com/@realDonaldTrump/posts/114637373477221541
s2rw,Roger Wicker,,,2,2,,
to,Tom Cotton,,,2,2,,
p931,post931,07_06_25,jun25,,,,https://truthsocial.com/@realDonaldTrump/posts/114643566832017351
endor,endorsement,,,,,1,
p932,post932,07_06_25,jun25,,,,https://truthsocial.com/@realDonaldTrump/posts/114644899133296098
p933,post933,08_06_25,jun25,,,,https://truthsocial.com/@realDonaldTrump/posts/114646378582957392
p934,post934,08_06_25,jun25,,,,https://truthsocial.com/@realDonaldTrump/posts/114649780431129598
s2db,Deportation,,,,,,
dod,Department of Defense,,,,,22,
attorney,Attorney General,,,,,7,
p935,post935,09_06_25,jun25,,,,https://truthsocial.com/@realDonaldTrump/posts/114651462358753429
jmd,Jim McDonnell,,,2,1,,
lapd,LAPD,,,,,4,
p936,post936,09_06_25,jun25,,,,https://truthsocial.com/@realDonaldTrump/posts/114654277401980803
p937,post937,10_06_25,jun25,,,,
federal,Federal Permitting,,,,,,
p938,post938,10_06_25,jun25,,,,https://truthsocial.com/@realDonaldTrump/posts/114660202617448574
childa,Child Trump Accounts,,,,,,
p939,post939,10_06_25,jun25,,,,https://truthsocial.com/@realDonaldTrump/posts/114661266771433205
bral,Brad Little,,,,,,
p940,post940,10_06_25,jun25,,,,https://truthsocial.com/@realDonaldTrump/posts/114661594047511147
army,U.S. Army,,,,,7,
blackh,Blackhawks,,,,,7,
artillery,Artillery Units,,,,,7,
infantry,Infantry Brigade,,,,,7,
p941,post941,10_06_25,jun25,,,,https://truthsocial.com/@realDonaldTrump/posts/114661611675544476
flag,American Flag,,,,,,
p942,post942,10_06_25,jun25,,,,https://truthsocial.com/@realDonaldTrump/posts/114661616289278861
p943,post943,10_06_25,jun25,,,,https://truthsocial.com/@realDonaldTrump/posts/114661875773869479
p944,post944,11_06_25,jun25,,,,https://truthsocial.com/@realDonaldTrump/posts/114664317659540633
prot,protectionism,,,,,,
fac,federal appeals court,,,,,4,
p945,post945,11_06_25,jun25,,,,https://truthsocial.com/@realDonaldTrump/posts/114664350602686558
govca,Governor of California,,,,,,
agitators,Agitators,,,,,,
p946,post946,12_06_25,jun25,,,,https://truthsocial.com/@realDonaldTrump/posts/114670085083632579
lapol,L.A. Police,,,,,,
p947,post947,12_06_25,jun25,,,,https://truthsocial.com/@realDonaldTrump/posts/114670309710000195
americans,Americans,,,,,,
p948,post948,12_06_25,jun25,,,,https://truthsocial.com/@realDonaldTrump/posts/114670486632619754
p949,post949,12_06_25,jun25,,,,https://truthsocial.com/@realDonaldTrump/posts/114670526015735789
p950,post950,12_06_25,jun25,,,,https://truthsocial.com/@realDonaldTrump/posts/114670684664650262
hlb,Hotel and Leisure Business,,,,,,
p951,post951,12_06_25,jun25,,,,https://truthsocial.com/@realDonaldTrump/posts/114671658277148795
trumpcar,Trump Card,,,,,,
budget,Federal Budget,,,,,3,
p952,post952,12_06_25,jun25,,,,https://truthsocial.com/@realDonaldTrump/posts/114671706526373660
cbp,US Customs and Border Protection (CBP),,,,,,
spohi,Springfield Ohio,,,,,21,
parks,Community Parks,,,,,,
resources,Community Resources,,,,,,
jobs,Jobs,,,,,,
welfare,Welfare Funds,,,,,,
p953,post953,12_06_25,jun25,,,,https://truthsocial.com/@realDonaldTrump/posts/114671982391481893
aid,Foreign Aid,,,,,,
bill,Rescissions Bill,,,,,,
p954,post954,12_06_25,jun25,,,,https://truthsocial.com/@realDonaldTrump/posts/114672438335170335
nuke,Nuclear Issue,,,,,,
dipl,Diplomatic Negotiations,,,,,11,
p955,post955,12_06_25,jun25,,,,https://truthsocial.com/@realDonaldTrump/posts/114672816056718064
communities,Communities,,,,,,
p956,post956,13_06_25,jun25,,,,https://truthsocial.com/@realDonaldTrump/posts/114675456780398208
p957,post957,13_06_25,jun25,,,,https://truthsocial.com/@realDonaldTrump/posts/114675518227311570
p958,post958,13_06_25,jun25,,,,https://truthsocial.com/@realDonaldTrump/posts/114675841423085927
ult,60‑Day Ultimatum,,,,,,
deal,Nuclear Deal,,,,,,
secocha,Second Chance,,,,,,
p959,post959,14_06_25,jun25,,,,https://truthsocial.com/@realDonaldTrump/posts/114682713948931541
mnlaw1,Melissa Hortman,,,1,1,,
mnlaw2,John Hoffman,,,2,1,,
violence,Targeted Shooting / Political Violence,,,,,,
p960,post960,14_06_25,jun25,,,,https://truthsocial.com/@realDonaldTrump/posts/114683261634430212
prisoners,Prisoner Exchange,,,,,,
p961,post 930,15_06_25,jun25,,,,https://truthsocial.com/@realDonaldTrump/posts/114685507052179501
irnsdeal,Iran‑Israel Deal,,,,,11,
p962,post962,15_06_25,jun25,,,,https://truthsocial.com/@realDonaldTrump/posts/114687664442020232
serbia,Serbia,,,,,20,
kosovo,Kosovo,,,,,20,
ethiopia,Ethiopia,,,,,20,
nildam,Nile Dam Dispute,,,,,,
traus,Trade with U.S.,,,,,,
p963,post963,15_06_25,jun25,,,,https://truthsocial.com/@realDonaldTrump/posts/114690267066155731
s2dea,Drug Inforcement Administration (DEA),,,,,,
atf,"Bureau of Alcohol, Tabacco, Firearms and Explosives (ATF)",,,,,22,
statdep,U.S. State Department,,,,,,
chi,Chicago,,,,,21,
sanctuary,Sanctuary Cities,,,,,,
p964,post964,16_06_25,jun25,,,,https://truthsocial.com/@realDonaldTrump/posts/114691752952220639
hamadeh,Abe Hamadeh,,jun25,2,2,,
az8,Arizona 8th Congressional District,,,,,21,
taxcuts,Tax Cuts,,,,,,
p965,post965,16_06_25,jun25,,,,https://truthsocial.com/@realDonaldTrump/posts/114695407357588413
nuw,Nuclear Weapon,,jun25,,,,
evac,Evacuation of Tehran,,jun25,,,,
p966,post966,16_06_25,jun25,,,,https://truthsocial.com/@realDonaldTrump/posts/114695595047194931
p967,post967,16_06_25,jun25,,,,https://truthsocial.com/@realDonaldTrump/posts/114695621681197460
p968,post968,16_06_25,jun25,,,,https://truthsocial.com/@realDonaldTrump/posts/114696663907260212
natguard,National Guard,,,,,,
g7summit,G7 Summit (Canada),,,,,11,
p969,post969,17_06_25,jun25,,,,https://truthsocial.com/@realDonaldTrump/posts/114697964891587065
peatal,Peace Talks with Iran,,,,,11,
p970,post970,17_06_25,jun25,,,,https://truthsocial.com/@realDonaldTrump/posts/114699514822488706
airspace,Control of Iranian Skies,,,,,7,
p971,post971,17_06_25,jun25,,,,https://truthsocial.com/@realDonaldTrump/posts/114699610769479275
supreme,Supreme Leader of Iran,,,,,,
civ,Civilians,,,,,,
missiles,Missile Attacks,,,,,8,
p972,post972,17_06_25,jun25,,,,https://truthsocial.com/@realDonaldTrump/posts/114701503810958743
flags,Flags / Flag Poles,,,,,,
p973,post973,18_06_25,jun25,,,,https://truthsocial.com/@realDonaldTrump/posts/114707090627277644
da,Digital Assets,,,,,,
ga,GENIUS Act,,,,,,
p974,post974,18_06_25,jun25,,,,https://truthsocial.com/@realDonaldTrump/posts/114707471801579663
p975,post975,18_06_25,jun25,,,,https://truthsocial.com/@realDonaldTrump/posts/114708015987777473
p976,post976,19_06_25,jun25,,,,https://truthsocial.com/@realDonaldTrump/posts/114710162640808420
p977,post977,19_06_25,jun25,,,,https://truthsocial.com/@realDonaldTrump/posts/114710405985383754
p978,post978,19_06_25,jun25,,,,https://truthsocial.com/@realDonaldTrump/posts/114710716146853661
p979,post979,19_06_25,jun25,,,,https://truthsocial.com/@realDonaldTrump/posts/114712424314242751
alabama,Alabama,,,,,,
p980,post980,19_06_25,jun25,,,,https://truthsocial.com/@realDonaldTrump/posts/114712523496772999
nwh,Non-Working Holidays,,,,,,
p981,post981,19_06_25,jun25,,,,https://truthsocial.com/@realDonaldTrump/posts/114713649415085279
njc,Ninth Circuit Court of Appeals,,,,,,
p982,post982,20_06_25,jun25,,,,https://truthsocial.com/@realDonaldTrump/posts/114715950565535905
p983,post983,20_06_25,jun25,,,,https://truthsocial.com/@realDonaldTrump/posts/114717387393069944
p984,post984,20_06_25,jun25,,,,https://truthsocial.com/@realDonaldTrump/posts/114717929371967424
p985,post985,20_06_25,jun25,,,,https://truthsocial.com/@realDonaldTrump/posts/114717932061341718
drc,Democratic Republic of the Congo,,,,,20,
rwa,Republic of Rwanda,,,,,20,
p986,post986,20_06_25,jun25,,,,https://truthsocial.com/@realDonaldTrump/posts/114718072561660622
jt,Jessica Tarlov,,,1,1,,
rasmussen,Rasmussen Poll,,,,,,
insider,Insider Advantage,,,,,,
jesse,Jesse,,,2,3,,
p987,post987,21_06_25,jun25,,,,https://truthsocial.com/@realDonaldTrump/posts/114724035571020048
fdw,Fordow Nuclear Site,,,,,,
ntz,Natanz Nuclear Site,,,,,,
esf,Esfahan Nuclear Site,,,,,,
amerwar,American Warriors,,,,,,
p988,post988,21_06_25,jun25,,,,https://truthsocial.com/@realDonaldTrump/posts/114724124909451419
p989,post989,22_06_25,jun25,,,,https://truthsocial.com/@realDonaldTrump/posts/114727722676535055
p990,post990,22_06_25,jun25,,,,https://truthsocial.com/@realDonaldTrump/posts/114728311939211877
p991,post991,22_06_25,jun25,,,,https://truthsocial.com/@realDonaldTrump/posts/114728970221252806
p992,post992,22_06_25,jun25,,,,https://truthsocial.com/@realDonaldTrump/posts/114729009239087163
irreg,Current Iranian Regime,,,,,,
p993,post993,22_06_25,jun25,,,,https://truthsocial.com/@realDonaldTrump/posts/114730186433008075
p994,post994,23_06_25,jun25,,,,https://truthsocial.com/@realDonaldTrump/posts/114733380709403439
ns,Nuclear Submarines,,,,,7,
fpilots,Fighter Pilots,,,,,7,
p995,post995,23_06_25,jun25,,,,https://truthsocial.com/@realDonaldTrump/posts/114734021412822365
ac,Allison Cooper,,,1,2,,
blr,Brian L. Roberts,,,2,2,,
karl,Jonny Karl,,,2,2,,
concast,Concast,,,,,,
p996,post996,23_06_25,jun25,,,,https://truthsocial.com/@realDonaldTrump/posts/114734424268466099
p997,post997,23_06_25,jun25,,,,https://truthsocial.com/@realDonaldTrump/posts/114734934153569653
p998,post998,23_06_25,jun25,,,,https://truthsocial.com/@realDonaldTrump/posts/114735940283355339
p999,post999,24_06_25,jun25,,,,https://truthsocial.com/@realDonaldTrump/posts/114736702510423652
p1000,post1000,24_06_25,jun25,,,,https://truthsocial.com/@realDonaldTrump/posts/114738104789842114
eur,European Allies,,,,,11,
p1001,post1001,24_06_25,jun25,,,,https://truthsocial.com/@realDonaldTrump/posts/114738521695017472
p1002,post1002,24_06_25,jun25,,,,https://truthsocial.com/@realDonaldTrump/posts/114738530800440064
p1003,post1003,24_06_25,jun25,,,,https://truthsocial.com/@realDonaldTrump/posts/114738685142153877
aoc,Alexandria Ocasio-Cortez,,,1,1,,
p1004,post1004,24_06_25,jun25,,,,https://truthsocial.com/@realDonaldTrump/posts/114738729363742349
p1005,post1005,24_06_25,jun25,,,,https://truthsocial.com/@realDonaldTrump/posts/114741478150368433
p1006,post1006,25_06_25,jun25,,,,https://truthsocial.com/@realDonaldTrump/posts/114742858969719244
king,King of Netherlands,,,,,,
queen,Queen of Netherlands,,,,,,
p1007,post1007,25_06_25,jun25,,,,https://truthsocial.com/@realDonaldTrump/posts/114744772916804667
p1008,post1008,25_06_25,jun25,,,,https://truthsocial.com/@realDonaldTrump/posts/114744949125614209
b2,B-2 Pilots,,,,,7,
p1009,post1009,25_06_25,jun25,,,,https://truthsocial.com/@realDonaldTrump/posts/114745403809459125
nber,Natasha Bertrand,,,1,3,,
p1010,post1010,25_06_25,jun25,,,,https://truthsocial.com/@realDonaldTrump/posts/114746355912265245
court,Israeli Court,,,,,,
ins,Iran Nuclear Sites,,,,,,
p1011,post1011,25_06_25,jun25,,,,https://truthsocial.com/@realDonaldTrump/posts/114747234182168375
anchors,Anchors of CNN,,,,,10,
p1012,post1012,26_06_25,jun25,,,,https://truthsocial.com/@realDonaldTrump/posts/114749580476669594
reporters,CNN/NYT Reporters,,,,,10,
p1013,post1013,26_06_25,jun25,,,,https://truthsocial.com/@realDonaldTrump/posts/114749815668266552
pressconf,Press Conference,,,,,10,
witch,Witch Hunt,,,,,,
p1014,post1014,26_06_25,jun25,,,,https://truthsocial.com/@realDonaldTrump/posts/114749839848044904
rumor,rumor,,,,,,
p1015,post1015,26_06_25,jun25,,,,https://truthsocial.com/@realDonaldTrump/posts/114749872416313793
summit,NATO Summit,,,,,11,
leaders,NATO Leaders,,,,,11,
p1016,post1016,26_06_25,jun25,,,,https://truthsocial.com/@realDonaldTrump/posts/114750055630968441
p1017,post1017,27_06_25,jun25,,,,https://truthsocial.com/@realDonaldTrump/posts/114755893176827573
brc,Birthright Citizenship,,,,,,
sauer,John Sauer,,,2,1,,
imm,U.S. Immigration System,,,,,11,
p1018,post1018,27_06_25,jun25,,,,https://truthsocial.com/@realDonaldTrump/posts/114756430889057942
kham,Ayatollah Ali Khamenei,,,2,3,,
usarmedforces,U.S. Armed Forces,,,,,7,
sanc,Sanctions on Iran,,,,,11,
p1019,post1019,27_06_25,jun25,,,,https://truthsocial.com/@realDonaldTrump/posts/114756567645919781
atc,American Technology Companies,,,,,,
p1020,post1020,27_06_25,jun25,,,,https://truthsocial.com/@realDonaldTrump/posts/114756635237936002
s2uss,U.S. Senate,,,,,,
heca,healthcare,,,,,2,
p1021,post1021,27_06_25,jun25,,,,https://truthsocial.com/@realDonaldTrump/posts/114758739525947038
aph,Abby Phillip,,,1,3,,
p1022,post1022,28_06_25,jun25,,,,https://truthsocial.com/@realDonaldTrump/posts/114760648289760105
gc,Gianni Caldwell,,,2,1,,
p1023,post1023,28_06_25,jun25,,,,https://truthsocial.com/@realDonaldTrump/posts/114760752117553870
ffw,Fox & Friends Weekend,,,,,,
p1024,post1024,28_06_25,jun25,,,,https://truthsocial.com/@realDonaldTrump/posts/114760849989232091
s2kk,Kevin Kiley,,,2,3,,
radg,Radicalized Groups,,,,,,
adm,Administration,,,,,,
p1025,post1025,28_06_25,jun25,,,,https://truthsocial.com/@realDonaldTrump/posts/114761132349818150
p1026,post1026,28_06_25,jun25,,,,https://truthsocial.com/@realDonaldTrump/posts/114761144946167016
wl,World Leaders,,,,,,
p1027,post1027,28_06_25,jun25,,,,https://truthsocial.com/@realDonaldTrump/posts/114763460580044614
bn,Bibi Netanyahu,,,2,3,,
proc,Prosecutors,,,,,,
p1028,post1028,28_06_25,jun25,,,,https://truthsocial.com/@realDonaldTrump/posts/114763460580044614
s2tt,Senator Thom Tillis,,,2,1,,
tob,Tobacco Industry,,,,,,
gpnc,Great People of North Carolina,,,,,,
s2wf,Wildfires / Floods,,,,,,
p1029,post1029,28_06_25,jun25,,,,https://truthsocial.com/@realDonaldTrump/posts/114764221948518343
hsr,House and Senate Rules / Congressional Leaders,,,,,,
debtextension,Debt Extension,,,,,,
p1030,post1030,29_06_25,jun25,,,,https://truthsocial.com/@realDonaldTrump/posts/114764751535867998
ricsc,Rick Scott,,,2,1,,
rj,Senator Ron Johnson,,,2,1,,
s2cl,Senator Cynthia Lummis,,,2,1,,
p1031,post1031,30_06_25,jun25,,,,https://truthsocial.com/@realDonaldTrump/posts/114767780661985069
p1032,post1032,30_06_25,jun25,,,,https://truthsocial.com/@realDonaldTrump/posts/114767834317484874
p1033,post1033,30_06_25,jun25,,,,https://truthsocial.com/@realDonaldTrump/posts/114768769011733248
p1034,post1034,30_06_25,jun25,,,,https://truthsocial.com/@realDonaldTrump/posts/114770861740243689
p1035,post1035,30_06_25,jun25,,,,https://truthsocial.com/@realDonaldTrump/posts/114770877118105998
consumers,American Consumer,,,,,,
p1036,post1036,30_06_25,jun25,,,,https://truthsocial.com/@realDonaldTrump/posts/114773418889111055
frb,Federal Reserve Board,,,,,,
p1037,post1037,30_06_25,jun25,,,,https://truthsocial.com/@realDonaldTrump/posts/114773601644828833
p1038,post1038,30_06_25,jun25,,,,https://truthsocial.com/@realDonaldTrump/posts/114773696636727417
att,AT&T,,,,,,
s2fl,Faith Leaders / Conference Participants,,,,,,
p1039,post1039,01_07_25,jul25,,,,https://truthsocial.com/@realDonaldTrump/posts/114775981239886599
p1040,post1040,01_07_25,jul25,,,,https://truthsocial.com/@realDonaldTrump/posts/114776149269773065
p1041,post1041,01_07_25,jul25,,,,https://truthsocial.com/@realDonaldTrump/posts/114779394158777330
hgop,House GOP,,,,,,
p1042,post1042,01_07_25,jul25,,,,https://truthsocial.com/@realDonaldTrump/posts/114779396905472324
small,Small Businesses,,,,,,
hero,American Heroes,,,,,,
p1043,post1043,01_07_25,jul25,,,,https://truthsocial.com/@realDonaldTrump/posts/114779398795489578
pdf,Prison Development Firms,,,,,,
p1044,post1044,01_07_25,jul25,,,,https://truthsocial.com/@realDonaldTrump/posts/114780321031653396
usr,U.S. Representatives,,,,,,
p1045,post1045,02_07_25,jul25,,,,https://truthsocial.com/@realDonaldTrump/posts/114783440783668830
ust,U.S. Treasury,,,,,,
p1046,post1046,02_07_25,jul25,,,,https://truthsocial.com/@realDonaldTrump/posts/114783678604446726
p1047,post1047,02_07_25,jul25,,,,https://truthsocial.com/@realDonaldTrump/posts/114784098546698642
p1048,post1048,02_07_25,jul25,,,,https://truthsocial.com/@realDonaldTrump/posts/114784170652465525
suv,SUV / Large Engine Vehicle,,,,,,
p1049,post1049,02_07_25,jul25,,,,https://truthsocial.com/@realDonaldTrump/posts/114784201810637218
p1050,post1050,02_07_25,jul25,,,,https://truthsocial.com/@realDonaldTrump/posts/114785848171178962
jdunlap,Joshua D. Dunlap,,,2,3,,
pierce,Pierce Atwood LLP,,,,,,
nd,Notre Dame,,,,,,
p1051,post1051,02_07_25,jul25,,,,https://truthsocial.com/@realDonaldTrump/posts/114785849333345518
et,Eric Tung,,,2,3,,
or,Oregon,,,,,,
cdca,Central District of California,,,,,,
asusa,Assistant U.S. Attorney,,,,,,
antonin,Antonin Scalia,,,2,3,,
p1052,post1052,02_07_25,jul25,,,,https://truthsocial.com/@realDonaldTrump/posts/114786058561428668
cusbor,Customs and Border Protection,,,,,,
p1053,post1053,02_07_25,jul25,,,,https://truthsocial.com/@realDonaldTrump/posts/114786643420185373
repubs,Republican House Majority,,,,,,
p1054,post1054,02_07_25,jul25,,,,https://truthsocial.com/@realDonaldTrump/posts/114786727426991370
p1055,post1055,03_07_25,jul25,,,,https://truthsocial.com/@realDonaldTrump/posts/114787348610777027
p1056,post1056,03_07_25,jul25,,,,https://truthsocial.com/@realDonaldTrump/posts/114789577865630441
p1057,post1057,03_07_25,jul25,,,,https://truthsocial.com/@realDonaldTrump/posts/114789587389423371
p1058,post1058,03_07_25,jul25,,,,https://truthsocial.com/@realDonaldTrump/posts/114791607974974301
senate,us Senate,,,,,,
p1059,post1059,03_07_25,jul25,,,,https://truthsocial.com/@realDonaldTrump/posts/114791663683765056
jackie,Jacqueline Emmer,,,1,3,,
p1060,post1060,03_07_25,jul25,,,,https://truthsocial.com/@realDonaldTrump/posts/114791750195814667
jenn,Jennifer Scalise,,,1,3,,
p1061,post1061,03_07_25,jul25,,,,https://truthsocial.com/@realDonaldTrump/posts/114791836935107927
p1062,post1062,03_07_25,jul25,,,,https://truthsocial.com/@realDonaldTrump/posts/114791858483483184
p1063,post1063,03_07_25,jul25,,,,https://truthsocial.com/@realDonaldTrump/posts/114791916303307611
p1064,post1064,04_07_25,jul25,,,,https://truthsocial.com/@realDonaldTrump/posts/114795415752881784
p1065,post1065,04_07_25,jul25,,,,https://truthsocial.com/@realDonaldTrump/posts/114795512010210371
p1066,post1066,05_07_25,jul25,,,,https://truthsocial.com/@realDonaldTrump/posts/114801653749329102
remig,remigration,,,,,,
p1067,post1067,05_07_25,jul25,,,,https://truthsocial.com/@realDonaldTrump/posts/114802591195240494
p1068,post1068,06_07_25,jul25,,,,https://truthsocial.com/@realDonaldTrump/posts/114806881411557795
s2emerg,Emergency management,,,,,,
uscoagu,U.S. Coast Guard,,,,,,
p1069,post1069,06_07_25,jul25,,,,https://truthsocial.com/@realDonaldTrump/posts/114808616176041421
thirpa,Third Parties,,,,,,
ev,Electric Vehicle Mandate,,,,,,
friend,Close Friend of Elon Musk,,,,,,
p1070,post1070,06_07_25,jul25,,,,https://truthsocial.com/@realDonaldTrump/posts/114809528606729733
varcoun,Various Countries,,,,,,
p1071,post1071,06_07_25,jul25,,,,https://truthsocial.com/@realDonaldTrump/posts/114809574296066307
p1072,post1072,07_07_25,jul25,,,,https://truthsocial.com/@realDonaldTrump/posts/114812490799920916
jair,Jair Bolsonaro,,,2,3,,
p1073,post1073,08_07_25,jul25,,,,https://truthsocial.com/@realDonaldTrump/posts/114818149310161097
p1074,post1074,08_07_25,jul25,,,,https://truthsocial.com/@realDonaldTrump/posts/114819184205071380
cea,Council of Economic Advisers,,,,,,
mir,Dr. Stephen Miran,,,2,3,,
factories,Factories,,,,,,
p1075,post1075,08_07_25,jul25,,,,https://truthsocial.com/@realDonaldTrump/posts/114820176419744768
c1,Country1,,,,,,
c2,Country2,,,,,,
c3,Country3,,,,,,
c4,Country4,,,,,,
c5,Country5,,,,,,
c6,Country6,,,,,,
c7,Country7,,,,,,
p1076,post1076,08_07_25,jul25,,,,https://truthsocial.com/@realDonaldTrump/posts/114820908713657769
p1077,post1077,09_07_25,jul25,,,,https://truthsocial.com/@realDonaldTrump/posts/114826039777950636
p1078,post1078,09_07_25,jul25,,,,https://truthsocial.com/@realDonaldTrump/posts/114826040324238044
p1079,post1079,09_07_25,jul25,,,,https://truthsocial.com/@realDonaldTrump/posts/114826044404420382
soucar,South Carolina,,,,,,
p1080,post1080,09_07_25,jul25,,,,https://truthsocial.com/@realDonaldTrump/posts/114826107762484260
copper,Copper,,,,,,
p1081,post1081,09_07_25,jul25,,,,https://truthsocial.com/@realDonaldTrump/posts/114826109463640311
transport,U.S. Transportation,,,,,,
airtraffic,Air Traffic Control System,,,,,,
roads,Roads & Bridges,,,,,,
p1082,post1082,10_07_25,jul25,,,,https://truthsocial.com/@realDonaldTrump/posts/114829408208555940
techstocks,Tech Stocks,,,,,,
indust,Industrial Stocks,,,,,,
nasdaq,NASDAQ,,,,,,
tariffs,U.S. Tariffs,,,,,,
p1083,post1083,10_07_25,jul25,,,,https://truthsocial.com/@realDonaldTrump/posts/114829442018326447
p1084,post1084,10_07_25,jul25,,,,https://truthsocial.com/@realDonaldTrump/posts/114831433790826577
wwm,William W. Mercer,,,2,3,,
p1085,post1085,10_07_25,jul25,,,,https://truthsocial.com/@realDonaldTrump/posts/114831435031070955
cpb,Corporation for Public Broadcasting (PBS & NPR),,,,,,
p1086,post1086,11_07_25,jul25,,,,https://truthsocial.com/@realDonaldTrump/posts/114835102167904861
bv,Brett Velicovich,,,2,3,,
p1087,post1087,11_07_25,jul25,,,,https://truthsocial.com/@realDonaldTrump/posts/114837208737137477
thugs,THUGS,,,,,,
p1088,post1088,11_07_25,jul25,,,,https://truthsocial.com/@realDonaldTrump/posts/114837554019633896
p1089,post1089,11_07_25,jul25,,,,https://truthsocial.com/@realDonaldTrump/posts/114837597286883732
p1090,post1090,12_07_25,jul25,,,,https://truthsocial.com/@realDonaldTrump/posts/114842356238631061
jep,Jeffrey Epstein,,,2,3,,
s2hc,Hillary Clinton,,,1,1,,
comeyjohn,John Comey,,,2,2,,
johnb,John Brennan,,,2,1,,
p1091,post1091,12_07_25,jul25,,,,https://truthsocial.com/@realDonaldTrump/posts/114842941355477197
p1092,post1092,14_07_25,jul25,,,,https://truthsocial.com/@realDonaldTrump/posts/114851420581462592
friendc,friend countries,,,,,,
fo,foe countries,,,,,,
p1093,post1093,14_07_25,jul25,,,,https://truthsocial.com/@realDonaldTrump/posts/114854251111136308
students,Students,,,,,,
p1094,post1094,15_07_25,jul25,,,,https://truthsocial.com/@realDonaldTrump/posts/114857569436636352
presonesia,President of Indonesia,,,,,,
p1095,post1095,15_07_25,jul25,,,,https://truthsocial.com/@realDonaldTrump/posts/114857617089281818
cp,Consumer Prices,,,,,,
p1096,post1096,15_07_25,jul25,,,,https://truthsocial.com/@realDonaldTrump/posts/114857687712359546
md,Maryland,,,,,,
p1097,post1097,15_07_25,jul25,,,,https://truthsocial.com/@realDonaldTrump/posts/114857889773040947
congtx,Congressmen and Women of Texas,,,,,,
p1098,post1098,15_07_25,jul25,,,,https://truthsocial.com/@realDonaldTrump/posts/114857957325423668
p1099,post1099,15_07_25,jul25,,,,https://truthsocial.com/@realDonaldTrump/posts/114858589029028619
prabowo,Prabowo Subianto,,,2,3,,
ranchers,U.S. Ranchers,,,,,,
fishermen,U.S. Fishermen,,,,,,
p1100,post1100,15_07_25,jul25,,,,https://truthsocial.com/@realDonaldTrump/posts/114858589852139958
beaches,Beaches,,,,,,
p1101,post1101,15_07_25,jul25,,,,https://truthsocial.com/@realDonaldTrump/posts/114859554812594090
florida,Florida State Court,,,,,,
trusoc,TRUTH Social,,,,,,
p1102,post1102,15_07_25,jul25,,,,https://truthsocial.com/@realDonaldTrump/posts/114860136006223294
p1103,post1103,16_07_25,jul25,,,,https://truthsocial.com/@realDonaldTrump/posts/114863203348237352
p1104,post1104,16_07_25,jul25,,,,https://truthsocial.com/@realDonaldTrump/posts/114864763487869986
coke,Coca-Cola,,,,,,
p1105,post1105,16_07_25,jul25,,,,https://truthsocial.com/@realDonaldTrump/posts/114865352052263270
jennifer,Jennifer Mascott,,,1,3,,
p1106,post1106,16_07_25,jul25,,,,https://truthsocial.com/@realDonaldTrump/posts/114865506222851432
congestion,Congestion toll,,,,,,
taxpayer,Taxpayers,,,,,,
p1107,post1107,16_07_25,jul25,,,,https://truthsocial.com/@realDonaldTrump/posts/114865507306954051
hosp,Hospitals,,jul25,,,,
p1108,post1108,17_07_25,jul25,,,,https://truthsocial.com/@realDonaldTrump/posts/114871422727186590
emmatucker,Emma Tucker,,,2,3,,
kl,Karoline Leavitt,,,1,2,,
newscorp,NewsCorp,,,,,,
p1109,post1109,17_07_25,jul25,,,,https://truthsocial.com/@realDonaldTrump/posts/114871557460531003
scam,scam,,,,,,
p1110,post1110,17_07_25,jul25,,,,https://truthsocial.com/@realDonaldTrump/posts/114871752316281496
p1111,post1111,18_07_25,jul25,,,,https://truthsocial.com/@realDonaldTrump/posts/114872393229075156
pep,Public Broadcasting,,,,,,
p1112,post1112,18_07_25,jul25,,,,https://truthsocial.com/@realDonaldTrump/posts/114873827864802531
hm,Housing Market,,,,,,
yp,Young People,,,,,,
fedboard,Fed Board,,,,,,
intecos,Interest Costs,,,,,,
p1113,post1113,18_07_25,jul25,,,,https://truthsocial.com/@realDonaldTrump/posts/114874138131177867
s2mg,Merrick Garland,,,,,,
files,Files,,,,,,
gun,Smoking Gun,,,,,,
p1114,post1114,18_07_25,jul25,,,,https://truthsocial.com/@realDonaldTrump/posts/114874422468516376
ratings,Ratings,,,,,,
talent,Talent,,,,,,
p1115,post1115,18_07_25,jul25,,,,https://truthsocial.com/@realDonaldTrump/posts/114874476139755852
record,Accomplishments / Record,,,,,,
criticism,Criticism / Complaining,,,,,,
p1116,post1116,18_07_25,jul25,,,,https://truthsocial.com/@realDonaldTrump/posts/114876632160599681
p1117,post1117,18_07_25,jul25,,,,
maxm,Max Miller,,,2,2,,https://truthsocial.com/@realDonaldTrump/posts/114876632946481372
usmc,U.S. Marine Corps,,,,,,
p1118,post1118,18_07_25,jul25,,,,https://truthsocial.com/@realDonaldTrump/posts/114876634662612316
ok5,Oklahoma 5th Congressional District,,,,,,
ran,Ranchers,,,,,,
p1119,post1119,18_07_25,jul25,,,,https://truthsocial.com/@realDonaldTrump/posts/114876683513144253
rt,Robert Thomson,,,2,3,,
george,George Stephanopoulos,,,2,1,,
p1120,post1120,18_07_25,jul25,,,,https://truthsocial.com/@realDonaldTrump/posts/114876927258467384
p1121,post1121,18_07_25,jul25,,,,https://truthsocial.com/@realDonaldTrump/posts/114877342999804008
p1122,post1122,18_07_25,jul25,,,,https://truthsocial.com/@realDonaldTrump/posts/114880031264786538
p1123,post1123,19_07_25,jul25,,,,https://truthsocial.com/@realDonaldTrump/posts/114880074981803996
p1124,post1124,19_07_25,jul25,,,,https://truthsocial.com/@realDonaldTrump/posts/114882442101879216
harrison,Harrison Fields,,,2,2,,
p1125,post1125,20_07_25,jul25,,,,
st,second term,,,,,,
anniversary,anniversary,,,,,,
p1126,post1126,20_07_25,jul25,,,,https://truthsocial.com/@realDonaldTrump/posts/114885474879269820
p1128,post1128,20_07_25,jul25,,,,https://truthsocial.com/@realDonaldTrump/posts/114886865806490349
wjp,William J. Pulte,,,2,1,,
hfa,Housing Finance Agency,,,,,,
we,weaklings,,,,,,
p1129,post1129,20_07_25,jul25,,,,https://truthsocial.com/@realDonaldTrump/posts/114886877289379131
p1130,post1130,20_07_25,jul25,,,,https://truthsocial.com/@realDonaldTrump/posts/114887221069099658
cbpoff,CBP Officer,,,,,,
p1131,post1131,20_07_25,jul25,,,,https://truthsocial.com/@realDonaldTrump/posts/114887236310446076
redskins,Washington Redskins,,,,,,
commanders,Washington Commanders,,,,,,
indians,Cleveland Indians,,,,,,
mattdol,Matt Dolan,,,2,3,,
p1132,post1132,20_07_25,jul25,,,,https://truthsocial.com/@realDonaldTrump/posts/114887244433511273
p1133,post1133,20_07_25,jul25,,,,https://truthsocial.com/@realDonaldTrump/posts/114888305041609390
p1134,post1134,20_07_25,jul25,,,,https://truthsocial.com/@realDonaldTrump/posts/114888488677783141
prison,Prison,,,,,,
p1135,post1135,21_07_25,jul25,,,,https://truthsocial.com/@realDonaldTrump/posts/114891542921713362
cb,Cashless Bail,,jul25,,,,
cmn,Criminals,,,,,,
p1136,post1136,21_07_25,jul25,,,,https://truthsocial.com/@realDonaldTrump/posts/114892270098322352
ds,Dan Sullivan,,,2,1,,
p1137,post1137,21_07_25,jul25,,,,https://truthsocial.com/@realDonaldTrump/posts/114892485746950799
bk,Bryan Kohberger,,,2,3,,
p1138,post1138,21_07_25,jul25,,,,https://truthsocial.com/@realDonaldTrump/posts/114892486666754017
massachusetts,Massachusetts Judge,,,,,,
schools,Schools/Colleges/Institutions,,,,,,
p1139,post1139,21_07_25,jul25,,,,https://truthsocial.com/@realDonaldTrump/posts/114892689845138877
mirou,Mike Rounds,,jul25,2,1,,
soudak,South Dakota,,,,,,
p1140,post1140,21_07_25,jul25,,,,
p1141,post1141,21_07_25,jul25,,,,https://truthsocial.com/@realDonaldTrump/posts/114893947519507520
abbas,Abbas Araghchi,,,2,3,,
loser,Loser,,,,,,
p1142,post1142,21_07_25,jul25,,,,https://truthsocial.com/@realDonaldTrump/posts/114893984552850709
rh,russian hoax,,,,,,
p1143,post1143,22_07_25,jul25,,,,https://truthsocial.com/@realDonaldTrump/posts/114897600777919524
s2jf,Jimmy Fallon,,,2,1,,
gg,Greg Gutfeld,,,2,3,,
p1144,post1144,22_07_25,jul25,,1,,https://truthsocial.com/@realDonaldTrump/posts/114898069194751986
fermarc,Ferdinand Marcos,,,2,3,,
phl,Philippines,,,,,,
p1145,post1145,22_07_25,jul25,,,,https://truthsocial.com/@realDonaldTrump/posts/114898229237459086
geoslo,George Slopadopoulos,,,2,1,,
wapo,post 930,,,,,,
p1146,post1146,22_07_25,jul25,,,,https://truthsocial.com/@realDonaldTrump/posts/114899417740854572
p1147,post1147,23_07_25,jul25,,,,
p1148,post1148,23_07_25,jul25,,,,https://truthsocial.com/@realDonaldTrump/posts/114902743574618008
agricultural,Agricultural Products,,,,,,
rice,Rice,,,,,,
p1149,post1149,23_07_25,jul25,,,,https://truthsocial.com/@realDonaldTrump/posts/114902760700024238
p1150,post1150,23_07_25,jul25,,,,https://truthsocial.com/@realDonaldTrump/posts/114902777792812157
majocou,Major Countries,,,,,,
p1151,post1151,23_07_25,jul25,,,,https://truthsocial.com/@realDonaldTrump/posts/114902814296069974
p1152,post1152,23_07_25,jul25,,,,https://truthsocial.com/@realDonaldTrump/posts/114905836425012707
columbia,Columbia University,,,,,,
p1153,post1153,24_07_25,jul25,,,,https://truthsocial.com/@realDonaldTrump/posts/114908467282299011
p1154,Epstein Scam / Russia Hoax accusation,,,,,,https://truthsocial.com/@realDonaldTrump/posts/114911132620191745
russho,Russian Hoax,,,,,,
p1155,post1155,25_07_25,jul25,,,,https://truthsocial.com/@realDonaldTrump/posts/114914339003272307
usbe,U.S. Beef,,,,,,
p1156,Trump call to stop Cambodia–Thailand war,,,,,,https://truthsocial.com/@realDonaldTrump/posts/114920242180121128
traneg,Trade negotiations,,,,,,
p1158,post447.1158,26_07_25,jul25,,,,https://truthsocial.com/@realDonaldTrump/posts/114922194000687458
opr,Oprah Winfrey,,,1,3,,
p1157,post1157,26_07_25,jul25,,,,https://truthsocial.com/@realDonaldTrump/posts/114922310106523572
net,TV Networks,,,,,,
p1159,post1159,28_07_25,jul25,,,,https://truthsocial.com/@realDonaldTrump/posts/114931438809653171
tradeteam,Trade Team,,,,,,
p1160,post1160,28_07_25,jul25,,,,https://truthsocial.com/@realDonaldTrump/posts/114934191239714896
s2sco,Scotland,,,,,,
p1161,post1161,28_07_25,jul25,,,,https://truthsocial.com/@realDonaldTrump/posts/114934232969144109
p1162,post1162,29_07_25,jul25,,,,https://truthsocial.com/@realDonaldTrump/posts/114935401735258022
p1163,post1163,29_07_25,jul25,,,,https://truthsocial.com/@realDonaldTrump/posts/114938820270436889
chuschu,Chuck Schumer,,,2,1,,
cory,Cory Booker,,,2,1,,
p1164,post1164,29_07_25,jul25,,,,https://truthsocial.com/@realDonaldTrump/posts/114938996274231550
p1165,post1165,30_07_25,jul25,,,,https://truthsocial.com/@realDonaldTrump/posts/114942106248731470
p1166,post1166,30_07_25,jul25,,,,https://truthsocial.com/@realDonaldTrump/posts/114942222209732295
p1167,post1167,30_07_25,jul25,,,,https://truthsocial.com/@realDonaldTrump/posts/114943927434273211
p1168,post1168,31_07_25,jul25,,,,https://truthsocial.com/@realDonaldTrump/posts/114945847973193713
comp,International Comparison,,,,,,
dmitry,Dmitry Medvedev,,,2,3,,
p1169,post1169,31_07_25,jul25,,,,https://truthsocial.com/@realDonaldTrump/posts/114945962278773358
pal,Palestine,,,,,,
p1170,post1170,31_07_25,jul25,,,,https://truthsocial.com/@realDonaldTrump/posts/114947373855664074
p1171,post1171,31_07_25,jul25,,,,https://truthsocial.com/@realDonaldTrump/posts/114947427321891876
p1172,post1172,31_07_25,jul25,,,,https://truthsocial.com/@realDonaldTrump/posts/114947541528857255
p1173,post1173,31_07_25,jul25,,,,https://truthsocial.com/@realDonaldTrump/posts/114950241999184378
p1174,post1174,31_07_25,jul25,,,,https://truthsocial.com/@realDonaldTrump/posts/114951042178223048
p1175,post1175,01_08_25,aug25,,,,https://truthsocial.com/@realDonaldTrump/posts/114953049546233760
p1176,post1176,01_08_25,aug25,,,,https://truthsocial.com/@realDonaldTrump/posts/114953114494129479
p1177,post1177,01_08_25,aug25,,,,https://truthsocial.com/@realDonaldTrump/posts/114953595203270237
p1178,post1178,01_08_25,aug25,,,,https://truthsocial.com/@realDonaldTrump/posts/114954267210702518
p1179,post1179,01_08_25,aug25,,,,https://truthsocial.com/@realDonaldTrump/posts/114954846612623858
jobsnm,Jobs Numbers,,,,,,
p1180,post1180,01_08_25,aug25,,,,https://truthsocial.com/@realDonaldTrump/posts/114955222046259464
p1181,post1181,02_08_25,aug25,,,,https://truthsocial.com/@realDonaldTrump/posts/114959044159495165
media,Media,,,,,,
s2en,Endorsements,,,,,,
p1182,post1182,02_08_25,aug25,,,,https://truthsocial.com/@realDonaldTrump/posts/114961147474079611
p1183,post1183,02_08_25,aug25,,,,https://truthsocial.com/@realDonaldTrump/posts/114961522912167613
p1184,post1184,02_08_25,aug25,,,,https://truthsocial.com/@realDonaldTrump/posts/114961541517491341
p1185,post1185,02_08_25,aug25,,,,https://truthsocial.com/@realDonaldTrump/posts/114961565654617117
leg,Legislation,,,,,,
pe,Public Endorsements / Praise,,,,,,
p1186,post1186,03_08_25,aug25,,,,https://truthsocial.com/@realDonaldTrump/posts/114963263700328714
cmtg,Charlamagne tha God,,,1,3,,
p1187,post1187,03_08_25,aug25,,,,https://truthsocial.com/@realDonaldTrump/posts/114966671063911029
p1188,post1188,03_08_25,aug25,,,,https://truthsocial.com/@realDonaldTrump/posts/114968330079746127
p1189,post1189,04_08_25,aug25,,,,https://truthsocial.com/@realDonaldTrump/posts/114970631477859993
p1190,post1190,04_08_25,aug25,,,,https://truthsocial.com/@realDonaldTrump/posts/114970970276629752
p1191,post1191,04_08_25,aug25,,,,https://truthsocial.com/@realDonaldTrump/posts/114970981123138842
p1192,post1192,04_08_25,aug25,,,,https://truthsocial.com/@realDonaldTrump/posts/114971053091282290
p1193,post1193,05_08_25,aug25,,,,https://truthsocial.com/@realDonaldTrump/posts/114978749252122903
p1194,post1194,06_08_25,aug25,,,,https://truthsocial.com/@realDonaldTrump/posts/114982518659334871
p1195,post1195,06_08_25,aug25,,,,https://truthsocial.com/@realDonaldTrump/posts/114985420201139599
p1196,post1196,07_08_25,aug25,,,,https://truthsocial.com/@realDonaldTrump/posts/114987257158661963
mec,Middle Eastern Countries,,,,,,
obl,Iran Nuclear Arsenal Obliterated,,,,,,
p1197,post1197,07_08_25,aug25,,,,https://truthsocial.com/@realDonaldTrump/posts/114990543084538507
p1198,post1198,08_08_25,aug25,,,,https://truthsocial.com/@realDonaldTrump/posts/114993652992825116
p1199,post1199,09_08_25,aug25,,,,https://truthsocial.com/@realDonaldTrump/posts/115001339487533426
insiderinfo,Insider Information,,,,,,
p1200,post1200,10_08_25,aug25,,,,https://truthsocial.com/@realDonaldTrump/posts/115005075016157889
s2hom,Homeless / Housing Policy,,,,,,
p1201,post1201,10_08_25,aug25,,,,https://truthsocial.com/@realDonaldTrump/posts/115007977998503665
farmers,Farmers / Agriculture,,,,,,
trade,Trade,,,,,,
p1202,post1202,11_08_25,aug25,,,,https://truthsocial.com/@realDonaldTrump/posts/115010061198729847
p1203,post1203,11_08_25,aug25,,,,https://truthsocial.com/@realDonaldTrump/posts/115011030509341542
p1204,post1204,11_08_25,aug25,,,,https://truthsocial.com/@realDonaldTrump/posts/115012532470689820
ejantoni,E.J. Antoni,,,3,3,,
p1205,post1205,12_08_25,aug25,,,,https://truthsocial.com/@realDonaldTrump/posts/115015798555807745
p1206,post1206,12_08_25,aug25,,,,https://truthsocial.com/@realDonaldTrump/posts/115015483801151739
chucktodd,Chuck Todd,,,2,3,,
davidb,David Brody,,,2,3,,
p1207,post1207,12_08_25,aug25,,,,https://truthsocial.com/@realDonaldTrump/posts/115016089386029482
smanouychin,Steve Manouychin,,,2,3,,
p1208,post1208,12_08_25,aug25,,,,https://truthsocial.com/@realDonaldTrump/posts/115016246479417087
davsolomon,David Solomon,,,2,3,,
goldman,Goldman Sachs,,,,,,
p1209,post1209,12_08_25,aug25,,,,https://truthsocial.com/@realDonaldTrump/posts/115017723403358459
maxwell,James Maxwell,,,2,3,,
p1210,post1210,12_08_25,aug25,,,,https://truthsocial.com/@realDonaldTrump/posts/115017724357338500
rc,Robert Chamberlin,,,2,3,,
p1211,post1211,13_08_25,aug25,,,,https://truthsocial.com/@realDonaldTrump/posts/115021272837599192
p1212,post1212,14_08_25,aug25,,,,https://truthsocial.com/@realDonaldTrump/posts/115028539481492668
s2socs,Social Security,,,,,,
p1213,post1213,14_08_25,aug25,,,,https://truthsocial.com/@realDonaldTrump/posts/115029606475866015
rebecca,Rebecca Taibleson,,,1,1,,
p1214,post1214,15_08_25,aug25,,,,https://truthsocial.com/@realDonaldTrump/posts/115033574125099183
p1215,post1215,16_08_25,aug25,,,,https://truthsocial.com/@realDonaldTrump/posts/115037569702889410
p1216,post1216,17_08_25,aug25,,,,https://truthsocial.com/@realDonaldTrump/posts/115044243039440041
p1217,post1217,17_08_25,aug25,,,,https://truthsocial.com/@realDonaldTrump/posts/115044273350523209
p1218,post1218,17_08_25,aug25,,,,https://truthsocial.com/@realDonaldTrump/posts/115046837910548412
p1219,post1219,17_08_25,aug25,,,,https://truthsocial.com/@realDonaldTrump/posts/115047099758548722
chrismurphy,Chris Murphy,,,2,2,,
p1220,post1220,17_08_25,aug25,,,,https://truthsocial.com/@realDonaldTrump/posts/115047128460078066
p1221,post1221,17_08_25,aug25,,,,https://truthsocial.com/@realDonaldTrump/posts/115047181541136552
p1222,post1222,18_08_25,aug25,,,,https://truthsocial.com/@realDonaldTrump/posts/115049902258471066
p1228,post1228,19_08_25,aug25,,,,https://truthsocial.com/@realDonaldTrump/posts/115049974697549520
irnnuc,Iran Nuclear Facilities,,,,,,
p1223,post1223,18_08_25,aug25,,,,https://truthsocial.com/@realDonaldTrump/posts/115049974697549520
dcsaf,D.C. Safety Praise,,,,,,
p1224,post1224,18_08_25,aug25,,,,https://truthsocial.com/@realDonaldTrump/posts/115050064654728051
p1225,post1225,18_08_25,aug25,,,,https://truthsocial.com/@realDonaldTrump/posts/115051906127274792
caa,New Congressional Map Bill,,,,,,
p1226,post1226,18_08_25,aug25,,,,https://truthsocial.com/@realDonaldTrump/posts/115052030103944534
marrut,Mark Rutte,,,2,3,,
p1227,post1227,18_08_25,aug25,,,,https://truthsocial.com/@realDonaldTrump/posts/115052358324894178
misschil,Missing Children / Child Protection,,,,,,
p1229,post1229,19_08_25,aug25,,,,https://truthsocial.com/@realDonaldTrump/posts/115055190585472069
wind,Wind Energy / Windmills,,,,,,
epr,Energy Prices,,,,,,
p1230,post1230,19_08_25,aug25,,,,https://truthsocial.com/@realDonaldTrump/posts/115057827631877948
p1231,post1231,20_08_25,aug25,,,,https://truthsocial.com/@realDonaldTrump/posts/115061417084982814
ec,Energy Costs,,,,,,
p1232,post1232,20_08_25,aug25,,,,https://truthsocial.com/@realDonaldTrump/posts/115064705209848959
votfr,Voter Fraud / Mail-in Voting,,,,,,
p1233,post1233,20_08_25,aug25,,,,https://truthsocial.com/@realDonaldTrump/posts/115064726295507295
p1234,post1234,20_08_25,aug25,,,,https://truthsocial.com/@realDonaldTrump/posts/115064763272706560
p1235,post1235,20_08_25,aug25,,,,https://truthsocial.com/@realDonaldTrump/posts/115064840755804065
p1236,post1236,21_08_25,aug25,,,,https://truthsocial.com/@realDonaldTrump/posts/115064867714909057
p1237,post1237,21_08_25,aug25,,,,https://truthsocial.com/@realDonaldTrump/posts/115066339632774609
ed,School Districts,,,,,,
p1238,post1238,21_08_25,aug25,,,,https://truthsocial.com/@realDonaldTrump/posts/115067581427069480
legal,Legal / Courts,,,,,,
p1239,post1239,22_08_25,aug25,,,,https://truthsocial.com/@realDonaldTrump/posts/115070802633295008
leticia,Leticia James,,,1,2,,
nyag,New York State Attorney General,,,,,,
s2nyj,New York State Judge,,,,,,
apd,Appellate Division,,,,,,
njs,New York Judicial System,,,,,,
p1240,post1240,22_08_25,aug25,,,,https://truthsocial.com/@realDonaldTrump/posts/115074267817502694
furniture,Furniture Business,,,,,,
p1241,post1241,22_08_25,aug25,,,,https://truthsocial.com/@realDonaldTrump/posts/115074268844516691
success,success,,,,,,
p1242,post1242,23_08_25,aug25,,,,https://truthsocial.com/@realDonaldTrump/posts/115081430531030440
s2syr,Syrien,,,,,,
tico,Tim Cook,,,,,,
usste,american steel,,,,,,
usm,US Military,,,,,,
forstud,foreign students,,,,,,
p860,post860,24_05_25,may25,,,,https://truthsocial.com/@realDonaldTrump/posts/114558786117625961
p861,post861,25_05_25,,,,,https://truthsocial.com/@realDonaldTrump/posts/114558786117625961
s2baseb,Baseball,,,,,,
p1127,post1127,20_07_25,jul25,,,,https://truthsocial.com/@realDonaldTrump/posts/114892270098322352
s2pa,personal attaks,,,,,9,
s2aa,Academy Awards,,,,,19,
gol,golf,,,,,14,
soc,soccer,,,,,14,
ho,Honduras,,,,,,
hono,honors,,,,,19,
p1243,post1243,01_09_25,sep25,,,,https://truthsocial.com/@realDonaldTrump/posts/115128853265372429
jbp,J. B. Pritzker,,,2,1,,
wm,Wes Moore,,,2,1,,
s2lapd,Law Enforcement Officer,,,,,,
pdc,people of D.C.,,,,,,
s2cw,City of Washington D.C.,,,,,,
s2cb,City of Baltimore,,,,,,
nguar,National Guards,,,,,,
p1244,post1244,01_09_25,sep25,,,,https://truthsocial.com/@realDonaldTrump/posts/115128985245605660
s2pf2,Pfizer,,,,,,
ows,Operation Warp Speed,,,,,,
s2tp,The public,,,,,,
p1245,post1245,01_09_25,sep25,,,,https://truthsocial.com/@realDonaldTrump/posts/115129261076571259
ind,India,,,,,,
p1246,post1246,01_09_25,sep25,,,,https://truthsocial.com/@realDonaldTrump/posts/115130857021044948
pmf,The Presidential Medal of Freedom,,,,,,
p1247,post1247,02_09_25,sep25,,,,https://truthsocial.com/@realDonaldTrump/posts/115134530741891730
p1248,post1248,02_09_25,sep25,,,,https://truthsocial.com/@realDonaldTrump/posts/115134772860379495
p1249,post1249,02_09_25,sep25,,,,https://truthsocial.com/@realDonaldTrump/posts/115136375132635794
s2hv,Huntsville,,,,,,
p1250,post1250,02_09_25,sep25,,,,https://truthsocial.com/@realDonaldTrump/posts/115136798909755892
s2usc,U.S. Southern Command,,,,,,
tda,Tren de Aragua,,,,,,
weh,Western Hemisphere,,,,,,
p1251,post1251,02_09_25,sep25,,,,https://truthsocial.com/@realDonaldTrump/posts/115137717177283585
kju,Kim Jong Un,,,2,3,,
p1252,post1252,03_09_25,sep25,,,,https://truthsocial.com/@realDonaldTrump/posts/115141027239026556
host,hostages,,,,,,
p1253,post1253,03_09_25,sep25,,,,https://truthsocial.com/@realDonaldTrump/posts/115143490689155283
rod,Rosie O'Donell,,,1,3,,
p1254,post1254,04_09_25,sep25,,,,https://truthsocial.com/@realDonaldTrump/posts/115144078281517668
moc,Mayor of Chicago,,,2,1,,
goi,Govenor of Illinois,,,2,1,,
p1255,post1255,05_09_25,sep25,,,,https://truthsocial.com/@realDonaldTrump/posts/115151159839778614
p1256,post1256,05_09_25,sep25,,,,https://truthsocial.com/@realDonaldTrump/posts/115151165397446776
s2jn2,Jerry Nadler,,,2,1,,
p1257,post1257,05_09_25,sep25,,,,https://truthsocial.com/@realDonaldTrump/posts/115152031890524220
epsti,Epstein Island,,,,,,
vic,victims,,,,,,
bida,Biden Administration,,,,,,
p1258,post1258,05_09_25,sep25,,,,https://truthsocial.com/@realDonaldTrump/posts/115152111914572913
p1259,post1259,05_09_25,sep25,,,,https://truthsocial.com/@realDonaldTrump/posts/115153232183118149
goog,Google,,,,,,
amtc,American Tech Companies,,,,,,
atp,American Taxpayers,,,,,,
euro,Europe,,,,,,
p1260,post1260,05_09_25,sep25,,,,https://truthsocial.com/@realDonaldTrump/posts/115153378284802465
p1261,post1261,05_09_25,sep25,,,,https://truthsocial.com/@realDonaldTrump/posts/115153443118480614
p1262,post1262,05_09_25,sep25,,,,https://truthsocial.com/@realDonaldTrump/posts/115154159518653872
s2ah,Ashley Hinson,,,1,2,,
p1263,post1263,07_09_25,sep25,,,,https://truthsocial.com/@realDonaldTrump/posts/115164113502668318
count,Countries,,,,,,
s2poli,Politicians,,,,,,
windt,Wind turbines,,,,,,
pop,Polpulations,,,,,,
p1264,post1264,07_09_25,sep25,,,,https://truthsocial.com/@realDonaldTrump/posts/115164422928262033
israe,Israelis,,,,,,
p1265,post1265,07_09_25,sep25,,,,https://truthsocial.com/@realDonaldTrump/posts/115165715028507857
hy,Hyundai,,,,,,
fco,Foreign Companies,,,,,,
amw,American Workers,,,,,,
p1266,post1266,08_09_25,sep25,,,,https://truthsocial.com/@realDonaldTrump/posts/115168717159863645
p1267,post1267,08_09_25,sep25,,,,https://truthsocial.com/@realDonaldTrump/posts/115168758828419703
s2th,Tom Hanks,,,2,3,,
s2wp2,West Point,,,,,,
oas,other Award Shows,,,,,,
p1268,post1268,08_09_25,sep25,,,,https://truthsocial.com/@realDonaldTrump/posts/115168778764944128
p1269,post1269,08_09_25,sep25,,,,https://truthsocial.com/@realDonaldTrump/posts/115168933967621443
illi,Illinois,,,,,,
fg,federal government,,,,,,
p1270,post1270,08_09_25,sep25,,,,https://truthsocial.com/@realDonaldTrump/posts/115169254084774448
mar,Mary,,,,,,
p1271,post1271,08_09_25,sep25,,,,https://truthsocial.com/@realDonaldTrump/posts/115169727944499112
p1272,post1272,08_09_25,sep25,,,,https://truthsocial.com/@realDonaldTrump/posts/115169843962994945
s2gc,Gianno Caldwell,,,2,3,,
ccw,Christian Caldwell,,,2,3,,
p1273,post1273,08_09_25,sep25,,,,https://truthsocial.com/@realDonaldTrump/posts/115170494005487289
ur,Ukrainian refugee,,,,,,
s2rc,Roy Cooper,,,2,1,,
perp,Perpetrator,,,,,,
mainme,Mainstream Media,,,,,,
norc,North Carolina,,,,,,
p1274,post1274,08_09_25,sep25,,,,https://truthsocial.com/@realDonaldTrump/posts/115171248213293804
s2nb2,Nick Bosa,,,2,3,,
sfers,San Francisco 49ers,,,,,,
ssh,Seattle Seahawks,,,,,,
p1275,post1275,08_09_25,sep25,,,,https://truthsocial.com/@realDonaldTrump/posts/115171801902619547
p1276,post1276,09_09_25,sep25,,,,https://truthsocial.com/@realDonaldTrump/posts/115176193823019593
qat,Qatar,,,,,,
eoq,Emir of Qatar,,,,,,
pmoc,Prime Minister of Qatar,,,,,,
p1277,post1277,09_09_25,sep25,,,,https://truthsocial.com/@realDonaldTrump/posts/115176212194047212
s2et,Elizabeth Tsurkov,,,1,3,,
soet,Sister of Elizabeth Tsurkov,,,1,3,,
kahe,Kata’ib Hezbollah,,,,,,
aeii,American Embassy in Iraq,,,,,,
p1278,post1278,09_09_25,sep25,,,,https://truthsocial.com/@realDonaldTrump/posts/115176472700835865
namo,Narendra Modi,,,2,3,,
p1279,post1279,09_09_25,sep25,,,,https://truthsocial.com/@realDonaldTrump/posts/115176746512388246
mis,Missouri,,,,,,
missl,Missouri State Legislator,,,,,,
mse,Missouri Senate,,,,,,
p1280,post1280,10_09_25,sep25,,,,https://truthsocial.com/@realDonaldTrump/posts/115180060678818221
p1281,post1281,10_09_25,sep25,,,,https://truthsocial.com/@realDonaldTrump/posts/115180154793561569
p1282,post1282,10_09_25,sep25,,,,https://truthsocial.com/@realDonaldTrump/posts/115180631135047280
pola,Poland,,,,,,
p1283,post1283,10_09_25,sep25,,,,https://truthsocial.com/@realDonaldTrump/posts/115181549363103818
p1284,post1284,10_09_25,sep25,,,,https://truthsocial.com/@realDonaldTrump/posts/115181934991844419
ek,Erica Kirk,,,1,3,,
yotus,Youth of the United States,,,,,,
p1285,post1285,10_09_25,sep25,,,,https://truthsocial.com/@realDonaldTrump/posts/115182019266546196
p1286,post1286,11_09_25,sep25,,,,https://truthsocial.com/@realDonaldTrump/posts/115183827069786801
s2mh,Mark Harris,,,2,2,,
p1287,post1287,11_09_25,sep25,,,,https://truthsocial.com/@realDonaldTrump/posts/115186203931436783
p1288,post1288,11_09_25,sep25,,,,https://truthsocial.com/@realDonaldTrump/posts/115186228312744900
p1289,post1289,11_09_25,sep25,,,,https://truthsocial.com/@realDonaldTrump/posts/115186230726893391
cowor,construction workers,,,,,,
potriv,Potomac River,,,,,,
p1290,post1290,11_09_25,sep25,,,,https://truthsocial.com/@realDonaldTrump/posts/115186868794986559
vet,Veterans,,,,,,
kans,Kansas,,,,,,
afarm,American Farmers,,,,,,
agri,American Agriculture,,,,,,
p1291,post1291,11_09_25,sep25,,,,https://truthsocial.com/@realDonaldTrump/posts/115186969669045268
s2tb2,Ted Budd,,,2,2,,
ncr,North Carolina Republicans,,,,,,
jst,Josh Stein,,,2,1,,
p1292,post1292,11_09_25,sep25,,,,https://truthsocial.com/@realDonaldTrump/posts/115187205784578767
jemo,Jerry Moran,,,2,2,,
rmoc,Republican Members of Congress,,,,,,
rsl,Republican State Legislature,,,,,,
p1293,post1293,11_09_25,sep25,,,,https://truthsocial.com/@realDonaldTrump/posts/115187206020244589
swot,Sisseton-Wahpeton Oyate Tribe,,,,,,
posd,people of South Dakota,,,,,,
p1294,post1294,11_09_25,sep25,,,,https://truthsocial.com/@realDonaldTrump/posts/115187206743663378
s2rj,Ron Johnson,,,2,2,,
wisc,Wisconsin,,,,,,
pow,people of Wisconsin,,,,,,
p1295,post1295,12_09_25,sep25,,,,https://truthsocial.com/@realDonaldTrump/posts/115193110827591178
ciol,Cindy O'Laughlin,,,1,2,,
tl,Tony Luetkemeyer,,,2,2,,
s2cp,Chad Perkins,,,2,2,,
s2dd,Dirk Deaton,,,2,2,,
missrl,Missouri Republican Legislators,,,,,,
p1296,post1296,12_09_25,sep25,,,,https://truthsocial.com/@realDonaldTrump/posts/115196697263809382
s2vz,Volodymyr Zelenskyy,,,2,3,,
p1297,post1297,13_09_25,sep25,,,,https://truthsocial.com/@realDonaldTrump/posts/115198530237918666
ccurl,Cian Curley,,,2,3,,
tngc,Trump National Golf Club,,,,,,
s2wc,Westchester,,,,,,
p1298,post1298,13_09_25,sep25,,,,https://truthsocial.com/@realDonaldTrump/posts/115199460946450022
memp,Memphis,,,,,,
p1299,post1299,14_09_25,sep25,,,,https://truthsocial.com/@realDonaldTrump/posts/115203966487358380
p1300,post1300,14_09_25,sep25,,,,https://truthsocial.com/@realDonaldTrump/posts/115204049358078594
p1301,post1301,14_09_25,sep25,,,,https://truthsocial.com/@realDonaldTrump/posts/115205301127455058
gtm,George “Tyrus” Murdoch,,,2,3,,
lnt,Late Night Television,,,,,,
dth,Deranged Trump Haters,,,,,,
p1302,post1302,14_09_25,sep25,,,,https://truthsocial.com/@realDonaldTrump/posts/115205520510774944
cn,Chandra Nagamallaiah,,,2,3,,
dal,Dallas,,,,,,
tex,Texas,,,,,,
toho,Tom Homan,,,2,2,,
p1303,post1303,15_09_25,sep25,,,,https://truthsocial.com/@realDonaldTrump/posts/115206570863756188
mpd,Metropolitan Police Department,,,,,,
p1304,post1304,15_09_25,sep25,,,,https://truthsocial.com/@realDonaldTrump/posts/115207991871277413
zm,Zohran Mamdani,,,2,3,,
p1305,post1305,15_09_25,sep25,,,,https://truthsocial.com/@realDonaldTrump/posts/115208143657180249
cfl,College Football,,,,,,
p1306,post1306,15_09_25,sep25,,,,https://truthsocial.com/@realDonaldTrump/posts/115208219886830624
ussaec,U.S. Securities and Exchange Commission,,,,,,
cac,Companies and Corporations,,,,,,
p1307,post1307,15_09_25,sep25,,,,https://truthsocial.com/@realDonaldTrump/posts/115208260926006345
p1308,post1308,15_09_25,sep25,,,,https://truthsocial.com/@realDonaldTrump/posts/115209308362990527
etru,Eric Trump,,,,,,
p1309,post1309,15_09_25,sep25,,,,https://truthsocial.com/@realDonaldTrump/posts/115209549037822166
p1310,post1310,15_09_25,sep25,,,,https://truthsocial.com/@realDonaldTrump/posts/115210075167747572
dtc,Drug Trafficking Cartels,,,,,,
narco,Narcoterrorists,,,,,,
p1311,post1311,15_09_25,sep25,,,,https://truthsocial.com/@realDonaldTrump/posts/115210251262068973
p1312,post1312,15_09_25,sep25,,,,https://truthsocial.com/@realDonaldTrump/posts/115210542156462323
s2bl,Bill Lee,,,2,2,,
mstf,Memphis Safe Task Force,,,,,,
p1313,post1313,15_09_25,sep25,,,,https://truthsocial.com/@realDonaldTrump/posts/115211918198289404
kh,Kamala Harris,,,1,1,,
dis,Disney,,,,,,
s2cbs,CBS,,,,,,
p1314,post1314,16_09_25,sep25,,,,https://truthsocial.com/@realDonaldTrump/posts/115215261916717696
p1315,post1315,16_09_25,sep25,,,,https://truthsocial.com/@realDonaldTrump/posts/115215278610415981
p1316,post1316,16_09_25,sep25,,,,https://truthsocial.com/@realDonaldTrump/posts/115215419860494912
jlin,John Lindsay,,,2,3,,
ppa,Pacific Palisades,,,,,,
ccit,California Citizens,,,,,,
p1317,post1317,16_09_25,sep25,,,,https://truthsocial.com/@realDonaldTrump/posts/115215531079925851
ial,Ilham Aliyev,,,2,3,,
npa,Nikol Pashinyan,,,2,3,,
aze,Azerbaijan,,,,,,
arme,Armenia,,,,,,
p1318,post1318,16_09_25,sep25,,,,https://truthsocial.com/@realDonaldTrump/posts/115215588649960500
fw,Fani Willis,,,1,1,,
nwa,Nathan Wade,,,2,3,,
gsc,Georgia Supreme Court,,,,,,
jsmi,Jack Smith,,,2,3,,
ajs,American Justice System,,,,,,
tog,Taxpayers of Georgia,,,,,,
p1319,post1319,16_09_25,sep25,,,,https://truthsocial.com/@realDonaldTrump/posts/115216434940272027
p1320,post1320,16_09_25,sep25,,,,https://truthsocial.com/@realDonaldTrump/posts/115217256645822887
tpusa,Turning Point USA,,,,,,
p1321,post1321,17_09_25,sep25,,,,https://truthsocial.com/@realDonaldTrump/posts/115222372625104790
jkim,Jimmy Kimmel,,,2,3,,
scol,Stephen Colbert,,,2,3,,
p1322,post1322,17_09_25,sep25,,,,https://truthsocial.com/@realDonaldTrump/posts/115222459539841970
anti,ANTIFA,,,,,,
p1323,post1323,18_09_25,sep25,,,,
hrepu,House Republicans,,,3,2,,
p1324,post1324,18_09_25,sep25,,,,https://truthsocial.com/@realDonaldTrump/posts/115227391845966364
jkw,Kimmel’s wife,,,1,3,,
jkag,Kimmel’s agent,,,2,3,,
p1325,post1325,18_09_25,sep25,,,,https://truthsocial.com/@realDonaldTrump/posts/115227570336805813
chill,Chicago Illegals,,,,,,
p1326,post1326,18_09_25,sep25,,,,https://truthsocial.com/@realDonaldTrump/posts/115227590551904968
peop,people,,,,,,
p1327,post1327,18_09_25,sep25,,,,https://truthsocial.com/@realDonaldTrump/posts/115227870570776224
p1328,post1328,19_09_25,sep25,,,,https://truthsocial.com/@realDonaldTrump/posts/115231649861246548
tito,TikTok,,,,,,
apec,Asia-Pacific Economic Cooperation,,,,,,
p1329,post1329,19_09_25,sep25,,,,https://truthsocial.com/@realDonaldTrump/posts/115232256964155055
rte,Recep Tayyip Erdoğan,,,2,3,,
boe,Boeing F-16,,,,,,
s2boei,Boeing F-35,,,,,,
p1330,post1330,19_09_25,sep25,,,,https://truthsocial.com/@realDonaldTrump/posts/115233272162019294
amerp,American People,,,,,,
corp,Corporations,,,,,,
ttgc,The Trump Gold Card,,,,,,
p1331,post1331,19_09_25,sep25,,,,https://truthsocial.com/@realDonaldTrump/posts/115233273741566911
hdemo,House Democrats,,,,,,
serep,Senate Republicans,,,,,,
jfe,John Fetterman,,,2,1,,
s2dc,D.C.,,,,,,
p1332,post1332,19_09_25,sep25,,,,https://truthsocial.com/@realDonaldTrump/posts/115233555445134712
phe,Pete Hegseth,,,2,2,,
dto,Designated Terrorist Organization,,,,,,
p1333,post1333,19_09_25,sep25,,,,https://truthsocial.com/@realDonaldTrump/posts/115233821158063044
p1334,post1334,19_09_25,sep25,,,,https://truthsocial.com/@realDonaldTrump/posts/115233841743981161
dlet,David Letterman,,,2,3,,
p1335,post1335,20_09_25,sep25,,,,https://truthsocial.com/@realDonaldTrump/posts/115234681538876098
ersie,Erik Siebert,,,2,2,,
mawar,Mark Warner,,,2,1,,
tkai,Tim Kaine,,,2,1,,
p1336,post1336,20_09_25,sep25,,,,https://truthsocial.com/@realDonaldTrump/posts/115237675581682288
mhi,Mental Health Institutions,,,,,2,
s2pr2,Prisoners,,,,,,
p1337,post1337,20_09_25,sep25,,,,https://truthsocial.com/@realDonaldTrump/posts/115238637490866159
nipa,Nicole Parker,,,1,3,,
p1338,post1338,20_09_25,sep25,,,,https://truthsocial.com/@realDonaldTrump/posts/115238745589536576
afg,Afghanistan,,,,,,
baa,Bagram Airbase,,,,,,
p1339,post1339,20_09_25,sep25,,,,https://truthsocial.com/@realDonaldTrump/posts/115239012437859070
p1340,post1340,20_09_25,sep25,,,,https://truthsocial.com/@realDonaldTrump/posts/115239306164275142
lhal,Lindsey Halligan,,,1,3,,
p1341,post1341,20_09_25,sep25,,,,https://truthsocial.com/@realDonaldTrump/posts/115239776714791650
tobla,Todd Blanche,,,2,2,,
marla,Mar-a-Lago,,,,,,
lawfirm,Largest Law Firm in Florida,,,2,2,,
p1342,post1342,22_09_25,sep25,,,,https://truthsocial.com/@realDonaldTrump/posts/115248712390172467
vmil,Venezuelan Militia,,,,,,
p1343,post1343,22_09_25,sep25,,,,https://truthsocial.com/@realDonaldTrump/posts/115249076293700355
kajoto,Kassym-Jomart Kemeluly Tokayev,,,2,3,,
kaz,Kazakhstan,,,,,,
usri,U.S. Rail Industry,,,,,,
p1344,post1344,22_09_25,sep25,,,,https://truthsocial.com/@realDonaldTrump/posts/115250311291343080
shmi,Shavkat Mirziyoyev,,,2,3,,
uzb,Uzbekistan,,,,,,
uza,Uzbekistan Airways,,,,,,
p1345,post1345,23_09_25,sep25,,,,https://truthsocial.com/@realDonaldTrump/posts/115253901757845391
amerci,American Citizens,,,,,,
p1346,post1346,23_09_25,sep25,,,,https://truthsocial.com/@realDonaldTrump/posts/115254363337739989
p1347,post1347,23_09_25,sep25,,,,https://truthsocial.com/@realDonaldTrump/posts/115254544745193117
jami,Javier Milei,,,2,3,,
arg,Argentina,,,,,,
p1348,post1348,23_09_25,sep25,,,,https://truthsocial.com/@realDonaldTrump/posts/115255115250137156
jur,Jury,,,,,,
sser,Secret Service,,,,,,
fdle,Florida Department of Law Enforcement,,,,,,
sher,Sheriff’s Office,,,,,,
sho,Shooter,,,,,,
p1349,post1349,23_09_25,sep25,,,,https://truthsocial.com/@realDonaldTrump/posts/115255130298104593
p1350,post1350,23_09_25,sep25,,,,https://truthsocial.com/@realDonaldTrump/posts/115256938634035559
dnc,Democratic National Committee,,,,,,
p1351,post1351,24_09_25,sep25,,,,https://truthsocial.com/@realDonaldTrump/posts/115260622454907511
p1352,post1352,24_09_25,sep25,,,,https://truthsocial.com/@realDonaldTrump/posts/115260643704742189
rlno,Radical Left News Outfits,,,,,,
p1353,post1353,24_09_25,sep25,,,,https://truthsocial.com/@realDonaldTrump/posts/115261106680507707
icefo,ICE Field Office,,,,,,
s2dt,Domestic Terrorism Networks,,,,,,
p1354,post1354,24_09_25,sep25,,,,https://truthsocial.com/@realDonaldTrump/posts/115261110149678466
gwb,George Walker Bush,,,2,2,,
pv,Popular Vote,,,,,,
p1355,post1355,24_09_25,sep25,,,,https://truthsocial.com/@realDonaldTrump/posts/115261466629181518
p1356,post1356,25_09_25,sep25,,,,https://truthsocial.com/@realDonaldTrump/posts/115264848871452989
jaci,Jack Ciattarelli,,,2,2,,
ms,Mikie Sherrill,,,1,1,,
p1357,post1357,25_09_25,sep25,,,,https://truthsocial.com/@realDonaldTrump/posts/115267382531822964
htm,Heavy Truck Manufacturers,,,,,,
pbt,Peterbilt,,,,,,
knw,Kenworth,,,,,,
fln,Freightliner,,,,,,
mck,Mack Trucks,,,,,,
truk,Truckers,,,,,,
p1358,post1358,25_09_25,sep25,,,,https://truthsocial.com/@realDonaldTrump/posts/115267459188661048
uscam,US Cabinet Manufacturers,,,,,,
usfur,US Furniture Manufacturers,,,,,,
usman,US Manufacturing Sector,,,,,,
p1359,post1359,25_09_25,sep25,,,,https://truthsocial.com/@realDonaldTrump/posts/115267512131958759
phco,Pharmaceutical Companies,,,,,,
usphm,U.S. Pharmaceutical Manufacturing,,,,,,
p1360,post1360,25_09_25,sep25,,,,https://truthsocial.com/@realDonaldTrump/posts/115267513846352215
jco,James Comey,,,2,3,,
gj,Grand Jury,,,,,,
p1361,post1361,25_09_25,sep25,,,,https://truthsocial.com/@realDonaldTrump/posts/115267566687091858
p1362,post1362,26_09_25,sep25,,,,https://truthsocial.com/@realDonaldTrump/posts/115270236987768479
p1363,post1363,26_09_25,sep25,,,,https://truthsocial.com/@realDonaldTrump/posts/115270250599016202
p1364,post1364,26_09_25,sep25,,,,https://truthsocial.com/@realDonaldTrump/posts/115271135823530018
p1365,post1365,26_09_25,sep25,,,,https://truthsocial.com/@realDonaldTrump/posts/115272539858157742
aea,Amelia Earhart,,,1,3,,
p1366,post1366,26_09_25,sep25,,,,https://truthsocial.com/@realDonaldTrump/posts/115272758814629814
micr,Microsoft,,,,,,
p1367,post1367,26_09_25,sep25,,,,https://truthsocial.com/@realDonaldTrump/posts/115272791741064606
brca,Brendan Carr,,,2,2,,
p1368,post1368,26_09_25,sep25,,,,https://truthsocial.com/@realDonaldTrump/posts/115272913573921379
p1369,post1369,26_09_25,sep25,,,,https://truthsocial.com/@realDonaldTrump/posts/115273002921064922
kbp,Kash Patel,,,2,3,,
p1370,post1370,27_09_25,sep25,,,,https://truthsocial.com/@realDonaldTrump/posts/115276694936263266
por,Portland,,,,,,
p1371,post1371,27_09_25,sep25,,,,https://truthsocial.com/@realDonaldTrump/posts/115277207989888806
cwra,Christopher Wray,,,2,2,,
pol,Politicians (unspecific),,,,,,
p1372,post1372,27_09_25,sep25,,,,https://truthsocial.com/@realDonaldTrump/posts/115277958170081067
ccr,Chris Christie,,,2,2,,
p1373,post1373,27_09_25,sep25,,,,https://truthsocial.com/@realDonaldTrump/posts/115279734861052153
domu,Douglas Murray,,,2,3,,
p1374,post1374,28_09_25,sep25,,,,https://truthsocial.com/@realDonaldTrump/posts/115282475594529474
kich,King Charles,,,2,3,,
qc,Queen Camilla,,,3,3,,
rfam,Royal Family,,,,,,
p1375,post1375,28_09_25,sep25,,,,https://truthsocial.com/@realDonaldTrump/posts/115283020712432544
p1376,post1376,28_09_25,sep25,,,,https://truthsocial.com/@realDonaldTrump/posts/115283456384015419
rmn,Russell M. Nelson,,,2,3,,
wnel,Wendy Nelson,,,1,2,,
cjcls,Church of Jesus Christ of Latter-day Saints,,,,,,
p1377,post1377,28_09_25,sep25,,,,https://truthsocial.com/@realDonaldTrump/posts/115283825662825835
p1378,post1378,28_09_25,sep25,,,,https://truthsocial.com/@realDonaldTrump/posts/115285407847623317
p1379,post1379,29_09_25,sep25,,,,https://truthsocial.com/@realDonaldTrump/posts/115287641147640374
p1380,post1380,29_09_25,sep25,,,,https://truthsocial.com/@realDonaldTrump/posts/115287691323395767
p1381,post1381,29_09_25,sep25,,,,https://truthsocial.com/@realDonaldTrump/posts/115287723938349086
p1382,post1382,01_10_25,oct25,,,,https://truthsocial.com/@realDonaldTrump/posts/115300118756896774
p1383,post1383,01_10_25,oct25,,,,https://truthsocial.com/@realDonaldTrump/posts/115300121637799728
p1384,post1384,01_10_25,oct25,,,,https://truthsocial.com/@realDonaldTrump/posts/115300187189696754
p1385,post1385,01_10_25,oct25,,,,https://truthsocial.com/@realDonaldTrump/posts/115300247218302066
p1386,post1386,01_10_25,oct25,,,,https://truthsocial.com/@realDonaldTrump/posts/115300785090391636
mawa,Maxine Waters,,,1,1,,
p1387,post1387,01_10_25,oct25,,,,https://truthsocial.com/@realDonaldTrump/posts/115302268694968810
p1388,post1388,02_10_25,oct25,,,,https://truthsocial.com/@realDonaldTrump/posts/115304401783234720
p1389,post1389,02_10_25,oct25,,,,https://truthsocial.com/@realDonaldTrump/posts/115304455138824245
rv,Russ Vought,,,2,2,,
p1390,post1390,02_10_25,oct25,,,,https://truthsocial.com/@realDonaldTrump/posts/115304536210429622
p1391,post1391,03_10_25,oct25,,,,https://truthsocial.com/@realDonaldTrump/posts/115310630808491399
p1392,post1392,03_10_25,oct25,,,,https://truthsocial.com/@realDonaldTrump/posts/115311008657859843
idah,Idaho,,,,,,
p1393,post1393,03_10_25,oct25,,,,https://truthsocial.com/@realDonaldTrump/posts/115311232842528048
hs,Homeland Security,,,,,,
s2ct2,Counterterrorism,,,,,,
p1394,post1394,03_10_25,oct25,,,,https://truthsocial.com/@realDonaldTrump/posts/115311360340851958
p1395,post1395,03_10_25,oct25,,,,https://truthsocial.com/@realDonaldTrump/posts/115311560762123348
mve,Matt Van Epps,,,2,2,,
jjd,Jim Jordan,,,2,2,,
p1396,post1396,03_10_25,oct25,,,,https://truthsocial.com/@realDonaldTrump/posts/115312298602997974
p1397,post1397,03_10_25,oct25,,,,https://truthsocial.com/@realDonaldTrump/posts/115312550655380642
ussn,U.S. Navy,,,,,,
joph,John Phelan,,,2,2,,
hjeff,Hakeem Jeffries,,,2,1,,
p1398,post1398,03_10_25,oct25,,,,https://truthsocial.com/@realDonaldTrump/posts/115312821068691123
p1399,post1399,04_10_25,oct25,,,,https://truthsocial.com/@realDonaldTrump/posts/115316576281168745
p1400,post1400,04_10_25,oct25,,,,https://truthsocial.com/@realDonaldTrump/posts/115317676598981431
kaho,Kathy Hochul,,,1,1,,
txex,Texas Exchange,,,,,,
p1401,post1401,04_10_25,oct25,,,,https://truthsocial.com/@realDonaldTrump/posts/115317679562891817
p1402,post1402,04_10_25,oct25,,,,https://truthsocial.com/@realDonaldTrump/posts/115318223084524890
p1403,post1403,05_10_25,oct25,,,,https://truthsocial.com/@realDonaldTrump/posts/115321994845181490
p1404,post1404,05_10_25,oct25,,,,https://truthsocial.com/@realDonaldTrump/posts/115322323424244142
s2jj2,Jay Jones,,,2,1,,
jimi,Jason Miyares,,,2,2,,
p1405,post1405,05_10_25,oct25,,,,https://truthsocial.com/@realDonaldTrump/posts/115322333732211990
s2pd,Peter Doocy,,,2,3,,
mkel,Mark Kelly,,,2,1,,
p1406,post1406,05_10_25,oct25,,,,https://truthsocial.com/@realDonaldTrump/posts/115323790604734426
p1407,post1407,05_10_25,oct25,,,,https://truthsocial.com/@realDonaldTrump/posts/115324114715261770
opec,OPEC,,,,,,
bhb,Big Homebuilders,,,,,,
fmac,Freddie Mac,,,,,,
p1408,post1408,05_10_25,oct25,,,,https://truthsocial.com/@realDonaldTrump/posts/115324116995053528
alsh,Al Sharpton,,,2,1,,
p1409,post1409,06_10_25,oct25,,,,https://truthsocial.com/@realDonaldTrump/posts/115327091437197645
p1410,post1410,06_10_25,oct25,,,,https://truthsocial.com/@realDonaldTrump/posts/115327555965429625
pmj,Prime Minister of Japan,,,1,3,,
p1411,post1411,06_10_25,oct25,,,,https://truthsocial.com/@realDonaldTrump/posts/115328193599837767
braz,Brazil,,,,,,
lula,President Lula,,,2,3,,
p1412,post1412,06_10_25,oct25,,,,https://truthsocial.com/@realDonaldTrump/posts/115328463321928109
p1413,post1413,06_10_25,oct25,,,,https://truthsocial.com/@realDonaldTrump/posts/115329671584864920
p1414,post1414,07_10_25,oct25,,,,https://truthsocial.com/@realDonaldTrump/posts/115332793655857227
mbau,Michael Baumgartner,,,2,2,,
p1415,post1415,07_10_25,oct25,,,,https://truthsocial.com/@realDonaldTrump/posts/115332808536869094
p1416,post1416,07_10_25,oct25,,,,https://truthsocial.com/@realDonaldTrump/posts/115332976894666371
p1417,post1417,07_10_25,oct25,,,,https://truthsocial.com/@realDonaldTrump/posts/115335941705023271
rbl,Richard Blumenthal,,,2,1,,
p1418,post1418,07_10_25,oct25,,,,https://truthsocial.com/@realDonaldTrump/posts/115335985411793079
p1419,post1419,07_10_25,oct25,,,,https://truthsocial.com/@realDonaldTrump/posts/115336083572186272
bidoj,Biden DOJ,,,,,,
repsen,Republican Senators,,,,,,
repcong,Republican Congressman,,,,,,
p1420,post1420,08_10_25,oct25,,,,https://truthsocial.com/@realDonaldTrump/posts/115336552194960046
p1421,post1421,08_10_25,oct25,,,,https://truthsocial.com/@realDonaldTrump/posts/115338509988551290
p1422,post1422,08_10_25,oct25,,,,https://truthsocial.com/@realDonaldTrump/posts/115339108942948542
uth,James Uthmeier,,,2,2,,
alal,Alligator Alcatraz,,,,,,
scot,United States Supreme Court,,,,,,
dsb,Deep State bureaucrats,,,,,,
cped,Criminal Pedophiles,,,,,,
lemb,Members of Law Enforcement,,,,,,
p1423,post1423,08_10_25,oct25,,,,https://truthsocial.com/@realDonaldTrump/posts/115339130014906858
csmi,Chris Smith,,,2,2,,
amerf,American Forces,,,,,,
hcfa,House Committee on Foreign Affairs,,,,,,
p1424,post1424,08_10_25,oct25,,,,https://truthsocial.com/@realDonaldTrump/posts/115339214405326306
hjso,House Judiciary Subcommittee on Oversight,,,,,,
ponj,People of New Jersey’s 2nd Congressional District,,,,,,
p1425,post1425,08_10_25,oct25,,,,https://truthsocial.com/@realDonaldTrump/posts/115340993884364431
p1426,post1426,09_10_25,oct25,,,,https://truthsocial.com/@realDonaldTrump/posts/115344029460933968
mihu,Mike Huckabee,,,2,2,,
miea,Middle East,,,,,,
p1427,post1427,09_10_25,oct25,,,,https://truthsocial.com/@realDonaldTrump/posts/115344056627930464
eyl,Eylon Levy,,,,,,
p1428,post1428,09_10_25,oct25,,,,https://truthsocial.com/@realDonaldTrump/posts/115344969648448054
beca,Ben Carson,,,2,2,,
p1429,post1429,09_10_25,oct25,,,,https://truthsocial.com/@realDonaldTrump/posts/115344973130792718
p1430,post1430,09_10_25,oct25,,,,https://truthsocial.com/@realDonaldTrump/posts/115345041705180674
twc,Third World Countries,,,,,,
p1431,post1431,10_10_25,oct25,,,,https://truthsocial.com/@realDonaldTrump/posts/115350455734003647
p1432,post1432,10_10_25,oct25,,,,https://truthsocial.com/@realDonaldTrump/posts/115351840469973590
p1433,post1433,10_10_25,oct25,,,,https://truthsocial.com/@realDonaldTrump/posts/115353404685317152
uscab,U.S. Attorney in D.C.,,,,,,
p1434,post1434,11_10_25,oct25,,,,https://truthsocial.com/@realDonaldTrump/posts/115356736998906023
tro,Troops,,,,,,
p1435,post1435,11_10_25,oct25,,,,https://truthsocial.com/@realDonaldTrump/posts/115359097815090250
s2bb,Bill Brennan,,,2,3,,
p1436,post1436,12_10_25,oct25,,,,https://truthsocial.com/@realDonaldTrump/posts/115359298785234325
s2ds,Dan Scavino,,,2,,,
sego,Sergio Gor,,,2,3,,
whppo,White House Presidential Personnel Office,,,,,,
p1437,post1437,12_10_25,oct25,,,,https://truthsocial.com/@realDonaldTrump/posts/115359345947837427
fbiag,FBI Agents,,,,,,
p1438,post1438,12_10_25,oct25,,,,https://truthsocial.com/@realDonaldTrump/posts/115361806192142146
asch,Adam Schiff,,,2,1,,
p1439,post1439,12_10_25,oct25,,,,https://truthsocial.com/@realDonaldTrump/posts/115362196088273474
p1440,post1440,12_10_25,oct25,,,,https://truthsocial.com/@realDonaldTrump/posts/115362973187528235
acu,America’s Colleges and Universities,,,,,,
you,Youth,,,,,,
soci,Society,,,,,,
p1441,post1441,12_10_25,oct25,,,,https://truthsocial.com/@realDonaldTrump/posts/115362978954725477
lcb,Lord Conrad Black,,,2,3,,
p1442,post1442,13_10_25,oct25,,,,https://truthsocial.com/@realDonaldTrump/posts/115367574318732455
p1443,post1443,14_10_25,oct25,,,,https://truthsocial.com/@realDonaldTrump/posts/115370746210555899
gime,Giorgia Meloni,,,1,3,,
ital,People of Italy,,,,,,
p1444,post1444,14_10_25,oct25,,,,https://truthsocial.com/@realDonaldTrump/posts/115370891823342027
p1445,post1445,14_10_25,oct25,,,,https://truthsocial.com/@realDonaldTrump/posts/115370899456605514
tm,Time Magazine,,,,,,
p1446,post1446,14_10_25,oct25,,,,https://truthsocial.com/@realDonaldTrump/posts/115373521310796812
p1447,post1447,14_10_25,oct25,,,,https://truthsocial.com/@realDonaldTrump/posts/115373569028997850
p1448,post1448,14_10_25,oct25,,,,https://truthsocial.com/@realDonaldTrump/posts/115373650611754631
p1449,post1449,14_10_25,oct25,,,,https://truthsocial.com/@realDonaldTrump/posts/115373751811822463
vsl,Vessel,,,2,2,,
p1450,post1450,14_10_25,oct25,,,,https://truthsocial.com/@realDonaldTrump/posts/115374202790006886
p1451,post1451,14_10_25,oct25,,,,https://truthsocial.com/@realDonaldTrump/posts/115374972311663773
peopa,people of Argentina,,,,,,
p1452,post1452,14_10_25,oct25,,,,https://truthsocial.com/@realDonaldTrump/posts/115375105881550079
bobo,Bob Onder,,,2,2,,
p1453,post1453,14_10_25,oct25,,,,https://truthsocial.com/@realDonaldTrump/posts/115375106561964982
nedu,Neal Dunn,,,2,2,,
p1454,post1454,14_10_25,oct25,,,,https://truthsocial.com/@realDonaldTrump/posts/115375107170577916
kaca,Kat Cammack,,,1,2,,
p1455,post1455,14_10_25,oct25,,,,https://truthsocial.com/@realDonaldTrump/posts/115375107555771159
s2ll2,Laurel Lee,,,1,2,,
p1456,post1456,14_10_25,oct25,,,,https://truthsocial.com/@realDonaldTrump/posts/115375108572896191
timm,Tim Moore,,,2,2,,
p1457,post1457,14_10_25,oct25,,,,https://truthsocial.com/@realDonaldTrump/posts/115375108797044323
s2vf,Vince Fong,,,2,2,,
p1458,post1458,14_10_25,oct25,,,,https://truthsocial.com/@realDonaldTrump/posts/115375109495548501
witi,William Timmons,,,2,2,,
p1459,post1459,14_10_25,oct25,,,,https://truthsocial.com/@realDonaldTrump/posts/115375110148150196
s2rf,Russell Fry,,,2,2,,
p1460,post1460,14_10_25,oct25,,,,https://truthsocial.com/@realDonaldTrump/posts/115375110884191581
s2tc,Tom Cole,,,2,2,,
p1461,post1461,14_10_25,oct25,,,,https://truthsocial.com/@realDonaldTrump/posts/115375111830070922
jomo,John Moolenaar,,,2,2,,
p1468,post1468,16_10_25,oct25,,,,https://truthsocial.com/@realDonaldTrump/posts/115384523296720119
p1462,post1462,16_10_25,oct25,,,,https://truthsocial.com/@realDonaldTrump/posts/115384956858741387
p1463,post1463,16_10_25,oct25,,,,https://truthsocial.com/@realDonaldTrump/posts/115385030312911724
p1464,post1464,16_10_25,oct25,,,,https://truthsocial.com/@realDonaldTrump/posts/115385308751129485
imo,International Maritime Organization,,,,,,
p1465,post1465,16_10_25,oct25,,,,https://truthsocial.com/@realDonaldTrump/posts/115386860322605604
uato,U.S. Attorneys,,,,,,
chgr,Chuck Grassley,,,2,2,,
p1466,post1466,16_10_25,oct25,,,,https://truthsocial.com/@realDonaldTrump/posts/115386862652518090
afacad,U.S. Air Force Academy Cadets,,,,,,
cadchap,Cadet Chapel,,,,,,
p1467,post1467,16_10_25,oct25,,,,https://truthsocial.com/@realDonaldTrump/posts/115387504970821391
usac,U.S. Attorney Candidates,,,,,,
dsen,Democratic Senators,,,,,,
p1469,post1469,17_10_25,oct25,,,,https://truthsocial.com/@realDonaldTrump/posts/115391463725537040
p1470,post1470,17_10_25,oct25,,,,https://truthsocial.com/@realDonaldTrump/posts/115391496046848119
ponc,people of North Carolina,,,,,,
p1471,post1471,17_10_25,oct25,,,,https://truthsocial.com/@realDonaldTrump/posts/115391767709119144
gesa,George Santos,,,2,2,,
p1472,post1472,17_10_25,oct25,,,,https://truthsocial.com/@realDonaldTrump/posts/115391842662459841
thom,Thomas Massie,,,2,2,,
p1473,post1473,17_10_25,oct25,,,,https://truthsocial.com/@realDonaldTrump/posts/115391855540856433
edga,Ed Gallrein,,,2,2,,
pk,People of Kentucky,,,,,,
p1474,post1474,18_10_25,oct25,,,,https://truthsocial.com/@realDonaldTrump/posts/115396632441470075
sub,Drug-carrying Submarine,,,,,,
usint,U.S. Intelligence,,,,,,
ecu,Ecuador,,,,,,
s2usf,U.S. Forces,,,,,,
p1475,post1475,19_10_25,oct25,,,,https://truthsocial.com/@realDonaldTrump/posts/115401182824973489
subsi,USA Payments,,,,,,
drugfields,Drug Production Fields in Colombia,,,,,,
p1476,post1476,19_10_25,oct25,,,,https://truthsocial.com/@realDonaldTrump/posts/115401193724514444
p1477,post1477,19_10_25,oct25,,,,https://truthsocial.com/@realDonaldTrump/posts/115402354000676703
msav,Mark Savaya,,,2,3,,
musam,Muslim Americans,,,,,,
mich,Michigan,,,,,,
p1478,post1478,20_10_25,oct25,,,,https://truthsocial.com/@realDonaldTrump/posts/115408277865887528
wcr,William Crain,,,2,3,,
lsu,Louisiana State University,,,,,,
lsc,Louisiana Supreme Court,,,,,,
usdcl,United States District Court for the Eastern District of Louisiana,,,,,,
p1479,post1479,20_10_25,oct25,,,,https://truthsocial.com/@realDonaldTrump/posts/115408279042674945
avh,Alexander Van Hook,,,2,3,,
ccl,Centenary College of Louisiana,,,,,,
usdclw,United States District Court for the Western District of Louisiana,,,,,,
crights,Constitutional Rights,,,,,,
p1480,post1480,20_10_25,oct25,,,,https://truthsocial.com/@realDonaldTrump/posts/115408594704490513
whball,White House Ballroom,,,,,,
ew,East Wing,,,,,,
p1481,post1481,20_10_25,oct25,,,,https://truthsocial.com/@realDonaldTrump/posts/115408916651989676
p1482,post1482,20_10_25,oct25,,,,https://truthsocial.com/@realDonaldTrump/posts/115408922697857899
cou,Country,,,,,,
p1483,post1483,20_10_25,oct25,,,,https://truthsocial.com/@realDonaldTrump/posts/115408925114284473
kash,Kash,,,2,3,,
dan,Dan,,,2,3,,
andi,Andrew,,,2,3,,
vcrim,Violent Criminals,,,,,,
cpred,child predators,,,,,,
htraf,human traffickers,,,,,,
cent,Criminal Enterprises,,,,,,
ichild,innocent children,,,,,,
p1484,post1484,21_10_25,oct25,,,,https://truthsocial.com/@realDonaldTrump/posts/115412289768445562
mea,Middle East Allies,,,,,,
indo,Indonesia,,,,,,
p1485,post1485,21_10_25,oct25,,,,https://truthsocial.com/@realDonaldTrump/posts/115414670134103540
pg,Paul Gosar,,,2,2,,
az9,Arizona 9th Congressional District,,,,,,
ae,American Energy,,,,,,
p1486,post1486,22_10_25,oct25,,,,https://truthsocial.com/@realDonaldTrump/posts/115418813519600271
catr,Cattle Ranchers,,,,,,
consu,Consumers,,,,,,
p1487,post1487,22_10_25,oct25,,,,https://truthsocial.com/@realDonaldTrump/posts/115418834028774105
p1488,post1488,22_10_25,oct25,,,,https://truthsocial.com/@realDonaldTrump/posts/115418866635313882
mbar,Mary Barra,,,1,,,
bifo,Bill Ford,,,,,,
tmf,Truck and Car Manufacturers,,,,,,
p1489,post1489,22_10_25,oct25,,,,https://truthsocial.com/@realDonaldTrump/posts/115419510654451460
p1490,post1490,22_10_25,oct25,,,,https://truthsocial.com/@realDonaldTrump/posts/115419577297297862
s2mk,Mike Kehoe,,,2,2,,
p1491,post1491,22_10_25,oct25,,,,https://truthsocial.com/@realDonaldTrump/posts/115419580763584285
jpill,Jim Pillen,,,2,2,,
neb,Nebraska,,,,,,
csp,Cornhusker State People,,,,,,
p1492,post1492,22_10_25,oct25,,,,https://truthsocial.com/@realDonaldTrump/posts/115419583758354199
llb,Leech Lake Band of Ojibwe,,,,,,
com,Community Members,,,,,,
p1493,post1493,22_10_25,oct25,,,,https://truthsocial.com/@realDonaldTrump/posts/115419584805414647
midu,Mike Dunleavy,,,2,2,,
p1494,post1494,22_10_25,oct25,,,,https://truthsocial.com/@realDonaldTrump/posts/115419589580674458
ws,Wilton Simpson,,,2,2,,
p1495,post1495,22_10_25,oct25,,,,https://truthsocial.com/@realDonaldTrump/posts/115419686256202789
wsj,The Wall Street Journal,,,,,,
p1496,post1496,22_10_25,oct25,,,,https://truthsocial.com/@realDonaldTrump/posts/115420411260976917
p1497,post1497,22_10_25,oct25,,,,https://truthsocial.com/@realDonaldTrump/posts/115420439983527137
s2tr,Teddy Roosevelt,,,2,2,,
p1498,post1498,22_10_25,oct25,,,,
pous,People of the United States,,,,,,
p1499,post1499,22_10_25,oct25,,,,https://truthsocial.com/@realDonaldTrump/posts/115420686286814272
p1500,post1500,23_10_25,oct25,,,,https://truthsocial.com/@realDonaldTrump/posts/115421521228626427
ka,Kelly Armstrong,,,2,2,,
noda,North Dakota,,,,,,
pond,People of North Dakota,,,,,,
p1501,post1501,23_10_25,oct25,,,,https://truthsocial.com/@realDonaldTrump/posts/115424560133045127
safr,San Francisco,,,,,,
dl,Daniel Lurie,,,2,1,,
jehu,Jensen Huang,,,2,3,,
mabe,Marc Benioff,,,2,3,,
p1502,post1502,23_10_25,oct25,,,,https://truthsocial.com/@realDonaldTrump/posts/115425827275887037
p1503,post1503,23_10_25,oct25,,,,https://truthsocial.com/@realDonaldTrump/posts/115426103540693339
pare,Parents,,,,,,
p1504,post1504,23_10_25,oct25,,,,https://truthsocial.com/@realDonaldTrump/posts/115426967566430347
rrf,Ronald Reagan Foundation,,,,,,
p1505,post1505,24_10_25,oct25,,,,https://truthsocial.com/@realDonaldTrump/posts/115428798659352209
for,Ford,,,,,,
p1506,post1506,24_10_25,oct25,,,,https://truthsocial.com/@realDonaldTrump/posts/115428874684902595
p1507,post1507,24_10_25,oct25,,,,https://truthsocial.com/@realDonaldTrump/posts/115428915165145135
s2sm,Stock Market,,,,,,
p1508,post1508,24_10_25,oct25,,,,https://truthsocial.com/@realDonaldTrump/posts/115431695569678615
acly,Andrew Clyde,,,,,,
p1509,post1509,24_10_25,oct25,,,,https://truthsocial.com/@realDonaldTrump/posts/115432378654253078
p1510,post1510,25_10_25,oct25,,,,https://truthsocial.com/@realDonaldTrump/posts/115433006793180195
elcr,Eli Crane,,,2,2,,
p1511,post1511,25_10_25,oct25,,,,https://truthsocial.com/@realDonaldTrump/posts/115433008069468996
nila,Nick Langworthy,,,2,2,,
p1512,post1512,25_10_25,oct25,,,,https://truthsocial.com/@realDonaldTrump/posts/115433009519508016
s2ks2,Keith Self,,,2,2,,
p1513,post1513,25_10_25,oct25,,,,https://truthsocial.com/@realDonaldTrump/posts/115433010108866479
trne,Troy Nehls,,,2,2,,
p1514,post1514,25_10_25,oct25,,,,https://truthsocial.com/@realDonaldTrump/posts/115433010735171759
s2lg,Lance Gooden,,,2,2,,
p1515,post1515,25_10_25,oct25,,,,https://truthsocial.com/@realDonaldTrump/posts/115433011374281959
jael,Jake Ellzey,,,2,2,,
p1516,post1516,25_10_25,oct25,,,,https://truthsocial.com/@realDonaldTrump/posts/115433013192840304
p1517,post1517,25_10_25,oct25,,,,https://truthsocial.com/@realDonaldTrump/posts/115433013824981623
briba,Brian Babin,,,2,2,,
p1518,post1518,25_10_25,oct25,,,,https://truthsocial.com/@realDonaldTrump/posts/115434861975122052
s2gm2,Greg Murphy,,,2,2,,
p1519,post1519,25_10_25,oct25,,,,https://truthsocial.com/@realDonaldTrump/posts/115434862488071211
p1520,post1520,25_10_25,oct25,,,,https://truthsocial.com/@realDonaldTrump/posts/115434864384907731
s2bk,Brad Knott,,,2,2,,
p1521,post1521,25_10_25,oct25,,,,https://truthsocial.com/@realDonaldTrump/posts/115434864876564194
miez,Mike Ezell,,,2,2,,
p1522,post1522,25_10_25,oct25,,,,https://truthsocial.com/@realDonaldTrump/posts/115434866506983325
dlah,Darin LaHood,,,2,2,,
hwc,House Ways & Means Committee,,,,,,
p1523,post1523,25_10_25,oct25,,,,https://truthsocial.com/@realDonaldTrump/posts/115434867478490056
mstz,Marlin Stutzman,,,2,2,,
p1524,post1524,25_10_25,oct25,,,,https://truthsocial.com/@realDonaldTrump/posts/115434868395866889
p1525,post1525,25_10_25,oct25,,,,https://truthsocial.com/@realDonaldTrump/posts/115434869707731740
jhurd,Jeff Hurd,,,2,2,,
p1526,post1526,25_10_25,oct25,,,,https://truthsocial.com/@realDonaldTrump/posts/115434873038322093
p1527,post1527,25_10_25,oct25,,,,https://truthsocial.com/@realDonaldTrump/posts/115434874266267478
mhar,Mike Haridopolos,,,2,2,,
p1528,post1528,25_10_25,oct25,,,,https://truthsocial.com/@realDonaldTrump/posts/115434875694997684
gste,Greg Steube,,,2,2,,
p1529,post1529,25_10_25,oct25,,,,https://truthsocial.com/@realDonaldTrump/posts/115434876884564053
lmc,Lisa McClain,,,1,2,,
p1530,post1530,25_10_25,oct25,,,,https://truthsocial.com/@realDonaldTrump/posts/115434906751111005
jberg,Jack Bergman,,,2,2,,
p1531,post1531,25_10_25,oct25,,,,https://truthsocial.com/@realDonaldTrump/posts/115435125397678740
s2nypd,NYPD,,,,,,
nyfd,NYFD,,,,,,
p1532,post1532,25_10_25,oct25,,,,https://truthsocial.com/@realDonaldTrump/posts/115435565492870939
amcd,Addison McDowell,,,1,2,,
p1533,post1533,25_10_25,oct25,,,,https://truthsocial.com/@realDonaldTrump/posts/115435565975811522
drou,David Rouzer,,,2,2,,
p1534,post1534,25_10_25,oct25,,,,https://truthsocial.com/@realDonaldTrump/posts/115435567269756205
rhus,Richard Hudson,,,2,2,,
p1535,post1535,25_10_25,oct25,,,,https://truthsocial.com/@realDonaldTrump/posts/115436151669143136
jpat,Jimmy Patronis,,,2,2,,
s2farm,American Farmers / Agriculture,,,,,,
p1536,post1536,25_10_25,oct25,,,,https://truthsocial.com/@realDonaldTrump/posts/115436558661444946
p1537,post1537,25_10_25,oct25,,,,https://truthsocial.com/@realDonaldTrump/posts/115436697060819133
p1538,post1538,25_10_25,oct25,,,,https://truthsocial.com/@realDonaldTrump/posts/115437112529618205
cam,Cambodia,,,,,,
mal,Malaysia,,,,,,
qmth,Queen Mother of Thailand,,,,,,
popth,People of Thailand,,,,,,
pmot,Prime Minister of Thailand,,,,,,
p1539,post1539,26_10_25,oct25,,,,https://truthsocial.com/@realDonaldTrump/posts/115441871289276790
nba,NBA Players,,,,,,
p1540,post1540,26_10_25,oct25,,,,https://truthsocial.com/@realDonaldTrump/posts/115442316583935494
p1541,post1541,26_10_25,oct25,,,,https://truthsocial.com/@realDonaldTrump/posts/115443565409065734
p1542,post1542,27_10_25,oct25,,,,https://truthsocial.com/@realDonaldTrump/posts/115444163384468198
peopag,People of Argentina,,,,,,
p1543,post1543,27_10_25,oct25,,,,https://truthsocial.com/@realDonaldTrump/posts/115444830915442121
as,Abigail Spanberger,,,1,1,,
p1544,post1544,27_10_25,oct25,,,,https://truthsocial.com/@realDonaldTrump/posts/115444894900287475
p1545,post1545,27_10_25,oct25,,,,https://truthsocial.com/@realDonaldTrump/posts/115444908825959315
p1546,post1546,27_10_25,oct25,,,,https://truthsocial.com/@realDonaldTrump/posts/115444924244999128
s2pres,Presidents,,,,,,
p1547,post1547,27_10_25,oct25,,,,https://truthsocial.com/@realDonaldTrump/posts/115444936741535260
s2pep,People,,,,,,
p1548,post1548,27_10_25,oct25,,,,https://truthsocial.com/@realDonaldTrump/posts/115445084269284249
p1549,post1549,28_10_25,oct25,,,,https://truthsocial.com/@realDonaldTrump/posts/115455332224820388
p1550,post1550,29_10_25,oct25,,,,https://truthsocial.com/@realDonaldTrump/posts/115456708839350276
p1551,post1551,29_10_25,oct25,,,,https://truthsocial.com/@realDonaldTrump/posts/115458478288023570
p1552,post1552,29_10_25,oct25,,,,https://truthsocial.com/@realDonaldTrump/posts/115459203578150327
p1553,post1553,29_10_25,oct25,,,,https://truthsocial.com/@realDonaldTrump/posts/115459446440286252
s2wg,Walter Giardina,,,2,3,,
jabr,Jay Bratt,,,2,3,,
noei,Norm Eisen,,,2,1,,
crew,crew,,,,,,
towi,Thomas Windom,,,2,3,,
p1554,post1554,29_10_25,oct25,,,,https://truthsocial.com/@realDonaldTrump/posts/115459554252660428
p1555,post1555,29_10_25,oct25,,,,https://truthsocial.com/@realDonaldTrump/posts/115459612900259962
p1556,post1556,29_10_25,oct25,,,,https://truthsocial.com/@realDonaldTrump/posts/115459641125796285
s2bg,Bill Gates,,,,,,
p1557,post1557,29_10_25,oct25,,,,https://truthsocial.com/@realDonaldTrump/posts/115459650821125830
skco,South Korean Companies,,,,,,
mial,Military Alliance,,,,,,
p1558,post1558,29_10_25,oct25,,,,https://truthsocial.com/@realDonaldTrump/posts/115459712836946359
s2ps,Philadelphia Shipyards,,,,,,
p1559,post1559,29_10_25,oct25,,,,https://truthsocial.com/@realDonaldTrump/posts/115460423936412555
dow,Department of War,,,,,,
p1560,post1560,29_10_25,oct25,,,,https://truthsocial.com/@realDonaldTrump/posts/115460439199531354
gtwo,G2,,,,,,
p1561,post1561,30_10_25,oct25,,,,https://truthsocial.com/@realDonaldTrump/posts/115462006949579771
p1562,post1562,30_10_25,oct25,,,,https://truthsocial.com/@realDonaldTrump/posts/115462098072054944
crwr,Chris Wray,,,2,2,,
ente,Energy teams,,,,,,
sgp,Singapore,,,,,20,
p1563,post1563,30_10_25,oct25,,,,https://truthsocial.com/@realDonaldTrump/posts/115464125214326353
p1564,post1564,30_10_25,oct25,,,,https://truthsocial.com/@realDonaldTrump/posts/115464409692406079
mdcstf,Make D.C. Safe Task Force,,,,,,
p1565,post1565,30_10_25,oct25,,,,https://truthsocial.com/@realDonaldTrump/posts/115466017324489749
obamac,Obamacare,,,,,2,
p1566,post1566,30_10_25,oct25,,,,https://truthsocial.com/@realDonaldTrump/posts/115466450476422202
joma,Joe Manchin,,,,,,
kysi,Kyrsten Sinema,,,,,,
hare,Harry Reid,,,,,,
p1567,post1567,31_10_25,oct25,,,,https://truthsocial.com/@realDonaldTrump/posts/115469852646643521
p1568,post1568,31_10_25,oct25,,,,https://truthsocial.com/@realDonaldTrump/posts/115470031277654302
p1569,post1569,31_10_25,oct25,,,,https://truthsocial.com/@realDonaldTrump/posts/115470116607441456
radislam,Radical Islamists,,,,,,
jrm,John Riley Moore,,,2,2,,
hapc,House Appropriations Committee,,,2,2,,
p1570,post1570,31_10_25,oct25,,,,https://truthsocial.com/@realDonaldTrump/posts/115471065919157533
snap,SNAP,,,,,,
s2courts,Courts,,,,,,
uslaw,US Government Lawyers,,,,,,
p1571,post1571,01_11_25,nov25,,,,https://truthsocial.com/@realDonaldTrump/posts/115476218592581611
p1572,post1572,01_11_25,nov25,,,,https://truthsocial.com/@realDonaldTrump/posts/115476261248208645
p1573,post1573,01_11_25,nov25,,,,https://truthsocial.com/@realDonaldTrump/posts/115476385101120405
ngov,Nigerian Government,,,,,,
it,Islamic Terrorists,,,,,,
chr,Christians,,,,,,
p1574,post1574,01_11_25,nov25,,,,https://truthsocial.com/@realDonaldTrump/posts/115476637068029863
p1575,post1575,02_11_25,nov25,,,,https://truthsocial.com/@realDonaldTrump/posts/115478361803609448
s2dod,L.A. Dodgers,,,,,,
p1576,post1576,02_11_25,nov25,,,,https://truthsocial.com/@realDonaldTrump/posts/115482790527492824
brbl,Bruce Blakeman,,,2,2,,
p1577,post1577,02_11_25,nov25,,,,https://truthsocial.com/@realDonaldTrump/posts/115482797655964985
p1578,post1578,02_11_25,nov25,,,,https://truthsocial.com/@realDonaldTrump/posts/115482817545218922
jeco,Orthodox Jewish communities,,,,,,
p1579,post1579,02_11_25,nov25,,,,https://truthsocial.com/@realDonaldTrump/posts/115482823879151068
p1580,post1580,02_11_25,nov25,,,,https://truthsocial.com/@realDonaldTrump/posts/115482910469184199
p1581,post1581,02_11_25,nov25,,,,https://truthsocial.com/@realDonaldTrump/posts/115482954448237364
rdemscj,Radical Democrat Supreme Court Justices,,,,,,
donohue,Donohue,,,,,,
dougherty,Dougherty,,,,,,
wecht,Wecht,,,,,,
p1582,post1582,02_11_25,nov25,,,,https://truthsocial.com/@realDonaldTrump/posts/115482990032900099
shuckabee,Sarah Huckabee Sanders,,,1,2,,
ark,Arkansas,,,,,,
p1583,post1583,02_11_25,nov25,,,,https://truthsocial.com/@realDonaldTrump/posts/115482992338432058
mkelly,Mike Kelly,,,2,2,,
p1584,post1584,02_11_25,nov25,,,,https://truthsocial.com/@realDonaldTrump/posts/115482993389104673
mguest,Michael Guest,,,2,2,,
miss,Mississippi,,,,,,
hec,House Ethics Committee,,,,,,
p1585,post1585,02_11_25,nov25,,,,https://truthsocial.com/@realDonaldTrump/posts/115482994183924113
mmmeeks,Mariannette Miller-Meeks,,,1,2,,
p1586,post1586,02_11_25,nov25,,,,https://truthsocial.com/@realDonaldTrump/posts/115482994992396118
pfallon,Pat Fallon,,,2,2,,
aif,Air Force,,,,,,
p1587,post1587,02_11_25,nov25,,,,https://truthsocial.com/@realDonaldTrump/posts/115482995616124761
p1588,post1588,02_11_25,nov25,,,,https://truthsocial.com/@realDonaldTrump/posts/115483014123680949
p1589,post1589,02_11_25,nov25,,,,https://truthsocial.com/@realDonaldTrump/posts/115483019659144300
p1590,post1590,02_11_25,nov25,,,,https://truthsocial.com/@realDonaldTrump/posts/115483334603209840
tkelly,Trent Kelly,,,2,2,,
p1591,post1591,02_11_25,nov25,,,,https://truthsocial.com/@realDonaldTrump/posts/115483335025617789
bmoore,Blake Moore,,,2,2,,
ut,Utah,,,,,,
p1592,post1592,02_11_25,nov25,,,,https://truthsocial.com/@realDonaldTrump/posts/115483335781073046
cmal,Celeste Maloy,,,1,2,,
uta,Utah’s 2nd Congressional District,,,,,,
commy,Community,,,,,,
p1593,post1593,02_11_25,nov25,,,,https://truthsocial.com/@realDonaldTrump/posts/115483337042625634
mken,Mike Kennedy,,,2,2,,
ut3,Utah’s 3rd Congressional District,,,,,,
p1594,post1594,02_11_25,nov25,,,,https://truthsocial.com/@realDonaldTrump/posts/115483339842449904
buow,Burgess Owens,,,2,2,,
ut4,Utah’s 4th Congressional District,,,,,,
p1595,post1595,02_11_25,nov25,,,,https://truthsocial.com/@realDonaldTrump/posts/115483345591728067
brgu,Brett Guthrie,,,2,2,,
ky2,Kentucky’s 2nd Congressional District,,,,,,
p1596,post1596,02_11_25,nov25,,,,https://truthsocial.com/@realDonaldTrump/posts/115483346572613945
s2hr,Hal Rogers,,,2,2,,
ky5,Kentucky’s 5th Congressional District,,,,,,
p1597,post1597,02_11_25,nov25,,,,https://truthsocial.com/@realDonaldTrump/posts/115483347669595966
jaco,James Comer,,,2,2,,
ky1,Kentucky’s 1st Congressional District,,,,,,
p1598,post1598,02_11_25,nov25,,,,https://truthsocial.com/@realDonaldTrump/posts/115483375767326344
stwo,Steve Womack,,,2,2,,
p1599,post1599,02_11_25,nov25,,,,https://truthsocial.com/@realDonaldTrump/posts/115483376777280289
ricr,Rick Crawford,,,2,2,,
p1600,post1600,02_11_25,nov25,,,,https://truthsocial.com/@realDonaldTrump/posts/115483381794647329
s2bw,Bruce Westerman,,,2,2,,
p1601,post1601,02_11_25,nov25,,,,https://truthsocial.com/@realDonaldTrump/posts/115483382708030237
p1602,post1602,02_11_25,nov25,,,,https://truthsocial.com/@realDonaldTrump/posts/115483397195615826
miro,Mike Rogers,,,2,2,,
p1603,post1603,02_11_25,nov25,,,,https://truthsocial.com/@realDonaldTrump/posts/115483398591251199
s2ra,Robert Aderholt,,,2,2,,
p1604,post1604,02_11_25,nov25,,,,https://truthsocial.com/@realDonaldTrump/posts/115483400223477879
dast,Dale Strong,,,2,2,,
p1605,post1605,02_11_25,nov25,,,,
gapa,Gary Palmer,,,2,2,,https://truthsocial.com/@realDonaldTrump/posts/115483401027909719
ei,Election Integrity,,,,1,,
p1606,post1606,02_11_25,nov25,,,,https://truthsocial.com/@realDonaldTrump/posts/115483435191255103
pese,Pete Sessions,,,2,2,,
p1607,post1607,02_11_25,nov25,,,,https://truthsocial.com/@realDonaldTrump/posts/115483436982762122
bvd,Beth Van Duyne,,,1,2,,
p1608,post1608,02_11_25,nov25,,,,https://truthsocial.com/@realDonaldTrump/posts/115483437897423013
p1609,post1609,02_11_25,nov25,,,,https://truthsocial.com/@realDonaldTrump/posts/115483491309251871
ryma,Ryan Mackenzie,,,2,2,,
ppen,People of Pennsylvania,,,,,,
p1610,post1610,02_11_25,nov25,,,,https://truthsocial.com/@realDonaldTrump/posts/115483492025820257
ad,American Dream,,,,,,
p1611,post1611,02_11_25,nov25,,,,https://truthsocial.com/@realDonaldTrump/posts/115483493122773638
scpe,Scott Perry,,,2,2,,
p1612,post1612,02_11_25,nov25,,,,https://truthsocial.com/@realDonaldTrump/posts/115483493833786784
s2jojo,John Joyce,,,2,2,,
s2pts,Peace Through Strength,,,,,,
p1613,post1613,02_11_25,nov25,,,,https://truthsocial.com/@realDonaldTrump/posts/115483494581672791
gr,Guy Reschenthaler,,,2,2,,
p1614,post1614,02_11_25,nov25,,,,https://truthsocial.com/@realDonaldTrump/posts/115483495393568211
s2dm2,Dan Meuser,,,2,2,,
p1615,post1615,02_11_25,nov25,,,,https://truthsocial.com/@realDonaldTrump/posts/115483496366694822
llsm,Lloyd Smucker,,,2,2,,
p1616,post1616,02_11_25,nov25,,,,https://truthsocial.com/@realDonaldTrump/posts/115483497131354385
gt,Glenn “GT” Thompson,,,2,2,,
p1617,post1617,02_11_25,nov25,,,,https://truthsocial.com/@realDonaldTrump/posts/115483506187792362
p1618,post1618,02_11_25,nov25,,,,https://truthsocial.com/@realDonaldTrump/posts/115483506946659561
data,Dave Taylor,,,2,2,,
p1619,post1619,02_11_25,nov25,,,,https://truthsocial.com/@realDonaldTrump/posts/115483583008573608
bola,Bob Latta,,,2,2,,
p1620,post1620,02_11_25,nov25,,,,https://truthsocial.com/@realDonaldTrump/posts/115483585666476879
p1621,post1621,02_11_25,nov25,,,,https://truthsocial.com/@realDonaldTrump/posts/115483588957385542
p1622,post1622,02_11_25,nov25,,,,https://truthsocial.com/@realDonaldTrump/posts/115483597298904555
p1623,post1623,02_11_25,nov25,,,,https://truthsocial.com/@realDonaldTrump/posts/115483600717795173
p1624,post1624,02_11_25,nov25,,,,https://truthsocial.com/@realDonaldTrump/posts/115483604966976923
trba,Troy Balderson,,,2,2,,
p1625,post1625,02_11_25,nov25,,,,https://truthsocial.com/@realDonaldTrump/posts/115483611124274810
p1626,post1626,02_11_25,nov25,,,,https://truthsocial.com/@realDonaldTrump/posts/115483612584051928
mica,Mike Carey,,,2,2,,
p1627,post1627,03_11_25,nov25,,,,https://truthsocial.com/@realDonaldTrump/posts/115483440357834964
p1628,post1628,03_11_25,nov25,,,,https://truthsocial.com/@realDonaldTrump/posts/115483484532414248
p1629,post1629,03_11_25,nov25,,,,https://truthsocial.com/@realDonaldTrump/posts/115483484931163272
p1630,post1630,03_11_25,nov25,,,,https://truthsocial.com/@realDonaldTrump/posts/115483485693600679
p1631,post1631,02_11_25,nov25,,,,https://truthsocial.com/@realDonaldTrump/posts/115483434354278744
s2ja,Jodey Arrington,,,2,2,,
p1632,post1632,03_11_25,nov25,,,,https://truthsocial.com/@realDonaldTrump/posts/115483487297164906
p1633,post1633,03_11_25,nov25,,,,https://truthsocial.com/@realDonaldTrump/posts/115483488236956361
mdlc,Monica De La Cruz,,,1,2,,
p1634,post1634,03_11_25,nov25,,,,https://truthsocial.com/@realDonaldTrump/posts/115483489851598217
brgi,Brandon Gill,,,2,2,,
dani,Danielle,,,1,3,,
dds,Dinesh D’Souza,,,2,3,,
p1635,post1635,03_11_25,nov25,,,,https://truthsocial.com/@realDonaldTrump/posts/115483490583943218
p1636,post1636,03_11_25,nov25,,,,https://truthsocial.com/@realDonaldTrump/posts/115487407342367814
gubi,Gus Bilirakis,,,2,2,,
p1637,post1637,03_11_25,nov25,,,,https://truthsocial.com/@realDonaldTrump/posts/115487407766645489
vebu,Vern Buchanan,,,2,2,,
hwmc,House ways & Means Committee,,,,,,
p1638,post1638,03_11_25,nov25,,,,https://truthsocial.com/@realDonaldTrump/posts/115487408895007566
s2sf,Scott Franklin,,,2,2,,
p1639,post1639,03_11_25,nov25,,,,https://truthsocial.com/@realDonaldTrump/posts/115487409928245363
mdb,Mario Diaz-Balart,,,2,2,,
s2usna,U.S. Naval Academy,,,,,,
p1640,post1640,03_11_25,nov25,,,,https://truthsocial.com/@realDonaldTrump/posts/115487413163865371
sfz,Scott Fitzgerald,,,2,2,,
p1641,post1641,03_11_25,nov25,,,,https://truthsocial.com/@realDonaldTrump/posts/115487413806174322
glgr,Glen Grothman,,,2,2,,
p1642,post1642,03_11_25,nov25,,,,
tonw,Tony Wied,,,2,2,,https://truthsocial.com/@realDonaldTrump/posts/115487414487226114
p1643,post1643,03_11_25,nov25,,,,https://truthsocial.com/@realDonaldTrump/posts/115487415350975092
brst,Bryan Steil,,,2,2,,
p1644,post1644,03_11_25,nov25,,,,https://truthsocial.com/@realDonaldTrump/posts/115487416040700648
p1645,post1645,03_11_25,nov25,,,,https://truthsocial.com/@realDonaldTrump/posts/115487416652012147
p1646,post1646,03_11_25,nov25,,,,https://truthsocial.com/@realDonaldTrump/posts/115487417269482211
adsm,Adrian Smith,,,2,2,,
p1647,post1647,03_11_25,nov25,,,,https://truthsocial.com/@realDonaldTrump/posts/115487417887119597
s2sg,Sam Graves,,,2,2,,
p1648,post1648,03_11_25,nov25,,,,https://truthsocial.com/@realDonaldTrump/posts/115487418490322231
eb,Eric Burlison,,,2,2,,
p1649,post1649,03_11_25,nov25,,,,https://truthsocial.com/@realDonaldTrump/posts/115487419101245893
jasm,Jason Smith,,,2,2,,
p1650,post1650,03_11_25,nov25,,,,https://truthsocial.com/@realDonaldTrump/posts/115487420258581068
anwa,Ann Wagner,,,2,2,,
p1651,post1651,03_11_25,nov25,,,,https://truthsocial.com/@realDonaldTrump/posts/115487420927533924
p1652,post1652,03_11_25,nov25,,,,https://truthsocial.com/@realDonaldTrump/posts/115487421529452815
malf,Mark Alford,,,2,2,,
p1653,post1653,03_11_25,nov25,,,,https://truthsocial.com/@realDonaldTrump/posts/115487423040942295
p1654,post1654,03_11_25,nov25,,,,https://truthsocial.com/@realDonaldTrump/posts/115487423618581189
mifi,Michelle Fischbach,,,1,2,,
p1655,post1655,03_11_25,nov25,,,,https://truthsocial.com/@realDonaldTrump/posts/115487424416949967
pest,Pete Stauber,,,2,2,,
s2leo,Law Enforcement Officers,,,,,,
p1656,post1656,03_11_25,nov25,,,,https://truthsocial.com/@realDonaldTrump/posts/115487451093103232
rufu,Russ Fulcher,,,2,2,,
p1657,post1657,03_11_25,nov25,,,,https://truthsocial.com/@realDonaldTrump/posts/115487451656777132
misi,Mike Simpson,,,2,2,,
p1658,post1658,03_11_25,nov25,,,,https://truthsocial.com/@realDonaldTrump/posts/115487452865254311
s2bc,Ben Cline,,,2,2,,
p1659,post1659,03_11_25,nov25,,,,https://truthsocial.com/@realDonaldTrump/posts/115487453441228308
mogr,Morgan Griffith,,,2,2,,
p1660,post1660,03_11_25,nov25,,,,https://truthsocial.com/@realDonaldTrump/posts/115487454024721017
p1661,post1661,03_11_25,nov25,,,,https://truthsocial.com/@realDonaldTrump/posts/115487454603803196
jomc,John McGuire,,,1,2,,
p1662,post1662,03_11_25,nov25,,,,https://truthsocial.com/@realDonaldTrump/posts/115487455722792140
s2dh,Diana Harshbarger,,,1,2,,
p1663,post1663,03_11_25,nov25,,,,https://truthsocial.com/@realDonaldTrump/posts/115487456380926200
tibu,Tim Burchett,,,2,2,,
p1664,post1664,03_11_25,nov25,,,,https://truthsocial.com/@realDonaldTrump/posts/115487456971332644
cfm,Chuck Fleischmann,,,2,2,,
p1665,post1665,03_11_25,nov25,,,,https://truthsocial.com/@realDonaldTrump/posts/115487507787596823
daku,David Kustoff,,,2,2,,
p1666,post1666,03_11_25,nov25,,,,https://truthsocial.com/@realDonaldTrump/posts/115487509118195615
scdj,Scott DesJarlais,,,1,2,,
p1667,post1667,03_11_25,nov25,,,,https://truthsocial.com/@realDonaldTrump/posts/115487516919335021
s2bf,Brad Finstad,,,2,2,,
p1668,post1668,03_11_25,nov25,,,,https://truthsocial.com/@realDonaldTrump/posts/115487520305552246
rz,Ryan Zinke,,,2,2,,
p1669,post1669,03_11_25,nov25,,,,https://truthsocial.com/@realDonaldTrump/posts/115487521272358814
p1670,post1670,03_11_25,nov25,,,,https://truthsocial.com/@realDonaldTrump/posts/115487522476295727
p1671,post1671,03_11_25,nov25,,,,https://truthsocial.com/@realDonaldTrump/posts/115487523238345065
mam,Mark Amodei,,,2,2,,
p1672,post1672,03_11_25,nov25,,,,https://truthsocial.com/@realDonaldTrump/posts/115487524223496553
jobr,Josh Brecheen,,,2,2,,
p1673,post1673,03_11_25,nov25,,,,https://truthsocial.com/@realDonaldTrump/posts/115487525182720756
kehe,Kevin Hern,,,2,2,,
p1674,post1674,03_11_25,nov25,,,,https://truthsocial.com/@realDonaldTrump/posts/115487525926377512
frlu,Frank Lucas,,,2,2,,
p1675,post1675,03_11_25,nov25,,,,https://truthsocial.com/@realDonaldTrump/posts/115487526694807268
p1676,post1676,03_11_25,nov25,,,,https://truthsocial.com/@realDonaldTrump/posts/115487527449007567
stbi,Stephanie Bice,,,1,2,,
p1677,post1677,03_11_25,nov25,,,,https://truthsocial.com/@realDonaldTrump/posts/115487528401379340
jowi,Joe Wilson,,,2,2,,
p1678,post1678,03_11_25,nov25,,,,https://truthsocial.com/@realDonaldTrump/posts/115487529176186545
s2sb2,Sheri Biggs,,,1,2,,
p1679,post1679,03_11_25,nov25,,,,https://truthsocial.com/@realDonaldTrump/posts/115487530794623341
p1680,post1680,03_11_25,nov25,,,,https://truthsocial.com/@realDonaldTrump/posts/115487533079747054
p1681,post1681,03_11_25,nov25,,,,https://truthsocial.com/@realDonaldTrump/posts/115487534126970172
clb,Cliff Bentz,,,2,2,,
p1682,post1682,03_11_25,nov25,,,,https://truthsocial.com/@realDonaldTrump/posts/115487538389910575
s2gp,Great People of Kentucky,,,,,,
p1683,post1683,03_11_25,nov25,,,,https://truthsocial.com/@realDonaldTrump/posts/115487542470944967
nc,Great State of North Carolina,,,,,,
p1684,post1684,03_11_25,nov25,,,,https://truthsocial.com/@realDonaldTrump/posts/115487637340888017
ao,Andy Ogles,,,2,2,,
s2tn,Great People of Tennessee,,,,,,
p1685,post1685,03_11_25,nov25,,,,https://truthsocial.com/@realDonaldTrump/posts/115487657312854919
nl,Nick LaLota,,,2,2,,
pny,Great People of New York,,,,,,
p1686,post1686,03_11_25,nov25,,,,https://truthsocial.com/@realDonaldTrump/posts/115487670248355008
anga,Andrew Garbarino,,,2,2,,
p1687,post1687,03_11_25,nov25,,,,https://truthsocial.com/@realDonaldTrump/posts/115487671165225276
nima,Nicole Malliotakis,,,1,2,,
p1688,post1688,03_11_25,nov25,,,,https://truthsocial.com/@realDonaldTrump/posts/115487671846603737
milaw,Mike Lawler,,,2,2,,
p1689,post1689,03_11_25,nov25,,,,https://truthsocial.com/@realDonaldTrump/posts/115487672617211689
p1690,post1690,03_11_25,nov25,,,,https://truthsocial.com/@realDonaldTrump/posts/115488065843902022
ne,New England,,,,,,
sedu,Sean Duffy,,,2,2,,
p1691,post1691,03_11_25,nov25,,,,https://truthsocial.com/@realDonaldTrump/posts/115488069736938548
s2rlm,Radical Left Media,,,,,,
flw,Far Left Wingers,,,,,,
p1692,post1692,03_11_25,nov25,,,,https://truthsocial.com/@realDonaldTrump/posts/115488077072288045
cusi,Curtis Sliwa,,,2,2,,
ancu,Andrew Cuomo,,,2,1,,
comm,Communist,,,,,,
p1693,post1693,03_11_25,nov25,,,,https://truthsocial.com/@realDonaldTrump/posts/115488108743015746
p1694,post1694,03_11_25,nov25,,,,https://truthsocial.com/@realDonaldTrump/posts/115488447377350651
mala,Mark Lamb,,,,,,
p1695,post1695,03_11_25,nov25,,,,https://truthsocial.com/@realDonaldTrump/posts/115488447988115806
gov,Governor,,,,,,
p1696,post1696,03_11_25,nov25,,,,https://truthsocial.com/@realDonaldTrump/posts/115488448679125333
p1697,post1697,03_11_25,nov25,,,,https://truthsocial.com/@realDonaldTrump/posts/115488449295708606
p1698,post1698,04_11_25,nov25,,,,https://truthsocial.com/@realDonaldTrump/posts/115483486488391164
apf,August Pfluger,,,2,2,,
p1699,post1699,04_11_25,nov25,,,,https://truthsocial.com/@realDonaldTrump/posts/115491634358714159
p1700,post1700,04_11_25,nov25,,,,https://truthsocial.com/@realDonaldTrump/posts/115491968446085363
jewp,Jewish person,,,,,,
p1701,post1701,04_11_25,nov25,,,,https://truthsocial.com/@realDonaldTrump/posts/115491996994152487
p1702,post1702,04_11_25,nov25,,,,https://truthsocial.com/@realDonaldTrump/posts/115492078911838554
jos,Joe Scarborough,,,2,2,,
p1703,post1703,04_11_25,nov25,,,,https://truthsocial.com/@realDonaldTrump/posts/115492285081397189
p1704,post1704,04_11_25,nov25,,,,https://truthsocial.com/@realDonaldTrump/posts/115492361756063244
p1705,post1705,04_11_25,nov25,,,,https://truthsocial.com/@realDonaldTrump/posts/115492832612668287
tenney,Claudia Tenney,,,1,2,,
heic,House Election Integrity Caucus,,,,,,
p1706,post1706,04_11_25,nov25,,,,https://truthsocial.com/@realDonaldTrump/posts/115492840195051630
rwi,Rob Wittman,,,2,2,,
hasc,House Armed Services Committee,,,,,,
p1707,post1707,04_11_25,nov25,,,,https://truthsocial.com/@realDonaldTrump/posts/115493671705492320
p1708,post1708,04_11_25,nov25,,,,https://truthsocial.com/@realDonaldTrump/posts/115493742592679097
repswi,Representatives of Switzerland,,,,,,
jgreer,Jamieson Greer,,,,,,
p1709,post1709,04_11_25,nov25,,,,https://truthsocial.com/@realDonaldTrump/posts/115493792769655959
oj,Orthodox Jews in NJ,,,,,,
kol,Kollel students,,,,,,
yesh,Yeshiva students,,,,,,
p1710,post1710,04_11_25,nov25,,,,https://truthsocial.com/@realDonaldTrump/posts/115493839582779089
s2mi2,Monica Isaacman,,,1,3,,
mila,Mila Isaacman,,,1,3,,
liv,Liv Isaacman,,,1,3,,
p1711,post1711,04_11_25,nov25,,,,https://truthsocial.com/@realDonaldTrump/posts/115494928414626214
p1712,post1712,04_11_25,nov25,,,,https://truthsocial.com/@realDonaldTrump/posts/115495015896453646
p1713,post1713,04_11_25,nov25,,,,https://truthsocial.com/@realDonaldTrump/posts/115495081097004172
p1714,post1714,05_11_25,nov25,,,,https://truthsocial.com/@realDonaldTrump/posts/115497796099239673
p1715,post1715,05_11_25,nov25,,,,https://truthsocial.com/@realDonaldTrump/posts/115499168374068086
p1716,post1716,05_11_25,nov25,,,,https://truthsocial.com/@realDonaldTrump/posts/115499172943770311
trav,Travelers,,,,,,
p1717,post1717,05_11_25,nov25,,,,https://truthsocial.com/@realDonaldTrump/posts/115499177304548955
p1718,post1718,05_11_25,nov25,,,,https://truthsocial.com/@realDonaldTrump/posts/115499184567907673
p1719,post1719,05_11_25,nov25,,,,https://truthsocial.com/@realDonaldTrump/posts/115499196526115634
p1720,post1720,05_11_25,nov25,,,,https://truthsocial.com/@realDonaldTrump/posts/115499222370397593
p1721,post1721,05_11_25,nov25,,,,https://truthsocial.com/@realDonaldTrump/posts/115499313489581846
fs,Francis Suarez,,,2,2,,
cmia,Miami,,,,,,
p1722,post1722,05_11_25,nov25,,,,https://truthsocial.com/@realDonaldTrump/posts/115499324245510580
p1723,post1723,05_11_25,nov25,,,,https://truthsocial.com/@realDonaldTrump/posts/115499354921504983
crpo,Christian Population,,,,,,
nga,Nigeria,,,,,,
p1724,post1724,05_11_25,nov,,,,https://truthsocial.com/@realDonaldTrump/posts/115499436761437618
asia,Asia,,,,,,
p1725,post1725,05_11_25,nov25,,,,https://truthsocial.com/@realDonaldTrump/posts/115499529258415888
s2st,Sanae Takaichi,,,1,3,,
p1726,post1726,05_11_25,nov25,,,,https://truthsocial.com/@realDonaldTrump/posts/115499540273989970
p1727,post1727,05_11_25,nov25,,,,https://truthsocial.com/@realDonaldTrump/posts/115499595196200926
cbob,Christina Bobb,,,1,2,,
trum,Trump Movement,,,,,,
p1728,post1728,05_11_25,nov25,,,,https://truthsocial.com/@realDonaldTrump/posts/115499601111135687
pnav,Peter Navarro,,,2,1,,
gap,Great American Patriots,,,,,,
p1729,post1729,05_11_25,nov25,,,,https://truthsocial.com/@realDonaldTrump/posts/115499609714844979
blou,Barry Loudermilk,,,2,2,,
p1730,post1730,05_11_25,nov25,,,,https://truthsocial.com/@realDonaldTrump/posts/115499615432000308
p1731,post1731,05_11_25,nov25,,,,https://truthsocial.com/@realDonaldTrump/posts/115499621107006705
p1732,post1732,05_11_25,nov25,,,,https://truthsocial.com/@realDonaldTrump/posts/115499622304174991
p1733,post1733,05_11_25,nov25,,,,https://truthsocial.com/@realDonaldTrump/posts/115499626990484138
p1734,post1734,05_11_25,nov25,,,,https://truthsocial.com/@realDonaldTrump/posts/115499661270945292
p1735,post1735,05_11_25,nov25,,,,https://truthsocial.com/@realDonaldTrump/posts/115499694708692358
p1736,post1736,05_11_25,nov25,,,,https://truthsocial.com/@realDonaldTrump/posts/115499724149347850
p1737,post1737,06_11_25,nov25,,,,https://truthsocial.com/@realDonaldTrump/posts/115503140217634129
walm,Walmart,,,,,,
p1738,post1738,06_11_25,nov25,,,,https://truthsocial.com/@realDonaldTrump/posts/115503780433465879
p1739,post1739,06_11_25,nov25,,,,https://truthsocial.com/@realDonaldTrump/posts/115504973020459337
p1740,post1740,06_11_25,nov25,,,,https://truthsocial.com/@realDonaldTrump/posts/115505478418176575
abac,Abraham Accords,,,,,,
p1741,post1741,06_11_25,nov25,,,,https://truthsocial.com/@realDonaldTrump/posts/115506045885898474
amse,American Sectors,,,,,,
p1742,post1742,07_11_25,nov25,,,,https://truthsocial.com/@realDonaldTrump/posts/115508680705242553
p1743,post1743,07_11_25,nov25,,,,https://truthsocial.com/@realDonaldTrump/posts/115508699750416036
p1744,post1744,07_11_25,nov25,,,,https://truthsocial.com/@realDonaldTrump/posts/115509306635941834
p1745,post1745,07_11_25,nov25,,,,https://truthsocial.com/@realDonaldTrump/posts/115510343852481018
p1746,post1746,07_11_25,nov25,,,,https://truthsocial.com/@realDonaldTrump/posts/115510485436664476
p1747,post1747,07_11_25,nov25,,,,https://truthsocial.com/@realDonaldTrump/posts/115510666739916664
afrik,Afrikaners,,,,,,
dutch,Dutch Settlers,,,,,,
french,French Immigrants,,,,,,
germ,German Immigrants,,,,,,
usoff,U.S. Government Official,,,,,,
p1748,post1748,07_11_25,nov25,,,,https://truthsocial.com/@realDonaldTrump/posts/115510780457859130
jkenn,John Kennedy,,,2,1,,
s2mec,Members of Congress,,,,,,
p1749,post1749,07_11_25,nov25,,,,https://truthsocial.com/@realDonaldTrump/posts/115511090849508843
s2nyt,The New York Times,,,,,,
lkuo,Lily Kuo,,,1,3,,
dpi,David Pierson,,,2,3,,
world,World,,,,,,
p1750,post1750,07_11_25,nov25,,,,https://truthsocial.com/@realDonaldTrump/posts/115511314225352462
p1751,post1751,07_11_25,nov25,,,,https://truthsocial.com/@realDonaldTrump/posts/115511412965888296
rahm,Emomali Rahmon,,,2,3,,
jap,Sadyr Japarov,,,2,3,,
berd,Serdar Berdimuhamedov,,,2,3,,
taj,Tajikistan,,,,,20,
kyr,Kyrgyz Republic,,,,,20,
turk,Turkmenistan,,,,,20,
c51,C5+1 Platform,,,,,,
p1752,post1752,07_11_25,nov25,,,,https://truthsocial.com/@realDonaldTrump/posts/115511452695728702
oh,Ohio,,,,,,
p1753,post1753,08_11_25,nov25,,,,https://truthsocial.com/@realDonaldTrump/posts/115514359098158106
ameco,American Economy,,,,,,
p1754,post1754,08_11_25,nov25,,,,https://truthsocial.com/@realDonaldTrump/posts/115514453574326959
icomp,Insurance Companies,,,,,,
p1755,post1755,08_11_25,nov25,,,,https://truthsocial.com/@realDonaldTrump/posts/115515520504887050
p1756,post1756,08_11_25,nov25,,,,https://truthsocial.com/@realDonaldTrump/posts/115515978292380146
usn,United States Navy,,,,,,
s2usmc,United States Marine Corps,,,,,,
foxn,FOX Nation,,,,,,
p1757,post1757,08_11_25,nov25,,,,https://truthsocial.com/@realDonaldTrump/posts/115516453396913877
p1758,post1758,08_11_25,nov25,,,,https://truthsocial.com/@realDonaldTrump/posts/115516539764708833
p1759,post1759,09_11_25,nov25,,,,https://truthsocial.com/@realDonaldTrump/posts/115519648221128582
p1760,post1760,09_11_25,nov25,,,,https://truthsocial.com/@realDonaldTrump/posts/115519656372603789
p1761,post1761,09_11_25,nov25,,,,https://truthsocial.com/@realDonaldTrump/posts/115519669621468424
p1762,post1762,09_11_25,nov25,,,,https://truthsocial.com/@realDonaldTrump/posts/115519726463094783
p1763,post1763,09_11_25,nov25,,,,https://truthsocial.com/@realDonaldTrump/posts/115519951705472870
s2fc,Foreign Country,,,,,,
p1764,post1764,09_11_25,nov25,,,,https://truthsocial.com/@realDonaldTrump/posts/115520282513349957
joco,John Coale,,,,,,
bela,Belarus,,,,,20,
aluk,Alexander Lukashenko,,,,,,
p1765,post1765,09_11_25,nov25,,,,https://truthsocial.com/@realDonaldTrump/posts/115520387746375038
p1766,post1766,09_11_25,nov25,,,,https://truthsocial.com/@realDonaldTrump/posts/115520395997089111
s2ins,Insurance Industry,,,,,,
p1767,post1767,09_11_25,nov25,,,,https://truthsocial.com/@realDonaldTrump/posts/115520448197201824
bifa,Biden Family,,,,,,
serv,American Servicemembers,,,,,,
p1768,post1768,09_11_25,nov25,,,,
rfb,Rainforest of Brazil,,,,,,
p1769,post1769,09_11_25,nov25,,,,https://truthsocial.com/@realDonaldTrump/posts/115521239983259817
p1770,post1770,09_11_25,nov25,,,,https://truthsocial.com/@realDonaldTrump/posts/115521695808009888
tida,Tim Davie,,,2,3,,
tel,The Telegraph,,,,,,
jour,Journalists,,,,,,
bbc,BBC,,,,,,
p1771,post1771,09_11_25,nov25,,,,https://truthsocial.com/@realDonaldTrump/posts/115521826049485056
p1772,post1772,09_11_25,nov25,,,,https://truthsocial.com/@realDonaldTrump/posts/115521834138408370
s2dhs2,U.S. Department of Homeland Security,,,,,,
fedag,Federal Agencies,,,,,,
p1773,post1773,10_11_25,nov25,,,,https://truthsocial.com/@realDonaldTrump/posts/115525582895720508
lip,Liz Peek,,,1,3,,
p1774,post1774,10_11_25,nov25,,,,https://truthsocial.com/@realDonaldTrump/posts/115526123205979749
s2atc,Air Traffic Controllers,,,,,,
p1775,post1775,10_11_25,nov25,,,,https://truthsocial.com/@realDonaldTrump/posts/115526165519672797
p1776,post1776,10_11_25,nov25,,,,https://truthsocial.com/@realDonaldTrump/posts/115527159095475127
oppo,Opposition,,,,,,
p1777,post1777,10_11_25,nov25,,,,https://truthsocial.com/@realDonaldTrump/posts/115527262176895128
tun,Tun Tavern,,,,,,
iwo,Iwo Jima,,,,,,
s2kr2,Korea,,,,,20,
p1778,post1778,10_11_25,nov25,,,,https://truthsocial.com/@realDonaldTrump/posts/115527575773543165
p1779,post1779,11_11_25,nov25,,,,https://truthsocial.com/@realDonaldTrump/posts/115529141758455385
p1780,post1780,11_11_25,nov25,,,,https://truthsocial.com/@realDonaldTrump/posts/115529446165908851
p1781,post1781,11_11_25,nov25,,,,https://truthsocial.com/@realDonaldTrump/posts/115529500724371786
mmsc,Miracle Mile Shopping Center,,,,,,
jtn,Just the News,,,,,,
p1782,post1782,11_11_25,nov25,,,,https://truthsocial.com/@realDonaldTrump/posts/115532927507491211
p1783,post1783,11_11_25,nov25,,,,https://truthsocial.com/@realDonaldTrump/posts/115533090607800907
dphe,Dade Phelan,,,2,2,,
p1784,post1784,12_11_25,nov25,,,,https://truthsocial.com/@realDonaldTrump/posts/115533666048445520
s2fa2,Federal Agents,,,,,,
rdlead,Radical Democrat Leadership,,,,,,
p1785,post1785,12_11_25,nov25,,,,https://truthsocial.com/@realDonaldTrump/posts/115533678904226335
grab,Greg Abbott,,,2,2,,
p1786,post1786,12_11_25,nov25,,,,https://truthsocial.com/@realDonaldTrump/posts/115538002658085818
s2ap,Aaron Peterson,,,2,1,,
uscak,United States District Court (Alaska),,,,,,
adolnr,Alaska Department of Law for Natural Resources,,,,,,
uaa,University of Alaska,,,,,,
gonz,Gonzaga University School of Law,,,,,,
poa,People of Alaska,,,,,,
p1787,post1787,12_11_25,nov25,,,,https://truthsocial.com/@realDonaldTrump/posts/115538010339531154
cfowl,David “Clay” Fowlkes,,,2,2,,
uscar,United States District Court (Western District of Arkansas),,,,,,
usatt,U.S. Attorney (Western District of Arkansas),,,,,,
park,People of Arkansas,,,,,,
asu,Arkansas State University,,,,,,
uark,University of Arkansas School of Law,,,,,,
p1788,post1788,12_11_25,nov25,,,,https://truthsocial.com/@realDonaldTrump/posts/115538047317239976
ngan,Nick Ganjei,,,2,3,,
usdst,United States District Court (Southern District of Texas),,,,,,
usat,U.S. Attorney (Southern District of Texas),,,,,,
rag,Richard Allen Griffin,,,2,2,,
s2re,Ralph Erickson,,,2,,,
tedc,Senator Ted Cruz,,,2,2,,
stra,Southern Texas Ranches,,,,,,
cost,Communities of Southern Texas,,,,,,
p1789,post1789,12_11_25,nov25,,,,https://truthsocial.com/@realDonaldTrump/posts/115538279653817159
p1790,post1790,12_11_25,nov25,,,,https://truthsocial.com/@realDonaldTrump/posts/115538410938231838
p1791,post1791,14_11_25,nov25,,,,https://truthsocial.com/@realDonaldTrump/posts/115548539359870302
bicl,Bill Clinton,,,2,1,,
s2rh,Reid Hoffman,,,2,1,,
lasu,Larry Summers,,,2,1,,
p1792,post1792,14_11_25,nov25,,,,https://truthsocial.com/@realDonaldTrump/posts/115548785919046772
jpm,J.P. Morgan,,,,,,
p1793,post1793,14_11_25,nov25,,,,https://truthsocial.com/@realDonaldTrump/posts/115548824413984773
p1794,post1794,14_11_25,nov25,,,,https://truthsocial.com/@realDonaldTrump/posts/115549764700461483
s2dk,Donald Korb,,,2,1,,
s2ust,U.S. Department of the Treasury,,,,,,
agc,Assistant General Counsel,,,,,,
p1795,post1795,14_11_25,nov25,,,,https://truthsocial.com/@realDonaldTrump/posts/115549898479582155
brle,Brian Lea,,,2,3,,
clth,Clarence Thomas,,,2,3,,
edca,Ed Carnes,,,2,3,,
usdcwt,U.S. District Court for the Western District of Tennessee,,,,,,
uga,University of Georgia School of Law,,,,,,
uu,Union University,,,,,,
p1796,post1796,14_11_25,nov25,,,,https://truthsocial.com/@realDonaldTrump/posts/115549907135940696
mben,Megan Benton,,,1,3,,
usdcwm,United States District Court for the Western District of Missouri,,,,,,
vuls,Vanderbilt University Law School,,,,,,
pcpao,Platte County Prosecuting Attorney’s Office,,,,,,
tcjpc,Trial Court Judge Platte County,,,,,,
p1797,post1797,14_11_25,nov25,,,,https://truthsocial.com/@realDonaldTrump/posts/115549914983720555
jo,Justin Olson,,,2,3,,
usdcsi,United States District Court for the Southern District of Indiana,,,,,,
iumsl,Indiana University Maurer School of Law,,,,,,
usaoi,U.S. Attorney’s Office Indianapolis,,,,,,
p1798,post1798,15_11_25,nov25,,,,https://truthsocial.com/@realDonaldTrump/posts/115551054294277065
twm,Thomas Massie wife,,,1,3,,
p1799,post1799,15_11_25,nov25,,,,https://truthsocial.com/@realDonaldTrump/posts/115551127714537339
tv,The View,,,,,,
congm,Congressmen,,,,,,
congw,Congresswomen,,,,,,
ussen,U.S. Senators,,,,,,
cab,Cabinet Members,,,,,,
cons,Conservative people,,,,,,
p1800,post1800,15_11_25,nov25,,,,https://truthsocial.com/@realDonaldTrump/posts/115553994466678093
p1801,post1801,15_11_25,nov25,,,,https://truthsocial.com/@realDonaldTrump/posts/115554138689247811
p1802,post1802,16_11_25,nov25,,,,https://truthsocial.com/@realDonaldTrump/posts/115556419150424739
p1803,post1803,16_11_25,nov25,,,,https://truthsocial.com/@realDonaldTrump/posts/115560208774541030
issr,Indiana State Senate Republicans,,,,,,
rodb,Rod Bray,,,2,2,,
grgo,Greg Goode,,,2,2,,
mibr,Mike Braun,,,2,2,,
p1804,post1804,17_11_25,nov25,,,,https://truthsocial.com/@realDonaldTrump/posts/115562626931599548
hoc,House Oversight Committee,,,,,,
p1805,post1805,17_11_25,nov25,,,,https://truthsocial.com/@realDonaldTrump/posts/115562684567737579
magr,Marjorie Taylor Greene,,,1,2,,
p1806,post1806,17_11_25,nov25,,,,https://truthsocial.com/@realDonaldTrump/posts/115562700432868071
etg,Emilio T. Gonzales,,,2,2,,
p1807,post1807,17_11_25,nov25,,,,https://truthsocial.com/@realDonaldTrump/posts/115563298458806964
p1808,post1808,17_11_25,nov25,,,,https://truthsocial.com/@realDonaldTrump/posts/115565882166681770
ushor,United States House of Representatives,,,,,,
p1809,post1809,17_11_25,nov25,,,,
p1810,post1810,17_11_25,nov25,,,,https://truthsocial.com/@realDonaldTrump/posts/115567081810209795
p1811,post1811,17_11_25,nov25,,,,https://truthsocial.com/@realDonaldTrump/posts/115567293174185547
s2sj,Scott Jennings,,,2,2,,
inde,Independents,,,,,,
p1812,post1812,17_11_25,nov25,,,,https://truthsocial.com/@realDonaldTrump/posts/115567457865630938
unasc,United Nations Security Council,,,,,,
s2bos,Board of Peace,,,,,,
alg,Algeria,,,,,20,
dnk,Denmark,,,,,20,
grc,Greece,,,,,20,
guy,Guyana,,,,,20,
pak,Pakistan,,,,,20,
sle,Sierra Leone,,,,,20,
svn,Slovenia,,,,,,
ksa,Kingdom of Saudi Arabia,,,,,20,
jor,Jordan,,,,,20,
p1813,post1813,18_11_25,nov25,,,,https://truthsocial.com/@realDonaldTrump/posts/115570749579575260
inrep,Indiana Republicans,,,,,,
p1814,post1814,18_11_25,nov25,,,,https://truthsocial.com/@realDonaldTrump/posts/115570813586755288
p1815,post1815,18_11_25,nov25,,,,https://truthsocial.com/@realDonaldTrump/posts/115572931492563128
p1816,post1816,18_11_25,nov25,,,,https://truthsocial.com/@realDonaldTrump/posts/115573085494912311
p1817,post1817,18_11_25,nov25,,,,https://truthsocial.com/@realDonaldTrump/posts/115573090200730933
ndaa,National Defense Authorisation Act,,,,,,
p1818,post1818,19_11_25,nov25,,,,
docs,doctors,,,,,2,
cposa,Crown Prince of Saudi Arabia,,,2,3,,
sud,Sudan,,,,,,https://truthsocial.com/@realDonaldTrump/posts/115579394833948106
p1819,post1819,20_11_25,nov25,,,,https://truthsocial.com/@realDonaldTrump/posts/115579394833948106
stpl,Stacey Plaskett,,,1,1,,
p1820,post1820,20_11_25,nov25,,,,https://truthsocial.com/@realDonaldTrump/posts/115579432475646132
p1821,post1821,20_11_25,nov25,,,,https://truthsocial.com/@realDonaldTrump/posts/115580448819564585
ron,Christiano Ronaldo,,,,,,
p1822,post1822,20_11_25,nov25,,,,https://truthsocial.com/@realDonaldTrump/posts/115580455960616035
tvsynd,TV Syndicates,,,,,,
p1823,post1823,22_11_25,nov25,,,,https://truthsocial.com/@realDonaldTrump/posts/115590786862216464
som,Somalis,,,,,,
p1824,post1824,22_11_25,nov25,,,,https://truthsocial.com/@realDonaldTrump/posts/115593179521083607
p1825,post1825,22_11_25,nov25,,,,https://truthsocial.com/@realDonaldTrump/posts/115593240147764609
p1826,post1826,22_11_25,nov25,,,,https://truthsocial.com/@realDonaldTrump/posts/115595274389789024
poof,Police Officers,,,,,,
p1827,post1827,22_11_25,nov25,,,,https://truthsocial.com/@realDonaldTrump/posts/115595765848682100
gk,Greg Kelly,,,,,,
nema,Newsmax,,,,,,
p1828,post1828,22_11_25,nov25,,,,https://truthsocial.com/@realDonaldTrump/posts/115597116924552201
lscho,Legal Scholars,,,,,,
p1829,post1829,23_11_25,nov25,,,,https://truthsocial.com/@realDonaldTrump/posts/115596415059652997
p1830,post1830,23_11_25,nov25,,,,https://truthsocial.com/@realDonaldTrump/posts/115596544162295527
lele,Leonard Leo,,,,,,
koch,Koch,,,,,,
p1831,post1831,23_11_25,nov25,,,,https://truthsocial.com/@realDonaldTrump/posts/115597077845312894
nene,News Networks,,,,,,
p1832,post1832,23_11_25,nov25,,,,https://truthsocial.com/@realDonaldTrump/posts/115599428464496784
p1833,post1833,23_11_25,nov25,,,,https://truthsocial.com/@realDonaldTrump/posts/115599455037289127
tip,Tina Peters,,,,,,
copr,Colorado Prison,,,,,,
p1834,post1834,23_11_25,nov25,,,,https://truthsocial.com/@realDonaldTrump/posts/115601252711182007
p1835,post1835,23_11_25,nov25,,,,https://truthsocial.com/@realDonaldTrump/posts/115601476787319590
p1836,post1836,24_11_25,nov25,,,,https://truthsocial.com/@realDonaldTrump/posts/115604207333809204
p1837,post1837,24_11_25,nov25,,,,https://truthsocial.com/@realDonaldTrump/posts/115604227117479754
p1838,post1838,24_11_25,nov25,,,,https://truthsocial.com/@realDonaldTrump/posts/115604240580797202
p1839,post1839,24_11_25,nov25,,,,https://truthsocial.com/@realDonaldTrump/posts/115604342260009397
clev,Cleveland,,,,,,
p1840,post1840,24_11_25,nov25,,,,https://truthsocial.com/@realDonaldTrump/posts/115604689359180322
p1841,post1841,24_11_25,nov25,,,,
p1842,post1842,24_11_25,nov25,,,,https://truthsocial.com/@realDonaldTrump/posts/115605992780109632
ky,Kentucky,,,,,,
p1843,post1843,25_11_25,nov25,,,,https://truthsocial.com/@realDonaldTrump/posts/115612007398266637
dadr,Dan Driscoll,,,2,3,,
swi,Susie Wiles,,,1,2,,
jdv,JD Vance,,,2,2,,
p1844,post1844,25_11_25,nov25,,,,https://truthsocial.com/@realDonaldTrump/posts/115612027228424815
insr,Indiana Senate Republicans,,,,,,
inh,Indiana House,,,,,,
ngi,Newt Gingrich,,,2,2,,
p1845,post1845,25_11_25,nov25,,,,https://truthsocial.com/@realDonaldTrump/posts/115612779496430359
s2to,Tom Osborne,,,2,2,,
p1846,post1846,26_11_25,nov25,,,,https://truthsocial.com/@realDonaldTrump/posts/115612873614937945
tn07,Tennessee 7th Congressional District,,,,,,
p1847,post1847,26_11_25,nov25,,,,https://truthsocial.com/@realDonaldTrump/posts/115616545250020843
karo,Katie Rogers,,,1,3,,
p1848,post1848,26_11_25,nov25,,,,https://truthsocial.com/@realDonaldTrump/posts/115616548418162346
s2vc,Victoria Coates,,,1,2,,
p1849,post1849,26_11_25,nov25,,,,https://truthsocial.com/@realDonaldTrump/posts/115617052659110736
p1850,post1850,26_11_25,nov25,,,,https://truthsocial.com/@realDonaldTrump/posts/115617658912008194
p1851,post1851,26_11_25,nov25,,,,https://truthsocial.com/@realDonaldTrump/posts/115617700844849134
sag,South African Government,,,,,,
sruse,Senior Representative U.S. Embassy,,,,,,
wpe,white people,,,,,,
p1852,post1852,26_11_25,nov25,,,,https://truthsocial.com/@realDonaldTrump/posts/115617866419112089
opc,Office of the Presidency,,,,,,
p1853,post1853,26_11_25,nov25,,,,https://truthsocial.com/@realDonaldTrump/posts/115618236412963848
cub,Cuba,,,,,,
nica,Nicaragua,,,,,,
tasf,Tito Asfura,,,2,3,,
poho,People of Honduras,,,,,,
rmon,Rixi Moncada,,,1,3,,
nacom,Narcocommunists,,,,,,
snas,Salvador Nasralla,,,2,3,,
p1854,post1854,27_11_25,nov25,,,,https://truthsocial.com/@realDonaldTrump/posts/115619210705501837
p1855,post1855,27_11_25,nov25,,,,https://truthsocial.com/@realDonaldTrump/posts/115623160236217960
fz,Fuzzy Zoeller,,,2,3,,
gnor,Greg Norman,,,2,2,,
wfgc,Winged Foot Golf Club,,,,,,
p1856,post1856,28_11_25,nov25,,,,https://truthsocial.com/@realDonaldTrump/posts/115625421503636680
p1857,post1857,28_11_25,nov25,,,,https://truthsocial.com/@realDonaldTrump/posts/115625427648743414
fona,Foreign Nationals,,,,,,
p1858,post1858,28_11_25,nov25,,,,https://truthsocial.com/@realDonaldTrump/posts/115625429081411360
soga,Somalian gangs,,,,,,
p1859,post1859,28_11_25,nov25,,,,https://truthsocial.com/@realDonaldTrump/posts/115626148731779942
ts,Todd Starnes,,,2,3,,
p1860,post1860,28_11_25,nov25,,,,https://truthsocial.com/@realDonaldTrump/posts/115629010097815862
p1861,post1861,28_11_25,nov25,,,,https://truthsocial.com/@realDonaldTrump/posts/115629335172411031
p1862,post1862,28_11_25,nov25,,,,https://truthsocial.com/@realDonaldTrump/posts/115629406693931908
johe,Juan Orlando Hernandez,,,2,3,,
p1863,post1863,29_11_25,nov25,,,,
p1864,post1864,29_11_25,nov25,,,,https://truthsocial.com/@realDonaldTrump/posts/115633041089714842
airl,Airlines,,,,,,
pil,Pilots,,,,,,
drde,Drug Dealers,,,,,,
p1865,post1865,29_11_25,nov25,,,,https://truthsocial.com/@realDonaldTrump/posts/115633174669225455
p1866,post1866,29_11_25,nov25,,,,
mbs,Mohammed bin Salman,,,2,3,,
p1867,post1867,30_11_25,nov25,,,,https://truthsocial.com/@realDonaldTrump/posts/115639162273110013
dlea,Debra Lea,,,1,3,,
churt,Charlie Hurt,,,2,3,,
fofr,Fox & Friends,,,,,,
p1868,post1868,30_11_25,nov25,,,,
may,Mayorkas,,,,,,
p1869,post1869,30_11_25,nov25,,,,https://truthsocial.com/@realDonaldTrump/posts/115640171509477265
p1870,post1870,30_11_25,nov25,,,,https://truthsocial.com/@realDonaldTrump/posts/115641076038424832
baru,Babe Ruth,,,2,1,,
p1871,post1871,30_11_25,nov25,,,,https://truthsocial.com/@realDonaldTrump/posts/115641083942804824
p1872,post1872,30_11_25,nov25,,,,https://truthsocial.com/@realDonaldTrump/posts/115641100589870564
poto,People of Tennessee's 7th District,,,,,,
p1873,post1873,30_11_25,nov25,,,,https://truthsocial.com/@realDonaldTrump/posts/115641123675257358
p1874,post1874,01_12_25,dec25,,,,https://truthsocial.com/@realDonaldTrump/posts/115642237340050337
p1875,post1875,01_12_25,dec25,,,,https://truthsocial.com/@realDonaldTrump/posts/115642722629712717
kili,Kirk Lippold,,,2,2,,
p1876,post1876,01_12_25,dec25,,,,https://truthsocial.com/@realDonaldTrump/posts/115645123576749080
iasr,Ahmed al-Sharaa,,,2,3,,
p1877,post1877,01_12_25,dec25,,,,https://truthsocial.com/@realDonaldTrump/posts/115645716721136333
p1878,post1878,02_12_25,dec25,,,,https://truthsocial.com/@realDonaldTrump/posts/115647063978030089
eh,Eric Holder,,,2,1,,
p1879,post1879,02_12_25,dec25,,,,https://truthsocial.com/@realDonaldTrump/posts/115647107696867275
p1880,post1880,02_12_25,dec25,,,,https://truthsocial.com/@realDonaldTrump/posts/115647333846814832
upp,Unpatriotic Politicians,,,,,,
p1881,post1881,02_12_25,dec25,,,,https://truthsocial.com/@realDonaldTrump/posts/115647567538614723
s2jh2,Jim Hanson,,,2,3,,
jw,Jesse Watters,,,2,3,,
p1882,post1882,02_12_25,dec25,,,,https://truthsocial.com/@realDonaldTrump/posts/115647697688351327
nec,National Electoral Commission,,,,,,
p1883,post1883,02_12_25,dec25,,,,https://truthsocial.com/@realDonaldTrump/posts/115649503125687789
bj,Burt Jones,,2,,,,
p1884,post1884,02_12_25,dec25,,,,https://truthsocial.com/@realDonaldTrump/posts/115650062002934091
rego,Republican Governors,,,,,,
p1885,post1885,02_12_25,dec25,,,,https://truthsocial.com/@realDonaldTrump/posts/115650472826053655
p1886,post1886,02_12_25,dec25,,,,https://truthsocial.com/@realDonaldTrump/posts/115652356733049190
p1887,post1887,02_12_25,dec25,,,,https://truthsocial.com/@realDonaldTrump/posts/115652422974373513
p1888,post1888,03_12_25,dec25,,,,https://truthsocial.com/@realDonaldTrump/posts/115653238186658350
ten,Tennessee,,,,,,
p1889,post1889,03_12_25,dec25,,,,https://truthsocial.com/@realDonaldTrump/posts/115656327877659916
mvef,Matt Van Epps Family,,,,,,
p1890,post1890,04_12_25,dec25,,,,https://truthsocial.com/@realDonaldTrump/posts/115658619396755634
jpol,Jared Polis,,,2,1,,
p1891,post1891,04_12_25,dec25,,,,https://truthsocial.com/@realDonaldTrump/posts/115659207921669230
s2tmc,Tricia McLaughlin,,,1,3,,
p1892,post1892,04_12_25,dec25,,,,https://truthsocial.com/@realDonaldTrump/posts/115659421538834732
vot,Voters,,,,,,
p1893,post1893,04_12_25,dec25,,,,https://truthsocial.com/@realDonaldTrump/posts/115662363349008651
cgol,Craig Goldman,,,2,3,,
p1894,post1894,04_12_25,dec25,,,,https://truthsocial.com/@realDonaldTrump/posts/115662364552464423
nmor,Nathaniel Moran,,,2,2,,
potm,People of Texas' 1st Congressional District,,,,,,
p1895,post1895,04_12_25,dec25,,,,https://truthsocial.com/@realDonaldTrump/posts/115662365895882699
mcl,Michael Cloud,,,2,2,,
potc,People of Texas' 27th Congressional District,,,,,,
p1896,post1896,04_12_25,dec25,,,,https://truthsocial.com/@realDonaldTrump/posts/115662367365090087
rweb,Randy Weber,,,2,2,,
pot14,People of Texas' 14th Congressional District,,,,,,
p1897,post1897,04_12_25,dec25,,,,https://truthsocial.com/@realDonaldTrump/posts/115662369700704369
jcar,John Carter,,,2,2,,
pot31,People of Texas' 31st Congressional District,,,,,,
p1898,post1898,05_12_25,dec25,,,,https://truthsocial.com/@realDonaldTrump/posts/115663952570644904
p1899,post1899,05_12_25,dec25,,,,https://truthsocial.com/@realDonaldTrump/posts/115663982335866800
jab,James Brown,,,2,3,,
p1900,post1900,05_12_25,dec25,,,,https://truthsocial.com/@realDonaldTrump/posts/115664032674403982
awol,Andrew Wolfe,,,2,3,,
awf,Andrew Wolfe Family,,,,,,
p1901,post1901,05_12_25,dec25,,,,https://truthsocial.com/@realDonaldTrump/posts/115667396705453017
p1902,post1902,05_12_25,dec25,,,,https://truthsocial.com/@realDonaldTrump/posts/115667445871563304
dot,Department of Transportation,,,,,,
doe,Department of Environment,,,,,,
p1903,post1903,06_12_25,dec25,,,,https://truthsocial.com/@realDonaldTrump/posts/115669815800105560
tohu,Todd Huston,,,2,2,,
s2bs,Ben Smaltz,,,2,2,,
tiwe,Tim Wesco,,,2,2,,
insen,Indiana State Senate,,,,,,
indi,Indiana,,,,,,
p1904,post1904,06_12_25,dec25,,,,https://truthsocial.com/@realDonaldTrump/posts/115669821715563033
p1905,post1905,06_12_25,dec25,,,,https://truthsocial.com/@realDonaldTrump/posts/115670459480108739
p1906,post1906,06_12_25,dec25,,,,https://truthsocial.com/@realDonaldTrump/posts/115670577719463498
jajo,James Jones,2,,,,,
p1907,post1907,06_12_25,dec25,,,,https://truthsocial.com/@realDonaldTrump/posts/115672630683376515
pesc,Peter Schiff,,,2,3,,
p1908,post1908,06_12_25,dec25,,,,https://truthsocial.com/@realDonaldTrump/posts/115672772354075395
caco,Caitlin Collin,,,1,3,,
p1909,post1909,06_12_25,dec25,,,,https://truthsocial.com/@realDonaldTrump/posts/115673706520574050
p1910,post1910,06_12_25,dec25,,,,
p1911,post1911,06_12_25,dec25,,,,https://truthsocial.com/@realDonaldTrump/posts/115673738803217830
cos,College Sports,,,,,,
sre,Sports Representatives,,,,,,
p1912,post1912,06_12_25,dec25,,,,https://truthsocial.com/@realDonaldTrump/posts/115674102596009965
rocl,Roger Clemens,,,2,2,,
s2nr,Nolan Ryan,,,2,3,,
bhof,Baseball Hall of Fame Committee,,,,,,
p1913,post1913,06_12_25,dec25,,,,https://truthsocial.com/@realDonaldTrump/posts/115674446098726232
char,Charlotte,,,,,,
ilmi,Illegal Migrant,,,,,,
p1914,post1914,07_12_25,dec25,,,,
hcu,Henry Cuellar,,,2,1,,
icu,Imelda Cuellar,,,1,3,,
cfa,Cuellar family,,,,,,
povo,people in the Oval Office,,,,,,
p1915,post1915,07_12_25,dec25,,,,https://truthsocial.com/@realDonaldTrump/posts/115678904344018257
p1916,post1916,07_12_25,dec25,,,,https://truthsocial.com/@realDonaldTrump/posts/115679765232612242
mlb,Major League Baseball,,,,,,
p1917,post1917,07_12_25,dec25,,,,https://truthsocial.com/@realDonaldTrump/posts/115679783474101246
p1918,post1918,08_12_25,dec25,,,,https://truthsocial.com/@realDonaldTrump/posts/115684148454828379
aic,AI Companies,,,,,,
p1919,post1919,08_12_25,dec25,,,,https://truthsocial.com/@realDonaldTrump/posts/115684406134734247
ls,Lesley Stahl,,,1,3,,
p1920,post1920,08_12_25,dec25,,,,https://truthsocial.com/@realDonaldTrump/posts/115686072737425841
amd,AMD,,,,,,
int,Intel,,,,,,
doco,Department of Commerce,,,,,,
p1921,post1921,08_12_25,dec25,,,,https://truthsocial.com/@realDonaldTrump/posts/115686410399815717
p1922,post1922,09_12_25,dec25,,,,https://truthsocial.com/@realDonaldTrump/posts/115688461364044258
p1923,post1923,09_12_25,dec25,,,,https://truthsocial.com/@realDonaldTrump/posts/115688492399516072
p1924,post1924,10_12_25,dec25,,,,https://truthsocial.com/@realDonaldTrump/posts/115692843128539904
wrmmc,Walter Reed National Military Medical Center,,,,,,
p1925,post1925,10_12_25,dec25,,,,https://truthsocial.com/@realDonaldTrump/posts/115693285064758445
p1926,post1926,10_12_25,dec25,,,,https://truthsocial.com/@realDonaldTrump/posts/115697029631709665
p1927,post1927,11_12_25,dec25,,,,https://truthsocial.com/@realDonaldTrump/posts/115698147293634454
pberg,Phil Berger,,,2,2,,
spage,Sam Page,,,2,3,,
p1928,post1928,11_12_25,dec25,,,,https://truthsocial.com/@realDonaldTrump/posts/115698333420423237
mdan,Mitch Daniels,,,2,2,,
jbanks,Jim Banks,,,2,2,,
cams,Cam Savage,,,2,2,,
p1929,post1929,11_12_25,dec25,,,,https://truthsocial.com/@realDonaldTrump/posts/115701239677984151
p1930,post1930,11_12_25,dec25,,,,https://truthsocial.com/@realDonaldTrump/posts/115701697468059580
p1931,post1931,11_12_25,dec25,,,,https://truthsocial.com/@realDonaldTrump/posts/115702382320619583
p1932,post1932,11_12_25,dec25,,,,https://truthsocial.com/@realDonaldTrump/posts/115702734737677434
p1933,post1933,12_12_25,dec25,,,,https://truthsocial.com/@realDonaldTrump/posts/115703610330402175
p1934,post1934,12_12_25,dec25,,,,https://truthsocial.com/@realDonaldTrump/posts/115707808536071986
anut,Anutin Charnvirakul,,,2,3,,
hman,Hun Manet,,,2,3,,
aib,Anwar Ibrahim,,,2,3,,
p1935,post1935,13_12_25,dec25,,,,https://truthsocial.com/@realDonaldTrump/posts/115710698623079249
p1936,post1936,13_12_25,dec25,,,,https://truthsocial.com/@realDonaldTrump/posts/115713058860389475
s2al,Arthur Laffer,,,2,2,,
p1937,post1937,13_12_25,dec25,,,,https://truthsocial.com/@realDonaldTrump/posts/115713778827349150
s2civ,Civilian Interpreter,,,,,,
s2sol,Soldiers,,,,,,
p1938,post1938,13_12_25,dec25,,,,https://truthsocial.com/@realDonaldTrump/posts/115714676658999589
bru,Brown University,,,,,,
rhi,Rhode Island,,,,,,
favi,Family of Victims,,,,,,
sus,Suspect,,,,,,
p1939,post1939,14_12_25,dec25,,,,https://truthsocial.com/@realDonaldTrump/posts/115714751735035903
bup,Brown University Police,,,,,,
p1940,post1940,15_12_25,dec25,,,,https://truthsocial.com/@realDonaldTrump/posts/115724141568860081
ror,Rob Reiner,,,,,,
s2mic,Michele Reiner,,,,,,
p1941,post1941,16_12_25,dec25,,,,https://truthsocial.com/@realDonaldTrump/posts/115730644486071082
p1942,post1942,16_12_25,dec25,,,,https://truthsocial.com/@realDonaldTrump/posts/115730908630818072
p1943,post1943,17_12_25,dec25,,,,https://truthsocial.com/@realDonaldTrump/posts/115731785428395132
p1944,post1944,17_12_25,dec25,,,,https://truthsocial.com/@realDonaldTrump/posts/115731908387416458
terr,terrorists,,,,,,
p1945,post1945,17_12_25,dec25,,,,https://truthsocial.com/@realDonaldTrump/posts/115732126619539882
ted,Troy Edgar,,,2,2,,
p1946,post1946,17_12_25,dec25,,,,https://truthsocial.com/@realDonaldTrump/posts/115732274245124697
anba,Andrej Babis,,,2,3,,
cze,Czech Republic,,,,,,
p1947,post1947,17_12_25,dec25,,,,https://truthsocial.com/@realDonaldTrump/posts/115732659042964265
p1948,post1948,17_12_25,dec25,,,,https://truthsocial.com/@realDonaldTrump/posts/115732896552615984
p1949,post1949,17_12_25,dec25,,,,https://truthsocial.com/@realDonaldTrump/posts/115736866317724246
s2rwa,Raphael Warnock,,,2,1,,
p1950,post1950,18_12_25,dec25,,,,https://truthsocial.com/@realDonaldTrump/posts/115742569503999806
s2pl2,Paul LePage,,,2,2,,
s2md,Matt Dunlap,,,2,1,,
md2,Maine’s 2nd Congressional District,,,,,,
p1951,post1951,18_12_25,dec25,,,,https://truthsocial.com/@realDonaldTrump/posts/115742571489420298
s2kl,Kevin Lincoln,,,2,1,,
ca13,California’s 13th Congressional District,,,,,,
p1952,post1952,18_12_25,dec25,,,,https://truthsocial.com/@realDonaldTrump/posts/115742629595806439
p1953,post1953,18_12_25,dec25,,,,https://truthsocial.com/@realDonaldTrump/posts/115742633193769571
togo,Tony Gonzales,,,2,2,,
tx23,Texas’ 23rd Congressional District,,,,,,
p1954,post1954,18_12_25,dec25,,,,https://truthsocial.com/@realDonaldTrump/posts/115742789211395317
efl,Eric Flores,,,2,2,,
tx34,Texas’ 34th Congressional District,,,,,,
p1955,post1955,18_12_25,dec25,,,,https://truthsocial.com/@realDonaldTrump/posts/115742838603762912
s2cg,Chris Gober,,,2,2,,
tx10,Texas’ 10th Congressional District,,,,,,
p1956,post1956,19_12_25,dec25,,,,https://truthsocial.com/@realDonaldTrump/posts/115743433358756069
rmec,Rocky Mount Events Center,,,,,,
p1957,post1957,19_12_25,dec25,,,,https://truthsocial.com/@realDonaldTrump/posts/115744604019079688
he,Harry Enten,,,2,3,,
p1958,post1958,19_12_25,dec25,,,,https://truthsocial.com/@realDonaldTrump/posts/115747232618687626
p1959,post1959,19_12_25,dec25,,,,https://truthsocial.com/@realDonaldTrump/posts/115748453260594922
ljb,La Jolla Band of Luiseno Indians,,,,,,
p1960,post1960,19_12_25,dec25,,,,https://truthsocial.com/@realDonaldTrump/posts/115748466708380170
p1961,post1961,19_12_25,dec25,,,,https://truthsocial.com/@realDonaldTrump/posts/115748555238487311
p1962,post1962,19_12_25,dec25,,,,https://truthsocial.com/@realDonaldTrump/posts/115748701721247530
syrg,Government of Syria,,,,,,
p1963,post1963,20_12_25,dec25,,,,https://truthsocial.com/@realDonaldTrump/posts/115748870260800797
s2em2,Elizabeth MacDonald,,,1,3,,
fobu,Fox Business,,,,,,
p1964,post1964,20_12_25,dec25,,,,https://truthsocial.com/@realDonaldTrump/posts/115748898604800291
p1965,post1965,20_12_25,dec25,,,,https://truthsocial.com/@realDonaldTrump/posts/115748995021059823
p1966,post1966,20_12_25,dec25,,,,https://truthsocial.com/@realDonaldTrump/posts/115748998203463423
grgi,Greg Gianforte,,,2,2,,
mon,Montana,,,,,,
p1967,post1967,20_12_25,dec25,,,,https://truthsocial.com/@realDonaldTrump/posts/115750227263339859
japa,Jake Paul,,,2,2,,
anjo,Anthony Joshua,,,2,3,,
p1968,post1968,20_12_25,dec25,,,,https://truthsocial.com/@realDonaldTrump/posts/115754059136466585
p1969,post1969,22_12_25,dec25,,,,https://truthsocial.com/@realDonaldTrump/posts/115760829286615399
jela,Jeff Landry,,,2,2,,
p1970,post1970,23_12_25,dec25,,,,https://truthsocial.com/@realDonaldTrump/posts/115766194471748593
ama,Alex Marlow,,,2,3,,
breb,Breitbart,,,,,,
s2jmi,Jason Miller,,,2,2,,
rob,Rod Blagojevich,,,2,1,,
p1971,post1971,23_12_25,dec25,,,,https://truthsocial.com/@realDonaldTrump/posts/115767241940653010
p1972,post1972,23_12_25,dec25,,,,https://truthsocial.com/@realDonaldTrump/posts/115769302680506780
p1973,post1973,23_12_25,dec25,,,,https://truthsocial.com/@realDonaldTrump/posts/115769417518541473
p1974,post1974,23_12_25,dec25,,,,https://truthsocial.com/@realDonaldTrump/posts/115769455906748881
tkeh,Trump Kennedy Center Honors,,,,,,
mcra,Michael Crawford,,,2,1,,
kiss,KISS,,,,,,
gest,George Strait,,,2,2,,
gga,Gloria Gaynor,,,1,,,
p1975,post1975,23_12_25,dec25,,,,https://truthsocial.com/@realDonaldTrump/posts/115769520157248739
s2be,Bloomberg Economists,,,,,,
p1976,post1976,23_12_25,dec25,,,,https://truthsocial.com/@realDonaldTrump/posts/115770165868454573
fedc,Fed Chairman,,,,,,
p1977,post1977,23_12_25,dec25,,,,https://truthsocial.com/@realDonaldTrump/posts/115770367420942580
hh,Harriet Hageman,,,1,2,,
p1978,post1978,24_12_25,dec25,,,,https://truthsocial.com/@realDonaldTrump/posts/115772841536331132
p1979,post1979,24_12_25,dec25,,,,https://truthsocial.com/@realDonaldTrump/posts/115772871198579287
p1980,post1980,24_12_25,dec25,,,,LINK!
nne,Network Newscasts,,,,,,
p1981,post1981,25_12_25,dec25,,,,https://truthsocial.com/@realDonaldTrump/posts/115777270368444049
p1982,post1982,25_12_25,dec25,,,,https://truthsocial.com/@realDonaldTrump/posts/115782683955516402
p1983,post1983,26_12_25,dec25,,,,https://truthsocial.com/@realDonaldTrump/posts/115782891296626533
p1984,post1984,27_12_25,dec25,,,,https://truthsocial.com/@realDonaldTrump/posts/115791772938559943
sbo,Southern Border,,,,,,
p1985,post1985,27_12_25,dec25,,,,https://truthsocial.com/@realDonaldTrump/posts/115791817694825755
p1986,post1986,28_12_25,dec25,,,,https://truthsocial.com/@realDonaldTrump/posts/115797695341052561
p1987,post1987,28_12_25,dec25,,,,https://truthsocial.com/@realDonaldTrump/posts/115798213364038844
p1988,post1988,31_12_25,dec25,,,,
p1989,post1989,31_12_25,dec25,,,,https://truthsocial.com/@realDonaldTrump/posts/115814390834030545
s2pp,Paul Perez,,,2,3,,
hisp,Hispanic population,,,,,,
p1990,post1990,31_12_25,dec25,,,,https://truthsocial.com/@realDonaldTrump/posts/115814530455966257
p1991,post1991,31_12_25,dec25,,,,https://truthsocial.com/@realDonaldTrump/posts/115814640881301083
p1992,post1992,31_12_25,dec25,,,,https://truthsocial.com/@realDonaldTrump/posts/115814835032750025
p1993,post1993,31_12_25,dec25,,,,https://truthsocial.com/@realDonaldTrump/posts/115814993074933464
p1994,post1994,31_12_25,dec25,,,,https://truthsocial.com/@realDonaldTrump/posts/115815355325954705
s2da,District Attorney,,,,,,
p1995,post1995,31_12_25,dec25,,,,https://truthsocial.com/@realDonaldTrump/posts/115815971019162695
p1996,post1996,31_12_25,dec25,,,,https://truthsocial.com/@realDonaldTrump/posts/115816063544553030
p1997,post1997,31_12_25,dec25,,,,https://truthsocial.com/@realDonaldTrump/posts/115816098525451632
p1998,post1998,31_12_25,dec25,,,,https://truthsocial.com/@realDonaldTrump/posts/115816171466225987
p1999,post1999,31_12_25,dec25,,,,https://truthsocial.com/@realDonaldTrump/posts/115816402893182666
acl,Amal Clooney,,,1,3,,
s2inf,infrastructure,,,,,12,
s2dea2,death,,,,,2,
s2emerg2,emergency management,,,,,4,
icehock,icehockey,,,,,14,
dil,daughter in law,,,,,18,
s2boo,book,,,,,19,
cel,celebrites,,,,,19,
p2158,post2158,01_01_26,jan26,,,,https://truthsocial.com/@realDonaldTrump/posts/115821862193209382
asw,Alex Swoyer,,,2,3,,
p2159,post2159,01_01_26,jan26,,,,https://truthsocial.com/@realDonaldTrump/posts/115823137139241980
adc,Art Del Cueto,,,,,,
p2160,post2160,01_01_26,jan26,,,,https://truthsocial.com/@realDonaldTrump/posts/115824439366264186
p2161,post2161,02_01_26,jan26,,,,https://truthsocial.com/@realDonaldTrump/posts/115825378093317232
ce,Cognitive Examination,,,,,,
p2162,post2162,02_01_26,jan26,,,,https://truthsocial.com/@realDonaldTrump/posts/115825721310088041
ucb,UC Berkeley,,,,,,
p2163,post2163,02_01_26,jan26,,,,https://truthsocial.com/@realDonaldTrump/posts/115825822957307790
gec,Green Energy Company,,,,,,
s2be2,Bald Eagles,,,,,,
p2164,post2164,02_01_26,jan26,,,,https://truthsocial.com/@realDonaldTrump/posts/115825951172960005
p2165,post2165,03_01_26,jan26,,,,https://truthsocial.com/@realDonaldTrump/posts/115830428767897167
wfe,Cilia Flores,,,1,1,,
p2166,post2166,03_01_26,jan26,,,,https://truthsocial.com/@realDonaldTrump/posts/115833689929797630
p2167,post2167,03_01_26,jan26,,,,https://truthsocial.com/@realDonaldTrump/posts/115833880793462028
dws,Debbie Wassermann Schultz,,,1,1,,
p2168,post2168,05_01_26,jan26,,,,https://truthsocial.com/@realDonaldTrump/posts/115842866197248103
p2169,post2169,05_01_26,jan26,,,,https://truthsocial.com/@realDonaldTrump/posts/115844769291604784
p2170,post2170,05_01_26,jan26,,,,https://truthsocial.com/@realDonaldTrump/posts/115844814100241306
s2vac,vaccination,,,,,2,
p2171,post2171,05_01_26,jan26,,,,https://truthsocial.com/@realDonaldTrump/posts/115844083693194821
walz,Tim Walz,,,2,1,,
minn,Minnesota,,,,,,
p2172,post2172,05_01_26,jan26,,,,https://truthsocial.com/@realDonaldTrump/posts/115844861259246664
fda,Food and Drug Administration,,,,,,
cms,Centers for Medicare & Medicaid Services,,,,,2,
nih,National Institutes of Health,,,,,2,
p2173,post2173,05_01_26,jan26,,,,https://truthsocial.com/@realDonaldTrump/posts/115844958852489769
s2bs2,Blue States,,,,,,
p2174,post2174,06_01_26,jan26,,,,
p2175,post2175,06_01_26,jan26,,,,
p2176,post2176,06_01_26,jan26,,,,https://truthsocial.com/@realDonaldTrump/posts/115848423492044761
p2177,post2177,06_01_26,jan26,,,,https://truthsocial.com/@realDonaldTrump/posts/115850261028223020
jafee,Jay Feely,,,2,2,,
p2178,post2178,06_01_26,jan26,,,,https://truthsocial.com/@realDonaldTrump/posts/115850286700351188
amk,Amanda McKinney,,,1,2,,
p2179,post2179,06_01_26,jan26,,,,https://truthsocial.com/@realDonaldTrump/posts/115850410088588555
s2tt2,Tano Tijerina,,,2,2,,
p2180,post2180,06_01_26,jan26,,,,https://truthsocial.com/@realDonaldTrump/posts/115850412075994316
rldt,Radical Left Thugs,,,3,1,,
p2181,post2181,06_01_26,jan26,,,,https://truthsocial.com/@realDonaldTrump/posts/115850441807763948
s2sba,Sara Baxter,,,1,2,,
p2182,post2182,06_01_26,jan26,,,,https://truthsocial.com/@realDonaldTrump/posts/115850448778042500
s2jm,Jon Maples,,,2,2,,
s2mw2,Meg Weinberger,,,1,2,,
p2183,post2183,06_01_26,jan26,,,,https://truthsocial.com/@realDonaldTrump/posts/115850509804217257
s2ad,Andrew Davis,,,2,3,,
usdcwtx,US District Court Western District of Texas,,,,,,
p2184,post2184,06_01_26,jan26,,,,https://truthsocial.com/@realDonaldTrump/posts/115850512257143274
cwo,Chris Wolfe,,,2,2,,
p2185,post2185,06_01_26,jan26,,,,https://truthsocial.com/@realDonaldTrump/posts/115850515035074475
josh,John Shepherd,,,2,3,,
usdcar,US District Court Western District of Arkansas,,,,,,
p2186,post2186,06_01_26,jan26,,,,https://truthsocial.com/@realDonaldTrump/posts/115850518579436668
asj,Anna St. John,,,1,3,,
hdl,Hamilton Lincoln Law Institute,,,,,,
edla,US District Court Eastern District of Louisiana,,,,,,
p2187,post2187,06_01_26,jan26,,,,https://truthsocial.com/@realDonaldTrump/posts/115850817778602689
p2188,post2188,07_01_26,jan26,,,,https://truthsocial.com/@realDonaldTrump/posts/115854238467475779
johar,John Harbaugh,,,2,,,
p2189,post2189,07_01_26,jan26,,,,https://truthsocial.com/@realDonaldTrump/posts/115854352740910460
p2190,post2190,07_01_26,jan26,,,,https://truthsocial.com/@realDonaldTrump/posts/115855025749206304
s2dl,Doug LaMalfa,,,2,2,,
p2191,post2191,07_01_26,jan26,,,,https://truthsocial.com/@realDonaldTrump/posts/115855059527504524
p2192,post2192,07_01_26,jan26,,,,https://truthsocial.com/@realDonaldTrump/posts/115855387946005468
defind,Defense Industry,,,,,,
p2193,post2193,07_01_26,jan26,,,,https://truthsocial.com/@realDonaldTrump/posts/115855701696773990
p2194,p2194,07_01_26,jan26,,,,https://truthsocial.com/@realDonaldTrump/posts/115855836062461949
ray,Raytheon,,,,,,
p2195,post2195,07_01_26,jan26,,,,https://truthsocial.com/@realDonaldTrump/posts/115855894695940909
milb,Military Budget,,,,,,
p2196,post2196,07_01_26,jan26,,,,https://truthsocial.com/@realDonaldTrump/posts/115855894695940909
p2197,post2197,07_01_26,jan26,,,,https://truthsocial.com/@realDonaldTrump/posts/115856078669121098
ampr,American Products,,,,,,
eme,American Medical Equipment,,,,,2,
p2198,post2198,07_01_26,jan26,,,,https://truthsocial.com/@realDonaldTrump/posts/115856506155736586
gp,Gustavo Petro,,,2,3,,
p2199,post2199,08_01_26,jan26,,,,https://truthsocial.com/@realDonaldTrump/posts/115857498674115807
p2200,post2200,08_01_26,jan26,,,,https://truthsocial.com/@realDonaldTrump/posts/115859532176676320
p2201,post2201,08_01_26,jan26,,,,https://truthsocial.com/@realDonaldTrump/posts/115860738010214901
suco,Susan Collins,,,1,2,,
toyo,Todd Young,,,2,2,,
p2202,post2202,08_01_26,jan26,,,,https://truthsocial.com/@realDonaldTrump/posts/115861537483492504
lbt,Lip-Bu Tan,,,2,3,,
p2203,post2203,08_01_26,jan26,,,,https://truthsocial.com/@realDonaldTrump/posts/115861588073149023
fnma,Fannie Mae,,,,,,
s2hm,housing market,,,,,,
p2204,post2204,08_01_26,jan26,,,,https://truthsocial.com/@realDonaldTrump/posts/115862109893187989
gdp,(Nation's) Gross Domestic Product,,,,,,
s2td,Trade Deficit,,,,,,
p2205,post2205,08_01_26,jan26,,,,https://truthsocial.com/@realDonaldTrump/posts/115862665860473431
s2may,Mayor,,,,,,
p2206,post2206,08_01_26,jan26,,,,https://truthsocial.com/@realDonaldTrump/posts/115862684255980250
s2i,interview,,,,,,
p2207,post2207,09_01_26,jan26,,,,https://truthsocial.com/@realDonaldTrump/posts/115864395969123502
big,Big Oil,,,,,,
polpri,Political Prisoners,,,,,,
p2208,post2208,09_01_26,jan26,,,,https://truthsocial.com/@realDonaldTrump/posts/115866622554668872
s2dr,Drugs,,,,,,
p2209,post2209,09_01_26,jan26,,,,https://truthsocial.com/@realDonaldTrump/posts/115866624593954329
owc,Oil Companies (world's biggest),,,,,,
cwri,Chris Wright,,,2,3,,
dbur,Doug Burgum,,,2,2,,
p2210,post2210,09_01_26,jan26,,,,https://truthsocial.com/@realDonaldTrump/posts/115866908684935165
iata,Interim Authorities of Venezuela,,,,,,
s2ed,Energy Deal,,,,,,
p2211,post2211,09_01_26,jan26,,,,https://truthsocial.com/@realDonaldTrump/posts/115867385857410443
ala,Art Laffer,,,2,3,,
s2sm2,Stephen Moore,,,2,3,,
teb,The Trump Economic Miracle (Book),,,,,,
p2212,post2212,09_01_26,jan26,,,,https://truthsocial.com/@realDonaldTrump/posts/115867481802224393
s2md2,Megan Degenfelder,,,1,2,,
p2213,post2213,09_01_26,jan26,,,,https://truthsocial.com/@realDonaldTrump/posts/115868132990949589
ccco,Credit Card Companies,,,,,,
p2214,post2214,09_01_26,jan26,,,,https://truthsocial.com/@realDonaldTrump/posts/115868134941083354
amerfam,American Families,,,,,,
mor,mortage,,,,,,
p2215,post2215,10_01_26,jan26,,,,https://truthsocial.com/@realDonaldTrump/posts/115871564802315111
grja,Gregg Jarett,,,2,3,,
p2216,post2216,10_01_26,jan26,,,,https://truthsocial.com/@realDonaldTrump/posts/115871567004197826
p2217,post2217,10_01_26,jan26,,,,https://truthsocial.com/@realDonaldTrump/posts/115871740731557028
p2218,post2218,10_01_26,jan26,,,,https://truthsocial.com/@realDonaldTrump/posts/115871761540198799
p2219,post2219,10_01_26,jan26,,,,https://truthsocial.com/@realDonaldTrump/posts/115872191697421818
p2220,post2220,10_01_26,jan26,,,,https://truthsocial.com/@realDonaldTrump/posts/115872214156165257
p2221,post2221,10_01_26,jan26,,,,https://truthsocial.com/@realDonaldTrump/posts/115872664324587956
nyfg,New York Football Giants,,,,,,
p2222,post2222,10_01_26,jan26,,,,https://truthsocial.com/@realDonaldTrump/posts/115872684220634537
p2223,post2223,10_01_26,jan26,,,,https://truthsocial.com/@realDonaldTrump/posts/115872769704977517
masi,Marc Siegel,,,2,3,,
p2224,post2224,10_01_26,jan26,,,,
irne,Iranian Embassy,,,,,,
rev,Revolution,,,,,,
p2225,post2225,10_01_26,jan26,,,,https://truthsocial.com/@realDonaldTrump/posts/115873337954422404
p2226,post2226,10_01_26,jan26,,,,https://truthsocial.com/@realDonaldTrump/posts/115873451908160529
p2227,post2227,11_01_26,jan26,,,,https://truthsocial.com/@realDonaldTrump/posts/115876460615555838
p2228,post2228,12_01_26,jan26,,,,https://truthsocial.com/@realDonaldTrump/posts/115882511750475574
dpm,Dina Powell McCormick,,,1,3,,
meta,Meta,,,,,,
mz,Mark Zuckerberg,,,2,3,,
p2229,post2229,12_01_26,jan26,,,,https://truthsocial.com/@realDonaldTrump/posts/115883475463948362
p2230,post2230,12_01_26,jan26,,,,https://truthsocial.com/@realDonaldTrump/posts/115884164936451552
p2231,post2231,12_01_26,jan26,,,,https://truthsocial.com/@realDonaldTrump/posts/115884319075881590
p2232,post2232,12_01_26,jan26,,,,https://truthsocial.com/@realDonaldTrump/posts/115884425860726582
s2cp2,Congestion Pricing,,,,,,
p2233,post2233,12_01_26,jan26,,,,https://truthsocial.com/@realDonaldTrump/posts/115884759090137876
s2tech,Technology Companies,,,,,,
s2dc2,Data Centers,,,,,,
util,Utility Bills,,,,,,
p2234,post2234,12_01_26,jan26,,,,https://truthsocial.com/@realDonaldTrump/posts/115886085338434959
roma,Roger Marshall,,,2,2,,
p2235,post2235,13_01_26,jan26,,,,https://truthsocial.com/@realDonaldTrump/posts/115888070937502023
p2236,post2236,13_01_26,jan26,,,,https://truthsocial.com/@realDonaldTrump/posts/115888260399895701
p2237,post2237,13_01_26,jan26,,,,https://truthsocial.com/@realDonaldTrump/posts/115888317758045915
p2238,post2238,13_01_26,jan26,,,,https://truthsocial.com/@realDonaldTrump/posts/115888656099131562
sca,Scott Adams,,,2,3,,
p2239,post2239,13_01_26,jan26,,,,https://truthsocial.com/@realDonaldTrump/posts/115889954671261109
p2240,post2240,13_01_26,jan26,,,,https://truthsocial.com/@realDonaldTrump/posts/115889956193740965
p2241,post2241,14_01_26,jan26,,,,https://truthsocial.com/@realDonaldTrump/posts/115893255826342514
p2242,post2242,14_01_26,jan26,,,,https://truthsocial.com/@realDonaldTrump/posts/115893309945152200
p2243,post2243,15_01_26,jan26,,,,https://truthsocial.com/@realDonaldTrump/posts/115893658269457561
p2244,post2244,14_01_26,jan26,,,,https://truthsocial.com/@realDonaldTrump/posts/115895806350456434
oil,Oil,,,,,,
miner,Minerals,,,,,,
dro,Delcy Rodríguez,,,1,3,,
p2245,post2245,15_01_26,jan26,,,,https://truthsocial.com/@realDonaldTrump/posts/115899010178595252
p2246,post2246,15_01_26,jan26,,,,https://truthsocial.com/@realDonaldTrump/posts/115899252938886431
agit,Professional Agitators,,,,,,
insact,Insurrection Act,,,,,,
p2247,post2247,15_01_26,jan26,,,,https://truthsocial.com/@realDonaldTrump/posts/115901513827848128
p2248,post2248,15_01_26,jan26,,,,https://truthsocial.com/@realDonaldTrump/posts/115901692370933354
p2249,post2249,15_01_26,jan26,,,,https://truthsocial.com/@realDonaldTrump/posts/115902017280271792
s2aid,Humanitarian Aid,,,,,,
palgov,Palestinian Technocratic Government,,,,,,
gaz20,Gaza's 20-Point Peace Plan,,,,,,
demil,Demilitarization,,,,,,
p2250,post2250,15_01_26,jan26,,,,https://truthsocial.com/@realDonaldTrump/posts/115902023696178994
p2157,post2157,16_01_26,jan26,,,,https://truthsocial.com/@realDonaldTrump/posts/115905755470362973
p2156,post2156,16_01_26,jan26,,,,https://truthsocial.com/@realDonaldTrump/posts/115905757161594483
p2155,post2155,17_01_26,jan26,,,,https://truthsocial.com/@realDonaldTrump/posts/115906000981082082
p2154,post2154,17_01_26,jan26,,,,https://truthsocial.com/@realDonaldTrump/posts/115908065089401787
p2153,post2153,17_01_26,jan26,,,,https://truthsocial.com/@realDonaldTrump/posts/115908316744576000
p2152,post2152,17_01_26,jan26,,,,https://truthsocial.com/@realDonaldTrump/posts/115911321115123547
sect,Secretary of the Treasury,,,,,,
jadi,Jamie Dimon,,,2,2,,
s2jpm,JP Morgan,,,,,,
p2151,post2151,17_01_26,jan26,,,,https://truthsocial.com/@realDonaldTrump/posts/115911344443637897
p2150,post2150,17_01_26,jan26,,,,https://truthsocial.com/@realDonaldTrump/posts/115912250523181458
p2149,post2149,17_01_26,jan26,,,,https://truthsocial.com/@realDonaldTrump/posts/115913629513015604
s2army,United States Army,,,,,,
p2148,post2148,17_01_26,jan26,,,,https://truthsocial.com/@realDonaldTrump/posts/115913809230823901
bmoo,Barry Moore,,,2,2,,
p2147,post2147,18_01_26,jan26,,,,https://truthsocial.com/@realDonaldTrump/posts/115913818366988479
jlet,Julia Letlow,,,1,2,,
p2146,post2146,18_01_26,jan26,,,,https://truthsocial.com/@realDonaldTrump/posts/115913968629100828
damc,David McIntosh,,,2,2,,
p2145,post2145,18_01_26,jan26,,,,https://truthsocial.com/@realDonaldTrump/posts/115915851439933172
nor,Norway,,,,,,
nld,Netherlands,,,,,20,
p2144,post2144,18_01_26,jan26,,,,https://truthsocial.com/@realDonaldTrump/posts/115915881410679214
jifa,Jimmy Failla,,,2,3,,
p2143,post2143,18_01_26,jan26,,,,https://truthsocial.com/@realDonaldTrump/posts/115915952093312324
p2142,post2142,18_01_26,jan26,,,,https://truthsocial.com/@realDonaldTrump/posts/115915958962150760
tisc,Tim Scott,,,2,2,,
p2141,post2141,18_01_26,jan26,,,,https://truthsocial.com/@realDonaldTrump/posts/115916047821747370
p2140,post2140,18_01_26,jan26,,,,https://truthsocial.com/@realDonaldTrump/posts/115919038563850124
dabo,David Bossie,,,2,2,,
p2139,post2139,18_01_26,jan26,,,,https://truthsocial.com/@realDonaldTrump/posts/115919296178368951
p2138,post2138,18_01_26,jan26,,,,https://truthsocial.com/@realDonaldTrump/posts/115919466737908324
s2pesc,Peter Schweizer,,,2,3,,
p2137,post2137,18_01_26,jan26,,,,https://truthsocial.com/@realDonaldTrump/posts/115919697262007872
p2136,post2136,19_01_26,jan26,,,,https://truthsocial.com/@realDonaldTrump/posts/115919803174585205
p2135,post2135,19_01_26,jan26,,,,https://truthsocial.com/@realDonaldTrump/posts/115919827634401559
nyse,New York Stock Exchange,,,,,,
p2134,post2134,19_01_26,jan26,,,,https://truthsocial.com/@realDonaldTrump/posts/115922086257363944
s2som,Somali fraud scandal,,,,,,
p2133,post2133,19_01_26,jan26,,,,https://truthsocial.com/@realDonaldTrump/posts/115923918404792612
mico,Michael Cohen,,,2,1,,
p2132,post2132,19_01_26,jan26,,,,https://truthsocial.com/@realDonaldTrump/posts/115924025571521310
mp,Minnesota politicans,,,,,,
p2131,post2131,19_01_26,jan26,,,,https://truthsocial.com/@realDonaldTrump/posts/115924043199702065
rs,Rodney Scott,,,2,2,,
s2wcs,The Will Cain Show,,,,,,
p2130,post2130,19_01_26,jan26,,,,https://truthsocial.com/@realDonaldTrump/posts/115924046475418008
p2129,post2129,19_01_26,jan26,,,,https://truthsocial.com/@realDonaldTrump/posts/115924277763800167
p2128,post2128,20_01_26,jan26,,,,https://truthsocial.com/@realDonaldTrump/posts/115924279332406120
p2127,post2127,20_01_26,jan26,,,,https://truthsocial.com/@realDonaldTrump/posts/115925766187001811
swis,Switzerland,,,,,20,
p2126,post2126,20_01_26,jan26,,,,https://truthsocial.com/@realDonaldTrump/posts/115926042315145030
p2125,post2125,20_01_26,jan26,,,,https://truthsocial.com/@realDonaldTrump/posts/115926047595803521
dgo,Island of Diego Garcia,,,,,,
mus,Mauritius,,,,,20,
p2124,post2124,20_01_26,jan26,,,,https://truthsocial.com/@realDonaldTrump/posts/115928321836846571
p2123,post2123,20_01_26,jan26,,,,https://truthsocial.com/@realDonaldTrump/posts/115928428222216680
p2122,post2122,20_01_26,jan26,,,,https://truthsocial.com/@realDonaldTrump/posts/115928442608514733
p2121,post2121,21_01_26,jan26,,,,https://truthsocial.com/@realDonaldTrump/posts/115930705131305934
nena,NewsNation,,,,,,
p2120,post2120,21_01_26,jan26,,,,https://truthsocial.com/@realDonaldTrump/posts/115930710693248379
am,America,,,,,,
p2119,post2119,21_01_26,jan26,,,,https://truthsocial.com/@realDonaldTrump/posts/1159337378158006477
sedhun,Sedition Hunters,,,,,,
p2118,post2118,21_01_26,jan26,,,,https://truthsocial.com/@realDonaldTrump/posts/1159347343355792788
arctic,Arctic Region,,,,,,
p2117,post2117,21_01_26,jan26,,,,https://truthsocial.com/@realDonaldTrump/posts/115935584105062053
jkl,Jimmy Kimmel Live!,,,,,,
lat,Los Angeles Times,,,,,,
p2116,post2116,22_01_26,jan26,,,,https://truthsocial.com/@realDonaldTrump/posts/115939791935000343
s2ts,Times Siena Poll,,,,,,
p2115,post2115,22_01_26,jan26,,,,https://truthsocial.com/@realDonaldTrump/posts/115939823471731565
p2114,post2114,22_01_26,jan26,,,,https://truthsocial.com/@realDonaldTrump/posts/115939860152214301
s2nbc,NBC News,,,,,,
p2113,post2113,22_01_26,jan26,,,,https://truthsocial.com/@realDonaldTrump/posts/115939889414201547
p2112,post2112,22_01_26,jan26,,,,https://truthsocial.com/@realDonaldTrump/posts/115940231479630134
p2111,post2111,22_01_26,jan26,,,,https://truthsocial.com/@realDonaldTrump/posts/115940444095244586
s2fifa,FIFA World Cup 2026,,,,,14,
laoly,Los Angeles Summer Olympics 2028,,,,,,
woex,World Expo 2035,,,,,,
p2110,post2110,22_01_26,jan26,,,,https://truthsocial.com/@realDonaldTrump/posts/115940718914667214
p2109,post2109,22_01_26,jan26,,,,https://truthsocial.com/@realDonaldTrump/posts/115941096615143011
p2108,post2108,22_01_26,jan26,,,,https://truthsocial.com/@realDonaldTrump/posts/115941130299210878
p2107,post2107,22_01_26,jan26,,,,https://truthsocial.com/@realDonaldTrump/posts/115941252213747451
p2106,post2106,23_01_26,jan26,,,,https://truthsocial.com/@realDonaldTrump/posts/115941568330748012
blfi,Blake Fiechter,,,2,2,,
trho,Travis Holdman,,,2,2,,
bluf,Bluffton,,,,,,
p2105,post2105,23_01_26,jan26,,,,https://truthsocial.com/@realDonaldTrump/posts/115941601213450831
jowa,John Wahl,,,2,2,,
p2104,post2104,23_01_26,jan26,,,,https://truthsocial.com/@realDonaldTrump/posts/115941745683532182
p2103,post2103,23_01_26,jan26,,,,https://truthsocial.com/@realDonaldTrump/posts/115941794659998195
p2102,post2102,23_01_26,jan26,,,,https://truthsocial.com/@realDonaldTrump/posts/115941811687438015
p2101,post2101,23_01_26,jan26,,,,https://truthsocial.com/@realDonaldTrump/posts/115941901312153410
s2im,Immigrants,,,,,,
p2100,post2100,23_01_26,jan26,,,,https://truthsocial.com/@realDonaldTrump/posts/115942147803684675
p2099,post2099,23_01_26,jan26,,,,https://truthsocial.com/@realDonaldTrump/posts/115943219966182884
totu,Tommy Tuberville,,,2,2,,
p2098,post2098,23_01_26,jan26,,,,https://truthsocial.com/@realDonaldTrump/posts/115943220222528458
p2097,post2097,23_01_26,jan26,,,,https://truthsocial.com/@realDonaldTrump/posts/115943220561708200
pnw,Pacific Northwest,,,,,,
p2096,post2096,23_01_26,jan26,,,,https://truthsocial.com/@realDonaldTrump/posts/115943220906993463
p2095,post2095,23_01_26,jan26,,,,https://truthsocial.com/@realDonaldTrump/posts/115943221220395905
pmca,Prime Minister Carney,,,2,3,,
p2094,post2094,23_01_26,jan26,,,,https://truthsocial.com/@realDonaldTrump/posts/115943221462098784
p2093,post2093,23_01_26,jan26,,,,https://truthsocial.com/@realDonaldTrump/posts/115944336667645170
davos,Davos,,,,,,
p2092,post2092,23_01_26,jan26,,,,https://truthsocial.com/@realDonaldTrump/posts/115944376084632033
envins,Environmental Insurrectionists,,,,,,
p2091,post2091,23_01_26,jan26,,,,https://truthsocial.com/@realDonaldTrump/posts/115945477247439138
gapr,Gateway Project,,,,,,
p2090,post2090,23_01_26,jan26,,,,https://truthsocial.com/@realDonaldTrump/posts/115945837215795716
p2089,post2089,23_01_26,jan26,,,,https://truthsocial.com/@realDonaldTrump/posts/115946254061477406
p2088,post2088,23_01_26,jan26,,,,https://truthsocial.com/@realDonaldTrump/posts/115946357948042788
bookck,"Book Charlie Kirk: Stop,in the Name of God",,,,,,
p2087,post2087,23_01_26,jan26,,,,https://truthsocial.com/@realDonaldTrump/posts/115946646049401300
p2086,post2086,23_01_26,jan26,,,,https://truthsocial.com/@realDonaldTrump/posts/115946814032888163
dais,Darrell Issa,,,2,2,,
p2085,post2085,23_01_26,jan26,,,,https://truthsocial.com/@realDonaldTrump/posts/115946854162846684
tomc,Tom McClintock,,,2,2,,
hbc,House Budget Committee,,,,,,
p2084,post2084,23_01_26,jan26,,,,https://truthsocial.com/@realDonaldTrump/posts/115946856565328563
clhi,Clay Higgins,,,2,2,,
p2083,post2083,23_01_26,jan26,,,,https://truthsocial.com/@realDonaldTrump/posts/115946858485453938
hrc,House Republican Conference,,,,,,
erho,Erin Houchin,,,1,2,,
p2082,post2082,23_01_26,jan26,,,,https://truthsocial.com/@realDonaldTrump/posts/115946860655104763
jesh,Jefferson Shreve,,,2,2,,
p2081,post2081,23_01_26,jan26,,,,https://truthsocial.com/@realDonaldTrump/posts/115946862484550959
visp,Victoria Spartz,,,1,2,,
p2080,post2080,23_01_26,jan26,,,,https://truthsocial.com/@realDonaldTrump/posts/115946864062168710
jiba,Jim Baird,,,2,2,,
p2079,post2079,23_01_26,jan26,,,,https://truthsocial.com/@realDonaldTrump/posts/115946865805351323
rial,Rick Allen,,,2,2,,
p2078,post2078,23_01_26,jan26,,,,https://truthsocial.com/@realDonaldTrump/posts/115946867281669769
auss,Austin Scott,,,2,2,,
hac,House Agriculture Committee,,,,,,
p2077,post2077,23_01_26,jan26,,,,https://truthsocial.com/@realDonaldTrump/posts/115946869365270481
rimc,Rich McCormick,,,2,2,,
p2076,post2076,23_01_26,jan26,,,,https://truthsocial.com/@realDonaldTrump/posts/115946871034219313
jaob,Jay Obernolte,,,2,2,,
p2075,post2075,23_01_26,jan26,,,,https://truthsocial.com/@realDonaldTrump/posts/115946872610760164
brja,Brian Jack,,,2,2,,
whpd,White House Political Director,,,,,,
p2074,post2074,23_01_26,jan26,,,,https://truthsocial.com/@realDonaldTrump/posts/115946875572351977
hecc,House Energy and Commerce Committee,,,,,,
p2073,post2073,23_01_26,jan26,,,,https://truthsocial.com/@realDonaldTrump/posts/115946877623841494
frhi,French Hill,,,2,2,,
hfsc,House Financial Services Committee,,,,,,
p2072,post2072,23_01_26,jan26,,,,https://truthsocial.com/@realDonaldTrump/posts/115946879417276798
nyrsc,New York Republican State Committee,,,,,,
p2071,post2071,23_01_26,jan26,,,,https://truthsocial.com/@realDonaldTrump/posts/115946881557161946
mifl,Mike Flood,,,2,2,,
p2070,post2070,23_01_26,jan26,,,,https://truthsocial.com/@realDonaldTrump/posts/115946882998616328
p2069,post2069,23_01_26,jan26,,,,https://truthsocial.com/@realDonaldTrump/posts/115946884254924862
p2068,post2068,23_01_26,jan26,,,,https://truthsocial.com/@realDonaldTrump/posts/115946888788026892
p2067,post2067,23_01_26,jan26,,,,https://truthsocial.com/@realDonaldTrump/posts/115946890601825166
p2066,post2066,24_01_26,jan26,,,,https://truthsocial.com/@realDonaldTrump/posts/115946953654029014
magasup,MAGA Supporters,,,,,,
judg,judges,,,,,,
ufrg,Utah Foundation for Repealing Proposition 4,,,,,,
leac,Leftwing Activists,,,,,,
p2065,post2065,23_01_26,jan26,,,,https://truthsocial.com/@realDonaldTrump/posts/115946969213492152
p2064,post2064,23_01_26,jan26,,,,https://truthsocial.com/@realDonaldTrump/posts/115946969970832896
gm,general motors,,,,,,
busuv,buick envision suv,,,,,,
p2063,post2063,23_01_26,jan26,,,,https://truthsocial.com/@realDonaldTrump/posts/115947006428092415
p2062,post2062,23_01_26,jan26,2,2,,https://truthsocial.com/@realDonaldTrump/posts/115947007268912496
toem,Tom Emmer,,,2,2,,
p2061,post2061,23_01_26,jan26,,,,https://truthsocial.com/@realDonaldTrump/posts/115947007423200004
stsc,Steve Scalise,,,2,2,,
p2060,post2060,23_01_26,jan26,,,,https://truthsocial.com/@realDonaldTrump/posts/115947007592537749
loui,Louisiana,,,,,,
p2059,post2059,23_01_26,jan26,,,,https://truthsocial.com/@realDonaldTrump/posts/115947045496805234
p2058,post2058,23_01_26,jan26,,,,https://truthsocial.com/@realDonaldTrump/posts/115947083395862222
p2057,post2057,24_01_26,jan26,,,,https://truthsocial.com/@realDonaldTrump/posts/115950424403894234
p2056,post2056,24_01_26,jan26,,,,https://truthsocial.com/@realDonaldTrump/posts/115950708684387583
p2055,post2055,24_01_26,jan26,,,,https://truthsocial.com/@realDonaldTrump/posts/115951048952031044
p2054,post2054,24_01_26,jan26,,,,https://truthsocial.com/@realDonaldTrump/posts/115951100180444245
souk,soldiers of the United Kingdom,,,,,,
ukm,UK Military,,,,,,
p2053,post2053,24_01_26,jan26,,,,https://truthsocial.com/@realDonaldTrump/posts/115951636521315703
p2052,post2052,24_01_26,jan26,,,,https://truthsocial.com/@realDonaldTrump/posts/115951663504789746
p2051,post2051,24_01_26,jan26,,,,https://truthsocial.com/@realDonaldTrump/posts/115951852007320342
p2050,post2050,24_01_26,jan26,,,,https://truthsocial.com/@realDonaldTrump/posts/115952253411267214
p2049,post2049,25_01_26,jan26,,,,https://truthsocial.com/@realDonaldTrump/posts/115954417247642839
jofah,Jonathon Fahey,,,,,,
p2048,post2048,25_01_26,jan26,,,,https://truthsocial.com/@realDonaldTrump/posts/115956692372915783
nthp,National Trust for Historic Preservation,,,,,,
p2047,post2047,25_01_26,jan26,,,,https://truthsocial.com/@realDonaldTrump/posts/115956876838938120
s2jaco,Jamie Comer,,,2,2,,
p2046,post2046,25_01_26,jan26,,,,https://truthsocial.com/@realDonaldTrump/posts/115956946816324221
p2045,post2045,25_01_26,jan26,,,,https://truthsocial.com/@realDonaldTrump/posts/115957060813577755
p2044,post2044,25_01_26,jan26,,,,https://truthsocial.com/@realDonaldTrump/posts/115957091814780053
p2043,post2043,25_01_26,jan26,,,,https://truthsocial.com/@realDonaldTrump/posts/115958123338296139
p2042,post2042,25_01_26,jan26,,,,https://truthsocial.com/@realDonaldTrump/posts/115958124569932540
p2041,post2041,25_01_26,jan26,,,,https://truthsocial.com/@realDonaldTrump/posts/115958967310904799
geo,Georgia,,,,,20,
p2040,post2040,26_01_26,jan26,,,,https://truthsocial.com/@realDonaldTrump/posts/115961944680232406
p2039,post2039,26_01_26,jan26,,,,https://truthsocial.com/@realDonaldTrump/posts/115961945286485523
p2038,post2038,26_01_26,,,,,https://truthsocial.com/@realDonaldTrump/posts/115962378381121858
p2037,post2037,26_01_26,,,,,https://truthsocial.com/@realDonaldTrump/posts/115962472454059914
p2036,post2036,26_01_26,,,,,https://truthsocial.com/@realDonaldTrump/posts/115962860545833203
tkc,Trump Kennedy Center,,,,,,
p2035,post2035,26_01_26,,,,,https://truthsocial.com/@realDonaldTrump/posts/115963236796090298
p2034,post2034,26_01_26,,,,,https://truthsocial.com/@realDonaldTrump/posts/115963259137242895
mida,Michelle Davis,,,1,2,,
grwa,Greg Walker,,,2,2,,
p2033,post2033,26_01_26,,,,,https://truthsocial.com/@realDonaldTrump/posts/115963633972056786
kole,Korean Legislature,,,,,,
s2lee,Lee Jae Myung,,,2,3,,
p2032,post2032,26_01_26,,,,,https://truthsocial.com/@realDonaldTrump/posts/115963679718287297
p2031,post2031,26_01_26,,,,,https://truthsocial.com/@realDonaldTrump/posts/115963713974102712
p2030,post2030,26_01_26,jan26,,,,https://truthsocial.com/@realDonaldTrump/posts/115964309300790101
trpo,Tracy Powell,,,1,2,,
jibu,Jim Buck,,,2,2,,
p2029,post2029,27_01_26,jan26,,,,https://truthsocial.com/@realDonaldTrump/posts/115968824541011312
irq,Iraq,,,,,,
nalm,Nouri al-Maliki,,,2,3,,
p2028,post2028,27_01_26,jan26,,,,https://truthsocial.com/@realDonaldTrump/posts/115969943597305015
jomi,Joe Mitchell,,,2,2,,
usdofaud,US Department of Housing and Urban Development,,,,,,
p2027,post2027,27_01_26,jan26,,,,https://truthsocial.com/@realDonaldTrump/posts/115969963682592720
paco,Paula Copenhaver,,,1,2,,
spde,Spencer Deery,,,1,2,,
p2026,post2026,27_01_26,jan26,,,,https://truthsocial.com/@realDonaldTrump/posts/115969971098103360
brwi,Brenda Wilson,,,1,2,,
p2025,post2025,27_01_26,jan26,,,,https://truthsocial.com/@realDonaldTrump/posts/115969989606605553
jeel,Jeff Ellington,,,2,2,,
erbas,Eric Bassler,,,2,2,,
krri,Kristi Risk,,,1,2,,
s2ushor,United States House of Represemtatives,,,,,,
i39sd,Indiana's 39th Senate District,,,,,,
p2024,post2024,27_01_26,jan26,,,,https://truthsocial.com/@realDonaldTrump/posts/115970009433933657
s2mial,Michael Alfonso,,,2,2,,
racadu,Rachel Campos Duffy,,,1,2,,
w7cd,Wisconsin 7th Congressional District,,,,,,
p2023,post2023,27_01_26,jan26,,,,https://truthsocial.com/@realDonaldTrump/posts/115970033433071326
toti,Tom Tiffany,,,2,2,,
p2022,post2022,27_01_26,jan26,,,,https://truthsocial.com/@realDonaldTrump/posts/115970244299178641
commofpen,Commonwealth of Pennsylvania,,,,,,
staga,Stacy Garrity,,,1,2,,
p2021,post2021,28_01_26,jan26,,,,https://truthsocial.com/@realDonaldTrump/posts/115972658725010644
abli,Abraham Lincoln,,,2,3,,
p2020,post2020,28_01_26,jan26,,,,https://truthsocial.com/@realDonaldTrump/posts/115972714460477814
bibe,Bill Belichick,,,2,3,,
pfhof,Pro Football Hall of Fame,,,,,,
p2019,post2019,28_01_26,jan26,,,,https://truthsocial.com/@realDonaldTrump/posts/115972940749866695
jacfre,Jacob Frey,,,2,1,,
fedil,Federal Immigration Laws,,,,,,
mipo,Minneapolis,,,,,,
p2018,post2018,28_01_26,jan26,,,,https://truthsocial.com/@realDonaldTrump/posts/115973230205233959
sp500,S and P 500,,,,,,
p2017,post2017,28_01_26,jan26,,,,https://truthsocial.com/@realDonaldTrump/posts/115976028716143583
cmcd,Colin McDonald,,,2,3,,
nfed,National Fraud Enforcement Division,,,,,,
p2016,post2016,29_01_26,jan26,,,,https://truthsocial.com/@realDonaldTrump/posts/115978487020569325
p2015,post2015,29_01_26,jan26,,,,https://truthsocial.com/@realDonaldTrump/posts/115979311914390909
p2014,post2014,30_01_26,jan26,,,,https://truthsocial.com/@realDonaldTrump/posts/115980912926614287
cogu,Coast Guard,,,,,,
p2013,post2013,30_01_26,jan26,,,,https://truthsocial.com/@realDonaldTrump/posts/115980983698005555
gulf,Gulfstream,,,,,,
boglex,Bombardier Global Expresses,,,,,,
p2012,post2012,30_01_26,jan26,,,,https://truthsocial.com/@realDonaldTrump/posts/115982625271651077
s2iceoff,ICE Offficer,,,,,,
alpr,Alex Pretti,,,2,3,,
p2011,post2011,30_01_26,jan26,,,,https://truthsocial.com/@realDonaldTrump/posts/115982747344520072
p2010,post2010,30_01_26,jan26,,,,https://truthsocial.com/@realDonaldTrump/posts/115983891481988557
s2kw,Kevin Warsh,,,2,2,,
s2frs,Federal Reserve System,,,,,,
hoi,Hoover Institution,,,,,,
sgsob,Stanford Graduate School of Business,,,,,,
su,Stanford University,,,,,,
hls,Harvard Law School,,,,,,
dfollc,Duquesne Family Office LLC,,,,,,
s2boe,Bank of England,,,,,,
dni,Director of National Intelligence,,,,,,
potuk,Parliament of the United Kingdom,,,,,,
got,Group of Twenty,,,,,,
whnec,White House National Economic Council,,,,,,
msco,Morgan Stanley & Co,,,,,,
p2009,post2009,30_01_26,jan26,,,,https://truthsocial.com/@realDonaldTrump/posts/115984101924920653
s2kh,Kevin Hassett,,,2,2,,
p2008,post2008,30_01_26,jan26,,,,https://truthsocial.com/@realDonaldTrump/posts/115984113252953391
s2cw2,Christopher Waller,,,2,3,,
s2rr,Rick Rieder,,,2,3,,
p2007,post2007,31_01_26,jan26,,,,https://truthsocial.com/@realDonaldTrump/posts/115986962139100209
bls,Bureau of Labor Statistics,,,,,,
bm,Brett Matsumoto,,,2,3,,
tcoea,Trump Council of Economic Advisers,,,,,,
s2ab,American Businesses,,,,,,
s2pol,Policymakers,,,,,,
p2006,post2006,31_01_26,jan26,,,,https://truthsocial.com/@realDonaldTrump/posts/115987100169435643
p2005,post2005,31_01_26,jan26,,,,https://truthsocial.com/@realDonaldTrump/posts/115987233609226463
metr,Melania Trump,,,1,2,,
p2004,post2004,31_01_26,jan26,,,,https://truthsocial.com/@realDonaldTrump/posts/115987465493616768
rll,Radical Left Lunatics,,,1,2,,
p2003,post2003,31_01_26,jan26,,,,https://truthsocial.com/@realDonaldTrump/posts/115987481835523508
p2002,post2002,31_01_26,jan26,,,,https://truthsocial.com/@realDonaldTrump/posts/115989916560112535
io,Ilhan Omar,,,1,1,,
pos,People of Somalia,,,,,,
gom,government of minnesota,,,,,,
p2001,post2001,31_01_26,jan26,,,,https://truthsocial.com/@realDonaldTrump/posts/115991359481785479
lw,Leigh Wambsganss,,,1,2,,
vit,Voters in Texas’ 9th State Senate District,,,,,,
p2000,post2000,31_01_26,jan26,,,,https://truthsocial.com/@realDonaldTrump/posts/115991701359412321
dohs,Department of Homeland Security,,,,,,
s2lg2,Local Governments,,,,,,
lopo,Local Police,,,,,,
s2pr3,Protestors,,,,,,
rio,Rioters,,,,,,
s2ins2,Insurrectionists,,,,,,
dova,Department of Veterans Affairs,,,,,,
tg,Tulsi Gabbard,,,1,3,,
cjtr,Christine Jack Toretti,,,,,,
ussc,US Supreme Court,,,,,,
edr,Ed Russo,,,2,3,,
eatf,Environmental Advisory Task Force,,,,,,
bdb,Bill de Blasio,,,2,2,,
lrl,Lori Lightfoot,,,1,2,,
blbr,Bill Briggs,,,2,3,,
sba,Small Business Administration,,,,,,
sgb,Steven Gill Bradbury,,,2,3,,
usdotrans,United States Department of Transportation,,,,,,
kmc,Katharine MacGregor,,,1,3,,
peco,Presidential Personnel Office,,,,,,
usdoi,United States Department of the Interior,,,,,,
jd,James P. Danly,,,2,3,,
usdoe,United States Department of Energy,,,,,,
flg,Flag Day,,,,,,
jcl,Jay Clayton,,,2,3,,
cm,Casey B. Mulligan,,,1,3,,
pl,Paul R. Lawrence,,,2,3,,
des,Deion Sanders,,,2,3,,
shs,Shedeur Sanders,,,2,3,,
whha,White House Historical Association,,,,,,
df,David Fotouhi,,,2,3,,
epa,Environmental Protection Agency,,,,,,
rg,Rudy Giuliani,,,2,2,,
nfl,NFL,,,,,,
popef,Pope Francis,,,2,3,,
airf,AirForce,,,,,,
poli,Politico,,,,,,
amck,Andrew McKenna,,,2,2,,
seme,Seth Meyers,,,,,,
nbc,NBC,,,,,,
msnbc,MSNBC,,,,,,
comc,Comcast,,,,,,
np,Nancy Pelosi,,,1,1,,
jan6th,January 6th Select Committee,,,,,,
wg,Wayne Gretzky,,,2,3,,
irs,Internal Revenue Service,,,,,,
ers,External Revenue Service,,,,,,
rds,Ron DeSantis,,,2,2,,
ks,Keith Sonderling,,,2,2,,
usdol,United States Department of Labor,,,,,,
swa,Steve Witkoff,,,2,2,,
ila,International Longshoremen's Association,,,,,,
afnp,Americans for No Prosperity,,,,,,
cko,Charles Koch,,,2,3,,
jobo,John Bolton,,,2,2,,
nha,Nikki Haley,,,1,2,,
mpe,Mike Pence,,,2,2,,
dch,Dick Cheney,,,2,2,,
mro,Mitt Romney,,,2,2,,
pry,Paul Ryan,,,2,2,,
mmi,Mark Milley,,,2,3,,
jma,James Mattis,,,2,3,,
mes,Mark Esper,,,2,2,,
lc,Liz Cheney,,,1,2,,
pz,Paolo Zampolli,,,2,3,,
wllg,Wells Griffith,,,2,3,,
dg,Dr. Darío Gil,,,2,3,,
bw,Brandon Williams,,,2,2,,
nnsa,National Nuclear Security Administration,,,,,,
bipu,Bill Pulte,,,2,2,,
fhfa,Federal Housing Finance Agency,,,,,,
jv,Jon Voight,,,2,2,,
mg,Mel Gibson,,,2,3,,
sys,Sylvester Stallone,,,2,3,,
hol,Hollywood,,,,,,
cst,Chris Stallings,,,2,3,,
ll,Luke Lindberg,,,2,3,,
usdoa,United States Department of Agriculture,,,,,,
asi,Anji Sinha,,,2,3,,
ot,Olivia Trusty,,,1,3,,
fcc,Federal Communications Commission,,,,,,
trmi,Troy Mike,,,2,3,,
usaf,United States Secretary of the Air Force,,,,,,
dh,Dudley Hoskins,,,2,3,,
rfo,Richard Fordyce,,,2,3,,
mb,Michael Boren,,,2,3,,
deio,Diversity,,,,,,
pgat,PGA Tour,,,,,,
keebra,Keegan Bradley,,,2,3,,
ry,Ryder Cup,,,,,,
meli,MELANIA (film),,,,,,