from,to,date,rating
p1,crm,01_01_25,3
p1,le,01_01_25,3
p1,d,01_01_25,3
p1,fn,01_01_25,3
p1,d,01_01_25,2
p1,nopd,01_01_25,1
p1,ta,01_01_25,1
p1,cono,01_01_25,1
nopd,le,01_01_25,1
ta,le,01_01_25,1
cono,le,01_01_25,2
p2,usa,01_01_25,1
p2,af,01_01_25,3
usa,af,01_01_25,1
p3,t,01_01_25,3
p3,af,01_01_25,3
p4,d,02_01_25,3
p4,cor,02_01_25,3
p4,lp,02_01_25,3
p4,le,02_01_25,3
p4,nas,02_01_25,3
p4,doj,02_01_25,2
p4,fbi,02_01_25,2
p4,cia,02_01_25,1
doj,cor,02_01_25,2
doj,lp,02_01_25,2
doj,le,02_01_25,2
fbi,cor,02_01_25,2
fbi,lp,02_01_25,2
fbi,le,02_01_25,2
d,cor,02_01_25,2
d,lp,02_01_25,2
cia,nas,02_01_25,1
p5,caaa,02_01_25,3
p6,jb,02_01_25,2
p6,d,02_01_25,2
jb,crm,02_01_25,2
jb,d,02_01_25,2
jb,obp,02_01_25,2
d,crm,02_01_25,2
d,obp,02_01_25,2
p6,crm,02_01_25,3
p6,d,02_01_25,3
p6,obp,02_01_25,3
p7,jpop,02_01_25,1
p7,usg,02_01_25,1
jpop,aogo,02_01_25,1
usg,aogo,02_01_25,1
p7,aogo,02_01_25,3
jpop,usg,02_01_25,1
p8,bljr,02_01_25,1
p8,usg,02_01_25,1
bljr,usg,02_01_25,1
bljr,aogo,02_01_25,1
usg,aogo,02_01_25,1
p8,aogo,02_01_25,3
p9,ca,02_01_25,1
p9,usg,02_01_25,1
ca,usg,02_01_25,1
ca,aogo,02_01_25,1
usg,aogo,02_01_25,1
p9,aogo,02_01_25,3
p10,sb,03_01_25,1
p10,kk,03_01_25,1
p10,apr,03_01_25,1
p10,hmc,03_01_25,1
p10,dk,03_01_25,1
p10,ss,03_01_25,1
p10,usdot,03_01_25,1
p10,aogo,03_01_25,3
sb,usdot,03_01_25,1
kk,usdot,03_01_25,1
apr,usdot,03_01_25,1
hmc,usdot,03_01_25,1
dk,usdot,03_01_25,1
ss,usdot,03_01_25,1
usdot,aogo,03_01_25,1
sb,aogo,03_01_25,1
kk,aogo,03_01_25,1
apr,aogo,03_01_25,1
hmc,aogo,03_01_25,1
dk,aogo,03_01_25,1
ss,aogo,03_01_25,1
p11,ttb,03_01_25,1
p12,uk,03_01_25,2
uk,ep,03_01_25,2
p12,ep,03_01_25,3
p12,wt,03_01_25,3
p13,mijo,03_01_25,1
p13,r,03_01_25,1
mijo,r,03_01_25,1
mijo,r,03_01_25,1
p13,r,03_01_25,3
p14,af,03_01_25,3
p16,d,03_01_25,2
p16,jc,03_01_25,3
jc,d,03_01_25,2
d,pa,03_01_25,2
p16,d,03_01_25,3
p16,pa,03_01_25,3
p16,hist,03_01_25,3
p17,mijo,03_01_25,1
p17,usco,03_01_25,1
mijo,usco,03_01_25,1
mijo,r,03_01_25,1
usco,r,03_01_25,1
p17,r,03_01_25,3
p18,mo,03_01_25,2
p18,sw,03_01_25,1
p18,usg,03_01_25,1
p18,r,03_01_25,1
mo,usg,03_01_25,1
sw,usg,03_01_25,1
mo,r,03_01_25,1
mo,sw,03_01_25,1
mo,aogo,03_01_25,1
usg,aogo,03_01_25,1
mo,r,03_01_25,1
p18,aogo,03_01_25,3
p18,r,03_01_25,3
p19,boo,04_01_25,3
p19,af,04_01_25,3
p20,rp,04_01_25,1
p20,usg,04_01_25,1
rp,usg,04_01_25,1
usg,pair,04_01_25,1
rp,aogo,04_01_25,1
usg,aogo,04_01_25,1
p20,aogo,04_01_25,3
p20,pair,04_01_25,3
p21,tb,04_01_25,1
p21,maru,04_01_25,1
p21,usdos,04_01_25,1
tb,usdos,04_01_25,1
maru,usdos,04_01_25,1
tb,maru,04_01_25,1
tb,aogo,04_01_25,1
maru,aogo,04_01_25,1
usdos,aogo,04_01_25,1
usdos,pair,04_01_25,1
p21,tb,04_01_25,1
p21,maru,04_01_25,1
p21,usd,04_01_25,1
p21,aogo,04_01_25,3
p21,fp,04_01_25,3
tb,usd,04_01_25,1
tb,aogo,04_01_25,1
usd,aogo,04_01_25,1
maru,usd,04_01_25,1
usd,fp,04_01_25,1
p22,jume,04_01_25,2
p22,albr,04_01_25,2
p22,jsmi,04_01_25,2
jume,lp,04_01_25,2
albr,lp,04_01_25,2
jsmi,lp,04_01_25,2
jume,cor,04_01_25,2
albr,cor,04_01_25,2
jsmi,cor,04_01_25,2
jume,d,04_01_25,2
albr,d,04_01_25,2
jsmi,d,04_01_25,2
p22,lp,04_01_25,3
p22,cor,04_01_25,3
p22,d,04_01_25,3
p22,pa,04_01_25,3
p25,jb,06_01_25,2
p25,jsmi,06_01_25,2
p25,doj,06_01_25,2
p25,fbi,06_01_25,2
jb,lp,06_01_25,2
jb,cor,06_01_25,2
jb,d,06_01_25,2
jsmi,cor,06_01_25,2
jsmi,lp,06_01_25,2
doj,lp,06_01_25,2
doj,cor,06_01_25,2
fbi,lp,06_01_25,2
fbi,cor,06_01_25,2
p25,jsmi,04_01_25,2
p25,jb,04_01_25,2
p25,doj,04_01_25,2
p25,fbi,04_01_25,2
p25,usc,04_01_25,1
p25,js,04_01_25,3
p25,pa,04_01_25,3
jsmi,js,04_01_25,2
jb,js,04_01_25,2
doj,js,04_01_25,2
fbi,js,04_01_25,2
usc,js,04_01_25,1
jb,pa,04_01_25,2
jsmi,pa,04_01_25,2
p26,albr,06_01_25,2
p26,mpo,06_01_25,2
p26,jb,06_01_25,2
p26,kh,06_01_25,2
p26,doj,06_01_25,2
albr,lp,06_01_25,2
albr,cor,06_01_25,2
albr,dp,06_01_25,2
mpo,lp,06_01_25,2
mpo,cor,06_01_25,2
mpo,dp,06_01_25,2
jb,lp,06_01_25,2
jb,cor,06_01_25,2
jb,dp,06_01_25,2
kh,lp,06_01_25,2
kh,cor,06_01_25,2
kh,dp,06_01_25,2
doj,lp,06_01_25,2
doj,cor,06_01_25,2
p26,lp,06_01_25,3
p26,cor,06_01_25,3
p26,dp,06_01_25,3
p26,pa,06_01_25,3
p27,usco,06_01_25,1
p27,r,06_01_25,1
usco,ta,06_01_25,1
usco,ep,06_01_25,1
usco,t,06_01_25,1
r,ta,06_01_25,1
r,t,06_01_25,1
p27,ta,06_01_25,3
p27,ep,06_01_25,3
p27,t,06_01_25,3
p27,r,06_01_25,3
p27,af,06_01_25,3
p28,usst,06_01_25,1
usst,t,06_01_25,1
p28,t,06_01_25,3
p29,usco,06_01_25,1
usco,r,06_01_25,1
p29,r,06_01_25,3
p29,hist,06_01_25,3
p29,af,06_01_25,3
p30,twp,06_01_25,2
twp,fn,06_01_25,2
twp,mc,06_01_25,2
twp,t,06_01_25,2
p30,fn,06_01_25,3
p30,mc,06_01_25,3
p30,t,06_01_25,3
p31,jb,06_01_25,2
jb,lp,06_01_25,2
jb,ep,06_01_25,2
jb,clicha,06_01_25,2
p31,lp,06_01_25,3
p31,ep,06_01_25,3
p31,clicha,06_01_25,3
p31,af,06_01_25,3
p32,can,06_01_25,3
p32,jtr,06_01_25,2
jtr,can,06_01_25,2
can,t,06_01_25,3
can,nas,06_01_25,3
p32,t,06_01_25,3
p32,nas,06_01_25,3
p32,ta,06_01_25,3
p32,pair,06_01_25,3
p33,grl,07_01_25,1
p33,dtjr,07_01_25,1
p33,rep,07_01_25,1
dtjr,grl,07_01_25,1
rep,grl,07_01_25,1
grl,pair,07_01_25,1
grl,nas,07_01_25,1
p33,pair,07_01_25,3
p33,nas,07_01_25,3
p33,af,07_01_25,3
p34,jnj,07_01_25,1
p34,usg,07_01_25,1
p34,edony,07_01_25,1
jnj,usg,07_01_25,1
jnj,edony,07_01_25,1
usg,aogo,07_01_25,1
jnj,aogo,07_01_25,1
p34,aogo,07_01_25,3
p35,grl,07_01_25,1
p35,dtjr,07_01_25,1
p35,rep,07_01_25,1
dtjr,grl,07_01_25,1
rep,grl,07_01_25,1
grl,pair,07_01_25,1
grl,nas,07_01_25,1
p35,pair,07_01_25,3
p35,nas,07_01_25,3
p35,af,07_01_25,3
p36,can,08_01_25,1
p37,gn,08_01_25,2
p37,cal,08_01_25,3
gn,ep,08_01_25,2
gn,clicha,08_01_25,2
gn,d,08_01_25,2
cal,ep,08_01_25,3
p37,ep,08_01_25,3
p37,clicha,08_01_25,3
p37,dp,08_01_25,3
p37,pa,08_01_25,3
p38,gn,08_01_25,2
p38,la,08_01_25,2
gn,ep,08_01_25,2
la,ep,08_01_25,2
p38,ep,08_01_25,3
p38,pa,08_01_25,3
p39,jb,08_01_25,2
p39,fema,08_01_25,2
jb,ep,08_01_25,2
fema,ep,08_01_25,2
p39,ep,08_01_25,3
p39,pa,08_01_25,3
p40,jb,08_01_25,2
p40,gn,08_01_25,2
p40,la,08_01_25,2
jb,ep,08_01_25,2
gn,ep,08_01_25,2
la,ep,08_01_25,2
p40,ep,08_01_25,3
p40,pa,08_01_25,3
p40,hist,08_01_25,3
p41,jpat,08_01_25,1
p41,rfi,08_01_25,1
jpat,eco,08_01_25,1
rfi,eco,08_01_25,1
p41,eco,08_01_25,3
p42,jn,09_01_25,1
p42,camp,09_01_25,3
p42,endor,09_01_25,3
endor,jn,09_01_25,1
jn,camp,09_01_25,1
p43,iwr,09_01_25,3
p44,gn,09_01_25,2
p44,usa,09_01_25,3
gn,wf,09_01_25,2
usa,wf,09_01_25,2
gn,pa,09_01_25,2
p44,pa,09_01_25,3
p45,gn,09_01_25,2
p45,kaba,09_01_25,2
p45,jb,09_01_25,2
p45,fema,09_01_25,2
p45,la,09_01_25,2
p45,wf,09_01_25,3
p45,pa,09_01_25,3
gn,wf,09_01_25,2
kaba,wf,09_01_25,2
jb,wf,09_01_25,2
fema,wf,09_01_25,2
la,wf,09_01_25,2
jb,pa,09_01_25,2
p46,gn,09_01_25,2
p46,cal,09_01_25,3
gn,wf,09_01_25,2
cal,wf,09_01_25,3
p46,wf,09_01_25,3
p46,pa,09_01_25,3
p47,mcm,09_01_25,1
p47,venepeo,09_01_25,1
p47,vac,09_01_25,1
p47,eg,09_01_25,1
mcm,ven,09_01_25,1
eg,ven,09_01_25,1
vac,ven,09_01_25,1
p47,ven,09_01_25,3
p47,pair,09_01_25,3
p48,cjtr,09_01_25,1
p48,swe,09_01_25,1
p48,usg,09_01_25,1
cjtr,usg,09_01_25,1
cjtr,swe,09_01_25,1
usg,aogo,09_01_25,1
p48,aogo,09_01_25,3
p48,pair,09_01_25,3
p49,lt,10_01_25,1
p49,hkd,10_01_25,1
p49,doj,10_01_25,1
lt,doj,10_01_25,1
hkd,doj,10_01_25,1
lt,hkd,10_01_25,1
doj,aogo,10_01_25,1
lt,aogo,10_01_25,1
p49,aogo,10_01_25,3
p50,grl,10_01_25,1
p50,dtjr,10_01_25,1
p50,rep,10_01_25,1
dtjr,grl,10_01_25,1
rep,grl,10_01_25,1
grl,pair,10_01_25,1
p50,pair,10_01_25,3
p51,samb,10_01_25,1
p51,dova,10_01_25,1
samb,dova,10_01_25,1
samb,aogo,10_01_25,1
dova,aogo,10_01_25,1
p51,aogo,10_01_25,3
p52,usa,10_01_25,3
p52,scot,10_01_25,1
scot,lp,11_01_25,1
scot,jsmi,11_01_25,1
p52,lp,11_01_25,3
p52,js,11_01_25,3
p52,cor,11_01_25,3
p52,pa,11_01_25,3
p52,af,11_01_25,3
p54,d,11_01_25,2
p54,doj,11_01_25,2
p54,usa,11_01_25,3
d,lp,11_01_25,2
d,cor,11_01_25,2
doj,lp,11_01_25,2
doj,cor,11_01_25,2
p54,lp,11_01_25,3
p54,cor,11_01_25,3
p54,pa,11_01_25,3
p54,af,11_01_25,3
p55,edr,11_01_25,1
p55,eatf,11_01_25,1
edr,eatf,11_01_25,1
eatf,ep,11_01_25,1
eatf,wt,11_01_25,1
eatf,aogo,11_01_25,1
edr,aogo,11_01_25,1
p55,ep,11_01_25,3
p55,wt,11_01_25,3
p55,caaa,11_01_25,3
p55,aogo,11_01_25,3
p56,blbr,11_01_25,1
p56,sba,11_01_25,1
blbr,sba,11_01_25,1
sba,aogo,11_01_25,1
blbr,aogo,11_01_25,1
p56,aogo,11_01_25,3
p57,af,11_01_25,3
p57,sgb,11_01_25,1
p57,usdotrans,11_01_25,1
sgb,usdotrans,11_01_25,1
usdotrans,aogo,11_01_25,1
sgb,aogo,11_01_25,1
p57,aogo,11_01_25,3
p58,kmc,11_01_25,1
p58,usdoi,11_01_25,1
kmc,usdoi,11_01_25,1
usdoi,aogo,11_01_25,1
kmc,aogo,11_01_25,1
p58,aogo,11_01_25,3
p59,jd,11_01_25,1
p59,usdoe,11_01_25,1
jd,usdoe,11_01_25,1
usdoe,aogo,11_01_25,1
jd,aogo,11_01_25,1
p59,aogo,11_01_25,3
p60,cm,11_01_25,1
p60,sba,11_01_25,1
sba,aogo,11_01_25,1
cm,aogo,11_01_25,1
p60,aogo,11_01_25,3
p61,pl,11_01_25,1
p61,dova,11_01_25,1
pl,dova,11_01_25,1
pl,aogo,11_01_25,1
dova,aogo,11_01_25,1
p61,aogo,11_01_25,3
p62,lp,11_01_25,3
p62,pa,11_01_25,3
p63,d,11_01_25,2
p63,lp,11_01_25,3
p63,pa,11_01_25,3
d,lp,11_01_25,2
d,pa,11_01_25,2
p64,lp,11_01_25,3
p64,pa,11_01_25,3
p65,df,11_01_25,1
p65,epa,11_01_25,1
df,epa,11_01_25,1
epa,aogo,11_01_25,1
df,aogo,11_01_25,1
p65,aogo,11_01_25,3
p66,jsmi,12_01_25,2
p66,doj,12_01_25,2
jsmi,doj,12_01_25,2
jsmi,lp,12_01_25,2
jsmi,cor,12_01_25,2
doj,lp,12_01_25,2
p66,lp,12_01_25,3
p67,la,12_01_25,2
p67,usa,12_01_25,3
la,wf,12_01_25,2
p67,wf,12_01_25,3
p67,pa,12_01_25,3
p67,hist,12_01_25,3
p68,jsmi,12_01_25,2
jsmi,lp,12_01_25,2
jsmi,cor,12_01_25,2
p68,lp,12_01_25,3
p68,cor,12_01_25,3
p68,pa,12_01_25,3
p69,rg,12_01_25,1
p70,jsmi,12_01_25,2
p70,doj,12_01_25,2
jsmi,doj,12_01_25,2
jsmi,lp,12_01_25,2
jsmi,cor,12_01_25,2
doj,lp,12_01_25,2
p70,lp,12_01_25,3
p70,cor,12_01_25,3
p70,pa,12_01_25,3
p71,amck,13_01_25,2
p71,poli,13_01_25,2
p71,airf,13_01_25,2
amck,aogo,13_01_25,2
poli,mc,13_01_25,2
poli,fn,13_01_25,2
p71,aogo,13_01_25,3
p71,fn,13_01_25,3
p71,mc,13_01_25,3
p72,gn,14_01_25,2
gn,wf,14_01_25,2
p72,wf,14_01_25,3
p72,pa,14_01_25,3
p73,seme,14_01_25,2
p73,d,14_01_25,2
p73,nbc,14_01_25,2
p73,msnbc,14_01_25,2
p73,comc,14_01_25,2
seme,mc,14_01_25,2
seme,d,14_01_25,2
nbc,mc,14_01_25,2
msnbc,mc,14_01_25,2
comc,mc,14_01_25,2
nbc,fn,14_01_25,2
msnbc,fn,14_01_25,2
p73,mc,14_01_25,3
p73,fn,14_01_25,3
p73,pa,14_01_25,3
p74,jsmi,14_01_25,2
p74,jb,14_01_25,2
p74,np,14_01_25,2
p74,jan6th,14_01_25,2
jsmi,lp,14_01_25,2
jsmi,cor,14_01_25,2
jb,lp,14_01_25,2
np,lp,14_01_25,2
np,cor,14_01_25,2
jan6th,lp,14_01_25,2
jan6th,cor,14_01_25,2
p74,lp,14_01_25,3
p74,cor,14_01_25,3
p74,pa,14_01_25,3
p75,jsmi,14_01_25,2
p75,jan6th,14_01_25,2
jsmi,lp,14_01_25,2
jsmi,cor,14_01_25,2
jan6th,lp,14_01_25,2
jan6th,cor,14_01_25,2
p75,lp,14_01_25,3
p75,cor,14_01_25,3
p75,pa,14_01_25,3
p76,af,14_01_25,3
p76,usdod,14_01_25,1
p77,phe,14_01_25,1
usdod,phe,14_01_25,1
usdod,aogo,14_01_25,1
phe,aogo,14_01_25,1
p77,aogo,14_01_25,3
p77,usm,14_01_25,3
p78,gn,14_01_25,2
gn,wf,14_01_25,2
p78,wf,14_01_25,3
p78,pa,14_01_25,3
p79,irs,14_01_25,2
p79,ers,14_01_25,1
irs,ta,14_01_25,2
ers,ta,14_01_25,1
ers,t,14_01_25,1
p79,ta,14_01_25,3
p79,t,14_01_25,3
p79,af,14_01_25,3
p80,trad,14_01_25,3
p80,rds,14_01_25,1
rds,trad,14_01_25,1
p81,ks,15_01_25,1
p81,usdol,15_01_25,1
ks,usdol,15_01_25,1
usdol,aogo,15_01_25,1
ks,usdol,15_01_25,1
p81,aogo,15_01_25,3
p82,ila,15_01_25,1
p82,lu,15_01_25,1
p82,endor,15_01_25,1
ila,lu,15_01_25,1
p83,wt,15_01_25,2
p83,eco,15_01_25,2
p83,env,15_01_25,2
p83,ep,15_01_25,3
wt,ep,15_01_25,2
wt,env,15_01_25,2
wt,eco,15_01_25,2
p84,ham,15_01_25,3
p84,isr,15_01_25,3
p84,pair,15_01_25,3
p84,war,15_01_25,3
p84,isr,15_01_25,3
p84,sw,15_01_25,1
p84,usa,15_01_25,3
p84,war,15_01_25,3
p84,nas,15_01_25,3
p84,pair,15_01_25,3
isr,war,15_01_25,1
isr,pair,15_01_25,1
sw,nas,15_01_25,1
usa,pair,15_01_25,1
usa,nas,15_01_25,1
p85,usa,15_01_25,1
p85,isr,15_01_25,1
p85,gaz,15_01_25,2
p85,host,15_01_25,1
p85,swa,15_01_25,1
p85,abac,15_01_25,1
p85,fp,15_01_25,3
usa,isr,15_01_25,1
usa,gaz,15_01_25,2
isr,gaz,15_01_25,2
swa,isr,15_01_25,1
swa,fp,15_01_25,1
abac,fp,15_01_25,1
usa,fp,15_01_25,1
isr,fp,15_01_25,1
p86,ila,15_01_25,1
p86,lu,15_01_25,1
p86,endor,15_01_25,1
ila,lu,15_01_25,1
p87,usg,16_01_25,1
p87,afnp,16_01_25,2
p87,cko,16_01_25,2
p87,jobo,16_01_25,2
p87,nha,16_01_25,2
p87,mpe,16_01_25,2
p87,dch,16_01_25,2
p87,lc,16_01_25,2
p87,mro,16_01_25,2
p87,pry,16_01_25,2
p87,mmi,16_01_25,2
p87,jma,16_01_25,2
p87,mes,16_01_25,2
p87,aogo,16_01_25,3
p87,pa,16_01_25,3
p87,af,16_01_25,3
p88,wllg,16_01_25,1
p88,usdoe,16_01_25,1
wllg,usdoe,16_01_25,1
usdoe,aogo,16_01_25,1
wllg,aogo,16_01_25,1
p88,aogo,16_01_25,3
p89,dg,16_01_25,1
p89,usdoe,16_01_25,1
dg,usdoe,16_01_25,1
usdoe,aogo,16_01_25,1
dg,aogo,16_01_25,1
p89,aogo,16_01_25,3
p90,bw,16_01_25,1
p90,usdoe,16_01_25,1
p90,nnsa,16_01_25,1
bw,usdoe,16_01_25,1
bw,nnsa,16_01_25,1
usdoe,aogo,16_01_25,1
nnsa,aogo,16_01_25,1
bw,aogo,16_01_25,1
p90,aogo,16_01_25,3
p91,bipu,16_01_25,1
p91,fhfa,16_01_25,1
bipu,fhfa,16_01_25,1
fhfa,aogo,16_01_25,1
bipu,aogo,16_01_25,1
p91,aogo,16_01_25,3
p92,jv,16_01_25,1
p92,mg,16_01_25,1
p92,sys,16_01_25,1
p92,hol,16_01_25,1
jv,hol,16_01_25,1
mg,hol,16_01_25,1
sys,hol,16_01_25,1
jv,aogo,16_01_25,1
mg,aogo,16_01_25,1
sys,aogo,16_01_25,1
p92,aogo,16_01_25,3
p93,cst,16_01_25,1
p93,sba,16_01_25,1
cst,sba,16_01_25,1
sba,aogo,16_01_25,1
cst,aogo,16_01_25,1
p93,aogo,16_01_25,3
p94,ll,16_01_25,1
p94,usdoa,16_01_25,1
ll,usdoa,16_01_25,1
usdoa,aogo,16_01_25,1
ll,aogo,16_01_25,1
p94,aogo,16_01_25,3
p95,ot,16_01_25,1
p95,fcc,16_01_25,1
ot,fcc,16_01_25,1
fcc,aogo,16_01_25,1
ot,aogo,16_01_25,1
p95,aogo,16_01_25,3
p96,trmi,16_01_25,1
p96,usaf,16_01_25,1
trmi,usaf,16_01_25,1
usaf,aogo,16_01_25,1
trmi,aogo,16_01_25,1
p96,aogo,16_01_25,3
p97,dh,16_01_25,1
p97,usdoa,16_01_25,1
dh,usdoa,16_01_25,1
usdoa,aogo,16_01_25,1
dh,aogo,16_01_25,1
p97,aogo,16_01_25,3
p98,rfo,16_01_25,1
p98,usdoa,16_01_25,1
rfo,usdoa,16_01_25,1
usdoa,aogo,16_01_25,1
rfo,aogo,16_01_25,1
p98,aogo,16_01_25,3
p99,mb,16_01_25,1
p99,usdoa,16_01_25,1
mb,usdoa,16_01_25,1
usdoa,aogo,16_01_25,1
mb,aogo,16_01_25,1
p99,aogo,16_01_25,3
p100,fbi,17_01_25,2
p100,deio,17_01_25,2
fbi,cor,17_01_25,2
deio,cor,17_01_25,2
p100,cor,17_01_25,3
p100,caaa,17_01_25,3
p101,xj,17_01_25,1
p101,chn,17_01_25,1
xj,chn,17_01_25,1
p101,t,17_01_25,3
p101,fy,17_01_25,3
p101,ttb,17_01_25,3
p101,pair,17_01_25,3
p101,nas,17_01_25,3
p102,scot,17_01_25,3
p102,ttb,17_01_25,3
scot,lp,17_01_25,3
p102,lp,17_01_25,3
p103,usa,17_01_25,3
p103,capr,17_01_25,3
p103,coa,17_01_25,3
p103,rr,17_01_25,1
p103,le,17_01_25,1
p103,frs,17_01_25,1
p103,pm,17_01_25,3
p103,maga,17_01_25,3
capr,pm,17_01_25,1
coa,pm,17_01_25,1
rr,capr,17_01_25,1
le,pm,17_01_25,1
frs,pm,17_01_25,1
usa,maga,17_01_25,1
usa,pm,17_01_25,1
p104,malo,18_01_25,1
p104,usaf,18_01_25,1
malo,usaf,18_01_25,1
usaf,aogo,18_01_25,1
malo,aogo,18_01_25,1
p104,aogo,18_01_25,3
p105,trumpm,18_01_25,1
p105,af,18_01_25,3
p105,caaa,18_01_25,3
p106,hist,18_01_25,3
p106,caaa,18_01_25,3
p107,ps,18_01_25,1
p107,usdoed,18_01_25,1
ps,usdoed,18_01_25,1
usdoed,aogo,18_01_25,1
ps,aogo,18_01_25,1
p107,aogo,18_01_25,3
p108,wc,18_01_25,1
p108,faf,18_01_25,1
wc,faf,18_01_25,1
p108,mc,18_01_25,3
p109,nyj,19_01_25,2
p109,nyc,19_01_25,2
nyj,cor,19_01_25,2
nyc,cor,19_01_25,2
p109,cor,19_01_25,3
p109,lp,19_01_25,3
p110,tito,19_01_25,1
p110,ttb,19_01_25,3
p111,isr,19_01_25,1
p111,ham,19_01_25,2
p111,war,19_01_25,3
p111,pair,19_01_25,3
p112,aogo,19_01_25,3
p113,tito,19_01_25,1
p113,usg,19_01_25,1
p113,ttb,19_01_25,3
p113,nas,19_01_25,3
p113,ta,19_01_25,3
usg,tito,19_01_25,1
p114,ja,21_01_25,2
p114,mm,21_01_25,2
p114,bh,21_01_25,2
p114,kb,21_01_25,2
p114,pcsfn,21_01_25,2
p114,niac,21_01_25,2
p114,wcs,21_01_25,2
p114,peco,21_01_25,2
ja,pcsfn,21_01_25,2
mm,niac,21_01_25,2
bh,wcs,21_01_25,2
kb,peco,21_01_25,2
p114,aogo,21_01_25,3
p114,pa,21_01_25,3
p115,ru,22_01_25,1
p115,lm,22_01_25,1
p115,par,22_01_25,3
p115,lp,22_01_25,3
ru,par,22_01_25,1
p116,nb,22_01_25,2
p116,nps,22_01_25,2
p116,cm,22_01_25,3
p116,pa,22_01_25,3
p117,rus,22_01_25,1
p117,venepeo,22_01_25,1
venepeo,rus,22_01_25,1
p117,war,22_01_25,3
p117,ta,22_01_25,3
p117,t,22_01_25,3
rus,ta,22_01_25,2
rus,t,22_01_25,2
p118,metr,22_01_25,1
p118,w,22_01_25,3
p119,msnbc,23_01_25,2
p119,cnn,23_01_25,2
msnbc,mc,23_01_25,2
cnn,mc,23_01_25,2
p119,mc,23_01_25,3
p119,fn,23_01_25,3
p120,lbb,23_01_25,1
p120,usagm,23_01_25,1
lbb,usagm,23_01_25,1
usagm,aogo,23_01_25,1
lbb,aogo,23_01_25,1
p120,aogo,23_01_25,3
p121,ap,23_01_25,1
p121,eu,23_01_25,3
ap,eu,23_01_25,1
eu,aogo,23_01_25,1
ap,aogo,23_01_25,1
p121,aogo,23_01_25,3
p122,sc,23_01_25,1
p122,usss,23_01_25,1
sc,usss,23_01_25,1
usss,aogo,23_01_25,1
sc,aogo,23_01_25,1
p122,aogo,23_01_25,3
p123,fone,23_01_25,1
p123,sh,23_01_25,1
sh,fone,23_01_25,1
p124,jvd,23_01_25,1
p124,wt,23_01_25,2
p124,nj,23_01_25,1
jvd,wt,23_01_25,1
p124,ep,23_01_25,3
p125,bl,24_01_25,1
p125,tva,24_01_25,3
bl,tva,24_01_25,1
p126,norc,24_01_25,3
p126,cal,24_01_25,3
p126,caaa,24_01_25,3
p127,norc,24_01_25,3
p127,caaa,24_01_25,3
p128,jano,24_01_25,1
p128,usg,24_01_25,1
p128,nz,24_01_25,1
p128,sam,24_01_25,1
jano,aogo,24_01_25,1
usg,aogo,24_01_25,1
p128,aogo,24_01_25,3
p129,hist,24_01_25,3
p129,af,24_01_25,3
p129,caaa,24_01_25,3
p130,phe,25_01_25,1
phe,aogo,25_01_25,1
p130,aogo,25_01_25,3
p131,rm,25_01_25,2
p131,msnbc,25_01_25,2
p131,cnn,25_01_25,2
rm,mc,25_01_25,2
msnbc,mc,25_01_25,2
cnn,mc,25_01_25,2
p131,mc,25_01_25,3
p131,pa,25_01_25,3
p132,nv,25_01_25,3
p132,caaa,25_01_25,3
p133,isr,25_01_25,1
p133,jb,25_01_25,2
p133,war,25_01_25,3
p133,pair,25_01_25,3
p134,af,26_01_25,3
p134,caaa,26_01_25,3
p135,jpat,26_01_25,1
p135,fl,26_01_25,1
p135,eco,26_01_25,3
p135,cm,26_01_25,3
p135,nas,26_01_25,3
p135,ep,26_01_25,3
p135,sec,26_01_25,3
jpat,eco,26_01_25,1
jpat,nas,26_01_25,1
jpat,ep,26_01_25,1
jpat,sec,26_01_25,1
p136,rfi,26_01_25,1
p136,fl,26_01_25,1
p136,inf,26_01_25,3
p136,eco,26_01_25,3
p136,nas,26_01_25,3
p136,ep,26_01_25,3
p136,sec,26_01_25,3
p136,war,26_01_25,3
rfi,inf,26_01_25,1
rfi,eco,26_01_25,1
rfi,nas,26_01_25,1
rfi,ep,26_01_25,1
rfi,sec,26_01_25,1
rfi,war,26_01_25,1
p137,gsw,26_01_25,1
p137,azgop,26_01_25,1
p137,az,26_01_25,1
gsw,azgop,26_01_25,1
p137,af,26_01_25,3
p138,yt,26_01_25,1
p138,x,26_01_25,1
p138,rr,26_01_25,1
p138,hist,26_01_25,3
p139,ml,26_01_25,1
p139,fone,26_01_25,1
ml,fone,26_01_25,1
p140,gp,26_01_25,2
p140,col,26_01_25,2
p140,t,26_01_25,3
p140,nas,26_01_25,3
p140,cm,26_01_25,3
col,t,26_01_25,2
p141,sh,26_01_25,1
p142,ml,27_01_25,1
p143,kapa,27_01_25,1
p143,jjd,27_01_25,1
p143,ml,27_01_25,1
kapa,ml,27_01_25,1
jjd,ml,27_01_25,1
p143,mc,27_01_25,3
p143,fb,27_01_25,3
p144,ml,27_01_25,1
p145,kcc,27_01_25,1
p145,bbill,27_01_25,1
p145,fb,27_01_25,3
p146,af,27_01_25,3
p147,eco,27_01_25,3
p147,hist,27_01_25,3
p147,af,27_01_25,3
p148,nv,28_01_25,1
p148,mimc,28_01_25,1
p148,jl,28_01_25,1
p148,nvgop,28_01_25,1
mimc,nvgop,28_01_25,1
jl,nvgop,28_01_25,1
p148,af,28_01_25,3
p148,hist,28_01_25,3
p149,usm,28_01_25,1
p149,ca,28_01_25,1
p149,ep,28_01_25,2
usm,ca,28_01_25,1
p150,jiac,28_01_25,2
p150,cnn,28_01_25,2
jiac,cnn,28_01_25,2
p150,mc,28_01_25,3
p150,fn,28_01_25,3
p150,pa,28_01_25,3
p151,af,28_01_25,3
p151,hist,28_01_25,3
p152,ten,28_01_25,1
p152,edu,28_01_25,3
p152,sch,28_01_25,3
p152,af,28_01_25,3
p153,gac,29_01_25,2
p153,c,29_01_25,3
p154,pan,29_01_25,2
p154,chn,29_01_25,2
p154,fp,29_01_25,3
pan,chn,29_01_25,2
p155,em,29_01_25,1
p155,spx,29_01_25,1
p155,ss,29_01_25,3
p155,jb,29_01_25,2
em,spx,29_01_25,1
spx,ss,29_01_25,1
p156,jf,29_01_25,1
p156,doj,29_01_25,1
p156,d,29_01_25,2
p156,js,29_01_25,3
jf,doj,29_01_25,1
p156,af,29_01_25,3
p157,jp,29_01_25,2
p157,fedr,29_01_25,2
p157,usdot,29_01_25,1
p157,inf,29_01_25,3
p157,ep,29_01_25,3
p157,ic,29_01_25,3
p157,eco,29_01_25,3
fedr,inf,29_01_25,2
usdot,eco,29_01_25,1
p158,boo,30_01_25,3
p158,af,30_01_25,3
p159,nas,30_01_25,3
p160,nas,30_01_25,3
p161,rna,30_01_25,3
p161,nas,30_01_25,3
p162,nas,30_01_25,3
p163,nas,30_01_25,3
p164,nas,30_01_25,3
p165,brics,31_01_25,2
p165,t,31_01_25,3
p165,ic,31_01_25,3
p165,eco,31_01_25,3
brics,t,31_01_25,2
p166,af,31_01_25,3
p167,nas,31_01_25,3
p168,cal,01_02_25,3
p168,wafl,01_02_25,3
p168,wf,01_02_25,3
p168,ep,01_02_25,3
p169,bbl,01_02_25,1
p169,dfc,01_02_25,1
bbl,dfc,01_02_25,1
p169,iv,01_02_25,3
p169,fp,01_02_25,3
p169,aogo,01_02_25,3
p170,rigr,01_02_25,1
p170,ven,01_02_25,1
p170,fp,01_02_25,3
p170,nas,01_02_25,3
p171,trumpm,01_02_25,1
p171,caaa,01_02_25,3
p172,av,01_02_25,3
p172,nas,01_02_25,3
p173,ven,01_02_25,1
p173,fp,01_02_25,3
p173,nas,01_02_25,3
p174,elc,01_02_25,1
p174,pf,01_02_25,1
p174,faf,01_02_25,1
p174,isr,01_02_25,3
p174,t,01_02_25,3
elc,faf,01_02_25,1
pf,faf,01_02_25,1
p175,ven,01_02_25,1
p175,fp,01_02_25,3
p175,nas,01_02_25,3
p175,ta,01_02_25,3
p176,usm,01_02_25,1
p176,isis,01_02_25,2
p176,soma,01_02_25,3
p176,nas,01_02_25,3
p176,war,01_02_25,3
p176,jb,01_02_25,2
usm,isis,01_02_25,2
p177,mex,01_02_25,2
p177,can,01_02_25,2
p177,chn,01_02_25,2
p177,t,01_02_25,3
p177,fy,01_02_25,3
p177,nas,01_02_25,3
p177,ic,01_02_25,3
mex,t,01_02_25,2
can,t,01_02_25,2
chn,t,01_02_25,2
p178,wsj,02_02_25,2
p178,can,02_02_25,2
p178,mex,02_02_25,2
p178,chn,02_02_25,2
p178,usa,02_02_25,1
p178,amerp,02_02_25,1
p178,t,02_02_25,1
p178,cm,02_02_25,2
p178,fy,02_02_25,2
p178,inf,02_02_25,2
can,chn,02_02_25,2
mex,chn,02_02_25,2
can,mex,02_02_25,2
chn,fy,02_02_25,2
mex,fy,02_02_25,2
can,cm,02_02_25,2
mex,cm,02_02_25,2
chn,cm,02_02_25,2
usa,t,02_02_25,1
amerp,t,02_02_25,1
p179,can,02_02_25,2
p179,usa,02_02_25,1
p179,amerp,02_02_25,1
p179,t,02_02_25,1
p179,usm,02_02_25,1
p179,inf,02_02_25,2
usa,can,02_02_25,2
can,usm,02_02_25,1
usa,t,02_02_25,1
can,t,02_02_25,1
p180,ml,02_02_25,1
p180,fone,02_02_25,1
ml,fone,02_02_25,1
p181,d,02_02_25,2
p181,r,02_02_25,1
p181,ml,02_02_25,1
p181,fone,02_02_25,1
p181,o,02_02_25,2
p181,aogo,02_02_25,1
p181,jsmi,02_02_25,2
d,aogo,02_02_25,2
d,jsmi,02_02_25,2
r,aogo,02_02_25,1
ml,fone,02_02_25,1
p182,soaf,03_02_25,2
p182,usa,03_02_25,1
p182,rlm,03_02_25,2
p182,pair,03_02_25,1
p182,fos,03_02_25,2
soaf,usa,03_02_25,2
rlm,fos,03_02_25,2
usa,pair,03_02_25,1
p183,cal,03_02_25,1
p183,la,03_02_25,1
p183,usm,03_02_25,1
p183,ace,03_02_25,1
p183,wafl,03_02_25,1
p183,wf,03_02_25,2
usm,ace,03_02_25,1
cal,wafl,03_02_25,1
cal,wf,03_02_25,2
p184,wsj,03_02_25,2
p184,hf,03_02_25,2
p184,chn,03_02_25,2
p184,usa,03_02_25,1
p184,t,03_02_25,1
p184,fn,03_02_25,2
p184,mc,03_02_25,2
p184,inf,03_02_25,2
wsj,chn,03_02_25,2
hf,chn,03_02_25,2
wsj,fn,03_02_25,2
wsj,mc,03_02_25,2
usa,t,03_02_25,1
p185,can,03_02_25,3
p185,mex,03_02_25,3
p185,usa,03_02_25,3
p185,jtr,03_02_25,3
p185,fy,03_02_25,3
p185,cr,03_02_25,3
p185,pair,03_02_25,3
can,mex,03_02_25,2
can,fy,03_02_25,2
mex,fy,03_02_25,2
can,cr,03_02_25,2
mex,cr,03_02_25,2
jtr,can,03_02_25,3
jtr,usa,03_02_25,3
p186,csh,03_02_25,1
p186,mex,03_02_25,1
p186,usa,03_02_25,1
p186,maru,03_02_25,1
p186,sb,03_02_25,1
p186,hl,03_02_25,1
p186,fy,03_02_25,2
p186,t,03_02_25,3
p186,pair,03_02_25,1
p186,ng,03_02_25,1
csh,mex,03_02_25,1
csh,usa,03_02_25,1
mex,usa,03_02_25,1
mex,ng,03_02_25,1
mex,fy,03_02_25,2
maru,usa,03_02_25,1
sb,usa,03_02_25,1
hl,usa,03_02_25,1
p187,can,03_02_25,1
p187,jtr,03_02_25,1
p187,usa,03_02_25,3
p187,amerp,03_02_25,1
p187,fy,03_02_25,3
p187,cr,03_02_25,3
p187,pair,03_02_25,3
p187,t,03_02_25,3
p187,nas,03_02_25,3
can,usa,03_02_25,1
can,fy,03_02_25,2
can,cr,03_02_25,2
can,nas,03_02_25,1
jtr,can,03_02_25,1
jtr,usa,03_02_25,1
usa,amerp,03_02_25,1
can,t,03_02_25,3
p188,miea,03_02_25,1
p188,cia,03_02_25,1
p188,aogo,03_02_25,3
miea,cia,03_02_25,1
cia,nas,03_02_25,1
p189,usm,04_02_25,1
p189,ace,04_02_25,1
p189,cal,04_02_25,3
p189,la,04_02_25,3
p189,wafl,04_02_25,3
p189,wf,04_02_25,3
usm,ace,04_02_25,1
usm,wf,04_02_25,1
ace,wf,04_02_25,1
cal,wafl,04_02_25,3
cal,wf,04_02_25,3
p190,scpe,04_02_25,1
p190,usdod,04_02_25,1
p190,pent,04_02_25,1
scpe,aogo,04_02_25,1
p190,aogo,04_02_25,3
scpe,usdod,04_02_25,1
usdod,pent,04_02_25,1
usdod,aogo,04_02_25,1
p191,joke,04_02_25,1
p191,nctc,04_02_25,1
p191,aogo,04_02_25,3
joke,nctc,04_02_25,1
nctc,aogo,04_02_25,1
joke,aogo,04_02_25,1
p192,jpat,04_02_25,1
p192,rfi,04_02_25,1
p192,r,04_02_25,1
p192,fl,04_02_25,3
p192,hc,04_02_25,3
p192,eco,04_02_25,3
jpat,fl,04_02_25,1
rfi,fl,04_02_25,1
r,fl,04_02_25,1
r,eco,04_02_25,1
jpat,eco,04_02_25,1
rfi,eco,04_02_25,1
p193,tito,04_02_25,1
p193,chn,04_02_25,1
p193,ttb,04_02_25,3
tito,chn,04_02_25,1
p194,fp,04_02_25,1
p194,wh,04_02_25,1
p194,fb,04_02_25,3
p194,abac,04_02_25,3
fp,abac,04_02_25,1
fp,wh,04_02_25,1
p195,rfkj,04_02_25,1
p195,aut,04_02_25,3
rfkj,aut,04_02_25,1
p196,tw,04_02_25,1
p196,kw,04_02_25,1
p196,metr,04_02_25,1
p196,fam,04_02_25,3
tw,kw,04_02_25,1
metr,tw,04_02_25,1
p197,dvo,05_02_25,1
p197,fone,05_02_25,1
p197,suc,05_02_25,3
dvo,fone,05_02_25,1
dvo,suc,05_02_25,1
p198,pb,05_02_25,1
p198,doj,05_02_25,1
p198,aogo,05_02_25,3
p198,js,05_02_25,3
pb,doj,05_02_25,1
doj,aogo,05_02_25,1
pb,aogo,05_02_25,1
p200,pb,05_02_25,1
p200,doj,05_02_25,1
p200,aogo,05_02_25,3
p200,js,05_02_25,3
pb,doj,05_02_25,1
doj,aogo,05_02_25,1
pb,aogo,05_02_25,1
p204,trans,05_02_25,3
p204,wspt,05_02_25,3
p203,sch,05_02_25,2
p203,trans,05_02_25,3
p203,wspt,05_02_25,3
sch,trans,05_02_25,2
sch,wspt,05_02_25,2
p202,wspt,05_02_25,3
p202,trans,05_02_25,3
p205,pama,06_02_25,1
p205,brma,06_02_25,1
p205,kcc,06_02_25,1
p205,fb,06_02_25,3
p205,fam,06_02_25,3
pama,brma,06_02_25,1
pama,kcc,06_02_25,1
pama,fb,06_02_25,1
brma,fam,06_02_25,1
p206,cbs,06_02_25,2
p206,smin,06_02_25,2
p206,kh,06_02_25,2
p206,usaid,06_02_25,2
p206,poli,06_02_25,2
p206,d,06_02_25,2
p206,mc,06_02_25,3
p206,fn,06_02_25,3
p206,ef,06_02_25,3
p206,o,06_02_25,3
cbs,smin,06_02_25,2
cbs,mc,06_02_25,2
cbs,fn,06_02_25,2
smin,fn,06_02_25,2
kh,ef,06_02_25,2
d,ef,06_02_25,2
usaid,d,06_02_25,2
poli,d,06_02_25,2
p207,gaz,06_02_25,3
p207,isr,06_02_25,3
p207,pair,06_02_25,3
p207,war,06_02_25,3
p207,chuschu,06_02_25,2
chuschu,gaz,06_02_25,2
p208,usaid,06_02_25,2
p208,poli,06_02_25,2
p208,nyt,06_02_25,2
p208,d,06_02_25,2
p208,mc,06_02_25,3
p208,fn,06_02_25,3
p208,cor,06_02_25,3
p208,o,06_02_25,3
usaid,cor,06_02_25,2
poli,fn,06_02_25,2
nyt,fn,06_02_25,2
d,cor,06_02_25,2
poli,d,06_02_25,2
nyt,d,06_02_25,2
p209,amerp,06_02_25,1
p209,usa,06_02_25,3
p209,rb,06_02_25,3
p209,pa,06_02_25,3
amerp,pa,06_02_25,1
amerp,rb,06_02_25,1
p211,amerp,06_02_25,1
p211,usa,06_02_25,3
p211,rb,06_02_25,3
p211,pa,06_02_25,3
amerp,rb,06_02_25,1
amerp,pa,06_02_25,1
p210,amerp,06_02_25,1
p210,usa,06_02_25,3
p210,rb,06_02_25,3
p210,pa,06_02_25,3
amerp,rb,06_02_25,1
amerp,pa,06_02_25,1
p212,ncaa,06_02_25,1
p212,oc,06_02_25,1
p212,amerp,06_02_25,1
p212,wspt,06_02_25,3
p212,trans,06_02_25,3
p212,pa,06_02_25,3
p212,usa,06_02_25,3
ncaa,wspt,06_02_25,1
oc,wspt,06_02_25,1
amerp,pa,06_02_25,1
p213,gsw,06_02_25,1
p213,usms,06_02_25,1
p213,aogo,06_02_25,3
gsw,usms,06_02_25,1
gsw,aogo,06_02_25,1
usms,aogo,06_02_25,1
p214,tr,06_02_25,1
p214,usg,06_02_25,1
p214,aogo,06_02_25,3
tr,usg,06_02_25,1
tr,aogo,06_02_25,1
usg,aogo,06_02_25,1
p215,mk,06_02_25,1
p215,usg,06_02_25,1
p215,aogo,06_02_25,3
mk,usg,06_02_25,1
mk,aogo,06_02_25,1
usg,aogo,06_02_25,1
p216,mh,07_02_25,1
p216,usg,07_02_25,1
p216,aogo,07_02_25,3
mh,usg,07_02_25,1
mh,aogo,07_02_25,1
usg,aogo,07_02_25,1
p217,nm,07_02_25,1
p217,usg,07_02_25,1
p217,aogo,07_02_25,3
nm,usg,07_02_25,1
nm,aogo,07_02_25,1
usg,aogo,07_02_25,1
p218,eco,07_02_25,3
p218,budg,07_02_25,3
p219,fb,07_02_25,3
p219,mc,07_02_25,3
p220,usaid,07_02_25,2
p220,d,07_02_25,2
p220,cor,07_02_25,3
p220,o,07_02_25,3
usaid,cor,07_02_25,2
d,cor,07_02_25,2
usaid,d,07_02_25,2
p221,er,07_02_25,2
p221,twp,07_02_25,2
p221,usaid,07_02_25,2
p221,mc,07_02_25,3
p221,fn,07_02_25,3
p221,cor,07_02_25,3
p221,o,07_02_25,3
er,twp,07_02_25,2
twp,fn,07_02_25,2
twp,mc,07_02_25,2
er,cor,07_02_25,2
usaid,cor,07_02_25,2
p222,jb,07_02_25,2
p222,d,07_02_25,2
p222,env,07_02_25,3
p222,o,07_02_25,3
jb,d,07_02_25,1
jb,env,07_02_25,2
p223,usa,07_02_25,3
p223,jpn,07_02_25,3
p223,pair,07_02_25,3
p223,pa,07_02_25,3
usa,jpn,07_02_25,1
usa,pair,07_02_25,1
jpn,pair,07_02_25,1
p224,kc,07_02_25,1
p224,bot,07_02_25,2
p224,aogo,07_02_25,3
p224,art,07_02_25,3
p224,trans,07_02_25,3
bot,kc,07_02_25,1
bot,aogo,07_02_25,2
p225,jk,07_02_25,1
p225,rpi,07_02_25,1
p225,r,07_02_25,1
p225,suc,07_02_25,3
p225,iw,07_02_25,3
jk,rpi,07_02_25,1
jk,suc,07_02_25,1
rpi,r,07_02_25,1
rpi,iw,07_02_25,1
p226,jb,08_02_25,2
p226,usg,08_02_25,2
p226,nas,08_02_25,3
p226,o,08_02_25,3
p226,d,08_02_25,2
p226,aogo,08_02_25,3
jb,nas,08_02_25,2
usg,nas,08_02_25,2
jb,d,08_02_25,1
p227,kc,08_02_25,1
p227,art,08_02_25,3
p228,jb,08_02_25,2
p228,p,08_02_25,2
p228,env,08_02_25,3
p228,o,08_02_25,3
jb,d,08_02_25,1
jb,env,08_02_25,2
p229,usa,08_02_25,3
p229,pair,08_02_25,3
usa,pair,08_02_25,1
p230,dapa,08_02_25,1
p230,bcr,08_02_25,1
p230,txsen,08_02_25,1
p230,txh,08_02_25,1
p230,r,08_02_25,1
p230,sch,08_02_25,3
p230,suc,08_02_25,3
p230,tex,08_02_25,3
dapa,sch,08_02_25,1
bcr,sch,08_02_25,1
txsen,sch,08_02_25,1
txh,sch,08_02_25,1
r,sch,08_02_25,1
p231,brba,09_02_25,1
p231,fone,09_02_25,1
p231,fb,09_02_25,3
p231,p,09_02_25,3
brba,fone,09_02_25,1
brba,fb,09_02_25,1
p233,cal,10_02_25,3
p233,wafl,10_02_25,3
p233,budg,10_02_25,3
p234,budg,10_02_25,3
p234,spc,10_02_25,3
p234,usdot,10_02_25,3
p234,usg,10_02_25,3
usg,usdot,10_02_25,1
p235,kcc,10_02_25,3
p235,tsw,10_02_25,3
p235,fb,10_02_25,3
p235,pa,10_02_25,3
tsw,pa,10_02_25,2
p236,fb,10_02_25,3
p236,pa,10_02_25,3
p232,soaf,09_02_25,2
p232,rlm,09_02_25,2
p232,usa,09_02_25,1
p232,amerp,09_02_25,1
p232,o,09_02_25,2
p232,pair,09_02_25,3
soaf,usa,09_02_25,2
amerp,soaf,09_02_25,2
p237,usm,10_02_25,1
p237,rl,10_02_25,2
p237,aogo,10_02_25,3
p237,airf,10_02_25,1
p237,usaf,10_02_25,1
p237,ng,10_02_25,1
rl,usm,10_02_25,2
usm,aogo,10_02_25,1
p238,hb,10_02_25,3
p238,usg,10_02_25,3
p238,aogo,10_02_25,3
usg,hb,10_02_25,1
usg,aogo,10_02_25,1
hb,aogo,10_02_25,1
p239,d,10_02_25,3
p239,r,10_02_25,3
p239,cr,10_02_25,3
p239,ny,10_02_25,3
d,cr,10_02_25,2
r,d,10_02_25,2
p240,kcc,10_02_25,1
p240,aogo,10_02_25,3
p240,rigr,10_02_25,1
kcc,aogo,10_02_25,1
rigr,aogo,10_02_25,1
kcc,rigr,10_02_25,1
p241,env,11_02_25,3
p242,gofa,11_02_25,3
p243,ny,11_02_25,3
p243,js,11_02_25,3
p243,lp,11_02_25,3
p243,d,11_02_25,3
d,js,11_02_25,2
js,ny,11_02_25,1
p244,ny,11_02_25,3
p244,js,11_02_25,3
p244,lp,11_02_25,3
p244,d,11_02_25,3
d,js,11_02_25,2
js,ny,11_02_25,1
p245,cal,11_02_25,3
p245,ef,11_02_25,3
p246,env,11_02_25,3
p246,jb,11_02_25,3
p246,usg,11_02_25,3
p246,lz,11_02_25,3
usg,lz,11_02_25,1
jb,env,11_02_25,1
usg,env,11_02_25,1
p247,cor,11_02_25,3
p247,usg,11_02_25,3
p247,js,11_02_25,3
js,usg,11_02_25,1
p248,doge,11_02_25,3
p248,cor,11_02_25,3
p248,cf,11_02_25,3
p248,usa,11_02_25,3
doge,cor,11_02_25,1
p249,fema,11_02_25,3
p249,d,11_02_25,3
p249,norc,11_02_25,3
p249,jb,11_02_25,3
p249,usg,11_02_25,3
jb,fema,11_02_25,2
fema,norc,11_02_25,2
d,fema,11_02_25,2
p250,sb,11_02_25,3
p250,ukr,11_02_25,3
p250,usg,11_02_25,3
p250,pair,11_02_25,3
p250,budg,11_02_25,3
p250,vz,11_02_25,3
usg,sb,11_02_25,1
sb,ukr,11_02_25,1
usg,ukr,11_02_25,1
usg,budg,11_02_25,1
vz,ukr,11_02_25,1
p251,tc,11_02_25,1
p251,dea,11_02_25,3
p251,aogo,11_02_25,3
p251,usg,11_02_25,3
usg,tc,11_02_25,1
tc,dea,11_02_25,1
usg,dea,11_02_25,1
tc,aogo,11_02_25,1
usg,aogo,11_02_25,1
p252,mf,12_02_25,1
p252,usa,12_02_25,3
mf,usa,12_02_25,1
p253,t,12_02_25,3
p253,usa,12_02_25,3
p254,doge,12_02_25,3
p254,cor,12_02_25,3
p254,js,12_02_25,3
doge,cor,12_02_25,1
js,doge,12_02_25,2
js,cor,12_02_25,1
p255,af,12_02_25,3
p256,jb,12_02_25,2
p256,inf,12_02_25,3
jb,inf,12_02_25,2
p257,venepeo,12_02_25,1
p257,vz,12_02_25,3
p257,maru,12_02_25,1
p257,cia,12_02_25,3
p257,swa,12_02_25,1
p257,rus,12_02_25,3
p257,ukr,12_02_25,3
p257,war,12_02_25,3
p257,pair,12_02_25,3
venepeo,rus,12_02_25,1
vz,ukr,12_02_25,1
venepeo,vz,12_02_25,1
maru,pair,12_02_25,1
swa,pair,12_02_25,1
cia,pair,12_02_25,3
rus,war,12_02_25,3
ukr,war,12_02_25,3
p258,vz,12_02_25,1
p258,venepeo,12_02_25,1
p258,maru,12_02_25,1
p258,rus,12_02_25,3
p258,ukr,12_02_25,3
p258,war,12_02_25,3
p258,pair,12_02_25,3
vz,ukr,12_02_25,1
venepeo,rus,12_02_25,1
venepeo,vz,12_02_25,1
maru,pair,12_02_25,1
rus,war,12_02_25,3
ukr,war,12_02_25,3
amerp,rus,12_02_25,1
amerp,ukr,12_02_25,1
p259,kc,12_02_25,1
p259,bot,12_02_25,1
p259,aogo,12_02_25,3
p259,art,12_02_25,3
bot,kc,12_02_25,1
kc,art,12_02_25,1
p260,kcc,12_02_25,1
p260,bot,12_02_25,1
p260,caaa,12_02_25,3
kcc,bot,12_02_25,1
kcc,caaa,12_02_25,1
bot,caaa,12_02_25,1
p261,reu,13_02_25,2
p261,usdod,13_02_25,2
p261,rlm,13_02_25,2
p261,doge,13_02_25,3
p261,mc,13_02_25,3
reu,mc,13_02_25,2
rlm,mc,13_02_25,2
usdod,doge,13_02_25,2
reu,usdod,13_02_25,2
rlm,reu,13_02_25,2
p262,poli,13_02_25,2
p262,nyt,13_02_25,2
p262,doge,13_02_25,3
p262,mc,13_02_25,3
poli,mc,13_02_25,2
nyt,mc,13_02_25,2
poli,doge,13_02_25,2
nyt,doge,13_02_25,2
poli,nyt,13_02_25,2
p263,t,13_02_25,3
p263,af,13_02_25,3
t,af,13_02_25,1
p264,rus,13_02_25,3
p264,ukr,13_02_25,3
p264,war,13_02_25,3
rus,ukr,13_02_25,3
rus,war,13_02_25,2
ukr,war,13_02_25,2
p265,t,13_02_25,3
p265,af,13_02_25,3
p265,p,13_02_25,3
p265,caaa,13_02_25,3
t,af,13_02_25,1
t,p,13_02_25,1
t,caaa,13_02_25,1
p,caaa,13_02_25,1
p266,usa,13_02_25,3
p266,usdos,13_02_25,1
p266,usdot,13_02_25,1
p266,t,13_02_25,3
p266,pair,13_02_25,3
usa,t,13_02_25,1
usa,pair,13_02_25,1
usdos,t,13_02_25,1
usdot,t,13_02_25,1
usdos,pair,13_02_25,1
usdot,pair,13_02_25,1
usdos,usdot,13_02_25,1
p267,ham,15_02_25,3
p267,isr,15_02_25,3
p267,usa,15_02_25,3
p267,amerp,15_02_25,3
p267,gaz,15_02_25,3
p267,war,15_02_25,3
ham,gaz,15_02_25,2
ham,isr,15_02_25,2
isr,gaz,15_02_25,2
isr,war,15_02_25,2
ham,war,15_02_25,2
usa,isr,15_02_25,1
usa,war,15_02_25,3
amerp,isr,15_02_25,1
amerp,gaz,15_02_25,3
p268,usa,15_02_25,3
p268,usdos,15_02_25,1
p268,usdoc,15_02_25,1
p268,usdot,15_02_25,1
p268,ustr,15_02_25,1
p268,t,15_02_25,3
usa,t,15_02_25,1
usdos,t,15_02_25,1
usdoc,t,15_02_25,1
usdot,t,15_02_25,1
ustr,t,15_02_25,1
usa,usdos,15_02_25,1
usa,usdoc,15_02_25,1
usa,usdot,15_02_25,1
usa,ustr,15_02_25,1
usdos,usdoc,15_02_25,1
usdos,usdot,15_02_25,1
usdos,ustr,15_02_25,1
usdoc,usdot,15_02_25,1
usdoc,ustr,15_02_25,1
usdot,ustr,15_02_25,1
p269,rol,15_02_25,3
p270,usa,16_02_25,3
p270,amerp,16_02_25,1
p270,im,16_02_25,3
p270,m,16_02_25,3
p270,rol,16_02_25,3
p270,hist,16_02_25,3
usa,im,16_02_25,1
usa,rol,16_02_25,1
usa,hist,16_02_25,1
amerp,im,16_02_25,1
amerp,rol,16_02_25,1
amerp,hist,16_02_25,1
im,m,16_02_25,2
im,rol,16_02_25,1
p271,jby,16_02_25,1
p271,maru,16_02_25,1
p271,nara,16_02_25,1
p271,aogo,16_02_25,3
jby,nara,16_02_25,1
maru,nara,16_02_25,1
jby,maru,16_02_25,1
jby,aogo,16_02_25,1
nara,aogo,16_02_25,1
p272,jrq,16_02_25,1
p272,sdf,16_02_25,3
p272,doj,16_02_25,1
p272,aogo,16_02_25,3
jrq,doj,16_02_25,1
jrq,sdf,16_02_25,1
jrq,aogo,16_02_25,1
doj,aogo,16_02_25,1
p273,jojo,16_02_25,1
p273,exim,16_02_25,1
p273,aogo,16_02_25,3
jojo,exim,16_02_25,1
jojo,aogo,16_02_25,1
exim,aogo,16_02_25,1
p274,bral,16_02_25,1
p274,idleg,16_02_25,1
p274,idah,16_02_25,3
p274,fam,16_02_25,3
p274,sch,16_02_25,3
bral,idleg,16_02_25,1
bral,idah,16_02_25,1
idleg,idah,16_02_25,1
fam,sch,16_02_25,1
bral,sch,16_02_25,1
idleg,sch,16_02_25,1
idah,fam,16_02_25,1
p275,bbt,16_02_25,1
p275,wys,16_02_25,1
p275,wy,16_02_25,3
p275,fam,16_02_25,3
p275,sch,16_02_25,3
bbt,wys,16_02_25,1
bbt,wy,16_02_25,1
wys,wy,16_02_25,1
fam,sch,16_02_25,1
bbt,sch,16_02_25,1
wys,sch,16_02_25,1
wy,fam,16_02_25,1
p276,boo,16_02_25,3
p277,erm,17_02_25,1
p277,doj,17_02_25,3
p277,doc,17_02_25,3
p277,aogo,17_02_25,3
erm,doj,17_02_25,1
doj,doc,17_02_25,3
erm,aogo,17_02_25,1
doj,aogo,17_02_25,1
doc,aogo,17_02_25,3
p278,nr,17_02_25,1
p278,amerp,17_02_25,3
p278,boo,17_02_25,3
p278,hist,17_02_25,3
nr,boo,17_02_25,1
nr,hist,17_02_25,1
amerp,hist,17_02_25,1
boo,hist,17_02_25,3
p279,usm,18_02_25,1
p279,centcom,18_02_25,1
p279,mkur,18_02_25,1
p279,aq,18_02_25,2
p279,syr,18_02_25,3
p279,amerp,18_02_25,1
p279,nas,18_02_25,3
p279,war,18_02_25,3
usm,centcom,18_02_25,1
centcom,mkur,18_02_25,1
usm,mkur,18_02_25,1
usm,aq,18_02_25,2
aq,syr,18_02_25,3
usm,syr,18_02_25,3
usm,nas,18_02_25,1
centcom,nas,18_02_25,1
mkur,nas,18_02_25,1
aq,nas,18_02_25,2
usm,war,18_02_25,1
aq,war,18_02_25,2
amerp,nas,18_02_25,1
amerp,war,18_02_25,1
p280,kehe,18_02_25,1
p280,fone,18_02_25,1
p280,rep,18_02_25,1
p280,tva,18_02_25,3
p280,p,18_02_25,3
kehe,fone,18_02_25,1
kehe,rep,18_02_25,1
kehe,tva,18_02_25,1
fone,tva,18_02_25,1
fone,p,18_02_25,1
rep,tva,18_02_25,1
rep,p,18_02_25,1
p281,jb,19_02_25,2
p281,bt,19_02_25,2
p281,lc,19_02_25,2
p281,jan6th,19_02_25,2
p281,js,19_02_25,3
p281,cap,19_02_25,3
jb,bt,19_02_25,2
jb,lc,19_02_25,2
bt,lc,19_02_25,2
bt,jan6th,19_02_25,2
lc,jan6th,19_02_25,2
jan6th,cap,19_02_25,2
jan6th,js,19_02_25,2
p282,doj,19_02_25,2
p282,jb,19_02_25,2
p282,js,19_02_25,3
doj,js,19_02_25,2
jb,doj,19_02_25,2
jb,js,19_02_25,2
p283,usco,19_02_25,1
p283,rep,19_02_25,1
p283,repsen,19_02_25,1
p283,lg,19_02_25,2
p283,bbb,19_02_25,3
p283,af,19_02_25,3
usco,rep,19_02_25,1
usco,repsen,19_02_25,1
rep,repsen,19_02_25,1
lg,repsen,19_02_25,2
lg,usco,19_02_25,2
rep,bbb,19_02_25,1
repsen,bbb,19_02_25,1
usco,bbb,19_02_25,1
usco,af,19_02_25,1
rep,af,19_02_25,1
repsen,af,19_02_25,1
p284,vz,19_02_25,2
p284,jb,19_02_25,2
p284,usa,19_02_25,1
p284,eu,19_02_25,2
p284,rus,19_02_25,3
p284,ukr,19_02_25,1
p284,war,19_02_25,3
p284,pair,19_02_25,3
vz,ukr,19_02_25,1
vz,war,19_02_25,2
vz,jb,19_02_25,2
jb,usa,19_02_25,2
jb,war,19_02_25,2
eu,ukr,19_02_25,2
eu,war,19_02_25,2
usa,ukr,19_02_25,1
usa,war,19_02_25,1
rus,war,19_02_25,2
rus,ukr,19_02_25,2
eu,usa,19_02_25,2
p285,man,19_02_25,1
p285,ny,19_02_25,1
p285,ct,19_02_25,3
man,ct,19_02_25,2
ny,ct,19_02_25,2
man,ny,19_02_25,1
p286,usa,19_02_25,1
p286,af,19_02_25,3
usa,af,19_02_25,1
p287,usa,19_02_25,1
p287,damac,19_02_25,1
p287,sfb,19_02_25,1
p287,amerp,19_02_25,1
p287,eco,19_02_25,3
damac,usa,19_02_25,1
sfb,usa,19_02_25,1
damac,eco,19_02_25,1
sfb,eco,19_02_25,1
usa,eco,19_02_25,1
amerp,eco,19_02_25,1
amerp,usa,19_02_25,1
p288,usg,20_02_25,2
p288,usg,20_02_25,3
p288,doge,20_02_25,3
usg,doge,20_02_25,1
usg,doge,20_02_25,3
p289,wh,20_02_25,1
p289,ghwb,20_02_25,3
p289,hist,20_02_25,3
ghwb,wh,20_02_25,3
ghwb,hist,20_02_25,3
wh,hist,20_02_25,1
p290,jth,20_02_25,1
p290,mijo,20_02_25,1
p290,repsen,20_02_25,1
p290,r,20_02_25,3
p290,fone,20_02_25,1
p290,tva,20_02_25,3
p290,bor,20_02_25,3
p290,tc,20_02_25,3
p290,af,20_02_25,3
jth,fone,20_02_25,1
jth,repsen,20_02_25,1
mijo,r,20_02_25,1
repsen,r,20_02_25,1
jth,tva,20_02_25,1
fone,tva,20_02_25,1
repsen,bor,20_02_25,1
r,bor,20_02_25,1
repsen,tc,20_02_25,1
r,tc,20_02_25,1
repsen,af,20_02_25,1
r,af,20_02_25,1
p291,usa,20_02_25,3
p291,can,20_02_25,3
p291,jtr,20_02_25,1
p291,amerp,20_02_25,1
p291,icehock,20_02_25,3
p291,tc,20_02_25,3
p291,nas,20_02_25,3
usa,can,20_02_25,3
jtr,can,20_02_25,1
amerp,usa,20_02_25,1
usa,icehock,20_02_25,1
can,icehock,20_02_25,1
usa,tc,20_02_25,1
usa,nas,20_02_25,1
p292,t,20_02_25,3
p292,budg,20_02_25,3
t,budg,20_02_25,1
p293,jth,21_02_25,1
p293,repsen,21_02_25,1
p293,amerp,21_02_25,1
p293,bor,21_02_25,3
p293,im,21_02_25,3
jth,repsen,21_02_25,1
repsen,bor,21_02_25,1
repsen,im,21_02_25,1
jth,bor,21_02_25,1
jth,im,21_02_25,1
amerp,bor,21_02_25,1
amerp,im,21_02_25,1
amerp,repsen,21_02_25,1
p294,bd,21_02_25,1
p294,rep,21_02_25,1
p294,fl,21_02_25,1
p294,elec,21_02_25,3
bd,rep,21_02_25,1
bd,fl,21_02_25,1
rep,elec,21_02_25,1
bd,elec,21_02_25,1
fl,elec,21_02_25,1
rep,fl,21_02_25,1
p295,mm,21_02_25,1
p295,r,21_02_25,1
p295,mich,21_02_25,3
p295,elec,21_02_25,3
p295,af,21_02_25,3
mm,r,21_02_25,1
mm,mich,21_02_25,1
r,mich,21_02_25,1
mm,elec,21_02_25,1
r,elec,21_02_25,1
mich,elec,21_02_25,1
mm,af,21_02_25,1
r,af,21_02_25,1
p296,d,21_02_25,3
p296,jaca,21_02_25,2
p296,r,21_02_25,3
p296,usa,21_02_25,3
p296,elec,21_02_25,3
p296,pa,21_02_25,3
p296,af,21_02_25,3
jaca,d,21_02_25,2
r,elec,21_02_25,1
d,elec,21_02_25,2
r,af,21_02_25,1
usa,af,21_02_25,1
usa,elec,21_02_25,1
jaca,pa,21_02_25,2
p298,elec,22_02_25,3
p299,em,22_02_25,1
p299,usa,22_02_25,3
p299,af,22_02_25,3
em,usa,22_02_25,1
em,af,22_02_25,1
usa,af,22_02_25,1
p300,msnbc,22_02_25,2
p300,mc,22_02_25,3
msnbc,mc,22_02_25,2
p301,bor,22_02_25,3
p302,ham,22_02_25,2
p302,war,22_02_25,3
ham,war,22_02_25,2
p303,latr,23_02_25,1
p303,etru,23_02_25,1
p303,mw,23_02_25,1
p303,rnc,23_02_25,1
p303,fone,23_02_25,1
p303,fam,23_02_25,3
latr,fone,23_02_25,1
latr,etru,23_02_25,1
latr,fam,23_02_25,1
etru,fam,23_02_25,1
latr,rnc,23_02_25,1
mw,rnc,23_02_25,1
latr,mw,23_02_25,1
p304,metr,23_02_25,1
p304,wh,23_02_25,1
p304,r,23_02_25,3
p304,d,23_02_25,3
p304,usg,23_02_25,1
metr,wh,23_02_25,1
r,d,23_02_25,1
r,usg,23_02_25,1
d,usg,23_02_25,1
p305,afd,23_02_25,1
p305,ger,23_02_25,3
p305,usa,23_02_25,3
p305,elec,23_02_25,3
p305,im,23_02_25,3
p305,env,23_02_25,3
afd,elec,23_02_25,1
afd,ger,23_02_25,1
afd,im,23_02_25,1
afd,env,23_02_25,1
usa,im,23_02_25,1
usa,env,23_02_25,1
p306,rw,23_02_25,1
p306,rep,23_02_25,1
p306,fone,23_02_25,1
p306,eco,23_02_25,3
p306,tva,23_02_25,3
rw,rep,23_02_25,1
rw,fone,23_02_25,1
fone,tva,23_02_25,1
rw,tva,23_02_25,1
rep,eco,23_02_25,1
rw,eco,23_02_25,1
p307,mwol,23_02_25,2
p307,boo,23_02_25,3
p307,mc,23_02_25,3
p307,fone,23_02_25,3
mwol,boo,23_02_25,2
mwol,mc,23_02_25,2
mwol,fone,23_02_25,2
boo,mc,23_02_25,3
boo,fone,23_02_25,3
mc,fone,23_02_25,3
p308,sha,24_02_25,1
p308,jou,24_02_25,1
p308,bit,24_02_25,3
p308,gofa,24_02_25,3
p308,tva,24_02_25,3
sha,jou,24_02_25,1
sha,bit,24_02_25,1
sha,gofa,24_02_25,1
sha,tva,24_02_25,1
p309,db,24_02_25,1
p309,kapa,24_02_25,1
p309,pb,24_02_25,1
p309,fbi,24_02_25,1
p309,nypd,24_02_25,1
p309,usss,24_02_25,1
p309,le,24_02_25,3
p309,js,24_02_25,3
kapa,fbi,24_02_25,1
db,fbi,24_02_25,1
pb,js,24_02_25,1
db,nypd,24_02_25,1
db,usss,24_02_25,1
fbi,le,24_02_25,1
nypd,le,24_02_25,1
usss,le,24_02_25,1
p310,db,24_02_25,1
p310,pbo,24_02_25,1
p310,fam,24_02_25,3
db,pbo,24_02_25,1
db,fam,24_02_25,1
pbo,fam,24_02_25,1
p311,brar,24_02_25,2
p311,jr,24_02_25,2
p311,aw,24_02_25,2
p311,rm,24_02_25,2
p311,alsh,24_02_25,2
p311,comc,24_02_25,2
p311,nbc,24_02_25,2
p311,msnbc,24_02_25,2
p311,d,24_02_25,2
p311,mc,24_02_25,3
p311,fone,24_02_25,3
p311,pa,24_02_25,3
brar,comc,24_02_25,1
comc,nbc,24_02_25,1
comc,msnbc,24_02_25,1
jr,msnbc,24_02_25,1
aw,msnbc,24_02_25,1
rm,msnbc,24_02_25,1
alsh,msnbc,24_02_25,1
msnbc,d,24_02_25,2
jr,pa,24_02_25,2
rm,pa,24_02_25,2
alsh,pa,24_02_25,2
brar,pa,24_02_25,2
p312,app,24_02_25,1
p312,tico,24_02_25,1
p312,eco,24_02_25,3
p312,iv,24_02_25,3
p312,usa,24_02_25,3
tico,app,24_02_25,1
app,eco,24_02_25,1
app,iv,24_02_25,1
usa,iv,24_02_25,1
p313,em,24_02_25,1
p313,jtr,24_02_25,1
p313,venepeo,24_02_25,3
p313,g7,24_02_25,1
p313,rus,24_02_25,3
p313,ukr,24_02_25,1
p313,usa,24_02_25,1
p313,war,24_02_25,3
p313,eco,24_02_25,3
p313,pair,24_02_25,3
em,g7,24_02_25,1
jtr,g7,24_02_25,1
venepeo,rus,24_02_25,1
rus,war,24_02_25,3
ukr,war,24_02_25,3
usa,ukr,24_02_25,1
usa,rus,24_02_25,1
usa,eco,24_02_25,1
ukr,eco,24_02_25,1
rus,eco,24_02_25,1
p314,ukr,24_02_25,3
p314,usa,24_02_25,3
p314,pair,24_02_25,3
usa,ukr,24_02_25,1
usa,pair,24_02_25,1
ukr,pair,24_02_25,1
p315,usa,24_02_25,3
p315,peace,24_02_25,3
p315,pair,24_02_25,3
usa,peace,24_02_25,1
usa,pair,24_02_25,1
peace,pair,24_02_25,1
p316,fra,24_02_25,3
p316,usa,24_02_25,3
p316,pair,24_02_25,3
p316,peace,24_02_25,3
p316,eco,24_02_25,3
fra,usa,24_02_25,1
fra,pair,24_02_25,1
usa,pair,24_02_25,1
fra,peace,24_02_25,1
usa,peace,24_02_25,1
fra,eco,24_02_25,1
usa,eco,24_02_25,1
p317,jb,25_02_25,2
p317,usa,25_02_25,1
p317,inf,25_02_25,3
p317,env,25_02_25,3
jb,inf,25_02_25,2
usa,inf,25_02_25,1
usa,env,25_02_25,1
inf,env,25_02_25,1
p318,vr,25_02_25,1
p318,elec,25_02_25,3
p318,usa,25_02_25,3
vr,elec,25_02_25,1
vr,usa,25_02_25,1
p319,eco,26_02_25,3
p319,tech,26_02_25,3
p319,ai,26_02_25,3
p319,usa,26_02_25,3
usa,eco,26_02_25,1
usa,tech,26_02_25,1
usa,ai,26_02_25,1
tech,eco,26_02_25,1
ai,tech,26_02_25,1
p320,eco,26_02_25,3
p320,t,26_02_25,3
p320,nas,26_02_25,3
p320,af,26_02_25,3
p320,usa,26_02_25,1
usa,eco,26_02_25,1
usa,t,26_02_25,1
usa,nas,26_02_25,1
eco,t,26_02_25,1
eco,nas,26_02_25,1
af,eco,26_02_25,1
af,nas,26_02_25,1
p321,kecr,26_02_25,1
p321,kr,26_02_25,1
p321,fam,26_02_25,3
kecr,kr,26_02_25,1
kecr,fam,26_02_25,1
kr,fam,26_02_25,1
p322,totu,26_02_25,1
p322,rgt,26_02_25,1
p322,fam,26_02_25,3
totu,rgt,26_02_25,1
totu,fam,26_02_25,1
rgt,fam,26_02_25,1
p323,wsj,26_02_25,2
p323,mc,26_02_25,3
p323,t,26_02_25,3
p323,eco,26_02_25,3
p323,usa,26_02_25,1
wsj,mc,26_02_25,2
wsj,t,26_02_25,2
t,eco,26_02_25,1
usa,eco,26_02_25,1
usa,t,26_02_25,1
p323,wsj,26_02_25,2
p323,mc,26_02_25,3
p323,t,26_02_25,3
p323,eco,26_02_25,3
p323,usa,26_02_25,1
wsj,mc,26_02_25,2
wsj,t,26_02_25,2
t,eco,26_02_25,1
usa,eco,26_02_25,1
usa,t,26_02_25,1
p324,mc,26_02_25,3
p324,fn,26_02_25,1
p324,pa,26_02_25,3
p324,usa,26_02_25,3
mc,fn,26_02_25,1
mc,pa,26_02_25,1
fone,pa,26_02_25,1
p325,app,26_02_25,2
p325,dei,26_02_25,2
p325,eco,26_02_25,3
app,dei,26_02_25,2
dei,eco,26_02_25,2
p326,app,26_02_25,2
p326,deio,26_02_25,3
p326,pa,26_02_25,3
p326,usa,26_02_25,3
app,deio,26_02_25,2
deio,pa,26_02_25,2
p327,mijo,26_02_25,1
p327,budg,26_02_25,3
p327,usa,26_02_25,3
mijo,budg,26_02_25,1
p328,swp,26_02_25,1
p328,av,26_02_25,3
p328,pa,26_02_25,3
p328,usa,26_02_25,3
swp,av,26_02_25,1
p329,rep,26_02_25,1
p329,sen,26_02_25,1
p329,t,26_02_25,3
p329,usa,26_02_25,3
rep,sen,26_02_25,1
rep,t,26_02_25,1
sen,t,26_02_25,1
p330,jb,26_02_25,2
p330,nimo,26_02_25,2
p330,ven,26_02_25,3
p330,eco,26_02_25,3
p330,im,26_02_25,3
p330,usa,26_02_25,3
jb,nimo,26_02_25,2
nimo,ven,26_02_25,1
eco,ven,26_02_25,1
usa,im,26_02_25,1
p331,bor,26_02_25,3
p331,im,26_02_25,3
p331,inf,26_02_25,3
p331,usa,26_02_25,3
bor,im,26_02_25,1
usa,inf,26_02_25,1
p332,usg,26_02_25,3
p332,usa,26_02_25,3
usa,usg,26_02_25,1
p333,eco,26_02_25,3
p333,elec,26_02_25,3
p333,usa,26_02_25,3
elec,eco,26_02_25,1
usa,eco,26_02_25,1
p334,isr,26_02_25,3
p334,war,26_02_25,3
p334,usa,26_02_25,3
isr,war,26_02_25,1
p336,mex,27_02_25,3
p336,can,27_02_25,3
p336,chn,27_02_25,3
p336,dr,27_02_25,3
p336,t,27_02_25,3
p336,usa,27_02_25,3
mex,dr,27_02_25,1
can,dr,27_02_25,1
chn,dr,27_02_25,1
t,mex,27_02_25,1
t,can,27_02_25,1
t,chn,27_02_25,1
usa,dr,27_02_25,1
p337,pd,28_02_25,1
p337,usg,28_02_25,3
p337,usa,28_02_25,3
pd,usg,28_02_25,1
p338,huca,28_02_25,1
p338,aogo,28_02_25,3
p338,usg,28_02_25,3
huca,usg,28_02_25,1
huca,aogo,28_02_25,1
usg,aogo,28_02_25,1
p339,iw,28_02_25,3
p339,trans,28_02_25,3
iw,trans,28_02_25,2
p340,jb,28_02_25,2
p340,hor,28_02_25,3
p340,sen,28_02_25,3
p340,budg,28_02_25,3
p340,repsen,28_02_25,3
jb,budg,28_02_25,2
hor,budg,28_02_25,3
sen,budg,28_02_25,3
repsen,budg,28_02_25,1
p341,vz,28_02_25,2
p341,usa,28_02_25,1
p341,wh,28_02_25,3
p341,pm,28_02_25,3
p341,peace,28_02_25,3
vz,usa,28_02_25,2
vz,peace,28_02_25,2
usa,peace,28_02_25,1
wh,usa,28_02_25,3
wh,pm,28_02_25,3
p342,doj,01_03_25,1
p342,jsmi,01_03_25,2
p342,fl,01_03_25,3
p342,js,01_03_25,3
p342,lp,01_03_25,3
p342,pa,01_03_25,3
jsmi,js,01_03_25,2
jsmi,lp,01_03_25,2
jsmi,pa,01_03_25,2
doj,js,01_03_25,1
doj,lp,01_03_25,1
doj,jsmi,01_03_25,3
p343,pr,01_03_25,1
p343,par,01_03_25,3
p343,baseb,01_03_25,3
pr,par,01_03_25,1
pr,baseb,01_03_25,1
p344,jb,01_03_25,2
p344,usa,01_03_25,1
p344,m,01_03_25,2
p344,im,01_03_25,3
p344,bor,01_03_25,3
p344,cm,01_03_25,3
m,im,01_03_25,2
m,bor,01_03_25,2
m,cm,01_03_25,2
jb,im,01_03_25,2
jb,bor,01_03_25,2
p345,jb,02_03_25,2
p345,usa,02_03_25,3
p345,bit,02_03_25,3
p345,af,02_03_25,3
p345,tech,02_03_25,3
usa,bit,02_03_25,1
usa,tech,02_03_25,1
jb,bit,02_03_25,2
usa,af,02_03_25,1
p346,bor,02_03_25,3
p346,im,02_03_25,3
bor,im,02_03_25,3
p347,hmc,03_03_25,2
p347,pa,03_03_25,3
hmc,pa,03_03_25,2
p348,venepeo,03_03_25,3
p348,eu,03_03_25,2
p348,m,03_03_25,2
p348,dr,03_03_25,3
p348,mu,03_03_25,3
p348,cm,03_03_25,3
m,dr,03_03_25,2
m,mu,03_03_25,2
m,cm,03_03_25,2
eu,m,03_03_25,2
p349,usdot,03_03_25,1
p349,jb,03_03_25,2
p349,usa,03_03_25,3
p349,eco,03_03_25,3
p349,caaa,03_03_25,3
usdot,eco,03_03_25,1
jb,eco,03_03_25,2
usdot,usa,03_03_25,1
p350,ukr,03_03_25,3
p350,venepeo,03_03_25,2
p350,rus,03_03_25,2
p350,d,03_03_25,2
p350,fn,03_03_25,3
p350,pa,03_03_25,3
venepeo,rus,03_03_25,2
venepeo,ukr,03_03_25,2
rus,ukr,03_03_25,2
d,pa,03_03_25,2
p351,d,03_03_25,2
p351,r,03_03_25,1
p351,o,03_03_25,3
p351,pa,03_03_25,3
d,r,03_03_25,2
d,pa,03_03_25,2
r,o,03_03_25,1
p352,vz,03_03_25,2
p352,usa,03_03_25,3
p352,eu,03_03_25,2
p352,rus,03_03_25,3
p352,peace,03_03_25,3
p352,pa,03_03_25,3
vz,peace,03_03_25,2
vz,pa,03_03_25,2
eu,vz,03_03_25,3
eu,usa,03_03_25,3
rus,peace,03_03_25,2
p353,eu,03_03_25,2
p353,rus,03_03_25,3
p353,ukr,03_03_25,3
p353,ep,03_03_25,3
eu,rus,03_03_25,2
eu,ukr,03_03_25,2
rus,ep,03_03_25,3
eu,ep,03_03_25,2
p354,usa,03_03_25,3
p354,t,03_03_25,3
p354,eco,03_03_25,3
usa,t,03_03_25,1
usa,eco,03_03_25,1
t,eco,03_03_25,1
p355,sch,04_03_25,3
p355,uni,04_03_25,3
p355,im,04_03_25,3
p355,cm,04_03_25,3
im,cm,04_03_25,2
sch,cm,04_03_25,3
uni,cm,04_03_25,3
p356,can,04_03_25,2
p356,usa,04_03_25,1
p356,eco,04_03_25,3
can,usa,04_03_25,2
can,eco,04_03_25,2
usa,eco,04_03_25,1
p357,usa,04_03_25,3
p357,t,04_03_25,3
p357,eco,04_03_25,3
usa,t,04_03_25,1
usa,eco,04_03_25,1
t,eco,04_03_25,1
p358,jtr,04_03_25,2
p358,can,04_03_25,2
p358,usa,04_03_25,3
p358,t,04_03_25,3
jtr,can,04_03_25,2
can,t,04_03_25,2
usa,t,04_03_25,1
can,usa,04_03_25,2
p359,jtr,05_03_25,2
p359,can,05_03_25,2
p359,fy,05_03_25,3
p359,bor,05_03_25,3
p359,t,05_03_25,3
p359,pa,05_03_25,3
jtr,can,05_03_25,2
jtr,t,05_03_25,2
can,bor,05_03_25,2
fy,bor,05_03_25,2
jtr,pa,05_03_25,2
p360,jtr,05_03_25,2
p360,can,05_03_25,2
p360,fy,05_03_25,3
p360,bor,05_03_25,3
p360,im,05_03_25,3
p360,pa,05_03_25,3
jtr,can,05_03_25,2
jtr,bor,05_03_25,2
jtr,pa,05_03_25,2
can,bor,05_03_25,2
fy,bor,05_03_25,2
im,bor,05_03_25,2
p361,ham,05_03_25,3
p361,isr,05_03_25,3
p361,gaz,05_03_25,3
p361,war,05_03_25,3
p361,pa,05_03_25,3
ham,isr,05_03_25,2
ham,war,05_03_25,2
ham,pa,05_03_25,2
isr,war,05_03_25,1
gaz,ham,05_03_25,3
p362,d,06_03_25,2
p362,r,06_03_25,1
p362,trans,06_03_25,3
p362,bor,06_03_25,3
p362,ep,06_03_25,3
p362,ta,06_03_25,3
p362,m,06_03_25,2
p362,pa,06_03_25,3
p362,cf,06_03_25,3
d,pa,06_03_25,2
d,bor,06_03_25,2
d,ep,06_03_25,2
d,ta,06_03_25,2
r,cf,06_03_25,1
m,bor,06_03_25,2
p363,mbo,06_03_25,1
p363,wh,06_03_25,3
p363,hom,06_03_25,3
p363,ensr,06_03_25,3
mbo,hom,06_03_25,3
wh,hom,06_03_25,3
mbo,ensr,06_03_25,1
p364,d,06_03_25,2
p364,repsen,06_03_25,1
p364,budg,06_03_25,3
p364,ta,06_03_25,3
p364,spc,06_03_25,3
d,budg,06_03_25,2
repsen,budg,06_03_25,1
repsen,ta,06_03_25,1
repsen,spc,06_03_25,1
p365,jro,06_03_25,1
p365,cnn,06_03_25,2
p365,mc,06_03_25,3
p365,fn,06_03_25,3
p365,js,06_03_25,3
cnn,fn,06_03_25,2
cnn,mc,06_03_25,2
jro,js,06_03_25,1
p366,jb,06_03_25,2
p366,eco,06_03_25,3
p366,t,06_03_25,3
p366,pa,06_03_25,3
jb,eco,06_03_25,2
jb,pa,06_03_25,2
t,eco,06_03_25,1
p367,jtr,06_03_25,2
p367,can,06_03_25,2
p367,t,06_03_25,3
p367,pa,06_03_25,3
jtr,can,06_03_25,2
jtr,t,06_03_25,2
jtr,pa,06_03_25,2
can,t,06_03_25,2
p368,csh,06_03_25,1
p368,mex,06_03_25,1
p368,t,06_03_25,3
p368,bor,06_03_25,3
p368,im,06_03_25,3
p368,fy,06_03_25,3
csh,mex,06_03_25,1
mex,t,06_03_25,1
mex,bor,06_03_25,1
mex,im,06_03_25,1
mex,fy,06_03_25,1
p369,doge,06_03_25,1
p369,em,06_03_25,1
p369,eco,06_03_25,3
p369,spc,06_03_25,3
doge,spc,06_03_25,1
doge,eco,06_03_25,1
em,doge,06_03_25,1
p370,soaf,07_03_25,2
p370,im,07_03_25,3
p370,eco,07_03_25,3
soaf,im,07_03_25,1
soaf,eco,07_03_25,2
p371,rus,07_03_25,2
p371,ukr,07_03_25,3
p371,war,07_03_25,3
p371,t,07_03_25,3
p371,peace,07_03_25,3
rus,ukr,07_03_25,2
rus,war,07_03_25,2
rus,t,07_03_25,2
rus,peace,07_03_25,2
ukr,war,07_03_25,2
ukr,peace,07_03_25,1
p372,usa,07_03_25,3
p372,t,07_03_25,3
p372,eco,07_03_25,3
usa,t,07_03_25,1
t,eco,07_03_25,1
usa,eco,07_03_25,1
p373,ag,08_03_25,1
p373,usg,08_03_25,1
p373,aogo,08_03_25,3
ag,usg,08_03_25,1
ag,aogo,08_03_25,1
usg,aogo,08_03_25,1
p374,dbu,08_03_25,1
p374,usg,08_03_25,1
p374,aogo,08_03_25,3
dbu,usg,08_03_25,1
dbu,aogo,08_03_25,1
usg,aogo,08_03_25,1
p375,lb,08_03_25,1
p375,usg,08_03_25,3
p375,un,08_03_25,3
p375,aogo,08_03_25,3
lb,usg,08_03_25,1
lb,un,08_03_25,1
lb,aogo,08_03_25,1
usg,aogo,08_03_25,1
p376,missa,08_03_25,1
p376,usg,08_03_25,3
p376,aogo,08_03_25,3
missa,usg,08_03_25,1
missa,aogo,08_03_25,1
usg,aogo,08_03_25,1
p377,li,08_03_25,1
p377,mabar,08_03_25,1
p377,kc,08_03_25,3
p377,aogo,08_03_25,3
p377,art,08_03_25,3
li,kcc,08_03_25,1
mabar,kcc,08_03_25,1
li,aogo,08_03_25,1
mabar,aogo,08_03_25,1
kc,aogo,08_03_25,1
li,art,08_03_25,1
mabar,art,08_03_25,1
p378,can,08_03_25,3
p378,usa,08_03_25,3
p378,t,08_03_25,3
p378,eco,08_03_25,3
can,t,08_03_25,2
can,usa,08_03_25,2
t,eco,08_03_25,2
usa,eco,08_03_25,1
p379,wna,08_03_25,1
p379,ssp,08_03_25,1
p379,roja,08_03_25,1
p379,dvo,08_03_25,1
p379,usna,08_03_25,3
p379,aogo,08_03_25,3
wna,usna,08_03_25,1
ssp,usna,08_03_25,1
roja,usna,08_03_25,1
dvo,usna,08_03_25,1
wna,aogo,08_03_25,1
ssp,aogo,08_03_25,1
roja,aogo,08_03_25,1
dvo,aogo,08_03_25,1
usna,aogo,08_03_25,1
p380,d,08_03_25,2
p380,r,08_03_25,1
p380,budg,08_03_25,3
p380,eco,08_03_25,3
d,budg,08_03_25,2
r,budg,08_03_25,1
budg,eco,08_03_25,1
r,eco,08_03_25,1
p381,em,08_03_25,1
p381,maru,08_03_25,1
p381,fn,08_03_25,3
p381,mc,08_03_25,3
em,maru,08_03_25,1
fn,mc,08_03_25,2
p382,mabar,09_03_25,1
p382,fone,09_03_25,1
p382,tva,09_03_25,3
mabar,fone,09_03_25,1
mabar,tva,09_03_25,1
fone,tva,09_03_25,1
p383,grl,10_03_25,1
p383,usa,10_03_25,3
p383,eco,10_03_25,3
p383,nas,10_03_25,3
usa,grl,10_03_25,1
usa,nas,10_03_25,1
usa,eco,10_03_25,1
grl,eco,10_03_25,1
p384,socs,10_03_25,3
p384,cor,10_03_25,3
socs,cor,10_03_25,2
p385,pan,10_03_25,3
p385,hist,10_03_25,3
pan,hist,10_03_25,3
p386,rus,10_03_25,3
p387,usg,10_03_25,2
p387,eco,10_03_25,3
usg,eco,10_03_25,2
p388,d,10_03_25,2
p388,pa,10_03_25,3
d,pa,10_03_25,2
p389,eco,10_03_25,3
p390,brainm,10_03_25,1
p390,fone,10_03_25,1
p390,tva,10_03_25,3
brainm,fone,10_03_25,1
brainm,tva,10_03_25,1
fone,tva,10_03_25,1
p391,mtu,10_03_25,2
p391,aus,10_03_25,3
p391,chn,10_03_25,3
p391,pa,10_03_25,3
mtu,pa,10_03_25,2
mtu,aus,10_03_25,3
mtu,chn,10_03_25,3
p392,ice,10_03_25,3
p392,mkh,10_03_25,2
p392,ham,10_03_25,3
p392,uni,10_03_25,3
p392,im,10_03_25,3
ice,mkh,10_03_25,2
mkh,ham,10_03_25,2
mkh,uni,10_03_25,3
mkh,im,10_03_25,2
ice,im,10_03_25,1
p393,hfc,11_03_25,1
p393,d,11_03_25,2
p393,thom,11_03_25,2
p393,lc,11_03_25,2
p393,ta,11_03_25,3
p393,im,11_03_25,3
p393,pa,11_03_25,3
p393,cf,11_03_25,3
hfc,d,11_03_25,2
d,ta,11_03_25,2
d,im,11_03_25,2
thom,pa,11_03_25,2
lc,pa,11_03_25,2
thom,cf,11_03_25,2
p394,can,11_03_25,3
p394,ont,11_03_25,3
p394,usa,11_03_25,3
p394,t,11_03_25,3
p394,eco,11_03_25,3
p394,ep,11_03_25,3
can,t,11_03_25,2
can,usa,11_03_25,2
ont,ep,11_03_25,2
ont,can,11_03_25,3
t,eco,11_03_25,2
usa,eco,11_03_25,1
p395,em,11_03_25,1
p395,tsl,11_03_25,1
p395,d,11_03_25,2
p395,eco,11_03_25,3
p395,cf,11_03_25,3
em,tsl,11_03_25,1
d,tsl,11_03_25,2
d,em,11_03_25,2
tsl,eco,11_03_25,1
em,eco,11_03_25,1
p396,ont,11_03_25,3
p396,can,11_03_25,3
p396,usa,11_03_25,3
p396,t,11_03_25,3
p396,ep,11_03_25,3
p396,nas,11_03_25,3
p396,eco,11_03_25,3
p396,bor,11_03_25,3
ont,can,11_03_25,3
ont,ep,11_03_25,2
can,t,11_03_25,2
can,ep,11_03_25,2
can,eco,11_03_25,2
can,nas,11_03_25,2
can,bor,11_03_25,2
can,usa,11_03_25,2
usa,eco,11_03_25,1
usa,t,11_03_25,1
t,eco,11_03_25,2
ep,nas,11_03_25,3
bor,nas,11_03_25,3
p397,can,11_03_25,3
p397,usa,11_03_25,3
p397,ep,11_03_25,3
p397,eco,11_03_25,3
p397,hist,11_03_25,3
can,ep,11_03_25,2
can,eco,11_03_25,2
can,usa,11_03_25,2
eco,hist,11_03_25,3
p398,thom,11_03_25,2
p398,jb,11_03_25,2
p398,budg,11_03_25,3
p398,cf,11_03_25,3
p398,pa,11_03_25,3
thom,pa,11_03_25,2
thom,cf,11_03_25,2
jb,budg,11_03_25,2
thom,budg,11_03_25,2
p399,em,11_03_25,1
p399,tsl,11_03_25,1
p399,eco,11_03_25,3
em,tsl,11_03_25,1
tsl,eco,11_03_25,1
em,eco,11_03_25,1
p400,eco,11_03_25,3
p400,inf,11_03_25,3
inf,eco,11_03_25,1
p15,jb,03_01_25,3
p15,lc,03_01_25,2
p15,ak,03_01_25,2
p15,bt,03_01_25,2
p15,np,03_01_25,2
p15,j6,03_01_25,3
p15,pa,03_01_25,3
jb,lc,03_01_25,2
lc,pa,03_01_25,2
ak,pa,03_01_25,2
bt,pa,03_01_25,2
np,j6,03_01_25,2
p24,jb,04_01_25,2
p24,kh,04_01_25,2
p24,jsmi,04_01_25,2
p24,js,04_01_25,3
p24,fn,04_01_25,3
p24,mc,04_01_25,3
p24,pa,04_01_25,3
jb,js,04_01_25,2
kh,js,04_01_25,2
jsmi,js,04_01_25,2
fn,mc,04_01_25,2
pa,jb,04_01_25,2
pa,kh,04_01_25,2
pa,jsmi,04_01_25,2
pa,js,04_01_25,2
p53,fone,10_01_25,3
p53,js,10_01_25,3
p53,mc,10_01_25,3
fone,mc,10_01_25,3
p199,irn,05_02_25,3
p199,isr,05_02_25,3
p199,usa,05_02_25,3
p199,nuc,05_02_25,3
p199,peace,05_02_25,3
p199,miea,05_02_25,3
irn,nuc,05_02_25,2
irn,peace,05_02_25,1
usa,isr,05_02_25,3
miea,peace,05_02_25,1
p201,pb,05_02_25,1
p201,js,05_02_25,3
p201,aogo,05_02_25,3
pb,js,05_02_25,1
pb,aogo,05_02_25,1
p403,asi,11_03_25,1
p403,usg,11_03_25,3
p403,aogo,11_03_25,3
asi,usg,11_03_25,1
asi,aogo,11_03_25,1
usg,aogo,11_03_25,1
p404,pz,11_03_25,1
p404,usg,11_03_25,3
p404,aogo,11_03_25,3
pz,usg,11_03_25,1
pz,aogo,11_03_25,1
usg,aogo,11_03_25,1
p405,r,12_03_25,1
p405,usa,12_03_25,3
r,usa,12_03_25,1
p406,thom,12_03_25,2
p406,r,12_03_25,3
p406,budg,12_03_25,3
p406,pa,12_03_25,3
thom,pa,12_03_25,2
thom,r,12_03_25,2
thom,budg,12_03_25,2
p407,em,12_03_25,1
p407,pat,12_03_25,3
em,pat,12_03_25,1
p408,mmar,12_03_25,1
p408,fp,12_03_25,3
mmar,fp,12_03_25,1
p409,eco,12_03_25,3
p409,usg,12_03_25,2
p409,pa,12_03_25,3
usg,pa,12_03_25,2
eco,usg,12_03_25,1
p410,irl,12_03_25,3
p410,fp,12_03_25,3
irl,fp,12_03_25,1
p411,mwm,13_03_25,1
p411,clicha,13_03_25,2
p411,cnn,13_03_25,2
p411,fn,13_03_25,3
p411,mc,13_03_25,3
p411,pa,13_03_25,3
mwm,cnn,13_03_25,1
clicha,cnn,13_03_25,1
cnn,fn,13_03_25,2
cnn,mc,13_03_25,2
clicha,pa,13_03_25,2
p412,eu,13_03_25,2
p412,fra,13_03_25,2
p412,usa,13_03_25,3
p412,t,13_03_25,3
p412,eco,13_03_25,3
p412,pa,13_03_25,3
eu,t,13_03_25,2
fra,t,13_03_25,2
eu,usa,13_03_25,2
fra,usa,13_03_25,2
t,eco,13_03_25,2
usa,eco,13_03_25,1
pa,eu,13_03_25,2
p413,wsj,13_03_25,2
p413,eu,13_03_25,2
p413,usa,13_03_25,3
p413,t,13_03_25,3
p413,eco,13_03_25,3
p413,mc,13_03_25,3
p413,pa,13_03_25,3
wsj,mc,13_03_25,2
wsj,pa,13_03_25,2
eu,usa,13_03_25,2
eu,t,13_03_25,2
t,eco,13_03_25,1
usa,eco,13_03_25,1
pa,wsj,13_03_25,2
pa,eu,13_03_25,2
p414,usa,13_03_25,3
p414,t,13_03_25,3
p414,eco,13_03_25,3
t,eco,13_03_25,2
usa,eco,13_03_25,2
p415,ny,13_03_25,2
p415,cont,13_03_25,3
p415,ne,13_03_25,3
p415,usg,13_03_25,3
p415,ep,13_03_25,3
p415,eco,13_03_25,3
p415,env,13_03_25,3
ny,ep,13_03_25,2
cont,ep,13_03_25,1
ne,ep,13_03_25,1
ep,eco,13_03_25,1
ep,env,13_03_25,1
usg,ep,13_03_25,1
ny,usg,13_03_25,2
p416,jb,14_03_25,2
p416,rus,14_03_25,3
p416,isr,14_03_25,3
p416,afg,14_03_25,3
p416,war,14_03_25,3
p416,peace,14_03_25,3
p416,inf,14_03_25,3
p416,im,14_03_25,3
p416,pa,14_03_25,3
jb,pa,14_03_25,2
jb,war,14_03_25,2
jb,inf,14_03_25,2
jb,im,14_03_25,2
rus,war,14_03_25,2
war,peace,14_03_25,2
p417,eco,14_03_25,3
p417,usa,14_03_25,3
usa,eco,14_03_25,1
p418,chuschu,14_03_25,1
p418,usa,14_03_25,3
p418,ta,14_03_25,3
p418,budg,14_03_25,3
chuschu,ta,14_03_25,1
chuschu,budg,14_03_25,1
usa,ta,14_03_25,1
usa,budg,14_03_25,1
p419,venepeo,14_03_25,1
p419,rus,14_03_25,3
p419,ukr,14_03_25,3
p419,war,14_03_25,3
p419,peace,14_03_25,3
venepeo,rus,14_03_25,3
rus,war,14_03_25,2
war,ukr,14_03_25,2
war,peace,14_03_25,2
venepeo,peace,14_03_25,1
p420,js,14_03_25,3
p420,crm,14_03_25,3
p420,pa,14_03_25,3
js,crm,14_03_25,2
p421,doj,14_03_25,1
p421,js,14_03_25,3
doj,js,14_03_25,3
p422,doj,14_03_25,2
p422,js,14_03_25,3
doj,js,14_03_25,2
p423,usg,14_03_25,2
p423,cor,14_03_25,3
usg,cor,14_03_25,2
p424,jsmi,14_03_25,2
p424,albr,14_03_25,2
p424,par,14_03_25,3
p424,fos,14_03_25,3
p424,lj,14_03_25,2
p424,js,14_03_25,3
p424,cor,14_03_25,3
jsmi,js,14_03_25,2
albr,js,14_03_25,2
jsmi,cor,14_03_25,2
albr,cor,14_03_25,2
lj,js,14_03_25,2
lj,cor,14_03_25,2
p425,jb,14_03_25,2
p425,rus,14_03_25,2
p425,pair,14_03_25,3
jb,rus,14_03_25,
p426,fbi,14_03_25,1
p426,doj,14_03_25,1
p426,usg,14_03_25,1
p426,le,14_03_25,3
p426,rol,14_03_25,3
fbi,le,14_03_25,1
doj,le,14_03_25,1
usg,rol,14_03_25,1
p427,wh,14_03_25,1
p427,le,14_03_25,3
wh,le,14_03_25,1
p428,le,14_03_25,3
p429,jb,15_03_25,2
p429,o,15_03_25,3
jb,o,15_03_25,2
p430,isis,15_03_25,2
p430,war,15_03_25,3
isis,war,15_03_25,2
p431,venepeo,15_03_25,1
p431,swa,15_03_25,1
p431,rus,15_03_25,3
p431,fn,15_03_25,3
p431,mc,15_03_25,3
p431,pm,15_03_25,3
p431,pa,15_03_25,3
swa,rus,15_03_25,1
swa,pm,15_03_25,1
venepeo,pm,15_03_25,3
rus,pm,15_03_25,3
fn,mc,15_03_25,2
fn,pa,15_03_25,2
p432,usm,15_03_25,1
p432,hou,15_03_25,2
p432,jb,15_03_25,2
p432,irn,15_03_25,2
p432,war,15_03_25,3
p432,nas,15_03_25,3
p432,eco,15_03_25,3
usm,hou,15_03_25,2
usm,war,15_03_25,1
usm,nas,15_03_25,1
hou,war,15_03_25,2
hou,nas,15_03_25,2
hou,eco,15_03_25,2
irn,hou,15_03_25,2
irn,war,15_03_25,2
irn,nas,15_03_25,2
jb,war,15_03_25,2
jb,nas,15_03_25,2
p433,kke,15_03_25,1
p433,usg,15_03_25,1
p433,ukr,15_03_25,3
p433,aogo,15_03_25,3
kke,usg,15_03_25,1
kke,ukr,15_03_25,1
kke,aogo,15_03_25,1
usg,aogo,15_03_25,1
p434,fl,16_03_25,3
p434,gn,16_03_25,3
fl,gn,16_03_25,3
p435,jb,16_03_25,2
p435,d,16_03_25,2
p435,els,16_03_25,1
p435,nbu,16_03_25,1
p435,im,16_03_25,3
p435,m,16_03_25,3
p435,pair,16_03_25,3
p435,pa,16_03_25,3
jb,im,16_03_25,2
jb,m,16_03_25,2
jb,pa,16_03_25,2
d,im,16_03_25,2
d,m,16_03_25,2
d,pa,16_03_25,2
els,pair,16_03_25,1
nbu,pair,16_03_25,1
nbu,els,16_03_25,1
p436,ng,16_03_25,1
p436,ark,16_03_25,3
p436,emerg,16_03_25,3
ng,emerg,16_03_25,1
ark,emerg,16_03_25,2
p437,pank,17_03_25,1
p437,boo,17_03_25,3
pank,boo,17_03_25,1
p438,slo,17_03_25,1
p438,gn,17_03_25,3
slo,gn,17_03_25,1
p439,jb,17_03_25,2
p439,jan6th,17_03_25,2
p439,par,17_03_25,3
p439,js,17_03_25,3
p439,cor,17_03_25,3
p439,pa,17_03_25,3
jb,jan6th,17_03_25,2
jb,par,17_03_25,2
jb,cor,17_03_25,2
jb,pa,17_03_25,2
jan6th,par,17_03_25,2
jan6th,js,17_03_25,2
jan6th,cor,17_03_25,2
jan6th,pa,17_03_25,2
p440,hou,17_03_25,2
p440,irn,17_03_25,2
p440,war,17_03_25,3
p440,nas,17_03_25,3
p440,pair,17_03_25,3
hou,irn,17_03_25,2
hou,war,17_03_25,2
hou,nas,17_03_25,2
hou,pair,17_03_25,2
irn,war,17_03_25,2
irn,nas,17_03_25,2
irn,pair,17_03_25,2
p441,jape,17_03_25,1
p441,em,17_03_25,1
p441,nasa,17_03_25,1
p441,spx,17_03_25,1
p441,jb,17_03_25,2
p441,tech,17_03_25,3
p441,iv,17_03_25,3
jape,nasa,17_03_25,1
em,spx,17_03_25,1
jb,tech,17_03_25,2
jb,iv,17_03_25,2
nasa,tech,17_03_25,1
spx,tech,17_03_25,1
p442,mibo,17_03_25,1
p442,fedr,17_03_25,1
p442,aogo,17_03_25,3
mibo,fedr,17_03_25,1
mibo,aogo,17_03_25,1
fedr,aogo,17_03_25,1
p443,o,17_03_25,3
p443,t,17_03_25,3
p443,eco,17_03_25,3
o,t,17_03_25,2
o,eco,17_03_25,2
p444,bbe,17_03_25,1
p444,faa,17_03_25,1
p444,aogo,17_03_25,3
bbe,faa,17_03_25,1
bbe,aogo,17_03_25,1
faa,aogo,17_03_25,1
p445,dni,17_03_25,1
p445,dcl,17_03_25,1
p445,totu,17_03_25,1
p445,chki,17_03_25,1
p445,dp,17_03_25,1
p445,usafa,17_03_25,1
p445,aogo,17_03_25,3
dni,usafa,17_03_25,1
dcl,usafa,17_03_25,1
totu,usafa,17_03_25,1
chki,usafa,17_03_25,1
dp,usafa,17_03_25,1
dni,aogo,17_03_25,1
dcl,aogo,17_03_25,1
totu,aogo,17_03_25,1
chki,aogo,17_03_25,1
dp,aogo,17_03_25,1
usafa,aogo,17_03_25,1
p446,ssp,17_03_25,1
p446,wna,17_03_25,1
p446,roja,17_03_25,1
p446,dvo,17_03_25,1
p446,tsh,17_03_25,1
p446,eeh,17_03_25,1
p446,usna,17_03_25,1
p446,aogo,17_03_25,3
ssp,usna,17_03_25,1
wna,usna,17_03_25,1
roja,usna,17_03_25,1
dvo,usna,17_03_25,1
tsh,usna,17_03_25,1
eeh,usna,17_03_25,1
ssp,aogo,17_03_25,1
wna,aogo,17_03_25,1
roja,aogo,17_03_25,1
dvo,aogo,17_03_25,1
tsh,aogo,17_03_25,1
eeh,aogo,17_03_25,1
usna,aogo,17_03_25,1
p447,dbe,17_03_25,1
p447,dwa,17_03_25,1
p447,mfl,17_03_25,1
p447,whu,17_03_25,1
p447,mba,17_03_25,1
p447,mmo,17_03_25,1
p447,wp,17_03_25,1
p447,aogo,17_03_25,3
dbe,wp,17_03_25,1
dwa,wp,17_03_25,1
mfl,wp,17_03_25,1
whu,wp,17_03_25,1
mba,wp,17_03_25,1
mmo,wp,17_03_25,1
dbe,aogo,17_03_25,1
dwa,aogo,17_03_25,1
mfl,aogo,17_03_25,1
whu,aogo,17_03_25,1
mba,aogo,17_03_25,1
mmo,aogo,17_03_25,1
wp,aogo,17_03_25,1
p448,hubi,17_03_25,2
p448,abid,17_03_25,2
p448,usss,17_03_25,2
p448,soaf,17_03_25,2
p448,hr,17_03_25,3
p448,eco,17_03_25,3
p448,pa,17_03_25,3
hubi,usss,17_03_25,1
abid,usss,17_03_25,1
soaf,hr,17_03_25,2
soaf,eco,17_03_25,2
hubi,pa,17_03_25,2
abid,pa,17_03_25,2
p449,atl,17_03_25,2
p449,apk,17_03_25,2
p449,msc,17_03_25,2
p449,usm,17_03_25,3
p449,mc,17_03_25,3
p449,fn,17_03_25,3
p449,pa,17_03_25,3
atl,mc,17_03_25,2
atl,fn,17_03_25,2
apk,mc,17_03_25,2
apk,pa,17_03_25,2
msc,mc,17_03_25,2
msc,pa,17_03_25,2
usm,fn,17_03_25,2
p450,venepeo,17_03_25,3
p450,rus,17_03_25,3
p450,ukr,17_03_25,3
p450,war,17_03_25,3
p450,peace,17_03_25,3
p450,pair,17_03_25,3
venepeo,rus,17_03_25,3
rus,ukr,17_03_25,2
venepeo,war,17_03_25,3
venepeo,peace,17_03_25,1
rus,war,17_03_25,2
ukr,war,17_03_25,2
rus,peace,17_03_25,1
ukr,peace,17_03_25,1
p451,chn,17_03_25,2
p451,ep,17_03_25,3
p451,eco,17_03_25,3
p451,env,17_03_25,3
p451,pa,17_03_25,3
chn,eco,17_03_25,2
chn,ep,17_03_25,2
env,ep,17_03_25,2
p452,im,18_03_25,3
p452,crm,18_03_25,3
p452,js,18_03_25,3
p452,pa,18_03_25,3
im,crm,18_03_25,2
js,pa,18_03_25,2
p453,venepeo,18_03_25,1
p453,vz,18_03_25,1
p453,rus,18_03_25,3
p453,ukr,18_03_25,3
p453,war,18_03_25,3
p453,peace,18_03_25,3
p453,pair,18_03_25,3
venepeo,rus,18_03_25,3
vz,ukr,18_03_25,3
rus,ukr,18_03_25,2
venepeo,vz,18_03_25,1
venepeo,peace,18_03_25,1
vz,peace,18_03_25,1
rus,war,18_03_25,2
ukr,war,18_03_25,2
p454,em,19_03_25,1
p454,sha,19_03_25,1
p454,mc,19_03_25,3
em,mc,19_03_25,1
sha,mc,19_03_25,1
em,sha,19_03_25,1
p455,tzn,19_03_25,1
p455,uae,19_03_25,3
p455,usa,19_03_25,1
p455,wh,19_03_25,1
p455,pm,19_03_25,3
p455,pair,19_03_25,3
p455,eco,19_03_25,3
p455,tech,19_03_25,3
tzn,uae,19_03_25,1
uae,usa,19_03_25,1
tzn,pm,19_03_25,1
uae,pair,19_03_25,1
usa,pair,19_03_25,1
uae,eco,19_03_25,1
usa,eco,19_03_25,1
uae,tech,19_03_25,1
usa,tech,19_03_25,1
wh,pm,19_03_25,1
p456,im,19_03_25,3
p456,crm,19_03_25,3
p456,js,19_03_25,3
p456,pa,19_03_25,3
im,crm,19_03_25,2
js,pa,19_03_25,2
p457,maga,19_03_25,1
p458,vz,19_03_25,1
p458,ukr,19_03_25,3
p458,venepeo,19_03_25,3
p458,rus,19_03_25,3
p458,maru,19_03_25,1
p458,mwa,19_03_25,1
p458,pm,19_03_25,3
p458,pair,19_03_25,3
p458,peace,19_03_25,3
p458,war,19_03_25,3
vz,ukr,19_03_25,3
venepeo,rus,19_03_25,3
rus,ukr,19_03_25,2
vz,venepeo,19_03_25,1
vz,peace,19_03_25,1
venepeo,peace,19_03_25,1
ukr,war,19_03_25,2
rus,war,19_03_25,2
maru,pm,19_03_25,1
mwa,pm,19_03_25,1
p459,jhe,19_03_25,2
p459,fone,19_03_25,2
p459,cnn,19_03_25,2
p459,whca,19_03_25,2
p459,mc,19_03_25,3
p459,pa,19_03_25,3
jhe,fone,19_03_25,1
jhe,cnn,19_03_25,1
jhe,mc,19_03_25,2
jhe,pa,19_03_25,2
fone,mc,19_03_25,2
cnn,mc,19_03_25,2
whca,mc,19_03_25,2
p460,rus,19_03_25,3
p460,ukr,19_03_25,3
p460,war,19_03_25,3
p460,pair,19_03_25,3
rus,ukr,19_03_25,2
rus,war,19_03_25,2
ukr,war,19_03_25,2
rus,pair,19_03_25,2
ukr,pair,19_03_25,2
p461,rfi,19_03_25,1
p461,fl,19_03_25,3
p461,suc,19_03_25,3
p461,inf,19_03_25,3
p461,eco,19_03_25,3
p461,im,19_03_25,3
p461,ep,19_03_25,3
p461,war,19_03_25,3
rfi,suc,19_03_25,1
rfi,inf,19_03_25,1
rfi,eco,19_03_25,1
rfi,im,19_03_25,1
rfi,ep,19_03_25,1
rfi,war,19_03_25,1
fl,suc,19_03_25,3
p462,fedr,20_03_25,2
p462,usa,20_03_25,3
p462,eco,20_03_25,3
p462,t,20_03_25,3
fedr,eco,20_03_25,2
fedr,t,20_03_25,2
usa,eco,20_03_25,3
usa,t,20_03_25,3
p463,jri,20_03_25,1
p463,idah,20_03_25,3
p463,sfrc,20_03_25,1
p463,suc,20_03_25,3
p463,eco,20_03_25,3
p463,ep,20_03_25,3
p463,im,20_03_25,3
p463,war,20_03_25,3
jri,suc,20_03_25,1
jri,eco,20_03_25,1
jri,ep,20_03_25,1
jri,im,20_03_25,1
jri,war,20_03_25,1
jri,sfrc,20_03_25,1
idah,suc,20_03_25,3
sfrc,war,20_03_25,1
p464,pw,20_03_25,3
p464,bka,20_03_25,3
p464,mpo,20_03_25,2
p464,wh,20_03_25,3
p464,js,20_03_25,3
p464,cor,20_03_25,3
pw,js,20_03_25,3
bka,pw,20_03_25,3
bka,js,20_03_25,3
mpo,cor,20_03_25,2
wh,js,20_03_25,3
p465,jro,20_03_25,2
p465,usc,20_03_25,2
p465,usa,20_03_25,3
p465,js,20_03_25,3
p465,im,20_03_25,3
p465,crm,20_03_25,3
p465,pa,20_03_25,3
jro,usc,20_03_25,3
usc,js,20_03_25,3
jro,js,20_03_25,3
usa,im,20_03_25,3
usa,crm,20_03_25,3
jro,pa,20_03_25,2
usc,pa,20_03_25,2
p466,jbo,20_03_25,2
p466,js,20_03_25,3
p466,pa,20_03_25,3
jbo,js,20_03_25,3
jbo,pa,20_03_25,2
p467,jbo,20_03_25,2
p467,js,20_03_25,3
p467,pa,20_03_25,3
jbo,js,20_03_25,3
jbo,pa,20_03_25,2
p468,mde,21_03_25,1
p468,nyp,21_03_25,1
p468,mc,21_03_25,3
p468,pa,21_03_25,3
mde,nyp,21_03_25,1
mde,mc,21_03_25,1
nyp,mc,21_03_25,1
p469,nyt,21_03_25,2
p469,em,21_03_25,3
p469,pent,21_03_25,3
p469,chn,21_03_25,3
p469,mc,21_03_25,3
p469,fn,21_03_25,3
p469,war,21_03_25,3
nyt,mc,21_03_25,2
nyt,fn,21_03_25,2
em,pent,21_03_25,3
pent,war,21_03_25,3
chn,war,21_03_25,2
p470,tsl,21_03_25,3
p470,crm,21_03_25,3
p470,js,21_03_25,3
tsl,crm,21_03_25,2
tsl,js,21_03_25,2
p471,jb,21_03_25,2
p471,fedr,21_03_25,2
p471,inf,21_03_25,3
p471,eco,21_03_25,3
jb,inf,21_03_25,2
jb,eco,21_03_25,2
fedr,inf,21_03_25,1
fedr,eco,21_03_25,1
p472,em,21_03_25,3
p472,nyt,21_03_25,2
p472,cnn,21_03_25,2
p472,mha,21_03_25,2
p472,chn,21_03_25,3
p472,pent,21_03_25,3
p472,mc,21_03_25,3
p472,fn,21_03_25,3
p472,pa,21_03_25,3
p472,war,21_03_25,3
nyt,mc,21_03_25,2
nyt,fn,21_03_25,2
cnn,mc,21_03_25,2
cnn,fn,21_03_25,2
mha,mc,21_03_25,2
mha,pa,21_03_25,2
pent,war,21_03_25,3
chn,war,21_03_25,3
em,pent,21_03_25,3
p473,em,21_03_25,1
p473,tsl,21_03_25,1
p473,els,21_03_25,3
p473,crm,21_03_25,3
p473,js,21_03_25,3
tsl,crm,21_03_25,2
em,tsl,21_03_25,1
els,js,21_03_25,3
p474,usc,21_03_25,2
p474,usa,21_03_25,1
p474,js,21_03_25,3
p474,maga,21_03_25,3
usc,js,21_03_25,2
usa,maga,21_03_25,1
p475,usa,21_03_25,3
p475,eco,21_03_25,3
p475,t,21_03_25,3
usa,eco,21_03_25,1
usa,t,21_03_25,1
p476,crm,21_03_25,3
p476,im,21_03_25,3
crm,im,21_03_25,2
p477,im,21_03_25,3
p477,js,21_03_25,3
p477,crm,21_03_25,3
im,crm,21_03_25,2
js,im,21_03_25,3
p478,bsc,22_03_25,1
p478,scr,22_03_25,2
p478,wisc,22_03_25,3
p478,suc,22_03_25,3
p478,eco,22_03_25,3
p478,js,22_03_25,3
p478,crm,22_03_25,3
p478,pa,22_03_25,3
bsc,suc,22_03_25,1
bsc,eco,22_03_25,1
scr,pa,22_03_25,2
scr,crm,22_03_25,2
scr,js,22_03_25,2
wisc,eco,22_03_25,3
p479,gfo,22_03_25,1
p479,box,22_03_25,3
p479,endor,22_03_25,3
endor,gfo,22_03_25,1
gfo,box,22_03_25,1
gfo,box,22_03_25,1
p480,jmi,22_03_25,2
p480,mai,22_03_25,2
p480,usa,22_03_25,3
p480,scpe,22_03_25,3
p480,pair,22_03_25,3
p480,pa,22_03_25,3
jmi,mai,22_03_25,3
jmi,pa,22_03_25,2
mai,pair,22_03_25,2
usa,pair,22_03_25,3
p481,bsc,23_03_25,1
p481,wisc,23_03_25,3
p481,d,23_03_25,2
p481,r,23_03_25,1
p481,spc,23_03_25,3
p481,eco,23_03_25,3
p481,im,23_03_25,3
p481,scpe,23_03_25,3
p481,crm,23_03_25,3
p481,pa,23_03_25,3
bsc,spc,23_03_25,1
bsc,eco,23_03_25,1
d,im,23_03_25,2
d,scpe,23_03_25,2
d,crm,23_03_25,2
d,pa,23_03_25,2
r,spc,23_03_25,1
wisc,eco,23_03_25,3
p482,maga,23_03_25,3
p483,truths,23_03_25,1
p483,socm,23_03_25,3
truths,socm,23_03_25,1
p484,ced,23_03_25,1
p484,d,23_03_25,2
p484,jb,23_03_25,2
p484,fema,23_03_25,2
p484,norc,23_03_25,3
p484,pm,23_03_25,3
p484,pa,23_03_25,3
p484,emerg,23_03_25,3
ced,pm,23_03_25,1
ced,pa,23_03_25,1
jb,emerg,23_03_25,2
fema,emerg,23_03_25,2
d,pa,23_03_25,2
norc,emerg,23_03_25,3
p485,colo,24_03_25,3
p485,csc,24_03_25,3
p485,jpol,24_03_25,2
p485,bo,24_03_25,3
p485,tda,24_03_25,2
p485,pa,24_03_25,3
p485,crm,24_03_25,3
jpol,crm,24_03_25,2
tda,crm,24_03_25,2
p486,smin,24_03_25,2
p486,gcl,24_03_25,2
p486,jb,24_03_25,2
p486,bo,24_03_25,2
p486,kh,24_03_25,2
p486,mc,24_03_25,3
p486,fn,24_03_25,3
p486,pa,24_03_25,3
smin,mc,24_03_25,2
smin,fn,24_03_25,2
gcl,pa,24_03_25,2
jb,pa,24_03_25,2
kh,pa,24_03_25,2
p487,sgl,24_03_25,2
p487,mha,24_03_25,2
p487,bo,24_03_25,3
p487,mc,24_03_25,3
p487,fn,24_03_25,3
p487,pa,24_03_25,3
p487,eco,24_03_25,3
nyt,mc,24_03_25,2
nyt,fn,24_03_25,2
pba,mc,24_03_25,2
pba,pa,24_03_25,2
sgl,mc,24_03_25,2
sgl,pa,24_03_25,2
mha,mc,24_03_25,2
mha,pa,24_03_25,2
pba,bo,24_03_25,3
p488,albr,24_03_25,2
p488,jb,24_03_25,3
p488,kh,24_03_25,3
p488,js,24_03_25,3
p488,cor,24_03_25,3
p488,pa,24_03_25,3
albr,js,24_03_25,2
albr,cor,24_03_25,2
albr,pa,24_03_25,2
jb,cor,24_03_25,3
kh,cor,24_03_25,3
p489,jpat,24_03_25,1
p489,r,24_03_25,1
p489,ensr,24_03_25,3
p489,eco,24_03_25,3
p489,bor,24_03_25,3
p489,crm,24_03_25,3
p489,ma,24_03_25,3
p489,ep,24_03_25,3
p489,sec,24_03_25,3
p489,af,24_03_25,3
jpat,ensr,24_03_25,1
jpat,eco,24_03_25,1
jpat,bor,24_03_25,1
jpat,crm,24_03_25,1
jpat,ma,24_03_25,1
jpat,ep,24_03_25,1
jpat,sec,24_03_25,1
jpat,af,24_03_25,1
r,af,24_03_25,1
r,eco,24_03_25,1
r,bor,24_03_25,1
p490,rfi,24_03_25,1
p490,r,24_03_25,1
p490,ensr,24_03_25,3
p490,inf,24_03_25,3
p490,eco,24_03_25,3
p490,bor,24_03_25,3
p490,ma,24_03_25,3
p490,ep,24_03_25,3
p490,sec,24_03_25,3
p490,af,24_03_25,3
p490,peace,24_03_25,3
rfi,ensr,24_03_25,1
rfi,inf,24_03_25,1
rfi,eco,24_03_25,1
rfi,bor,24_03_25,1
rfi,ma,24_03_25,1
rfi,ep,24_03_25,1
rfi,sec,24_03_25,1
rfi,af,24_03_25,1
rfi,peace,24_03_25,1
r,af,24_03_25,1
r,eco,24_03_25,1
r,bor,24_03_25,1
p491,ah,24_03_25,1
p491,jg,24_03_25,1
p491,aogo,24_03_25,3
p491,js,24_03_25,3
p491,nj,24_03_25,3
ah,aogo,24_03_25,1
ah,js,24_03_25,1
ah,nj,24_03_25,1
jg,aogo,24_03_25,1
jg,nj,24_03_25,1
ah,jg,24_03_25,1
p492,ven,24_03_25,2
p492,usa,24_03_25,1
p492,tda,24_03_25,2
p492,t,24_03_25,3
p492,cr,24_03_25,3
p492,mu,24_03_25,3
p492,dr,24_03_25,3
p492,bor,24_03_25,3
p492,nas,24_03_25,3
ven,cr,24_03_25,2
ven,mu,24_03_25,2
ven,dr,24_03_25,2
ven,bor,24_03_25,2
tda,cr,24_03_25,2
tda,mu,24_03_25,2
usa,nas,24_03_25,1
usa,t,24_03_25,1
p493,sm,24_03_25,1
p493,cdc,24_03_25,1
p493,aogo,24_03_25,3
sm,aogo,24_03_25,1
cdc,aogo,24_03_25,1
sm,cdc,24_03_25,1
p494,wh,25_03_25,1
p494,ma,25_03_25,3
p494,abac,25_03_25,3
wh,ma,25_03_25,1
wh,abac,25_03_25,1
p495,fbi,25_03_25,2
p495,cor,25_03_25,3
p495,js,25_03_25,3
fbi,cor,25_03_25,2
fbi,js,25_03_25,2
p496,ef,25_03_25,3
p497,usdot,25_03_25,1
p497,cor,25_03_25,3
p497,budg,25_03_25,3
usdot,cor,25_03_25,1
usdot,budg,25_03_25,1
p498,ma,25_03_25,3
p498,abac,25_03_25,3
p498,pat,25_03_25,3
p499,bhg,27_03_25,1
p499,ensr,27_03_25,3
p499,eco,27_03_25,3
p499,ta,27_03_25,3
p499,bor,27_03_25,3
p499,ma,27_03_25,3
p499,ep,27_03_25,3
p499,sec,27_03_25,3
p499,peace,27_03_25,3
bhg,ensr,27_03_25,1
bhg,eco,27_03_25,1
bhg,ta,27_03_25,1
bhg,bor,27_03_25,1
bhg,ma,27_03_25,1
bhg,ep,27_03_25,1
bhg,sec,27_03_25,1
bhg,peace,27_03_25,1
p500,brb,27_03_25,1
p500,usdot,27_03_25,1
p500,aogo,27_03_25,3
brb,aogo,27_03_25,1
usdot,aogo,27_03_25,1
brb,usdot,27_03_25,1
p501,jomc,27_03_25,1
p501,ensr,27_03_25,3
p501,eco,27_03_25,3
p501,ep,27_03_25,3
p501,bor,27_03_25,3
p501,ma,27_03_25,3
p501,sec,27_03_25,3
p501,peace,27_03_25,3
jomc,ensr,27_03_25,1
jomc,eco,27_03_25,1
jomc,ep,27_03_25,1
jomc,bor,27_03_25,1
jomc,ma,27_03_25,1
jomc,sec,27_03_25,1
jomc,peace,27_03_25,1
p502,chs,27_03_25,1
p502,ensr,27_03_25,3
p502,eco,27_03_25,3
p502,bor,27_03_25,3
p502,ma,27_03_25,3
p502,ep,27_03_25,3
p502,sec,27_03_25,3
chs,ensr,27_03_25,1
chs,eco,27_03_25,1
chs,bor,27_03_25,1
chs,ma,27_03_25,1
chs,ep,27_03_25,1
chs,sec,27_03_25,1
p503,cl,27_03_25,1
p503,ensr,27_03_25,3
p503,eco,27_03_25,3
p503,ta,27_03_25,3
p503,bor,27_03_25,3
p503,sec,27_03_25,3
p503,ma,27_03_25,3
p503,bit,27_03_25,3
cl,ensr,27_03_25,1
cl,eco,27_03_25,1
cl,ta,27_03_25,1
cl,bor,27_03_25,1
cl,sec,27_03_25,1
cl,ma,27_03_25,1
cl,bit,27_03_25,1
p504,lg,27_03_25,1
p504,ensr,27_03_25,3
p504,eco,27_03_25,3
p504,ta,27_03_25,3
p504,budg,27_03_25,3
p504,bor,27_03_25,3
p504,crm,27_03_25,3
p504,ma,27_03_25,3
p504,ep,27_03_25,3
p504,sec,27_03_25,3
p504,peace,27_03_25,3
lg,ensr,27_03_25,1
lg,eco,27_03_25,1
lg,ta,27_03_25,1
lg,budg,27_03_25,1
lg,bor,27_03_25,1
lg,crm,27_03_25,1
lg,ma,27_03_25,1
lg,ep,27_03_25,1
lg,sec,27_03_25,1
lg,peace,27_03_25,1
p505,lbb,27_03_25,1
p505,usg,27_03_25,1
p505,aogo,27_03_25,3
lbb,aogo,27_03_25,1
usg,aogo,27_03_25,1
lbb,usg,27_03_25,1
p506,pat,27_03_25,3
p506,hist,27_03_25,3
p507,jbo,27_03_25,2
p507,nyc,27_03_25,2
p507,js,27_03_25,3
p507,cor,27_03_25,3
p507,pa,27_03_25,3
jbo,js,27_03_25,2
jbo,cor,27_03_25,2
jbo,pa,27_03_25,2
nyc,js,27_03_25,2
nyc,cor,27_03_25,2
p508,npr,27_03_25,2
p508,pbs,27_03_25,2
p508,r,27_03_25,1
p508,d,27_03_25,2
p508,mc,27_03_25,3
p508,fn,27_03_25,3
npr,mc,27_03_25,2
pbs,mc,27_03_25,2
npr,fn,27_03_25,2
pbs,fn,27_03_25,2
d,mc,27_03_25,2
r,mc,27_03_25,1
p509,af,27_03_25,3
p509,t,27_03_25,3
p510,eu,27_03_25,2
p510,can,27_03_25,3
p510,usa,27_03_25,3
p510,t,27_03_25,3
p510,eco,27_03_25,3
eu,t,27_03_25,2
can,t,27_03_25,2
usa,t,27_03_25,1
eu,eco,27_03_25,2
can,eco,27_03_25,2
usa,eco,27_03_25,1
eu,can,27_03_25,2
p511,toho,27_03_25,1
p511,ms13,27_03_25,2
p511,crm,27_03_25,3
p511,le,27_03_25,3
toho,crm,27_03_25,1
toho,le,27_03_25,1
ms13,crm,27_03_25,2
ms13,le,27_03_25,2
toho,ms13,27_03_25,2
p512,pb,27_03_25,1
p512,kapa,27_03_25,1
p512,toho,27_03_25,1
p512,kn,27_03_25,1
p512,ms13,27_03_25,2
p512,crm,27_03_25,3
p512,le,27_03_25,3
pb,crm,27_03_25,1
pb,le,27_03_25,1
kapa,crm,27_03_25,1
kapa,le,27_03_25,1
toho,crm,27_03_25,1
toho,le,27_03_25,1
kn,crm,27_03_25,1
kn,le,27_03_25,1
ms13,crm,27_03_25,2
ms13,le,27_03_25,2
pb,ms13,27_03_25,2
kapa,ms13,27_03_25,2
toho,ms13,27_03_25,2
kn,ms13,27_03_25,2
p513,poli,27_03_25,2
p513,sta,27_03_25,2
p513,doge,27_03_25,1
p513,cor,27_03_25,3
p513,ep,27_03_25,3
p513,pa,27_03_25,3
poli,cor,27_03_25,2
sta,cor,27_03_25,2
sta,pa,27_03_25,2
doge,cor,27_03_25,1
doge,ep,27_03_25,1
p514,scpe,27_03_25,1
p514,ensr,27_03_25,3
p514,bor,27_03_25,3
p514,crm,27_03_25,3
p514,eco,27_03_25,3
p514,ma,27_03_25,3
p514,rol,27_03_25,3
p514,sec,27_03_25,3
p514,peace,27_03_25,3
scpe,ensr,27_03_25,1
scpe,bor,27_03_25,1
scpe,crm,27_03_25,1
scpe,eco,27_03_25,1
scpe,ma,27_03_25,1
scpe,rol,27_03_25,1
scpe,sec,27_03_25,1
scpe,peace,27_03_25,1
p515,es,27_03_25,1
p515,mijo,27_03_25,1
p515,r,27_03_25,1
p515,af,27_03_25,3
p515,ta,27_03_25,3
p515,eco,27_03_25,3
p515,bor,27_03_25,3
p515,ep,27_03_25,3
p515,peace,27_03_25,3
es,af,27_03_25,1
es,ta,27_03_25,1
es,eco,27_03_25,1
es,bor,27_03_25,1
es,ep,27_03_25,1
es,peace,27_03_25,1
mijo,r,27_03_25,1
r,af,27_03_25,1
p516,wash,28_03_25,3
p516,crm,28_03_25,3
p516,le,28_03_25,3
p516,budg,28_03_25,3
wash,crm,28_03_25,2
wash,le,28_03_25,1
p517,marcar,28_03_25,1
p517,can,28_03_25,3
p517,usa,28_03_25,3
p517,pm,28_03_25,3
p517,pair,28_03_25,3
marcar,pm,28_03_25,1
marcar,pair,28_03_25,1
can,pair,28_03_25,1
usa,pair,28_03_25,1
marcar,can,28_03_25,1
marcar,usa,28_03_25,1
can,usa,28_03_25,1
p518,pw,28_03_25,1
p518,wh,28_03_25,1
p518,jlo,28_03_25,1
p518,js,28_03_25,3
p518,le,28_03_25,3
p518,ma,28_03_25,3
p518,jew,28_03_25,3
pw,js,28_03_25,1
pw,le,28_03_25,1
pw,ma,28_03_25,1
pw,jew,28_03_25,1
jlo,pw,28_03_25,1
wh,pw,28_03_25,1
p519,sac,28_03_25,1
p519,ondcp,28_03_25,1
p519,aogo,28_03_25,3
p519,dr,28_03_25,3
sac,aogo,28_03_25,1
sac,dr,28_03_25,1
ondcp,dr,28_03_25,1
sac,ondcp,28_03_25,1
p520,mbr,28_03_25,1
p520,usg,28_03_25,1
p520,aogo,28_03_25,3
mbr,aogo,28_03_25,1
usg,aogo,28_03_25,1
mbr,usg,28_03_25,1
p521,sen,28_03_25,1
p521,usg,28_03_25,1
p521,aogo,28_03_25,3
p521,af,28_03_25,3
sen,aogo,28_03_25,1
usg,aogo,28_03_25,1
sen,af,28_03_25,1
usg,af,28_03_25,1
p522,rfi,29_03_25,1
p522,ensr,29_03_25,3
p522,eco,29_03_25,3
p522,ta,29_03_25,3
p522,bor,29_03_25,3
p522,ma,29_03_25,3
p522,ep,29_03_25,3
p522,sec,29_03_25,3
p522,peace,29_03_25,3
rfi,ensr,29_03_25,1
rfi,eco,29_03_25,1
rfi,ta,29_03_25,1
rfi,bor,29_03_25,1
rfi,ma,29_03_25,1
rfi,ep,29_03_25,1
rfi,sec,29_03_25,1
rfi,peace,29_03_25,1
p523,jpat,29_03_25,1
p523,r,29_03_25,1
p523,ensr,29_03_25,3
p523,eco,29_03_25,3
p523,ta,29_03_25,3
p523,bor,29_03_25,3
p523,crm,29_03_25,3
p523,ma,29_03_25,3
p523,ep,29_03_25,3
p523,sec,29_03_25,3
jpat,ensr,29_03_25,1
jpat,eco,29_03_25,1
jpat,ta,29_03_25,1
jpat,bor,29_03_25,1
jpat,crm,29_03_25,1
jpat,ma,29_03_25,1
jpat,ep,29_03_25,1
jpat,sec,29_03_25,1
r,eco,29_03_25,1
r,bor,29_03_25,1
r,crm,29_03_25,1
p524,ast,29_03_25,1
p524,lg,29_03_25,1
p524,gpl,29_03_25,1
p524,tgo,29_03_25,1
p524,usa,29_03_25,1
p524,fin,29_03_25,1
p524,gn,29_03_25,3
p524,pair,29_03_25,3
p524,peace,29_03_25,3
ast,pair,29_03_25,1
usa,pair,29_03_25,1
fin,pair,29_03_25,1
ast,usa,29_03_25,1
ast,fin,29_03_25,1
usa,fin,29_03_25,1
lg,gn,29_03_25,1
gpl,gn,29_03_25,1
tgo,gn,29_03_25,1
ast,gn,29_03_25,1
p525,jbo,30_03_25,2
p525,jb,30_03_25,2
p525,js,30_03_25,3
p525,crm,30_03_25,3
p525,im,30_03_25,3
p525,bor,30_03_25,3
p525,pa,30_03_25,3
jbo,js,30_03_25,2
jbo,pa,30_03_25,2
jb,im,30_03_25,2
jb,bor,30_03_25,2
jb,crm,30_03_25,2
jb,pa,30_03_25,2
p526,wh,30_03_25,1
p526,npas,30_03_25,1
p526,aj,30_03_25,1
p526,hist,30_03_25,3
p526,env,30_03_25,3
wh,hist,30_03_25,1
npas,hist,30_03_25,1
aj,hist,30_03_25,1
wh,env,30_03_25,1
npas,env,30_03_25,1
aj,wh,30_03_25,1
p527,mwm,30_03_25,1
p527,krwe,30_03_25,2
p527,fn,30_03_25,2
p527,jb,30_03_25,2
p527,mc,30_03_25,3
p527,fn,30_03_25,3
p527,pa,30_03_25,3
mwm,mc,30_03_25,1
krwe,mc,30_03_25,2
fn,mc,30_03_25,2
krwe,pa,30_03_25,2
jb,pa,30_03_25,2
p528,bsc,31_03_25,1
p528,scr,31_03_25,2
p528,d,31_03_25,2
p528,ensr,31_03_25,3
p528,pa,31_03_25,3
bsc,ensr,31_03_25,1
scr,pa,31_03_25,2
d,scr,31_03_25,2
p529,krwe,31_03_25,2
p529,nbc,31_03_25,2
p529,msnbc,31_03_25,2
p529,comc,31_03_25,2
p529,brar,31_03_25,2
p529,rus,31_03_25,1
p529,ukr,31_03_25,1
p529,irn,31_03_25,2
p529,hou,31_03_25,2
p529,mc,31_03_25,3
p529,fn,31_03_25,3
p529,pa,31_03_25,3
p529,peace,31_03_25,3
krwe,mc,31_03_25,2
nbc,mc,31_03_25,2
msnbc,mc,31_03_25,2
comc,mc,31_03_25,2
brar,mc,31_03_25,2
krwe,pa,31_03_25,2
brar,pa,31_03_25,2
nbc,fn,31_03_25,2
msnbc,fn,31_03_25,2
p530,kst,31_03_25,1
p530,uk,31_03_25,1
p530,le,31_03_25,1
p530,cm,31_03_25,3
p530,pair,31_03_25,3
kst,pair,31_03_25,1
uk,pair,31_03_25,1
kst,uk,31_03_25,1
le,cm,31_03_25,1
p531,kro,31_03_25,1
p531,bma,31_03_25,2
p531,dw,31_03_25,1
p531,d,31_03_25,2
p531,wh,31_03_25,1
p531,pa,31_03_25,3
p531,pm,31_03_25,3
kro,pm,31_03_25,1
bma,pm,31_03_25,1
dw,pm,31_03_25,1
wh,pm,31_03_25,1
bma,pa,31_03_25,2
d,pa,31_03_25,2
kro,bma,31_03_25,1
dw,bma,31_03_25,1
p532,usa,31_03_25,1
p532,eco,31_03_25,3
usa,eco,31_03_25,1
p533,jb,31_03_25,2
p533,fn,31_03_25,2
p533,eco,31_03_25,3
p533,mc,31_03_25,3
p533,fn,31_03_25,3
p533,pa,31_03_25,3
jb,eco,31_03_25,2
jb,pa,31_03_25,2
p534,nbu,31_03_25,1
p534,els,31_03_25,1
p534,jb,31_03_25,2
p534,crm,31_03_25,3
p534,im,31_03_25,3
p534,bor,31_03_25,3
nbu,crm,31_03_25,1
els,crm,31_03_25,1
jb,im,31_03_25,2
jb,bor,31_03_25,2
nbu,els,31_03_25,1
p535,hou,31_03_25,2
p535,irn,31_03_25,2
p535,usa,31_03_25,1
p535,war,31_03_25,3
p535,nas,31_03_25,3
p535,pair,31_03_25,3
hou,war,31_03_25,2
irn,war,31_03_25,2
usa,war,31_03_25,1
hou,nas,31_03_25,2
irn,nas,31_03_25,2
usa,nas,31_03_25,1
hou,irn,31_03_25,1
p536,rfi,01_04_25,1
p536,ensr,01_04_25,3
p536,eco,01_04_25,3
p536,ta,01_04_25,3
p536,bor,01_04_25,3
p536,ma,01_04_25,3
p536,ep,01_04_25,3
p536,sec,01_04_25,3
p536,peace,01_04_25,3
rfi,ensr,01_04_25,1
rfi,eco,01_04_25,1
rfi,ta,01_04_25,1
rfi,bor,01_04_25,1
rfi,ma,01_04_25,1
rfi,ep,01_04_25,1
rfi,sec,01_04_25,1
rfi,peace,01_04_25,1
p537,jpat,01_04_25,1
p537,r,01_04_25,1
p537,ensr,01_04_25,3
p537,eco,01_04_25,3
p537,ta,01_04_25,3
p537,bor,01_04_25,3
p537,crm,01_04_25,3
p537,ma,01_04_25,3
p537,ep,01_04_25,3
p537,sec,01_04_25,3
jpat,ensr,01_04_25,1
jpat,eco,01_04_25,1
jpat,ta,01_04_25,1
jpat,bor,01_04_25,1
jpat,crm,01_04_25,1
jpat,ma,01_04_25,1
jpat,ep,01_04_25,1
jpat,sec,01_04_25,1
r,eco,01_04_25,1
r,bor,01_04_25,1
r,crm,01_04_25,1
p538,aes,01_04_25,1
p538,egy,01_04_25,1
p538,hou,01_04_25,2
p538,yem,01_04_25,2
p538,gaz,01_04_25,2
p538,usa,01_04_25,1
p538,war,01_04_25,3
p538,pair,01_04_25,3
p538,ma,01_04_25,3
aes,pair,01_04_25,1
egy,pair,01_04_25,1
aes,egy,01_04_25,1
usa,pair,01_04_25,1
hou,war,01_04_25,2
usa,war,01_04_25,1
hou,ma,01_04_25,2
usa,ma,01_04_25,1
p539,tkai,01_04_25,2
p539,d,01_04_25,2
p539,r,01_04_25,1
p539,can,01_04_25,2
p539,fy,01_04_25,3
p539,t,01_04_25,3
p539,pa,01_04_25,3
tkai,fy,01_04_25,2
can,fy,01_04_25,2
d,fy,01_04_25,2
r,fy,01_04_25,1
tkai,pa,01_04_25,2
d,pa,01_04_25,2
p540,npr,01_04_25,2
p540,pbs,01_04_25,2
p540,r,01_04_25,1
p540,mc,01_04_25,3
p540,fn,01_04_25,3
p540,pa,01_04_25,3
npr,mc,01_04_25,2
pbs,mc,01_04_25,2
npr,fn,01_04_25,2
pbs,fn,01_04_25,2
r,mc,01_04_25,1
npr,pa,01_04_25,2
pbs,pa,01_04_25,2
p541,wfg,01_04_25,1
p541,tmc,01_04_25,1
p541,js,01_04_25,3
p541,le,01_04_25,3
p541,ma,01_04_25,3
p541,jew,01_04_25,3
wfg,js,01_04_25,1
wfg,le,01_04_25,1
wfg,ma,01_04_25,1
wfg,jew,01_04_25,1
tmc,wfg,01_04_25,1
p542,em,02_04_25,1
p542,judg,02_04_25,2
p542,js,02_04_25,3
p542,pa,02_04_25,3
em,js,02_04_25,1
judg,js,02_04_25,2
em,judg,02_04_25,1
judg,pa,02_04_25,2
p543,rfi,02_04_25,1
p543,ensr,02_04_25,3
rfi,ensr,02_04_25,1
p544,rfi,02_04_25,1
p544,ensr,02_04_25,3
rfi,ensr,02_04_25,1
p545,jpat,02_04_25,1
p545,ensr,02_04_25,3
jpat,ensr,02_04_25,1
p546,r,02_04_25,1
p546,d,02_04_25,2
p546,ensr,02_04_25,3
p546,pa,02_04_25,3
r,ensr,02_04_25,1
d,pa,02_04_25,2
p547,d,02_04_25,2
p547,r,02_04_25,1
p547,wisc,02_04_25,1
p547,ef,02_04_25,3
d,ef,02_04_25,2
r,ef,02_04_25,1
p548,mmc,02_04_25,2
p548,suco,02_04_25,2
p548,limu,02_04_25,2
p548,rpa,02_04_25,2
p548,jth,02_04_25,1
p548,r,02_04_25,1
p548,d,02_04_25,2
p548,can,02_04_25,2
p548,fy,02_04_25,3
p548,t,02_04_25,3
p548,pa,02_04_25,3
mmc,fy,02_04_25,2
suco,fy,02_04_25,2
limu,fy,02_04_25,2
rpa,fy,02_04_25,2
can,fy,02_04_25,2
d,fy,02_04_25,2
r,fy,02_04_25,1
mmc,pa,02_04_25,2
suco,pa,02_04_25,2
limu,pa,02_04_25,2
rpa,pa,02_04_25,2
d,pa,02_04_25,2
jth,r,02_04_25,1
p549,mijo,02_04_25,1
p549,jth,02_04_25,1
p549,r,02_04_25,1
p549,ta,02_04_25,3
p549,budg,02_04_25,3
p549,ep,02_04_25,3
p549,ma,02_04_25,3
p549,bor,02_04_25,3
mijo,ta,02_04_25,1
mijo,budg,02_04_25,1
mijo,ep,02_04_25,1
jth,ta,02_04_25,1
jth,budg,02_04_25,1
jth,ep,02_04_25,1
r,ta,02_04_25,1
r,budg,02_04_25,1
r,ep,02_04_25,1
r,bor,02_04_25,1
r,ma,02_04_25,1
p550,eco,03_04_25,3
p552,tla,04_04_25,1
p552,vie,04_04_25,3
p552,usa,04_04_25,3
p552,t,04_04_25,3
p552,pair,04_04_25,3
tla,pair,04_04_25,1
usa,pair,04_04_25,1
vie,pair,04_04_25,1
tla,usa,04_04_25,1
tla,vie,04_04_25,1
usa,vie,04_04_25,1
tla,t,04_04_25,1
vie,t,04_04_25,1
p553,jp,04_04_25,2
p553,eco,04_04_25,3
p553,inf,04_04_25,3
p553,pa,04_04_25,3
jp,eco,04_04_25,2
jp,inf,04_04_25,2
jp,pa,04_04_25,2
p554,chn,04_04_25,2
p554,usa,04_04_25,1
p554,t,04_04_25,3
p554,eco,04_04_25,3
p554,nas,04_04_25,3
chn,t,04_04_25,2
usa,t,04_04_25,1
tito,eco,04_04_25,1
usa,eco,04_04_25,1
chn,nas,04_04_25,2
usa,nas,04_04_25,1
tito,chn,04_04_25,1
tito,usa,04_04_25,1
chn,usa,04_04_25,2
p555,hou,04_04_25,2
p555,usa,04_04_25,3
p555,war,04_04_25,3
p555,nas,04_04_25,3
hou,war,04_04_25,2
usa,war,04_04_25,1
hou,nas,04_04_25,2
usa,nas,04_04_25,1
hou,usa,04_04_25,2
p556,eco,05_04_25,3
p556,t,05_04_25,3
p557,chn,05_04_25,2
p557,usa,05_04_25,1
p557,eco,05_04_25,3
p557,t,05_04_25,3
p557,af,05_04_25,3
chn,eco,05_04_25,2
usa,eco,05_04_25,1
chn,t,05_04_25,2
usa,t,05_04_25,1
usa,af,05_04_25,1
p558,ml,05_04_25,1
p558,latr,05_04_25,1
p558,fone,05_04_25,1
p558,chn,05_04_25,2
p558,tva,05_04_25,3
p558,t,05_04_25,3
ml,tva,05_04_25,1
latr,tva,05_04_25,1
fone,tva,05_04_25,1
chn,t,05_04_25,2
ml,chn,05_04_25,1
p559,chn,07_04_25,3
p559,eu,07_04_25,2
p559,usa,07_04_25,3
p559,jb,07_04_25,2
p559,t,07_04_25,3
p559,eco,07_04_25,3
p559,pa,07_04_25,3
chn,t,07_04_25,2
eu,t,07_04_25,2
usa,t,07_04_25,1
chn,eco,07_04_25,2
eu,eco,07_04_25,2
usa,eco,07_04_25,1
jb,pa,07_04_25,2
p560,chn,07_04_25,2
p560,usa,07_04_25,1
p560,fedr,07_04_25,2
p560,t,07_04_25,3
p560,eco,07_04_25,3
p560,inf,07_04_25,3
p560,pa,07_04_25,3
chn,t,07_04_25,2
usa,t,07_04_25,1
chn,eco,07_04_25,2
usa,eco,07_04_25,1
fedr,inf,07_04_25,2
fedr,pa,07_04_25,2
p561,usa,07_04_25,3
p561,pa,07_04_25,3
p561,af,07_04_25,3
p562,jpn,07_04_25,1
p562,chn,07_04_25,2
p562,usa,07_04_25,1
p562,t,07_04_25,3
p562,eco,07_04_25,3
p562,pair,07_04_25,3
jpn,pair,07_04_25,1
usa,pair,07_04_25,1
jpn,usa,07_04_25,1
chn,t,07_04_25,2
usa,t,07_04_25,1
jpn,eco,07_04_25,1
usa,eco,07_04_25,1
chn,eco,07_04_25,2
p563,lad,07_04_25,1
p563,baseb,07_04_25,3
lad,baseb,07_04_25,1
p564,chn,07_04_25,2
p564,usa,07_04_25,1
p564,t,07_04_25,3
p564,eco,07_04_25,3
p564,pair,07_04_25,3
chn,t,07_04_25,2
usa,t,07_04_25,1
chn,eco,07_04_25,2
usa,eco,07_04_25,1
usa,pair,07_04_25,1
chn,pair,07_04_25,2
chn,usa,07_04_25,2
p565,jth,08_04_25,1
p565,mijo,08_04_25,1
p565,sen,08_04_25,1
p565,usa,08_04_25,1
p565,budg,08_04_25,3
p565,ta,08_04_25,3
p565,bor,08_04_25,3
p565,eco,08_04_25,3
jth,budg,08_04_25,1
mijo,budg,08_04_25,1
sen,budg,08_04_25,1
usa,eco,08_04_25,1
jth,ta,08_04_25,1
mijo,ta,08_04_25,1
sen,ta,08_04_25,1
sen,bor,08_04_25,1
p566,scot,08_04_25,1
p566,usa,08_04_25,3
p566,js,08_04_25,3
p566,bor,08_04_25,3
scot,js,08_04_25,1
usa,bor,08_04_25,1
p567,skor,08_04_25,3
p567,chn,08_04_25,3
p567,usa,08_04_25,3
p567,jb,08_04_25,2
p567,t,08_04_25,3
p567,eco,08_04_25,3
p567,ma,08_04_25,3
p567,pair,08_04_25,3
p567,ep,08_04_25,3
skor,pair,08_04_25,1
usa,pair,08_04_25,1
skor,usa,08_04_25,1
chn,t,08_04_25,2
usa,t,08_04_25,1
skor,eco,08_04_25,1
usa,eco,08_04_25,1
skor,ma,08_04_25,1
usa,ma,08_04_25,1
jb,pa,08_04_25,2
p568,mijo,09_04_25,1
p568,r,09_04_25,1
p568,budg,09_04_25,3
p568,eco,09_04_25,3
mijo,budg,09_04_25,1
r,budg,09_04_25,1
mijo,eco,09_04_25,1
r,eco,09_04_25,1
p569,tda,09_04_25,2
p569,ms13,09_04_25,2
p569,mcart,09_04_25,2
p569,scot,09_04_25,1
p569,usa,09_04_25,1
p569,crm,09_04_25,3
p569,im,09_04_25,3
p569,js,09_04_25,3
p569,nas,09_04_25,3
tda,crm,09_04_25,2
ms13,crm,09_04_25,2
mcart,crm,09_04_25,2
tda,nas,09_04_25,2
ms13,nas,09_04_25,2
mcart,nas,09_04_25,2
scot,js,09_04_25,1
usa,im,09_04_25,1
usa,nas,09_04_25,1
tda,usa,09_04_25,2
ms13,usa,09_04_25,2
mcart,usa,09_04_25,2
p570,app,09_04_25,1
p570,usa,09_04_25,1
p570,t,09_04_25,3
p570,ep,09_04_25,3
p570,env,09_04_25,3
app,usa,09_04_25,1
app,t,09_04_25,1
app,ep,09_04_25,1
app,env,09_04_25,1
usa,t,09_04_25,1
usa,ep,09_04_25,1
usa,env,09_04_25,1
p571,maga,09_04_25,3
p572,r,09_04_25,1
p572,usa,09_04_25,1
p572,bbb,09_04_25,3
r,bbb,09_04_25,1
r,usa,09_04_25,1
usa,bbb,09_04_25,1
p573,r,09_04_25,1
p573,hor,09_04_25,1
p573,ta,09_04_25,3
r,hor,09_04_25,1
r,ta,09_04_25,1
hor,ta,09_04_25,1
p574,usa,09_04_25,3
p574,pat,09_04_25,3
usa,pat,09_04_25,1
p575,jh,09_04_25,1
p575,usa,09_04_25,3
p575,ensr,09_04_25,3
p575,sec,09_04_25,3
p575,bor,09_04_25,3
p575,cr,09_04_25,3
p575,ma,09_04_25,3
p575,af,09_04_25,3
jh,ensr,09_04_25,1
jh,sec,09_04_25,1
jh,bor,09_04_25,1
jh,cr,09_04_25,1
jh,ma,09_04_25,1
jh,af,09_04_25,1
jh,usa,09_04_25,1
usa,af,09_04_25,1
usa,bor,09_04_25,1
usa,ma,09_04_25,1
p576,chn,09_04_25,3
p576,usa,09_04_25,3
p576,usdoc,09_04_25,1
p576,usdot,09_04_25,1
p576,ustr,09_04_25,1
p576,t,09_04_25,3
p576,eco,09_04_25,3
usa,chn,09_04_25,2
usa,usdoc,09_04_25,1
usa,usdot,09_04_25,1
usa,ustr,09_04_25,1
chn,t,09_04_25,2
chn,eco,09_04_25,2
usa,t,09_04_25,1
usa,eco,09_04_25,1
usdoc,t,09_04_25,1
usdot,t,09_04_25,1
ustr,t,09_04_25,1
p577,jb,09_04_25,2
p577,usa,09_04_25,3
p577,ep,09_04_25,3
p577,eco,09_04_25,3
jb,ep,09_04_25,2
usa,ep,09_04_25,1
usa,eco,09_04_25,1
p578,ndsu,09_04_25,1
p578,wh,09_04_25,1
p578,fb,09_04_25,3
ndsu,fb,09_04_25,1
wh,fb,09_04_25,1
ndsu,wh,09_04_25,1
p579,r,10_04_25,1
p579,usa,10_04_25,3
p579,bbb,10_04_25,3
p579,ta,10_04_25,3
r,bbb,10_04_25,1
r,ta,10_04_25,1
r,usa,10_04_25,1
usa,bbb,10_04_25,1
usa,ta,10_04_25,1
p580,usa,10_04_25,3
p580,im,10_04_25,3
p580,cr,10_04_25,3
usa,im,10_04_25,1
usa,cr,10_04_25,2
p581,usa,10_04_25,3
p581,inf,10_04_25,3
usa,inf,10_04_25,1
p582,hor,10_04_25,1
p582,usa,10_04_25,1
p582,ta,10_04_25,3
p582,af,10_04_25,3
hor,ta,10_04_25,1
hor,usa,10_04_25,1
usa,ta,10_04_25,1
usa,af,10_04_25,1
p583,jth,10_04_25,1
p583,r,10_04_25,1
p583,d,10_04_25,2
p583,usa,10_04_25,1
p583,nas,10_04_25,3
p583,aogo,10_04_25,3
jth,r,10_04_25,1
jth,d,10_04_25,2
r,d,10_04_25,2
r,nas,10_04_25,1
r,aogo,10_04_25,1
d,nas,10_04_25,2
usa,nas,10_04_25,1
usa,aogo,10_04_25,1
p584,dapa,10_04_25,1
p584,usa,10_04_25,3
p584,ensr,10_04_25,3
p584,bor,10_04_25,3
p584,cm,10_04_25,3
p584,eco,10_04_25,3
p584,ta,10_04_25,3
p584,sch,10_04_25,3
p584,ma,10_04_25,3
p584,ep,10_04_25,3
p584,sec,10_04_25,3
dapa,ensr,10_04_25,1
dapa,bor,10_04_25,1
dapa,cm,10_04_25,1
dapa,eco,10_04_25,1
dapa,ta,10_04_25,1
dapa,sch,10_04_25,1
dapa,ma,10_04_25,1
dapa,ep,10_04_25,1
dapa,sec,10_04_25,1
dapa,usa,10_04_25,1
usa,bor,10_04_25,1
usa,eco,10_04_25,1
usa,ta,10_04_25,1
usa,ma,10_04_25,1
usa,ep,10_04_25,1
usa,sec,10_04_25,1
p585,prk,10_04_25,1
p585,dos,10_04_25,2
p585,usa,10_04_25,1
p585,ensr,10_04_25,3
p585,bor,10_04_25,3
p585,cm,10_04_25,3
p585,im,10_04_25,3
p585,ta,10_04_25,3
p585,eco,10_04_25,3
p585,ma,10_04_25,3
p585,le,10_04_25,3
p585,sec,10_04_25,3
prk,ensr,10_04_25,1
prk,bor,10_04_25,1
prk,cm,10_04_25,1
prk,im,10_04_25,1
prk,ta,10_04_25,1
prk,eco,10_04_25,1
prk,ma,10_04_25,1
prk,le,10_04_25,1
prk,sec,10_04_25,1
dos,bor,10_04_25,2
dos,im,10_04_25,2
dos,cm,10_04_25,2
prk,dos,10_04_25,2
prk,usa,10_04_25,1
usa,bor,10_04_25,1
usa,eco,10_04_25,1
usa,ta,10_04_25,1
usa,ma,10_04_25,1
usa,le,10_04_25,1
usa,sec,10_04_25,1
p586,yk,11_03_25,1
p586,usg,11_03_25,1
p586,aogo,11_03_25,3
p586,jew,11_03_25,3
yk,aogo,11_03_25,1
yk,jew,11_03_25,1
yk,usg,11_03_25,1
usg,jew,11_03_25,1
usg,aogo,11_03_25,1
p587,mwk,11_03_25,1
p587,usg,11_03_25,1
p587,norc,11_03_25,1
p587,aogo,11_03_25,3
p587,rf,11_03_25,3
mwk,aogo,11_03_25,1
mwk,rf,11_03_25,1
mwk,norc,11_03_25,1
mwk,usg,11_03_25,1
usg,rf,11_03_25,1
usg,aogo,11_03_25,1
norc,usa,11_03_25,1
p588,wbm,11_03_25,1
p588,usg,11_03_25,1
p588,aogo,11_03_25,3
p588,js,11_03_25,3
wbm,aogo,11_03_25,1
wbm,js,11_03_25,1
wbm,usg,11_03_25,1
usg,js,11_03_25,1
usg,aogo,11_03_25,1
p589,mex,11_04_25,3
p589,tex,11_04_25,3
p589,tcr,11_04_25,1
p589,jb,11_04_25,2
p589,bro,11_04_25,1
p589,usa,11_04_25,3
p589,wafl,11_04_25,3
p589,t,11_04_25,3
p589,eco,11_04_25,3
mex,tex,11_04_25,2
mex,wafl,11_04_25,2
mex,t,11_04_25,2
tcr,tex,11_04_25,1
tcr,wafl,11_04_25,1
bro,tex,11_04_25,1
bro,eco,11_04_25,1
jb,tex,11_04_25,2
usa,tex,11_04_25,1
usa,t,11_04_25,1
usa,eco,11_04_25,1
usa,wafl,11_04_25,1
p590,sedu,11_04_25,1
p590,usa,11_04_25,3
p590,av,11_04_25,3
p590,emerg,11_04_25,3
sedu,av,11_04_25,1
sedu,emerg,11_04_25,1
sedu,usa,11_04_25,1
usa,av,11_04_25,1
usa,emerg,11_04_25,1
p591,usa,11_04_25,3
p591,t,11_04_25,3
usa,t,11_04_25,1
p592,rus,11_04_25,3
p592,war,11_04_25,3
p592,peace,11_04_25,3
rus,war,11_04_25,2
rus,peace,11_04_25,2
p593,hor,11_04_25,1
p593,sen,11_04_25,1
p593,usa,11_04_25,1
p593,dom,11_04_25,3
hor,sen,11_04_25,1
hor,dom,11_04_25,1
sen,dom,11_04_25,1
usa,dom,11_04_25,1
hor,usa,11_04_25,1
sen,usa,11_04_25,1
p594,wh,11_04_25,1
p594,cwt,11_04_25,1
p594,pq,11_04_25,1
p594,usa,11_04_25,3
p594,js,11_04_25,3
p594,rol,11_04_25,3
cwt,pq,11_04_25,1
cwt,js,11_04_25,1
pq,js,11_04_25,1
wh,js,11_04_25,1
usa,js,11_04_25,1
usa,rol,11_04_25,1
p595,wh,11_04_25,1
p595,cwt,11_04_25,1
p595,usa,11_04_25,3
p595,js,11_04_25,3
p595,rol,11_04_25,3
p595,jew,11_04_25,3
p595,le,11_04_25,3
p595,ma,11_04_25,3
cwt,js,11_04_25,1
cwt,rol,11_04_25,1
cwt,jew,11_04_25,1
cwt,le,11_04_25,1
cwt,ma,11_04_25,1
wh,js,11_04_25,1
wh,rol,11_04_25,1
usa,js,11_04_25,1
usa,rol,11_04_25,1
p598,domu,12_04_25,1
p598,ham,12_04_25,3
p598,isr,12_04_25,3
p598,usa,12_04_25,3
p598,war,12_04_25,3
p598,boo,12_04_25,3
domu,boo,12_04_25,1
domu,isr,12_04_25,1
ham,war,12_04_25,2
ham,isr,12_04_25,2
isr,war,12_04_25,1
usa,isr,12_04_25,1
usa,war,12_04_25,1
p599,soaf,12_04_25,2
p599,g20,12_04_25,3
p599,usa,12_04_25,1
p599,pm,12_04_25,3
p599,war,12_04_25,3
p599,mc,12_04_25,3
soaf,war,12_04_25,2
soaf,pm,12_04_25,2
usa,soaf,12_04_25,2
usa,pm,12_04_25,1
g20,pm,12_04_25,3
mc,soaf,12_04_25,2
p600,nbu,13_04_25,1
p600,els,13_04_25,3
p600,usa,13_04_25,3
p600,nas,13_04_25,3
p600,im,13_04_25,3
p600,cm,13_04_25,3
nbu,els,13_04_25,1
nbu,nas,13_04_25,1
nbu,im,13_04_25,1
els,im,13_04_25,1
els,cm,13_04_25,1
usa,nas,13_04_25,1
usa,im,13_04_25,1
usa,cm,13_04_25,1
p601,chn,13_04_25,3
p601,usa,13_04_25,3
p601,hor,13_04_25,1
p601,sen,13_04_25,1
p601,t,13_04_25,3
p601,fy,13_04_25,3
p601,nas,13_04_25,3
p601,eco,13_04_25,3
p601,mc,13_04_25,3
p601,fn,13_04_25,3
p601,af,13_04_25,3
chn,t,13_04_25,2
chn,fy,13_04_25,2
chn,nas,13_04_25,2
usa,t,13_04_25,1
usa,eco,13_04_25,1
usa,nas,13_04_25,1
usa,af,13_04_25,1
hor,ta,13_04_25,1
sen,ta,13_04_25,1
hor,sen,13_04_25,1
usa,chn,13_04_25,2
usa,mc,13_04_25,1
fn,mc,13_04_25,1
p602,jb,13_04_25,2
p602,isis,13_04_25,2
p602,hou,13_04_25,2
p602,soma,13_04_25,1
p602,dc,13_04_25,1
p602,usa,13_04_25,3
p602,war,13_04_25,3
p602,nas,13_04_25,3
p602,ma,13_04_25,3
isis,war,13_04_25,2
hou,war,13_04_25,2
usa,war,13_04_25,1
usa,nas,13_04_25,1
dc,ma,13_04_25,1
jb,ma,13_04_25,2
soma,war,13_04_25,1
usa,soma,13_04_25,1
p603,usa,14_04_25,3
p603,rb,14_04_25,3
usa,rb,14_04_25,1
p604,smin,14_04_25,2
p604,cbs,14_04_25,2
p604,kh,14_04_25,2
p604,mc,14_04_25,3
p604,fn,14_04_25,3
smin,mc,14_04_25,2
cbs,mc,14_04_25,2
cbs,fn,14_04_25,2
smin,cbs,14_04_25,1
kh,mc,14_04_25,2
kh,fn,14_04_25,2
p605,smin,14_04_25,2
p605,cbs,14_04_25,2
p605,comc,14_04_25,2
p605,fcc,14_04_25,1
p605,brca,14_04_25,1
p605,kh,14_04_25,2
p605,mc,14_04_25,3
p605,fn,14_04_25,3
p605,war,14_04_25,3
p605,af,14_04_25,3
p605,ukr,14_04_25,3
p605,grl,14_04_25,3
smin,cbs,14_04_25,1
cbs,comc,14_04_25,1
cbs,mc,14_04_25,2
cbs,fn,14_04_25,2
smin,mc,14_04_25,2
kh,fn,14_04_25,2
kh,mc,14_04_25,2
brca,fcc,14_04_25,1
p607,lj,14_04_25,2
p607,ny,14_04_25,3
p607,cor,14_04_25,3
p607,pa,14_04_25,3
lj,cor,14_04_25,2
lj,pa,14_04_25,2
ny,cor,14_04_25,2
p606,nbu,14_04_25,1
p606,wh,14_04_25,1
p606,pm,14_04_25,3
nbu,wh,14_04_25,1
nbu,pm,14_04_25,1
wh,pm,14_04_25,1
p608,dn,14_04_25,1
p608,ensr,14_04_25,3
p608,col,14_04_25,3
dn,ensr,14_04_25,1
dn,col,14_04_25,1
p609,venepeo,14_04_25,3
p609,vz,14_04_25,2
p609,jb,14_04_25,2
p609,rus,14_04_25,3
p609,ukr,14_04_25,3
p609,war,14_04_25,3
venepeo,rus,14_04_25,3
vz,ukr,14_04_25,2
jb,war,14_04_25,2
venepeo,war,14_04_25,3
vz,war,14_04_25,2
p610,rmc,14_04_25,1
p610,gn,14_04_25,3
rmc,gn,14_04_25,1
p611,kc,14_04_25,1
p611,art,14_04_25,3
kc,art,14_04_25,1
p612,rmor,15_04_25,1
p612,jb,15_04_25,2
p612,ms13,15_04_25,2
p612,cm,15_04_25,3
p612,im,15_04_25,3
p612,fn,15_04_25,3
p612,pa,15_04_25,3
rmor,cm,15_04_25,1
jb,im,15_04_25,2
jb,pa,15_04_25,2
ms13,cm,15_04_25,2
ms13,im,15_04_25,2
p613,nbc,15_04_25,3
p613,maga,15_04_25,1
p613,eco,15_04_25,3
nbc,eco,15_04_25,3
maga,eco,15_04_25,1
p614,nvda,15_04_25,1
p614,usa,15_04_25,3
p614,ai,15_04_25,3
p614,eco,15_04_25,3
nvda,ai,15_04_25,1
nvda,eco,15_04_25,1
usa,ai,15_04_25,1
usa,eco,15_04_25,1
p615,im,15_04_25,3
p615,bor,15_04_25,3
p616,harv,15_04_25,2
p616,edu,15_04_25,3
p616,t,15_04_25,3
p616,pa,15_04_25,3
harv,edu,15_04_25,2
harv,t,15_04_25,2
harv,pa,15_04_25,2
p617,chn,15_04_25,2
p617,jb,15_04_25,2
p617,boei,15_04_25,3
p617,t,15_04_25,3
p617,eco,15_04_25,3
p617,fa,15_04_25,3
chn,t,15_04_25,2
chn,eco,15_04_25,2
jb,t,15_04_25,2
jb,eco,15_04_25,2
boei,t,15_04_25,3
p618,msnbc,16_04_25,2
p618,cnn,16_04_25,2
p618,comc,16_04_25,2
p618,nbc,16_04_25,2
p618,brar,16_04_25,2
p618,mc,16_04_25,3
p618,fn,16_04_25,3
p618,pa,16_04_25,3
msnbc,mc,16_04_25,2
cnn,mc,16_04_25,2
nbc,mc,16_04_25,2
msnbc,fn,16_04_25,2
cnn,fn,16_04_25,2
brar,pa,16_04_25,2
comc,mc,16_04_25,2
p619,usa,16_04_25,3
p619,t,16_04_25,3
p619,eco,16_04_25,3
p619,inf,16_04_25,3
usa,t,16_04_25,1
usa,eco,16_04_25,1
usa,inf,16_04_25,1
p620,jpn,16_04_25,3
p620,usa,16_04_25,3
p620,t,16_04_25,3
p620,eco,16_04_25,3
p620,pair,16_04_25,3
jpn,t,16_04_25,1
jpn,eco,16_04_25,1
usa,t,16_04_25,1
usa,eco,16_04_25,1
usa,pair,16_04_25,1
p621,harv,16_04_25,2
p621,bdb,16_04_25,2
p621,lrl,16_04_25,2
p621,edu,16_04_25,3
p621,pa,16_04_25,3
harv,edu,16_04_25,2
bdb,edu,16_04_25,2
lrl,edu,16_04_25,2
bdb,pa,16_04_25,2
lrl,pa,16_04_25,2
p622,maga,16_04_25,3
p623,jb,16_04_25,2
p623,im,16_04_25,3
p623,cm,16_04_25,3
p623,obp,16_04_25,3
p623,pa,16_04_25,3
p623,af,16_04_25,3
jb,im,16_04_25,2
jb,cm,16_04_25,2
jb,obp,16_04_25,2
jb,pa,16_04_25,2
p624,es,16_04_25,1
p624,ensr,16_04_25,3
es,ensr,16_04_25,1
p625,jpn,16_04_25,1
p625,t,16_04_25,3
p625,pm,16_04_25,3
jpn,t,16_04_25,1
jpn,pm,16_04_25,1
p626,jb,16_04_25,2
p626,im,16_04_25,3
p626,obp,16_04_25,3
p626,js,16_04_25,3
p626,pa,16_04_25,3
jb,im,16_04_25,2
jb,obp,16_04_25,2
jb,pa,16_04_25,2
p627,jb,16_04_25,2
p627,im,16_04_25,3
p627,obp,16_04_25,3
p627,js,16_04_25,3
p627,pa,16_04_25,3
jb,im,16_04_25,2
jb,obp,16_04_25,2
jb,pa,16_04_25,2
p628,jcl,17_04_25,1
p628,aogo,17_04_25,3
p628,usg,17_04_25,1
jcl,aogo,17_04_25,1
jcl,usg,17_04_25,1
usg,aogo,17_04_25,1
p629,jp,17_04_25,2
p629,fedr,17_04_25,2
p629,eco,17_04_25,3
p629,usa,17_04_25,1
p629,ir,17_04_25,3
p629,eco,17_04_25,3
p629,t,17_04_25,3
p629,pa,17_04_25,3
jp,ir,17_04_25,2
jp,pa,17_04_25,2
fedr,ir,17_04_25,2
fedr,eco,17_04_25,2
eco,ir,17_04_25,3
usa,eco,17_04_25,1
usa,t,17_04_25,1
p631,mex,17_04_25,3
p631,jpn,17_04_25,3
p631,chn,17_04_25,3
p631,ita,17_04_25,3
p631,pm,17_04_25,3
p631,t,17_04_25,3
mex,pm,17_04_25,1
jpn,pm,17_04_25,1
ita,pm,17_04_25,1
chn,t,17_04_25,3
jpn,t,17_04_25,1
p630,sam,17_04_25,1
p630,usa,17_04_25,1
p630,flg,17_04_25,1
p630,tg,17_04_25,1
p630,dnik,17_04_25,1
p630,usm,17_04_25,1
p630,art,17_04_25,3
p630,fp,17_04_25,3
sam,usa,17_04_25,1
sam,art,17_04_25,1
usa,usm,17_04_25,1
tg,dnik,17_04_25,1
dnik,fp,17_04_25,1
usa,fp,17_04_25,1
mex,t,17_04_25,1
p632,grab,17_04_25,1
p632,dapa,17_04_25,1
p632,dub,17_04_25,1
p632,tex,17_04_25,1
p632,usa,17_04_25,1
p632,edu,17_04_25,3
p632,sch,17_04_25,3
p632,ensr,17_04_25,3
p632,af,17_04_25,3
grab,edu,17_04_25,1
dapa,edu,17_04_25,1
dub,edu,17_04_25,1
tex,edu,17_04_25,1
usa,edu,17_04_25,1
grab,ensr,17_04_25,1
dapa,ensr,17_04_25,1
dub,ensr,17_04_25,1
p633,gime,17_04_25,1
p633,wh,17_04_25,1
p633,pm,17_04_25,3
gime,pm,17_04_25,1
wh,pm,17_04_25,1
gime,wh,17_04_25,1
p634,cvh,18_04_25,2
p634,pa,18_04_25,3
p634,mc,18_04_25,3
cvh,pa,18_04_25,2
cvh,mc,18_04_25,2
p635,gime,18_04_25,1
p635,ita,18_04_25,1
p635,wh,18_04_25,1
p635,pm,18_04_25,3
gime,pm,18_04_25,1
ita,gime,18_04_25,1
wh,pm,18_04_25,1
gime,wh,18_04_25,1
p636,opm,18_04_25,1
p636,aogo,18_04_25,3
p636,cor,18_04_25,3
opm,aogo,18_04_25,1
opm,cor,18_04_25,2
p637,ms13,19_04_25,2
p637,d,19_04_25,2
p637,im,19_04_25,3
p637,cm,19_04_25,3
p637,pa,19_04_25,3
p637,af,19_04_25,3
ms13,cm,19_04_25,2
ms13,im,19_04_25,2
d,im,19_04_25,2
d,pa,19_04_25,2
p638,cor,20_04_25,3
p638,pa,20_04_25,3
p639,metr,20_04_25,1
p639,rb,20_04_25,3
metr,rb,20_04_25,1
p640,metr,20_04_25,1
p640,d,20_04_25,2
p640,jb,20_04_25,2
p640,ms13,20_04_25,2
p640,m,20_04_25,2
p640,rb,20_04_25,3
p640,im,20_04_25,3
p640,bor,20_04_25,3
p640,crm,20_04_25,3
p640,pa,20_04_25,3
p640,ef,20_04_25,3
metr,rb,20_04_25,1
d,im,20_04_25,2
d,pa,20_04_25,2
jb,im,20_04_25,2
jb,bor,20_04_25,2
jb,pa,20_04_25,2
ms13,crm,20_04_25,2
ms13,im,20_04_25,2
m,im,20_04_25,2
m,crm,20_04_25,2
jb,d,20_04_25,2
p641,rb,20_04_25,3
p642,rb,20_04_25,3
p643,t,20_04_25,3
p643,eco,20_04_25,3
p643,pa,20_04_25,3
p644,eco,20_04_25,3
p645,rus,20_04_25,3
p645,ukr,20_04_25,3
p645,usa,20_04_25,1
p645,war,20_04_25,3
p645,peace,20_04_25,3
p645,eco,20_04_25,3
rus,war,20_04_25,3
ukr,war,20_04_25,3
rus,peace,20_04_25,1
ukr,peace,20_04_25,1
usa,eco,20_04_25,1
rus,eco,20_04_25,1
ukr,eco,20_04_25,1
rus,ukr,20_04_25,3
p646,wh,20_04_25,1
p646,whha,20_04_25,1
p646,rb,20_04_25,3
p646,pat,20_04_25,3
wh,pat,20_04_25,1
whha,pat,20_04_25,1
wh,whha,20_04_25,1
p647,d,20_04_25,2
p647,fn,20_04_25,2
p647,ms13,20_04_25,2
p647,nyc,20_04_25,3
p647,m,20_04_25,2
p647,im,20_04_25,3
p647,bor,20_04_25,3
p647,cm,20_04_25,3
p647,pa,20_04_25,3
p647,mc,20_04_25,3
p647,js,20_04_25,3
d,pa,20_04_25,2
d,im,20_04_25,2
fn,pa,20_04_25,2
ms13,cm,20_04_25,2
ms13,im,20_04_25,2
nyc,js,20_04_25,3
m,im,20_04_25,2
m,cm,20_04_25,2
d,fn,20_04_25,2
ms13,m,20_04_25,2
p648,usa,20_04_25,1
p648,t,20_04_25,3
p648,eco,20_04_25,3
p648,af,20_04_25,3
usa,eco,20_04_25,1
usa,af,20_04_25,1
p649,popef,21_04_25,1
p649,rb,21_04_25,3
popef,rb,21_04_25,1
p650,jp,21_04_25,2
p650,jb,21_04_25,2
p650,kh,21_04_25,2
p650,eu,21_04_25,3
p650,inf,21_04_25,3
p650,eco,21_04_25,3
p650,pa,21_04_25,3
jp,inf,21_04_25,2
jp,eco,21_04_25,2
jb,pa,21_04_25,2
kh,pa,21_04_25,2
eu,eco,21_04_25,3
jp,jb,21_04_25,2
jp,kh,21_04_25,2
jb,kh,21_04_25,2
p651,popef,21_04_25,1
p651,usa,21_04_25,1
p651,wh,21_04_25,1
p651,rb,21_04_25,3
popef,rb,21_04_25,1
usa,rb,21_04_25,1
wh,rb,21_04_25,1
usa,popef,21_04_25,1
wh,popef,21_04_25,1
p652,metr,21_04_25,1
p652,popef,21_04_25,1
p652,rb,21_04_25,3
metr,rb,21_04_25,1
popef,rb,21_04_25,1
metr,popef,21_04_25,1
p653,kcc,21_04_25,3
p653,limc,21_04_25,1
p653,sch,21_04_25,3
p653,art,21_04_25,3
p653,pa,21_04_25,3
limc,sch,21_04_25,1
kcc,art,21_04_25,3
p654,d,21_04_25,2
p654,js,21_04_25,3
p654,pa,21_04_25,3
d,js,21_04_25,2
d,pa,21_04_25,2
p655,scot,21_04_25,3
p655,saa,21_04_25,1
p655,ven,21_04_25,3
p655,m,21_04_25,3
p655,im,21_04_25,3
p655,crm,21_04_25,3
p655,js,21_04_25,3
p655,pa,21_04_25,3
scot,js,21_04_25,3
saa,js,21_04_25,1
ven,im,21_04_25,2
m,im,21_04_25,2
m,crm,21_04_25,2
scot,saa,21_04_25,1
p656,stda,21_04_25,1
p656,nrsc,21_04_25,1
p656,ensr,21_04_25,3
p656,af,21_04_25,3
p656,eco,21_04_25,3
p656,bor,21_04_25,3
p656,crm,21_04_25,3
stda,ensr,21_04_25,1
stda,af,21_04_25,1
stda,eco,21_04_25,1
stda,bor,21_04_25,1
stda,crm,21_04_25,1
nrsc,ensr,21_04_25,1
stda,nrsc,21_04_25,1
p657,ktr,22_04_25,1
p657,abg,22_04_25,1
p657,az,22_04_25,1
p657,ensr,22_04_25,3
ktr,ensr,22_04_25,1
abg,ensr,22_04_25,1
ktr,abg,22_04_25,1
p658,jb,22_04_25,2
p658,m,22_04_25,3
p658,im,22_04_25,3
p658,bor,22_04_25,3
p658,cm,22_04_25,3
p658,js,22_04_25,3
p658,pa,22_04_25,3
jb,im,22_04_25,2
jb,bor,22_04_25,2
jb,pa,22_04_25,2
m,im,22_04_25,2
m,cm,22_04_25,2
jb,m,22_04_25,2
p659,kag,22_04_25,2
p659,ms13,22_04_25,2
p659,d,22_04_25,2
p659,im,22_04_25,3
p659,cm,22_04_25,3
p659,js,22_04_25,3
p659,pa,22_04_25,3
kag,cm,22_04_25,2
kag,im,22_04_25,2
ms13,cm,22_04_25,2
d,pa,22_04_25,2
d,js,22_04_25,2
kag,ms13,22_04_25,2
d,kag,22_04_25,2
p660,ua,22_04_25,1
p660,usma,22_04_25,1
p660,uni,22_04_25,3
p660,ma,22_04_25,3
ua,uni,22_04_25,1
usma,uni,22_04_25,1
usma,ma,22_04_25,1
ua,usma,22_04_25,1
p661,dpn,22_04_25,1
p661,fone,22_04_25,1
p661,boo,22_04_25,3
dpn,boo,22_04_25,1
fone,boo,22_04_25,1
dpn,fone,22_04_25,1
p662,bbn,22_04_25,1
p662,isr,22_04_25,1
p662,irn,22_04_25,2
p662,pm,22_04_25,3
p662,pair,22_04_25,3
bbn,pm,22_04_25,1
isr,pair,22_04_25,1
bbn,isr,22_04_25,1
bbn,irn,22_04_25,2
isr,irn,22_04_25,2
p663,namo,22_04_25,1
p663,ind,22_04_25,3
p663,usa,22_04_25,3
p663,pair,22_04_25,3
p663,war,22_04_25,3
p663,rb,22_04_25,3
namo,pair,22_04_25,1
ind,pair,22_04_25,1
usa,pair,22_04_25,1
ind,war,22_04_25,1
namo,usa,22_04_25,1
ind,usa,22_04_25,1
p665,rus,23_04_25,3
p665,ukr,23_04_25,3
p665,bo,23_04_25,2
p665,wsj,23_04_25,3
p665,war,23_04_25,3
p665,peace,23_04_25,3
vz,rus,23_04_25,2
vz,ukr,23_04_25,1
bo,rus,23_04_25,2
bo,ukr,23_04_25,2
p664,pc,23_04_25,2
p664,bho,23_04_25,2
p664,bo,23_04_25,2
p664,js,23_04_25,3
p664,pa,23_04_25,3
bo,bho,23_04_25,1
bho,pc,23_04_25,3
p666,d,24_04_25,2
p666,usa,24_04_25,3
p666,crm,24_04_25,3
d,crm,24_04_25,2
p667,usa,24_04_25,3
p667,inf,24_04_25,3
usa,inf,24_04_25,1
p668,venepeo,24_04_25,2
p668,rus,24_04_25,3
p668,ukr,24_04_25,3
p668,war,24_04_25,3
p668,peace,24_04_25,3
venepeo,rus,24_04_25,1
rus,ukr,24_04_25,2
venepeo,peace,24_04_25,1
p669,usa,24_04_25,3
p669,bor,24_04_25,3
usa,bor,24_04_25,1
p670,harv,24_04_25,2
p670,uni,24_04_25,3
p670,pa,24_04_25,3
p670,jew,24_04_25,3
harv,uni,24_04_25,3
harv,jew,24_04_25,2
harv,pa,24_04_25,2
p671,rmu,24_04_25,2
p671,fone,24_04_25,2
p671,wsj,24_04_25,2
p671,chn,24_04_25,3
p671,mc,24_04_25,3
p671,fn,24_04_25,3
rmu,fone,24_04_25,1
rmu,wsj,24_04_25,1
wsj,chn,24_04_25,2
p672,boei,24_04_25,1
p672,chn,24_04_25,3
p672,mex,24_04_25,3
p672,can,24_04_25,3
p672,usa,24_04_25,3
p672,fy,24_04_25,3
p672,dr,24_04_25,3
chn,boei,24_04_25,2
chn,usa,24_04_25,2
mex,usa,24_04_25,2
can,usa,24_04_25,2
chn,fy,24_04_25,2
mex,fy,24_04_25,2
can,fy,24_04_25,2
p673,jgo,24_04_25,2
p673,msc,24_04_25,2
p673,apk,24_04_25,2
p673,atl,24_04_25,2
p673,mc,24_04_25,3
p673,fn,24_04_25,3
jgo,atl,24_04_25,1
msc,atl,24_04_25,1
apk,atl,24_04_25,1
p674,chp,25_04_25,1
p674,fone,25_04_25,1
p674,t,25_04_25,3
p674,boo,25_04_25,3
chp,fone,25_04_25,1
p675,vz,25_04_25,3
p675,ukr,25_04_25,3
p675,rus,25_04_25,3
p675,usa,25_04_25,1
p675,peace,25_04_25,3
vz,ukr,25_04_25,1
rus,ukr,25_04_25,2
usa,ukr,25_04_25,1
usa,rus,25_04_25,3
p676,afr,25_04_25,3
p676,usa,25_04_25,1
p676,war,25_04_25,3
p676,peace,25_04_25,3
usa,afr,25_04_25,1
afr,war,25_04_25,2
afr,peace,25_04_25,1
usa,peace,25_04_25,1
p677,des,25_04_25,1
p677,shs,25_04_25,1
p677,nfl,25_04_25,2
p677,fb,25_04_25,3
des,shs,25_04_25,1
des,fb,25_04_25,1
shs,fb,25_04_25,1
nfl,fb,25_04_25,3
p678,rus,25_04_25,3
p678,ukr,25_04_25,3
p678,pm,25_04_25,3
p678,war,25_04_25,3
p678,peace,25_04_25,3
rus,ukr,25_04_25,2
rus,war,25_04_25,2
ukr,war,25_04_25,2
rus,peace,25_04_25,1
ukr,peace,25_04_25,1
p679,nyt,26_04_25,2
p679,pba,26_04_25,2
p679,bo,26_04_25,2
p679,jb,26_04_25,2
p679,venepeo,26_04_25,2
p679,rus,26_04_25,3
p679,ukr,26_04_25,3
p679,mc,26_04_25,3
p679,fn,26_04_25,3
p679,war,26_04_25,3
p679,peace,26_04_25,3
pba,nyt,26_04_25,1
rus,ukr,26_04_25,2
venepeo,rus,26_04_25,1
venepeo,war,26_04_25,2
rus,war,26_04_25,2
ukr,war,26_04_25,2
rus,peace,26_04_25,1
ukr,peace,26_04_25,1
p680,usa,26_04_25,1
p680,maru,26_04_25,1
p680,pan,26_04_25,3
p680,egy,26_04_25,3
p680,pair,26_04_25,3
p680,pm,26_04_25,3
usa,pan,26_04_25,1
usa,egy,26_04_25,1
maru,usa,26_04_25,1
maru,pan,26_04_25,1
maru,egy,26_04_25,1
p681,usa,26_04_25,3
p681,jb,26_04_25,2
p681,js,26_04_25,3
p681,im,26_04_25,3
p681,m,26_04_25,3
p681,crm,26_04_25,3
p681,dr,26_04_25,3
jb,im,26_04_25,2
jb,m,26_04_25,2
m,crm,26_04_25,2
m,dr,26_04_25,2
crm,usa,26_04_25,2
dr,usa,26_04_25,2
p682,usa,27_04_25,1
p682,bor,27_04_25,3
p682,im,27_04_25,3
p682,m,27_04_25,3
usa,bor,27_04_25,1
bor,im,27_04_25,1
p683,usa,27_04_25,3
p683,t,27_04_25,3
p683,ta,27_04_25,3
p683,eco,27_04_25,3
usa,t,27_04_25,1
usa,ta,27_04_25,1
usa,eco,27_04_25,1
t,ta,27_04_25,1
t,eco,27_04_25,1
ta,eco,27_04_25,1
p684,ccol,27_04_25,1
p684,d,27_04_25,2
p684,hist,27_04_25,3
p684,pat,27_04_25,3
p684,art,27_04_25,3
d,ccol,27_04_25,2
ccol,hist,27_04_25,1
ccol,pat,27_04_25,1
d,art,27_04_25,2
p685,r,27_04_25,1
p685,usa,27_04_25,3
p685,mich,27_04_25,3
p685,ta,27_04_25,3
p685,bor,27_04_25,3
p685,ma,27_04_25,3
p685,spc,27_04_25,3
p685,eco,27_04_25,3
p685,maga,27_04_25,3
r,ta,27_04_25,1
r,bor,27_04_25,1
r,ma,27_04_25,1
r,spc,27_04_25,1
r,eco,27_04_25,1
usa,eco,27_04_25,1
r,maga,27_04_25,1
p686,actb,27_04_25,2
p686,d,27_04_25,2
p686,asch,27_04_25,2
p686,jb,27_04_25,2
p686,usa,27_04_25,3
p686,cf,27_04_25,3
p686,cor,27_04_25,3
p686,par,27_04_25,3
p686,pa,27_04_25,3
actb,cf,27_04_25,1
d,cor,27_04_25,2
jb,par,27_04_25,2
asch,par,27_04_25,1
d,usa,27_04_25,2
p687,d,28_04_25,2
p687,r,28_04_25,1
p687,usa,28_04_25,3
p687,pa,28_04_25,3
p687,pat,28_04_25,3
r,pat,28_04_25,1
d,r,28_04_25,2
r,usa,28_04_25,1
p688,usa,28_04_25,3
p688,im,28_04_25,3
p688,crm,28_04_25,3
p688,dr,28_04_25,3
p688,js,28_04_25,3
p688,maga,28_04_25,3
im,crm,28_04_25,2
im,dr,28_04_25,2
crm,usa,28_04_25,2
dr,usa,28_04_25,2
js,im,28_04_25,2
usa,maga,28_04_25,1
p689,jmcl,28_04_25,1
p689,nyt,28_04_25,2
p689,abc,28_04_25,2
p689,twp,28_04_25,2
p689,fone,28_04_25,2
p689,mc,28_04_25,3
p689,fn,28_04_25,3
p689,ef,28_04_25,3
p689,maga,28_04_25,3
jmcl,mc,28_04_25,1
nyt,fn,28_04_25,2
abc,fn,28_04_25,2
twp,fn,28_04_25,2
fone,mc,28_04_25,2
nyt,ef,28_04_25,2
abc,ef,28_04_25,2
twp,ef,28_04_25,2
p690,p,28_04_25,2
p690,mc,28_04_25,3
p690,fn,28_04_25,3
p691,wz,28_04_25,1
p691,art,28_04_25,3
wz,art,28_04_25,1
p692,can,28_04_25,3
p692,usa,28_04_25,3
p692,ta,28_04_25,3
p692,eco,28_04_25,3
p692,bor,28_04_25,3
p692,ma,28_04_25,3
p692,t,28_04_25,3
can,usa,28_04_25,1
usa,can,28_04_25,1
usa,eco,28_04_25,1
can,eco,28_04_25,1
usa,ma,28_04_25,1
usa,bor,28_04_25,1
t,eco,28_04_25,1
ta,eco,28_04_25,1
p693,wft,28_04_25,1
p693,wash,28_04_25,1
p693,usa,28_04_25,3
p693,fb,28_04_25,3
p693,eco,28_04_25,3
p693,crm,28_04_25,3
p693,maga,28_04_25,3
wft,fb,28_04_25,1
wash,eco,28_04_25,1
wash,crm,28_04_25,2
usa,maga,28_04_25,1
p694,dvo,28_04_25,1
p694,wisc,28_04_25,1
p694,amerp,28_04_25,1
p694,ensr,28_04_25,3
p694,im,28_04_25,3
p694,m,28_04_25,3
p694,ma,28_04_25,3
p694,sec,28_04_25,3
dvo,ensr,28_04_25,1
dvo,im,28_04_25,2
dvo,m,28_04_25,2
dvo,ma,28_04_25,1
dvo,sec,28_04_25,1
wisc,amerp,28_04_25,1
p695,gev,28_04_25,1
p695,col,28_04_25,1
p695,amerp,28_04_25,1
p695,ensr,28_04_25,3
p695,bor,28_04_25,3
p695,ep,28_04_25,3
p695,sec,28_04_25,3
p695,ma,28_04_25,3
p695,le,28_04_25,3
gev,ensr,28_04_25,1
gev,bor,28_04_25,1
gev,ep,28_04_25,1
gev,sec,28_04_25,1
gev,ma,28_04_25,1
gev,le,28_04_25,1
col,amerp,28_04_25,1
p696,scpe,28_04_25,1
p696,pen,28_04_25,1
p696,usa,28_04_25,1
p696,ensr,28_04_25,3
p696,bor,28_04_25,3
p696,m,28_04_25,3
p696,eco,28_04_25,3
p696,ma,28_04_25,3
p696,rol,28_04_25,3
p696,sec,28_04_25,3
p696,maga,28_04_25,3
scpe,ensr,28_04_25,1
scpe,bor,28_04_25,1
scpe,m,28_04_25,2
scpe,eco,28_04_25,1
scpe,ma,28_04_25,1
scpe,rol,28_04_25,1
scpe,sec,28_04_25,1
scpe,maga,28_04_25,1
pen,usa,28_04_25,1
p697,fema,28_04_25,1
p697,phe,28_04_25,1
p697,kn,28_04_25,1
p697,grab,28_04_25,1
p697,gy,28_04_25,1
p697,phb,28_04_25,1
p697,mw,28_04_25,1
p697,jca,28_04_25,1
p697,kg,28_04_25,1
p697,nk,28_04_25,1
p697,rcs,28_04_25,1
p697,mco,28_04_25,1
p697,bfe,28_04_25,1
p697,evgr,28_04_25,1
p697,nas,28_04_25,3
p697,pm,28_04_25,3
p697,maga,28_04_25,3
fema,nas,28_04_25,1
phe,nas,28_04_25,1
kn,nas,28_04_25,1
grab,nas,28_04_25,1
gy,nas,28_04_25,1
phb,nas,28_04_25,1
mw,nas,28_04_25,1
jca,nas,28_04_25,1
kg,nas,28_04_25,1
nk,nas,28_04_25,1
rcs,nas,28_04_25,1
mco,nas,28_04_25,1
bfe,nas,28_04_25,1
evgr,nas,28_04_25,1
fema,pm,28_04_25,1
phe,pm,28_04_25,1
kn,pm,28_04_25,1
grab,pm,28_04_25,1
gy,pm,28_04_25,1
phb,pm,28_04_25,1
mw,pm,28_04_25,1
jca,pm,28_04_25,1
kg,pm,28_04_25,1
nk,pm,28_04_25,1
rcs,pm,28_04_25,1
mco,pm,28_04_25,1
bfe,pm,28_04_25,1
evgr,pm,28_04_25,1
p698,jomc,28_04_25,1
p698,vir,28_04_25,3
p698,usa,28_04_25,3
p698,ensr,28_04_25,3
p698,eco,28_04_25,3
p698,ep,28_04_25,3
p698,bor,28_04_25,3
p698,ma,28_04_25,3
p698,sec,28_04_25,3
p698,maga,28_04_25,3
jomc,ensr,28_04_25,1
jomc,eco,28_04_25,1
jomc,ep,28_04_25,1
jomc,bor,28_04_25,1
jomc,ma,28_04_25,1
jomc,sec,28_04_25,1
jomc,maga,28_04_25,1
vir,usa,28_04_25,1
p699,jb,29_04_25,2
p699,usa,29_04_25,3
p699,eco,29_04_25,3
p699,maga,29_04_25,3
jb,eco,29_04_25,2
usa,eco,29_04_25,1
usa,maga,29_04_25,1
p700,mc,29_04_25,3
p700,fn,29_04_25,3
p701,jb,30_04_25,2
p701,usa,30_04_25,3
p701,eco,30_04_25,3
p701,t,30_04_25,3
jb,eco,30_04_25,2
usa,eco,30_04_25,1
usa,t,30_04_25,1
jb,t,30_04_25,2
p702,kh,30_04_25,2
p702,smin,30_04_25,2
p702,cbs,30_04_25,2
p702,para,30_04_25,2
p702,eco,30_04_25,3
p702,fcc,30_04_25,3
p702,nyt,30_04_25,2
p702,amerp,30_04_25,1
p702,mc,30_04_25,3
p702,fn,30_04_25,3
kh,mc,30_04_25,2
smin,mc,30_04_25,2
cbs,mc,30_04_25,2
para,mc,30_04_25,2
nyt,mc,30_04_25,2
smin,fn,30_04_25,2
cbs,fn,30_04_25,2
para,fn,30_04_25,2
nyt,fn,30_04_25,2
amerp,mc,30_04_25,1
p597,kel,11_04_25,1
p597,aoss,11_04_25,1
p597,stb,11_04_25,1
p597,lww,11_04_25,1
p597,eeoc,11_04_25,3
p597,usm,11_04_25,1
p597,le,11_04_25,1
p597,js,11_04_25,3
p597,rb,11_04_25,3
kel,js,11_04_25,1
aoss,js,11_04_25,1
stb,js,11_04_25,1
lww,js,11_04_25,1
usm,js,11_04_25,1
le,js,11_04_25,1
eeoc,js,11_04_25,3
p596,wh,11_04_25,1
p596,kel,11_04_25,1
p596,aoss,11_04_25,1
p596,stb,11_04_25,1
p596,lww,11_04_25,1
p596,eeoc,11_04_25,3
p596,jabi,11_04_25,1
p596,khga,11_04_25,1
p596,almi,11_04_25,1
p596,rmt,11_04_25,1
p596,amerp,11_04_25,1
p596,js,11_04_25,3
kel,js,11_04_25,1
aoss,js,11_04_25,1
stb,js,11_04_25,1
lww,js,11_04_25,1
eeoc,js,11_04_25,3
jabi,kel,11_04_25,1
khga,aoss,11_04_25,1
almi,stb,11_04_25,1
rmt,lww,11_04_25,1
p551,mle,04_04_25,1
p551,noei,04_04_25,2
p551,awe,04_04_25,2
p551,lmo,04_04_25,2
p551,fra,04_04_25,1
p551,usa,04_04_25,1
p551,frp,04_04_25,1
p551,amerp,04_04_25,1
p551,js,04_04_25,3
p551,fp,04_04_25,3
mle,js,04_04_25,1
noei,js,04_04_25,2
awe,js,04_04_25,2
lmo,js,04_04_25,2
fra,fp,04_04_25,1
usa,fp,04_04_25,1
frp,fra,04_04_25,1
amerp,usa,04_04_25,1
p402,bbz,11_03_25,1
p402,dht,11_03_25,3
p402,usg,11_03_25,1
p402,aogo,11_03_25,3
bbz,aogo,11_03_25,1
bbz,usg,11_03_25,1
bbz,dht,11_03_25,3
usg,aogo,11_03_25,1
p401,mgd,11_03_25,1
p401,usg,11_03_25,1
p401,aogo,11_03_25,3
mgd,aogo,11_03_25,1
mgd,usg,11_03_25,1
usg,aogo,11_03_25,1
p25,dri,04_01_25,1
p23,jtr,04_01_25,1
p23,eho,04_01_25,1
p23,amc,04_01_25,1
p23,ade,04_01_25,1
p23,gja,04_01_25,1
p23,epf,04_01_25,1
p23,kch,04_01_25,1
p23,ach,04_01_25,1
p23,pin,04_01_25,1
p23,jume,04_01_25,2
p23,mda,04_01_25,2
p23,con,04_01_25,3
p23,js,04_01_25,3
dri,js,04_01_25,1
jtr,js,04_01_25,1
eho,js,04_01_25,1
amc,js,04_01_25,1
ade,js,04_01_25,1
gja,js,04_01_25,1
epf,js,04_01_25,1
kch,js,04_01_25,1
ach,js,04_01_25,1
pin,js,04_01_25,1
jume,js,04_01_25,2
mda,js,04_01_25,2
con,js,04_01_25,1
p297,cqb,22_02_25,1
p297,dca,22_02_25,1
p297,phe,22_02_25,1
p297,jb,22_02_25,2
p297,jcs,22_02_25,1
p297,usm,22_02_25,1
p297,aogo,22_02_25,3
p297,ma,22_02_25,3
cqb,usm,22_02_25,1
dca,usm,22_02_25,1
phe,usm,22_02_25,1
dca,jcs,22_02_25,1
cqb,jcs,22_02_25,1
usm,ma,22_02_25,1
p335,wg,27_02_25,1
p335,jgr,27_02_25,1
p335,can,27_02_25,1
p335,jtr,27_02_25,3
p335,usa,27_02_25,1
p335,canp,27_02_25,1
p335,fp,27_02_25,3
p335,eco,27_02_25,3
wg,can,27_02_25,1
jgr,can,27_02_25,1
canp,can,27_02_25,1
jtr,can,27_02_25,1
usa,eco,27_02_25,1
can,eco,27_02_25,1
usa,fp,27_02_25,1
can,fp,27_02_25,1
p703,s2jh,01_05_25,1
p703,nvda,01_05_25,1
p703,usa,01_05_25,1
s2jh,nvda,01_05_25,1
nvda,usa,01_05_25,1
p704,hy,01_05_25,1
p704,chobani,01_05_25,1
p704,was,01_05_25,1
p704,vgl,01_05_25,1
p704,s,01_05_25,1
p704,s2pw,01_05_25,1
p704,cmaggm,01_05_25,1
p704,bg,01_05_25,1
p704,se,01_05_25,1
p704,s2jj,01_05_25,1
p704,eli,01_05_25,1
p704,novartis,01_05_25,1
p704,genentech,01_05_25,1
p704,a,01_05_25,1
p704,tfs,01_05_25,1
p704,al,01_05_25,1
p704,iv,01_05_25,1
p704,gea,01_05_25,1
p704,usa,01_05_25,1
p704,iv,01_05_25,1
p705,s2mw,01_05_25,1
p705,maru,01_05_25,1
p705,usa,01_05_25,1
p705,un,01_05_25,1
p705,statdep,01_05_25,1
p705,nas,01_05_25,1
maru,nas,01_05_25,1
s2mw,usa,01_05_25,1
s2mw,un,01_05_25,1
maru,statdep,01_05_25,1
s2mw,nas,01_05_25,1
p706,irn,01_05_25,2
p706,usa,01_05_25,1
p706,ses,01_05_25,2
p706,pp,01_05_25,1
usa,irn,01_05_25,2
irn,usa,01_05_25,2
irn,pp,01_05_25,3
usa,pp,01_05_25,2
usa,ses,01_05_25,2
p707,ua,01_05_25,1
p707,s2ca,01_05_25,1
s2ca,ua,01_05_25,1
p708,ww2,01_05_25,1
p708,ww1,01_05_25,1
p708,nh,01_05_25,1
p708,allies,01_05_25,1
p709,d,01_05_25,2
p709,r,01_05_25,1
p709,uscong,01_05_25,2
p709,asch,01_05_25,2
p709,irn,01_05_25,1
p709,isr,01_05_25,1
p709,rus,01_05_25,1
p709,ukr,01_05_25,1
p709,pa,01_05_25,2
p709,inf,01_05_25,1
p709,b,01_05_25,1
p709,ipt,01_05_25,2
pa,d,01_05_25,2
pa,asch,01_05_25,2
pa,uscong,01_05_25,2
ipt,uscong,01_05_25,2
p710,bs,01_05_25,3
p710,fm,01_05_25,3
p710,rpl,01_05_25,3
p710,sr,01_05_25,3
p710,aa,01_05_25,3
p710,bf,01_05_25,3
p710,s2aw,01_05_25,3
p710,s2rg,01_05_25,3
p710,ushmc,01_05_25,3
p710,gh,01_05_25,2
p711,whitney,01_05_25,1
p711,usca6,01_05_25,3
p711,ten,01_05_25,3
p711,pwb,01_05_25,3
p711,sa,01_05_25,1
p711,gws,01_05_25,3
p711,scj,01_05_25,3
p711,gws,01_05_25,3
p711,s2con,01_05_25,3
p711,s2rol,01_05_25,3
whitney,gws,01_05_25,1
whitney,usca6,01_05_25,1
whitney,s2con,01_05_25,1
sa,s2con,01_05_25,1
whitney,s2rol,01_05_25,1
sa,s2rol,01_05_25,1
whitney,pwb,01_05_25,1
p712,harv,02_05_25,2
p712,ta,02_05_25,2
p713,gas,02_05_25,1
p713,groceries,02_05_25,1
p713,eggs,02_05_25,1
p713,ep,02_05_25,1
p713,mortgage,02_05_25,1
p713,employment,02_05_25,1
p713,tariffs,02_05_25,1
p713,fedr,02_05_25,1
p713,inf,02_05_25,1
p714,ua,02_05_25,1
p715,judg,03_05_25,2
p715,usa,03_05_25,3
p715,cr,03_05_25,2
p715,mu,03_05_25,2
p715,dep,03_05_25,2
p716,d,04_05_25,2
p717,usa,04_05_25,1
p718,jocon,04_05_25,1
p718,tgce,04_05_25,1
p718,campa,04_05_25,1
p718,media,04_05_25,2
p718,usa,04_05_25,1
tgce,boo,04_05_25,1
p718,boo,04_05_25,1
p719,hk,04_05_25,3
p719,cnn,04_05_25,2
p719,msnbc,04_05_25,2
p719,media,04_05_25,2
p719,s2bd,04_05_25,1
p720,alc,04_05_25,1
p720,bop,04_05_25,1
p720,doj,04_05_25,1
p720,fbi,04_05_25,1
p720,dohs,04_05_25,1
p720,judg,04_05_25,3
p720,usa,04_05_25,1
p720,cr,04_05_25,2
p721,film,04_05_25,2
p721,hol,04_05_25,2
p721,usa,04_05_25,2
p721,fc,04_05_25,2
p721,doco,04_05_25,3
p721,ustr,04_05_25,3
p721,tariffs,04_05_25,1
p721,nas,04_05_25,2
p722,s2kr,04_05_25,2
p722,fone,04_05_25,2
s2kr,fone,04_05_25,2
p723,re,05_05_25,1
p723,tur,05_05_25,1
p723,rus,05_05_25,1
p723,ukr,05_05_25,1
p723,syr,05_05_25,1
p723,gaz,05_05_25,1
p723,usa,05_05_25,1
p723,ab,05_05_25,1
p723,wru,05_05_25,3
p723,wdc,05_05_25,1
re,usa,05_05_25,1
usa,re,05_05_25,1
re,ab,05_05_25,1
usa,ab,05_05_25,1
re,wdc,05_05_25,1
usa,tur,05_05_25,1
p724,s2nfl,05_05_25,1
p724,wdc,05_05_25,1
p725,maga,05_05_25,3
p725,camp,05_05_25,3
p725,elec,05_05_25,3
p725,usgov,05_05_25,3
p725,usa,05_05_25,3
p726,usa,05_05_25,1
p726,ww1,05_05_25,1
p726,ww2,05_05_25,1
p726,all,05_05_25,1
p726,s2hol,05_05_25,1
p726,af,05_05_25,1
p726,pair,05_05_25,1
p726,ic,05_05_25,1
p726,caaa,05_05_25,1
p726,nas,05_05_25,1
p726,maga,05_05_25,1
usa,ww1,05_05_25,1
usa,ww2,05_05_25,1
usa,all,05_05_25,1
usa,s2hol,05_05_25,1
ww1,s2hol,05_05_25,1
ww2,s2hol,05_05_25,1
af,usa,05_05_25,1
af,maga,05_05_25,1
pair,all,05_05_25,1
ww1,nas,05_05_25,1
ww2,nas,05_05_25,1
p727,philw,05_05_25,2
p727,tip,05_05_25,1
p727,aogo,05_05_25,2
p727,doj,05_05_25,3
p727,d,05_05_25,2
p727,s2ms13,05_05_25,2
p727,colo,05_05_25,3
p727,d,05_05_25,2
p727,d,05_05_25,2
p727,ef,05_05_25,2
p727,lp,05_05_25,2
p727,js,05_05_25,2
p727,cr,05_05_25,2
p727,mu,05_05_25,2
p727,nas,05_05_25,2
p727,pa,05_05_25,2
philw,ef,05_05_25,2
philw,cr,05_05_25,2
philw,mu,05_05_25,2
tip,lp,05_05_25,1
tip,js,05_05_25,1
tip,pa,05_05_25,2
s2dp,ef,05_05_25,2
s2dp,d,05_05_25,2
s2ms13,nas,05_05_25,2
doj,tip,05_05_25,1
ill,cr,05_05_25,2
s2pw,ill,05_05_25,2
s2pw,tip,05_05_25,2
p728,s2em,05_05_25,1
p728,rfkj,05_05_25,1
p728,dojdc,05_05_25,3
p728,repsen,05_05_25,1
p728,jb,05_05_25,2
p728,aogo,05_05_25,1
p728,med,05_05_25,1
p728,af,05_05_25,1
p728,maga,05_05_25,1
s2em,aogo,05_05_25,1
s2em,med,05_05_25,1
s2em,maga,05_05_25,1
rfkj,s2em,05_05_25,1
jb,med,05_05_25,2
repsen,s2em,05_05_25,1
aogo,s2em,05_05_25,1
med,jb,05_05_25,2
p729,s2nfl,05_05_25,1
p729,draft,05_05_25,1
p729,wdc,05_05_25,1
p729,s2nm,05_05_25,1
p729,ba,05_05_25,1
p729,caaa,05_05_25,1
p729,af,05_05_25,1
s2nfl,draft,05_05_25,1
draft,wdc,05_05_25,1
wdc,s2nm,05_05_25,1
draft,s2nm,05_05_25,1
p730,eo,05_05_25,1
p730,gof,05_05_25,2
p730,med,05_05_25,1
p730,nas,05_05_25,1
p730,caaa,05_05_25,1
eo,gof,05_05_25,1
gof,nas,05_05_25,2
gof,med,05_05_25,2
eo,nas,05_05_25,1
p731,rfkj,05_05_25,1
p731,jb,05_05_25,2
p731,spc,05_05_25,1
p731,cor,05_05_25,2
p731,med,05_05_25,1
p731,d,05_05_25,2
rfkj,spc,05_05_25,1
rfkj,cor,05_05_25,2
rfkj,med,05_05_25,1
jb,med,05_05_25,2
spc,cor,05_05_25,1
cor,jb,05_05_25,2
p732,marcar,05_05_25,1
p732,can,05_05_25,3
p732,usa,05_05_25,3
p732,pair,05_05_25,1
p732,ic,05_05_25,2
p732,t,05_05_25,2
p732,ep,05_05_25,2
p732,nas,05_05_25,2
p732,af,05_05_25,1
marcar,can,05_05_25,3
marcar,pair,05_05_25,1
usa,can,05_05_25,2
usa,t,05_05_25,2
usa,nas,05_05_25,1
can,usa,05_05_25,2
can,pair,05_05_25,1
t,can,05_05_25,2
ep,can,05_05_25,2
p733,s2ag,06_05_25,1
p733,carcor,06_05_25,1
p733,fifa,06_05_25,1
p733,usf,06_05_25,1
p733,ptf,06_05_25,1
p733,aogo,06_05_25,1
p733,ba,06_05_25,1
p733,pair,06_05_25,1
p733,caaa,06_05_25,1
s2ag,ptf,06_05_25,1
s2ag,aogo,06_05_25,1
carcor,fifa,06_05_25,1
carcor,usf,06_05_25,1
fifa,ba,06_05_25,1
ptf,fifa,06_05_25,1
p734,s2jd,06_05_25,1
p734,mis,06_05_25,1
p734,clth,06_05_25,1
p734,johaw,06_05_25,1
p734,js,06_05_25,1
p734,aogo,06_05_25,1
p734,af,06_05_25,1
s2jd,mis,06_05_25,1
s2jd,js,06_05_25,1
mis,clth,06_05_25,1
mis,js,06_05_25,1
jt,johaw,06_05_25,1
jt,js,06_05_25,1
johaw,aogo,06_05_25,1
johaw,af,06_05_25,1
js,s2jd,06_05_25,1
s2rol,s2jd,06_05_25,1
p734,s2rol,06_05_25,1
p734,s2jd,06_05_25,1
p735,zb,06_05_25,1
p735,usao,06_05_25,1
p735,ge,06_05_25,1
p735,ox,06_05_25,1
p735,harv,06_05_25,1
p735,js,06_05_25,1
p735,cr,06_05_25,1
p735,le,06_05_25,1
p735,aogo,06_05_25,1
p735,js,06_05_25,1
zb,usao,06_05_25,1
zb,js,06_05_25,1
usao,cr,06_05_25,1
usao,js,06_05_25,1
ge,le,06_05_25,1
ge,js,06_05_25,1
ox,aogo,06_05_25,1
ox,js,06_05_25,1
harv,cr,06_05_25,1
harv,js,06_05_25,1
js,le,06_05_25,1
cr,aogo,06_05_25,1
cr,le,06_05_25,1
le,js,06_05_25,1
le,aogo,06_05_25,1
usdc,zb,06_05_25,1
edom,zb,06_05_25,1
p736,s2ml,06_05_25,1
p736,pds,06_05_25,1
p736,go,06_05_25,1
p736,uc,06_05_25,1
p736,js,06_05_25,1
p736,le,06_05_25,1
s2ml,pds,06_05_25,1
s2ml,js,06_05_25,1
pds,js,06_05_25,1
pds,le,06_05_25,1
uc,js,06_05_25,1
uc,le,06_05_25,1
edom,s2ml,06_05_25,1
j,s2ml,06_05_25,1
p736,j,06_05_25,
p736,edom,06_05_25,
p737,cr,06_05_25,2
p737,edom,06_05_25,1
p737,pat,06_05_25,1
p737,cs,06_05_25,1
p737,mcoa,06_05_25,1
p737,mago,06_05_25,1
p737,usao,06_05_25,1
p737,js,06_05_25,1
p737,le,06_05_25,1
p737,aogo,06_05_25,1
cs,mcoa,06_05_25,1
cs,mago,06_05_25,1
cs,usao,06_05_25,1
cs,js,06_05_25,1
mcoa,js,06_05_25,1
mago,js,06_05_25,1
usao,le,06_05_25,1
js,aogo,06_05_25,1
le,aogo,06_05_25,1
cs,pat,06_05_25,1
p738,eoc,06_05_25,1
p738,scdc,06_05_25,1
p738,usadc,06_05_25,1
p738,js,06_05_25,1
p738,le,06_05_25,1
p738,aogo,06_05_25,1
p738,crm,06_05_25,1
p738,dr,,
p738,js,06_05_25,1
eoc,scdc,06_05_25,1
eoc,usadc,06_05_25,1
eoc,js,06_05_25,1
eoc,le,06_05_25,1
scdc,js,06_05_25,1
usadc,js,06_05_25,1
js,aogo,06_05_25,1
le,aogo,06_05_25,1
crm,js,06_05_25,3
dr,js,06_05_25,3
p739,brbl,06_05_25,1
p739,nce,06_05_25,1
p739,ny,06_05_25,1
p739,elec,06_05_25,1
p739,ec,06_05_25,1
p739,le,06_05_25,1
p739,im,06_05_25,1
p739,cvr,06_05_25,1
brbl,elec,06_05_25,1
brbl,ec,06_05_25,1
brbl,le,06_05_25,1
brbl,im,06_05_25,1
brbl,cvr,06_05_25,1
nce,elec,06_05_25,1
ny,elec,06_05_25,1
elec,ec,06_05_25,1
ec,elec,06_05_25,1
le,elec,06_05_25,1
im,elec,06_05_25,1
cvr,elec,06_05_25,1
brbl,maga,06_05_25,1
p739,maga,06_05_25,1
brbl,ta,06_05_25,1
p739,ta,06_05_25,1
brbl,mig,06_05_25,2
p739,mig,06_05_25,2
brbl,sec,06_05_25,1
p739,sec,06_05_25,1
brbl,nas,06_05_25,1
p739,nas,06_05_25,
p740,bhmc,06_05_25,1
p740,sf,06_05_25,1
p740,tf,06_05_25,1
p740,jz,06_05_25,1
p740,rns,06_05_25,1
p740,burkan,06_05_25,1
p740,s2ll,06_05_25,1
p740,bs,06_05_25,1
p740,fm,06_05_25,1
p740,rpl,06_05_25,1
p740,sr,06_05_25,1
p740,aa,06_05_25,1
p740,bf,06_05_25,1
p740,s2aw,06_05_25,1
p740,s2rg,06_05_25,1
p740,aogo,06_05_25,1
p740,s2fp,06_05_25,1
p740,bhmc,06_05_25,1
sf,bhmc,06_05_25,1
tf,bhmc,06_05_25,1
jz,bhmc,06_05_25,1
rns,bhmc,06_05_25,1
burkan,bhmc,06_05_25,1
s2ll,bhmc,06_05_25,1
bs,bhmc,06_05_25,1
fm,bhmc,06_05_25,1
rpl,bhmc,06_05_25,1
sr,bhmc,06_05_25,1
aa,bhmc,06_05_25,1
bf,bhmc,06_05_25,1
s2aw,bhmc,06_05_25,1
s2rg,aogo,06_05_25,1
bhmc,s2fp,06_05_25,1
p741,milaw,06_05_25,1
p741,ny17,06_05_25,1
p741,ny,06_05_25,1
p741,elec,06_05_25,1
p741,im,06_05_25,1
p741,ec,06_05_25,1
p741,ep,06_05_25,1
p741,le,06_05_25,1
p741,cvr,06_05_25,1
milaw,elec,06_05_25,1
milaw,im,06_05_25,1
milaw,ec,06_05_25,1
milaw,ep,06_05_25,1
milaw,le,06_05_25,1
milaw,cvr,06_05_25,1
milaw,ny17,06_05_25,1
ny17,elec,06_05_25,1
elec,milaw,06_05_25,1
im,milaw,06_05_25,1
ec,milaw,06_05_25,1
ep,milaw,06_05_25,1
le,milaw,06_05_25,1
cvr,milaw,06_05_25,1
p742,whftf,06_05_25,1
p742,fifa,06_05_25,1
p742,cwc25,06_05_25,1
p742,wc26,06_05_25,1
p742,fpp,06_05_25,1
p742,caaa,06_05_25,1
p742,pm,06_05_25,1
whftf,pm,06_05_25,1
fifa,fpp,06_05_25,1
cwc25,fpp,06_05_25,1
wc26,fpp,06_05_25,1
p743,s2lj,06_05_25,1
p743,fofr,06_05_25,1
p743,mc,06_05_25,1
s2lj,fofr,06_05_25,1
fofr,tva,06_05_25,1
mc,p,06_05_25,1
p743,tva,07_05_25,1
p744,kh,07_05_25,2
p744,cbs,07_05_25,2
p744,para,07_05_25,2
p744,fcc,07_05_25,2
p744,emmy,07_05_25,2
p744,ef,07_05_25,2
p744,mc,07_05_25,2
p744,fn,07_05_25,2
p744,lp,07_05_25,2
p744,d,07_05_25,2
p744,s2aa,07_05_25,2
kh,ef,07_05_25,2
cbs,mc,07_05_25,2
fcc,lp,07_05_25,2
emmy,s2aa,07_05_25,2
p744,lp,07_05_25,2
p745,vdww2,07_05_25,1
p745,ww2,07_05_25,1
p745,hist,07_05_25,1
p745,caaa,07_05_25,1
vdww2,ww2,07_05_25,1
ww2,hist,07_05_25,1
p746,s2dp,07_05_25,1
p746,chn,07_05_25,1
p746,amb,07_05_25,1
p746,aogo,07_05_25,1
p746,pair,07_05_25,1
s2dp,chn,07_05_25,1
s2dp,pair,07_05_25,1
chn,ic,07_05_25,1
p747,s2cm,07_05_25,1
p747,sg,07_05_25,1
p747,dohhs,07_05_25,1
p747,rfkj,07_05_25,1
p747,s2jn,07_05_25,1
p747,aogo,07_05_25,1
s2cm,sg,07_05_25,1
s2cm,med,07_05_25,1
rfkj,dohhs,07_05_25,1
s2jn,dohhs,07_05_25,1
p748,bbb,07_05_25,1
p748,ta,07_05_25,1
p748,inf,07_05_25,1
p748,af,07_05_25,1
bbb,ta,07_05_25,1
p748,maga,07_05_25,1
ta,maga,07_05_25,1
p749,td,07_05_25,1
p749,eco,07_05_25,1
p749,af,07_05_25,1
td,eco,07_05_25,1
td,af,07_05_25,1
p750,td,08_05_25,1
p750,af,08_05_25,1
td,af,08_05_25,1
p750,uk,08_05_25,1
p750,usa,08_05_25,1
usa,uk,08_05_25,1
uk,usa,08_05_25,1
uk,td,08_05_25,1
p751,af,08_05_25,1
p752,inf,08_05_25,1
p752,eco,08_05_25,1
p752,ep,08_05_25,1
p752,ta,08_05_25,1
eco,inf,08_05_25,1
ta,eco,08_05_25,1
ep,eco,08_05_25,1
p753,pm,08_05_25,3
p753,ba,08_05_25,2
p753,pa,08_05_25,2
ba,pa,08_05_25,2
p754,uk,08_05_25,1
p754,t,08_05_25,1
p754,pm,08_05_25,1
p754,nas,08_05_25,1
t,nas,08_05_25,1
pm,nas,08_05_25,1
nas,t,08_05_25,1
p754,td,08_05_25,1
p754,uk,08_05_25,1
td,uk,08_05_25,1
td,t,08_05_25,1
p755,crfp,08_05_25,1
p755,s2pl,08_05_25,1
p755,rb,08_05_25,1
p755,aogo,08_05_25,1
p756,hl,08_05_25,1
p756,caaa,08_05_25,2
p756,ta,08_05_25,1
p756,pm,08_05_25,1
hl,caaa,08_05_25,1
hl,ta,08_05_25,1
p757,rus,08_05_25,1
p757,ukr,08_05_25,1
p757,eu,08_05_25,1
p757,pair,08_05_25,1
rus,ukr,08_05_25,1
ukr,rus,08_05_25,1
rus,pair,08_05_25,1
ukr,pair,08_05_25,1
p758,uk,08_05_25,1
p758,afarm,08_05_25,1
p758,ranch,08_05_25,1
p758,pm,08_05_25,1
afarm,ranch,08_05_25,1
ranch,afarm,08_05_25,1
afarm,t,08_05_25,1
ranch,t,08_05_25,1
p759,s2mb,08_05_25,1
p759,usm,08_05_25,1
p759,va,08_05_25,1
p759,le,08_05_25,1
p759,s2sb,08_05_25,1
p759,ta,08_05_25,1
p759,s2en,08_05_25,1
p759,sec,08_05_25,1
p759,af,08_05_25,1
p759,le,,
s2mb,usm,08_05_25,1
s2mb,va,08_05_25,1
s2mb,le,08_05_25,1
s2mb,s2sb,08_05_25,1
s2mb,af,08_05_25,1
s2mb,crm,,
p760,zn,08_05_25,1
p760,eco,08_05_25,1
p760,ta,08_05_25,1
p760,afarm,08_05_25,1
p760,s2sb,08_05_25,1
p760,usm,08_05_25,1
p760,va,08_05_25,1
p760,pts,08_05_25,1
p760,sa,08_05_25,1
zn,eco,08_05_25,1
zn,ta,08_05_25,1
zn,usm,08_05_25,1
zn,va,08_05_25,1
zn,sa,08_05_25,1
p761,s2jk,08_05_25,1
p761,usm,08_05_25,1
p761,va,08_05_25,1
p761,pts,08_05_25,1
p761,s2sb,08_05_25,1
p761,eco,08_05_25,1
p761,ep,08_05_25,1
p761,sec,08_05_25,1
s2jk,usm,08_05_25,1
s2jk,va,08_05_25,1
s2jk,eco,08_05_25,1
s2jk,ep,08_05_25,1
s2jk,sec,08_05_25,1
p762,s2nb,08_05_25,1
p762,af,08_05_25,1
p762,eco,08_05_25,1
p762,ta,08_05_25,1
p762,gw,08_05_25,1
p762,s2sb,08_05_25,1
p762,s2id,08_05_25,1
p762,usm,08_05_25,1
p762,va,08_05_25,1
p762,ep,08_05_25,3
p762,sec,08_05_25,1
p762,m,08_05_25,1
p762,crm,08_05_25,1
m,crm,08_05_25,2
s2nb,eco,08_05_25,1
s2nb,ta,08_05_25,1
s2nb,s2sb,08_05_25,1
s2nb,usm,08_05_25,1
s2nb,va,08_05_25,1
s2nb,ep,08_05_25,1
p763,robr,08_05_25,1
p763,eco,08_05_25,1
p763,ta,08_05_25,1
p763,gw,08_05_25,1
p763,s2sb,08_05_25,1
p763,usm,08_05_25,1
p763,va,08_05_25,1
p763,sa,08_05_25,1
rb,eco,08_05_25,1
rb,ta,08_05_25,1
rb,s2sb,08_05_25,1
rb,usm,08_05_25,1
rb,va,08_05_25,1
p764,s2tb,08_05_25,1
p764,eco,08_05_25,1
p764,ta,08_05_25,1
p764,s2sb,08_05_25,1
p764,le,08_05_25,1
p764,usm,08_05_25,1
p764,va,08_05_25,1
p764,sec,08_05_25,1
p764,pts,08_05_25,1
s2tb,eco,08_05_25,1
s2tb,ta,08_05_25,1
s2tb,s2sb,08_05_25,1
s2tb,usm,08_05_25,1
s2tb,va,08_05_25,1
p765,tk,08_05_25,1
p765,af,08_05_25,1
p765,s2sb,08_05_25,1
p765,le,08_05_25,1
p765,eco,08_05_25,1
p765,ta,08_05_25,1
p765,sbiz,08_05_25,1
p765,s2en,08_05_25,1
p765,usm,08_05_25,1
p765,va,08_05_25,1
p765,sec,08_05_25,1
tk,eco,08_05_25,1
tk,ta,08_05_25,1
tk,s2sb,08_05_25,1
tk,usm,08_05_25,1
tk,va,08_05_25,1
tk,ep,08_05_25,1
p765,crm,08_05_25,1
p766,ryma,08_05_25,1
p766,af,08_05_25,1
p766,eco,08_05_25,1
p766,ta,08_05_25,1
p766,s2sb,08_05_25,1
p766,usm,08_05_25,1
p766,va,08_05_25,1
p766,ep,08_05_25,1
p766,sec,08_05_25,1
ryma,eco,08_05_25,1
ryma,ta,08_05_25,1
ryma,s2sb,08_05_25,1
ryma,usm,08_05_25,1
ryma,va,08_05_25,1
p767,ra,08_05_25,1
p767,r,08_05_25,1
p767,lee,08_05_25,1
p767,spc,08_05_25,1
ra,r,08_05_25,1
lee,r,08_05_25,1
spc,r,08_05_25,1
p768,jm,08_05_25,1
p768,s2rp,08_05_25,1
p768,af,08_05_25,1
p768,secel,08_05_25,1
jm,s2rp,08_05_25,1
jm,af,08_05_25,1
p769,jmck,08_05_25,1
p769,s2rp,08_05_25,1
p769,af,08_05_25,1
p769,win,08_05_25,1
jmck,s2rp,08_05_25,1
jmck,af,08_05_25,1
p770,jsim,08_05_25,1
p770,nocarrep,08_05_25,1
p770,af,08_05_25,1
p770,win,08_05_25,1
jsim,nocarrep,08_05_25,1
jsim,af,08_05_25,1
p771,jeanine,08_05_25,1
p771,usaatt,08_05_25,1
p771,fone,08_05_25,1
p771,five,08_05_25,1
jeanine,js,08_05_25,1
jeanine,dv,08_05_25,1
jeanine,hist,08_05_25,1
usaatt,js,08_05_25,1
usaatt,hist,08_05_25,1
fone,five,08_05_25,1
p772,s2em,08_05_25,1
p772,doj,08_05_25,1
p772,wdg,08_05_25,1
p772,asdep,08_05_25,1
s2em,js,08_05_25,1
s2em,pardatto,08_05_25,1
s2em,wdg,08_05_25,1
s2em,asdep,08_05_25,1
s2em,pardatto,08_05_25,1
doj,wdg,08_05_25,1
doj,asdep,08_05_25,1
p773,chn,09_05_25,1
p773,usa,09_05_25,1
p773,pm,09_05_25,1
chn,pair,09_05_25,1
chn,nas,09_05_25,1
usa,pair,09_05_25,1
usa,nas,09_05_25,1
pm,pair,09_05_25,1
pm,nas,09_05_25,1
p774,chn,09_05_25,1
p774,t,09_05_25,1
chn,t,09_05_25,1
chn,nas,09_05_25,1
t,nas,09_05_25,1
p775,d,09_05_25,2
p775,d,09_05_25,2
p775,ta,09_05_25,3
d,ta,09_05_25,3
d,ta,09_05_25,3
p776,t,09_05_25,3
p777,inf,09_05_25,3
p777,fn,09_05_25,2
inf,fn,09_05_25,2
p778,mc,09_05_25,2
p778,d,09_05_25,2
mc,d,09_05_25,2
p779,poole,09_05_25,1
p779,nyp,09_05_25,1
p779,wsj,09_05_25,1
poole,wsj,09_05_25,1
nyp,chn,09_05_25,2
p780,stephanie,09_05_25,2
p780,msdnc,09_05_25,2
p780,brair,09_05_25,1
ba,uk,09_05_25,1
uk,brair,09_05_25,1
msdnc,brar,09_05_25,2
stephanie,pa,09_05_25,2
p781,apl,09_05_25,1
p781,usm,09_05_25,1
p781,ta,09_05_25,1
p781,sec,09_05_25,1
apl,af,09_05_25,1
apl,ep,09_05_25,1
usm,ta,09_05_25,1
p782,s2jojo,09_05_25,1
p782,usm,09_05_25,1
p782,sec,09_05_25,1
s2jojo,af,09_05_25,1
s2jojo,ep,09_05_25,1
usm,sec,09_05_25,1
p783,s2tw,09_05_25,1
p783,s2edu,09_05_25,1
p783,usm,09_05_25,1
p783,sec,09_05_25,1
s2tw,s2pr,09_05_25,1
s2tw,ep,09_05_25,1
s2tw,usm,09_05_25,1
p784,vf,09_05_25,1
p784,af,09_05_25,1
p784,ta,09_05_25,1
p784,usm,09_05_25,1
vf,sec,09_05_25,1
vf,eco,09_05_25,1
vf,sec,09_05_25,1
p785,moore,09_05_25,1
p785,af,09_05_25,1
p785,eco,09_05_25,1
p785,ta,09_05_25,1
p785,usm,09_05_25,1
moore,s2rol,09_05_25,1
moore,sec,09_05_25,1
moore,usm,09_05_25,1
p786,carol,09_05_25,1
p786,af,09_05_25,1
p786,eco,09_05_25,1
p786,ta,09_05_25,1
p786,usm,09_05_25,1
carol,reg,09_05_25,1
carol,ep,09_05_25,1
carol,sec,09_05_25,1
p787,eo,09_05_25,2
p787,im,09_05_25,2
p787,dep,09_05_25,2
eo,im,09_05_25,2
im,dep,09_05_25,2
dep,nas,09_05_25,2
p787,il,09_05_25,2
il,im,09_05_25,2
p788,usa,10_05_25,1
p788,ind,10_05_25,1
p788,pak,10_05_25,1
p788,cf,10_05_25,1
usa,s2ir,10_05_25,1
ind,cf,10_05_25,1
pak,cf,10_05_25,1
p789,s2sj,10_05_25,1
p789,boo,10_05_25,1
p789,maga,10_05_25,1
p789,cnn,10_05_25,1
s2sj,maga,10_05_25,1
s2sj,fn,10_05_25,1
boo,maga,10_05_25,1
p790,chn,10_05_25,1
p790,usa,10_05_25,1
p790,pair,10_05_25,1
chn,usa,10_05_25,1
chn,pair,10_05_25,1
usa,pair,10_05_25,1
p791,ind,10_05_25,1
p791,pak,10_05_25,1
p791,usa,10_05_25,1
p791,pair,10_05_25,1
ind,pak,10_05_25,1
ind,usa,10_05_25,1
ind,pair,10_05_25,1
pak,usa,10_05_25,1
pak,pair,10_05_25,1
usa,pair,10_05_25,1
p792,rus,11_05_25,1
p792,ukr,11_05_25,1
p792,usa,11_05_25,1
p792,pair,11_05_25,1
p792,b,11_05_25,3
rus,ukr,11_05_25,1
rus,usa,11_05_25,1
rus,b,11_05_25,3
ukr,usa,11_05_25,1
ukr,b,11_05_25,3
usa,pair,11_05_25,1
p793,techbros,11_05_25,2
p793,creators,11_05_25,3
p793,caaa,11_05_25,3
techbros,creators,11_05_25,2
techbros,caaa,11_05_25,2
creators,caaa,11_05_25,3
p794,vp,11_05_25,2
p794,ukr,11_05_25,1
p794,usa,11_05_25,1
p794,eulea,11_05_25,3
p794,pair,11_05_25,1
p794,b,11_05_25,3
vp,ukr,11_05_25,2
vp,usa,11_05_25,2
vp,pair,11_05_25,2
ukr,usa,11_05_25,1
ukr,pair,11_05_25,1
ukr,b,11_05_25,3
usa,pair,11_05_25,1
usa,b,11_05_25,3
eulea,pair,11_05_25,3
p795,illali,11_05_25,2
p795,cousys,11_05_25,2
p795,lawyers,11_05_25,1
p795,usa,11_05_25,1
p795,crm,11_05_25,3
illali,cousys,11_05_25,2
illali,usa,11_05_25,2
illali,s2cm,11_05_25,2
cousys,usa,11_05_25,2
cousys,crm,11_05_25,2
lawyers,usa,11_05_25,1
lawyers,crm,11_05_25,1
p795,maga,11_05_25,1
p796,d,11_05_25,2
p796,usa,11_05_25,1
p796,t,11_05_25,1
p796,tarpol,11_05_25,1
d,usa,11_05_25,2
d,t,11_05_25,2
usa,t,11_05_25,1
usa,tarpol,11_05_25,1
t,tarpol,11_05_25,1
p796,maga,11_05_25,1
p797,phco,11_05_25,2
p797,drucomp,11_05_25,2
p797,d,11_05_25,3
p797,r,11_05_25,1
p797,usa,11_05_25,1
p797,med,11_05_25,3
p797,maga,11_05_25,3
phco,usa,11_05_25,2
phco,med,11_05_25,2
drucomp,usa,11_05_25,2
drucomp,med,11_05_25,2
d,usa,11_05_25,3
d,med,11_05_25,3
r,usa,11_05_25,1
r,med,11_05_25,1
usa,med,11_05_25,1
usa,maga,11_05_25,3
p798,edaalexa,11_05_25,1
p798,usa,11_05_25,1
p798,qat,11_05_25,1
p798,egy,11_05_25,1
p798,pair,11_05_25,1
edaalexa,usa,11_05_25,1
edaalexa,qat,11_05_25,1
edaalexa,egy,11_05_25,1
edaalexa,pair,11_05_25,1
usa,qat,11_05_25,1
usa,egy,11_05_25,1
usa,pair,11_05_25,1
qat,egy,11_05_25,1
qat,pair,11_05_25,1
egy,pair,11_05_25,1
p799,marrad,11_05_25,2
p799,abc,11_05_25,2
p799,s2pl,11_05_25,3
p799,boig,11_05_25,1
p799,maga,11_05_25,3
p799,mc,11_05_25,3
marrad,abc,11_05_25,2
marrad,s2pl,11_05_25,3
marrad,mc,11_05_25,2
abc,mc,11_05_25,2
boig,maga,11_05_25,1
p800,defdep,11_05_25,1
p800,d,11_05_25,2
p800,af1,11_05_25,1
p800,maga,11_05_25,3
p800,caaa,11_05_25,3
defdep,af1,11_05_25,1
defdep,caaa,11_05_25,1
d,caaa,11_05_25,2
af1,caaa,11_05_25,1
p801,edaalexa,12_05_25,1
p801,ham,12_05_25,1
p801,pair,12_05_25,3
edaalexa,ham,12_05_25,1
ham,pair,12_05_25,1
edaalexa,pair,12_05_25,1
p802,med,12_05_25,1
p802,phco,12_05_25,1
p802,drucomp,12_05_25,1
p802,ep,12_05_25,1
p802,inf,12_05_25,1
med,phco,12_05_25,1
med,drucomp,12_05_25,1
ep,inf,12_05_25,1
p803,edaalexa,12_05_25,1
p803,pair,12_05_25,3
edaalexa,pair,12_05_25,1
p804,seckenn,12_05_25,1
p804,o,12_05_25,2
p804,suc,12_05_25,3
seckenn,o,12_05_25,2
seckenn,suc,12_05_25,1
o,suc,12_05_25,3
p805,jaybh,12_05_25,1
p805,med,12_05_25,1
p805,phco,12_05_25,1
p805,drucomp,12_05_25,1
jaybh,med,12_05_25,1
jaybh,phco,12_05_25,1
jaybh,drucomp,12_05_25,1
med,phco,12_05_25,1
med,drucomp,12_05_25,1
phco,drucomp,12_05_25,1
p806,phco,12_05_25,2
p806,med,12_05_25,1
phco,med,12_05_25,2
p807,med,12_05_25,1
p807,phco,12_05_25,1
p807,drucomp,12_05_25,1
med,phco,12_05_25,1
med,drucomp,12_05_25,1
phco,drucomp,12_05_25,1
p808,repsen,12_05_25,1
p808,jasm,12_05_25,1
p808,brgu,12_05_25,1
p808,gtt,12_05_25,1
p808,o,12_05_25,2
p808,med,12_05_25,1
p808,phco,12_05_25,1
p808,drucomp,12_05_25,1
p808,t,12_05_25,1
p808,caaa,12_05_25,3
p808,maga,12_05_25,3
p808,suc,12_05_25,3
repsen,jasm,12_05_25,1
repsen,brgu,12_05_25,1
repsen,gtt,12_05_25,1
repsen,o,12_05_25,2
jasm,o,12_05_25,2
brgu,o,12_05_25,2
gtt,o,12_05_25,2
med,phco,12_05_25,1
med,drucomp,12_05_25,1
t,caaa,12_05_25,1
phco,caaa,12_05_25,1
drucomp,caaa,12_05_25,1
maga,caaa,12_05_25,3
suc,caaa,12_05_25,3
p809,med,12_05_25,1
p809,phco,12_05_25,1
p809,drucomp,12_05_25,1
med,phco,12_05_25,1
med,drucomp,12_05_25,1
phco,drucomp,12_05_25,1
p810,mu,12_05_25,2
p810,cr,12_05_25,2
p810,d,12_05_25,2
p810,le,12_05_25,1
mu,cr,12_05_25,2
mu,d,12_05_25,2
cr,d,12_05_25,2
le,mu,12_05_25,1
le,cr,12_05_25,1
le,d,12_05_25,1
p811,jaci,12_05_25,1
p811,maga,12_05_25,3
p811,repsen,12_05_25,1
p811,d,12_05_25,2
p811,mu,12_05_25,2
p811,cr,12_05_25,2
p811,usm,12_05_25,1
p811,ep,12_05_25,1
p811,sec,12_05_25,1
p811,ta,12_05_25,1
p811,suc,12_05_25,3
jaci,maga,12_05_25,3
jaci,repsen,12_05_25,1
jaci,d,12_05_25,2
jaci,mu,12_05_25,2
jaci,cr,12_05_25,2
jaci,usm,12_05_25,1
jaci,ep,12_05_25,1
jaci,sec,12_05_25,1
jaci,ta,12_05_25,1
jaci,suc,12_05_25,3
repsen,jaci,12_05_25,1
repsen,usm,12_05_25,1
repsen,ep,12_05_25,1
repsen,ta,12_05_25,1
d,jaci,12_05_25,2
d,mu,12_05_25,2
d,cr,12_05_25,2
usm,ep,12_05_25,1
usm,ta,12_05_25,1
ep,ta,12_05_25,1
p812,le,12_05_25,1
p813,jocon,12_05_25,1
p813,boo,12_05_25,1
p813,fn,12_05_25,2
p813,mc,12_05_25,2
jocon,boo,12_05_25,1
jocon,fn,12_05_25,1
jocon,mc,12_05_25,1
fn,mc,12_05_25,2
p814,med,12_05_25,1
p814,phco,12_05_25,1
p814,drucomp,12_05_25,1
med,phco,12_05_25,1
med,drucomp,12_05_25,1
phco,drucomp,12_05_25,1
p815,caaa,13_05_25,2
p815,ep,13_05_25,1
p815,inf,13_05_25,1
ep,inf,13_05_25,1
caaa,ep,13_05_25,2
caaa,inf,13_05_25,2
p815,fed,13_05_25,3
p816,sh,13_05_25,1
p816,p,13_05_25,3
p816,tva,13_05_25,3
sh,p,13_05_25,1
sh,tva,13_05_25,1
p,tva,13_05_25,3
p817,s2usaf,13_05_25,1
p817,dod,13_05_25,1
p817,qat,13_05_25,1
p817,boei,13_05_25,3
p817,usm,13_05_25,1
p817,ta,13_05_25,1
p817,usgov,13_05_25,1
p817,maga,13_05_25,1
qat,s2usaf,13_05_25,1
qat,usgov,13_05_25,1
s2usaf,dod,13_05_25,3
usm,ta,13_05_25,1
usgov,maga,13_05_25,1
p818,wh,14_05_25,1
p818,riy,14_05_25,1
p818,abu,14_05_25,1
p818,miea,14_05_25,1
p818,regp,14_05_25,1
p818,neo,14_05_25,2
p818,libnp,14_05_25,2
regp,miea,14_05_25,1
riy,miea,14_05_25,1
abu,miea,14_05_25,1
neo,libnp,14_05_25,1
p819,scot,15_05_25,1
p819,usa,15_05_25,1
p819,brc,15_05_25,3
p819,cartel,15_05_25,2
p819,ill,15_05_25,2
p819,s2pc,15_05_25,2
p819,cw,15_05_25,3
p819,cong,15_05_25,3
p819,bos,15_05_25,1
ill,cartel,15_05_25,1
cw,bos,15_05_25,1
cong,brc,15_05_25,3
p820,cw,15_05_25,3
p820,cip,15_05_25,2
p820,brc,15_05_25,3
cw,brc,15_05_25,3
brc,cip,15_05_25,2
p821,d,16_05_25,2
p821,scot,16_05_25,1
p821,elec,16_05_25,3
p821,people,16_05_25,1
p821,maga,16_05_25,1
p821,pa,16_05_25,2
d,scot,16_05_25,2
people,maga,16_05_25,1
elec,d,16_05_25,2
d,pa,16_05_25,2
p822,ksa,16_05_25,3
p822,uae,16_05_25,3
p822,compa,16_05_25,1
p822,iv,16_05_25,3
iv,ksa,16_05_25,1
compa,usa,16_05_25,1
p823,tsw,16_05_25,2
p823,pa,16_05_25,2
p823,maga,16_05_25,1
tsw,pa,16_05_25,2
p824,d,16_05_25,2
p824,scot,16_05_25,1
p824,pa,16_05_25,2
p824,public,16_05_25,1
p824,usa,16_05_25,1
d,scot,16_05_25,2
d,pa,16_05_25,2
public,usa,16_05_25,1
p825,bruce,16_05_25,2
p825,jb,16_05_25,2
p825,d,16_05_25,2
p825,pa,16_05_25,2
p825,usa,16_05_25,1
p825,maga,16_05_25,1
bruce,pa,16_05_25,2
jb,pa,16_05_25,2
d,pa,16_05_25,2
bruce,d,16_05_25,2
p826,r,16_05_25,1
p826,bbb,16_05_25,1
p826,amerneed,16_05_25,1
p826,illali,16_05_25,2
p826,d,16_05_25,2
p826,s2gs,16_05_25,2
p826,jb,16_05_25,2
p826,ta,16_05_25,1
r,bbb,16_05_25,1
bbb,amerneed,16_05_25,1
d,bbb,16_05_25,2
jb,bbb,16_05_25,2
s2gs,r,16_05_25,2
illali,bbb,16_05_25,2
ta,bbb,16_05_25,1
p827,smc,16_05_25,1
p827,wv,16_05_25,1
p827,amerfam,16_05_25,1
p827,senenv,16_05_25,1
p827,usm,16_05_25,1
p827,ep,16_05_25,1
p827,sec,16_05_25,1
smc,wv,16_05_25,1
smc,amerfam,16_05_25,1
smc,senenv,16_05_25,1
smc,usm,16_05_25,1
smc,ep,16_05_25,1
smc,sec,16_05_25,1
p828,mwm,16_05_25,1
p828,ok,16_05_25,1
p828,amerfam,16_05_25,1
p828,usm,16_05_25,1
p828,ep,16_05_25,1
p828,sec,16_05_25,1
p828,farranch,16_05_25,1
p828,tribal,16_05_25,1
p828,warren,16_05_25,2
p828,mc,16_05_25,2
p828,cr,16_05_25,2
p828,maga,16_05_25,1
p828,af,16_05_25,1
p828,bor,16_05_25,1
mwm,ok,16_05_25,1
mwm,amerfam,16_05_25,1
mwm,usm,16_05_25,1
mwm,ep,16_05_25,1
mwm,sec,16_05_25,1
mwm,farranch,16_05_25,1
mwm,tribal,16_05_25,1
mwm,maga,16_05_25,1
mwm,af,16_05_25,1
mwm,bor,16_05_25,1
warren,mwm,16_05_25,2
mig,cr,16_05_25,2
p829,alito,16_05_25,1
p829,thomas,16_05_25,1
p829,mu,16_05_25,2
p829,cr,16_05_25,2
p829,drde,16_05_25,2
p829,s2gm,16_05_25,2
p829,s2mi,16_05_25,2
p829,jb,16_05_25,2
p829,illali,16_05_25,2
p829,scot,16_05_25,2
mu,cr,16_05_25,2
drde,cr,16_05_25,2
s2gm,cr,16_05_25,2
s2mi,cr,16_05_25,2
illali,cr,16_05_25,2
jb,illali,16_05_25,2
scot,illali,16_05_25,2
p830,miea,16_05_25,1
p831,s2syr,16_05_25,1
p832,s2usaf,16_05_25,1
p832,afo,16_05_25,1
p832,pres,16_05_25,1
s2usaf,afo,16_05_25,1
pres,s2usaf,16_05_25,1
pres,afo,16_05_25,1
p833,maga,17_05_25,1
p833,d,17_05_25,2
p833,jco,17_05_25,2
p833,bo,17_05_25,2
p833,jb,17_05_25,2
p833,autopen,17_05_25,3
p833,elec2020,17_05_25,3
p833,unsecomm,17_05_25,2
d,jco,17_05_25,2
d,bo,17_05_25,2
d,jb,17_05_25,2
unsecomm,autopen,17_05_25,2
unsecomm,elec2020,17_05_25,2
p834,walm,17_05_25,1
p834,chn,17_05_25,2
p834,t,17_05_25,3
walm,chn,17_05_25,2
walm,t,17_05_25,3
p835,vp,17_05_25,1
p835,s2vz,17_05_25,1
p835,nato,17_05_25,1
p835,b,17_05_25,2
p835,rus,17_05_25,3
p835,ukr,17_05_25,3
p835,trade,17_05_25,3
vp,b,17_05_25,2
vp,ukr,17_05_25,3
s2vz,b,17_05_25,2
s2vz,ukr,17_05_25,3
vp,s2vz,17_05_25,1
vp,nato,17_05_25,1
s2vz,nato,17_05_25,1
p836,jp,17_05_25,2
p836,fed,17_05_25,3
p836,rates,17_05_25,3
jp,fed,17_05_25,2
jp,rates,17_05_25,2
p837,qat,17_05_25,1
p837,boei,17_05_25,1
p837,abc,17_05_25,2
p837,usa,17_05_25,3
p837,s2usaf,17_05_25,3
p837,dod,17_05_25,3
p837,boig,17_05_25,2
p837,pa,17_05_25,2
qat,boei,17_05_25,1
qat,s2usaf,17_05_25,1
qat,dod,17_05_25,1
abc,s2usaf,17_05_25,2
abc,dod,17_05_25,2
boig,pa,17_05_25,2
p838,jb,18_05_25,3
p838,jill,18_05_25,3
p838,metr,18_05_25,3
jb,jill,18_05_25,1
jb,metr,18_05_25,1
jill,metr,18_05_25,3
p839,kh,19_05_25,2
p839,bs,19_05_25,2
p839,beyonce,19_05_25,2
p839,oprah,19_05_25,2
p839,bono,19_05_25,2
kh,bs,19_05_25,2
kh,beyonce,19_05_25,2
kh,oprah,19_05_25,2
kh,bono,19_05_25,2
p840,kh,19_05_25,2
p840,beyonce,19_05_25,2
p840,bs,19_05_25,2
p840,oprah,19_05_25,2
p840,beyonce,19_05_25,2
kh,beyonce,19_05_25,2
kh,bs,19_05_25,2
kh,oprah,19_05_25,2
kh,bono,19_05_25,2
p841,vp,19_05_25,1
p841,s2vz,19_05_25,1
p841,uvl,19_05_25,1
p841,emm,19_05_25,1
p841,gime,19_05_25,1
p841,merz,19_05_25,1
p841,ast,19_05_25,1
p841,s2pl,19_05_25,1
p841,rus,19_05_25,1
p841,ukr,19_05_25,1
p841,eu,19_05_25,1
p841,fra,19_05_25,1
p841,ita,19_05_25,1
p841,ger,19_05_25,1
p841,fi,19_05_25,1
p841,vatican,19_05_25,1
p841,trade,19_05_25,1
vp,s2vz,19_05_25,1
vp,rus,19_05_25,1
s2vz,ukr,19_05_25,1
uvl,eu,19_05_25,1
emm,fra,19_05_25,1
gime,ita,19_05_25,1
merz,ger,19_05_25,1
ast,fi,19_05_25,1
s2pl,vatican,19_05_25,1
rus,trade,19_05_25,1
ukr,trade,19_05_25,1
p842,s2ai,19_05_25,1
p842,tid,19_05_25,1
p842,wmn,19_05_25,1
tid,wmn,19_05_25,1
s2ai,wmn,19_05_25,1
p843,roma,20_05_25,1
p843,mabar,20_05_25,1
p843,fobu,20_05_25,1
p843,kans,20_05_25,1
roma,mabar,20_05_25,1
roma,fobu,20_05_25,1
roma,kans,20_05_25,1
p844,jb,20_05_25,2
p844,obp,20_05_25,2
p844,cr,20_05_25,2
p844,drde,20_05_25,2
p844,s2gm,20_05_25,2
p844,s2mi,20_05_25,2
p844,mig,20_05_25,2
p844,s2aut,20_05_25,2
jb,obp,20_05_25,2
jb,cr,20_05_25,2
jb,drde,20_05_25,2
jb,s2gm,20_05_25,2
jb,s2mi,20_05_25,2
jb,mig,20_05_25,2
s2aut,jb,20_05_25,2
mig,cr,20_05_25,2
mig,drde,20_05_25,2
mig,s2gm,20_05_25,2
mig,s2mi,20_05_25,2
p845,cong,21_05_25,1
p845,spectrum,21_05_25,1
p845,wifi,21_05_25,1
p845,g5,21_05_25,1
p845,g6,21_05_25,1
spectrum,cong,21_05_25,1
wifi,g5,21_05_25,1
wifi,g6,21_05_25,1
g5,g6,21_05_25,1
p846,s2dn,21_05_25,1
p846,rom,21_05_25,1
p846,af,21_05_25,1
p846,usm,21_05_25,1
p846,eco,21_05_25,1
p846,sec,21_05_25,1
s2dn,rom,21_05_25,1
s2dn,af,21_05_25,1
s2dn,usm,21_05_25,1
s2dn,eco,21_05_25,1
s2dn,seci,21_05_25,1
p847,fnma,21_05_25,1
p847,fmac,21_05_25,1
p847,sb,21_05_25,1
p847,hl,21_05_25,1
p847,s2wp,21_05_25,1
p847,cash,21_05_25,1
sb,fnma,21_05_25,1
sb,fm,21_05_25,1
hl,fnma,21_05_25,1
hl,fmac,21_05_25,1
s2wp,fnma,21_05_25,1
s2wp,fmac,21_05_25,1
p848,dckill,21_05_25,2
p848,jews,21_05_25,1
p848,families,21_05_25,1
p848,d,21_05_25,2
p849,bbb,22_05_25,1
p849,mijo,22_05_25,1
p849,hor,22_05_25,1
p849,senate,22_05_25,1
p849,r,22_05_25,1
p849,ta,22_05_25,3
p849,bor,22_05_25,1
p849,ice,22_05_25,1
p849,bp,22_05_25,1
p849,gd,22_05_25,1
p849,tsa,22_05_25,1
p849,d,22_05_25,2
p849,obp,22_05_25,2
p849,cr,22_05_25,2
mijo,hor,22_05_25,1
r,hor,22_05_25,1
d,obp,22_05_25,2
obp,cr,22_05_25,2
bor,ice,22_05_25,1
bor,bp,22_05_25,1
p850,fedjudg,22_05_25,2
p850,vcrim,22_05_25,2
p850,soutsud,22_05_25,0
p850,djibouti,22_05_25,0
p850,scot,22_05_25,1
p850,d,22_05_25,2
p850,iceoff,22_05_25,1
p851,r,22_05_25,1
p851,florida,22_05_25,1
p851,d,22_05_25,2
p852,loudocou,22_05_25,0
p852,usa,22_05_25,1
p852,crypto,22_05_25,1
p852,bit,22_05_25,1
p853,berna,22_05_25,1
p853,peru,22_05_25,1
p853,usa,22_05_25,1
p853,miadadcol,22_05_25,1
p853,unimia,22_05_25,1
p853,harv,22_05_25,1
p854,rus,23_05_25,1
p854,ukr,23_05_25,1
p854,prisoswap,23_05_25,1
p855,usa,23_05_25,1
p855,uk,23_05_25,1
p855,windmills,23_05_25,2
p855,norsea,23_05_25,1
p855,aberdeen,23_05_25,1
p855,oildril,23_05_25,1
p855,ta,23_05_25,2
p856,tico,23_05_25,0
p856,apple,23_05_25,2
p856,iphone,23_05_25,1
p856,usa,23_05_25,1
p856,ind,23_05_25,2
p856,t,23_05_25,1
p857,eu,23_05_25,2
p857,trade,23_05_25,1
p857,trade,23_05_25,1
p857,usa,23_05_25,1
p857,amercomp,23_05_25,1
p858,usste,23_05_25,1
p858,nipste,23_05_25,1
p858,t,23_05_25,1
p858,usa,23_05_25,1
p858,pen,23_05_25,1
p858,ec,23_05_25,1
usste,nipste,23_05_25,1
usste,ec,23_05_25,1
p859,usm,23_05_25,1
p859,parade,23_05_25,1
p859,usa,23_05_25,1
p859,wdc,23_05_25,1
usm,parade,23_05_25,1
p860,usm,24_05_25,1
p861,harv,25_05_25,1
p861,forstud,25_05_25,1
harv,forstud,25_05_25,1
p862,uvl,25_05_25,1
p862,eu,25_05_25,1
p862,trade,25_05_25,1
uvl,eu,25_05_25,1
uvl,trade,25_05_25,1
eu,trade,25_05_25,1
p863,af,25_05_25,1
p863,bor,25_05_25,1
brst,af,25_05_25,1
brst,bor,25_05_25,1
p864,gr,25_05_25,1
p864,af,25_05_25,1
p864,bor,25_05_25,1
p864,ta,25_05_25,1
p864,usm,25_05_25,1
p864,miusa,25_05_25,1
gr,af,25_05_25,1
gr,bor,25_05_25,1
gr,ta,25_05_25,1
gr,usm,25_05_25,1
gr,miusa,25_05_25,1
p865,tdown,25_05_25,1
p865,edomi,25_05_25,1
p865,pts,25_05_25,1
p865,bor,25_05_25,1
p865,s2mi,25_05_25,1
tdown,edomi,25_05_25,1
tdown,pts,25_05_25,1
tdown,bor,25_05_25,1
tdown,s2mi,25_05_25,1
p866,anga,25_05_25,1
p866,edomi,25_05_25,1
p866,bor,25_05_25,1
p866,usm,25_05_25,1
anga,edomi,25_05_25,1
anga,bor,25_05_25,1
anga,usm,25_05_25,1
p867,cltra,25_05_25,1
p867,boo,25_05_25,1
p867,maga,25_05_25,1
cltra,boo,25_05_25,1
cltra,maga,25_05_25,1
p868,jocon,25_05_25,1
p868,boo,25_05_25,1
p868,fn,25_05_25,1
p868,maga,25_05_25,1
jocon,boo,25_05_25,1
jocon,fn,25_05_25,1
jocon,maga,25_05_25,1
p869,vp,25_05_25,2
p869,rus,25_05_25,2
p869,s2vz,25_05_25,2
p869,ukr,25_05_25,2
p869,war,25_05_25,2
p869,drones,25_05_25,2
p869,civ,25_05_25,2
p869,jb,25_05_25,2
vp,rus,25_05_25,2
s2vz,ukr,25_05_25,2
vp,war,25_05_25,2
s2vz,war,25_05_25,2
jb,war,25_05_25,2
p870,r,26_05_25,2
p870,m,26_05_25,2
p870,cr,26_05_25,2
p870,mu,26_05_25,2
p870,drde,26_05_25,2
p870,rapists,26_05_25,2
p870,s2gm,26_05_25,2
p870,prisrel,26_05_25,2
p870,judg,26_05_25,2
p870,scot,26_05_25,2
p870,usa,26_05_25,2
cr,m,26_05_25,2
mu,m,26_05_25,2
drde,m,26_05_25,2
rapists,m,26_05_25,2
s2gm,m,26_05_25,2
prisrel,m,26_05_25,2
judg,mu,26_05_25,2
judg,drde,26_05_25,2
judg,rapists,26_05_25,2
judg,s2gm,26_05_25,2
scot,judg,26_05_25,2
p870,jb,26_05_25,2
jb,r,26_05_25,2
jb,m,26_05_25,2
jb,cr,26_05_25,2
p871,usa,26_05_25,1
p871,countries,26_05_25,1
p871,pair,26_05_25,1
p871,maga,26_05_25,1
p871,af,26_05_25,1
p871,td,26_05_25,1
p872,amerfam,26_05_25,1
p872,iv,26_05_25,1
p872,spc,26_05_25,1
p872,inf,26_05_25,1
p872,s2pf,26_05_25,1
p872,af,26_05_25,1
amerfam,iv,26_05_25,1
amerfam,spc,26_05_25,1
amerfam,inf,26_05_25,1
amerfam,s2pf,26_05_25,1
amerfam,af,26_05_25,1
iv,spc,26_05_25,1
iv,inf,26_05_25,1
iv,s2pf,26_05_25,1
iv,af,26_05_25,1
spc,inf,26_05_25,1
spc,s2pf,26_05_25,1
spc,af,26_05_25,1
inf,s2pf,26_05_25,1
inf,af,26_05_25,1
s2pf,af,26_05_25,1
p873,harv,26_05_25,2
p873,trascho,26_05_25,1
p873,af,26_05_25,1
p873,caaa,26_05_25,1
harv,trascho,26_05_25,2
harv,af,26_05_25,2
harv,caaa,26_05_25,2
trascho,af,26_05_25,1
trascho,caaa,26_05_25,1
af,caaa,26_05_25,1
p874,harv,26_05_25,2
p874,usgov,26_05_25,1
p874,judg,26_05_25,1
p874,af,26_05_25,1
harv,usgov,26_05_25,2
harv,judg,26_05_25,2
harv,af,26_05_25,2
usgov,judg,26_05_25,1
usgov,af,26_05_25,1
judg,af,26_05_25,1
p875,anc,26_05_25,1
p875,amerfam,26_05_25,1
p875,usm,26_05_25,1
p875,af,26_05_25,1
anc,amerfam,26_05_25,1
anc,ma,26_05_25,1
anc,af,26_05_25,1
amerfam,usm,26_05_25,1
amerfam,af,26_05_25,1
usm,af,26_05_25,1
p876,sj,26_05_25,1
p876,pj,26_05_25,1
p876,robbal,26_05_25,2
p876,bidoj,26_05_25,2
p876,courts,26_05_25,2
p876,af,26_05_25,1
sj,pj,26_05_25,1
sj,rb,26_05_25,2
sj,bidoj,26_05_25,2
sj,courts,26_05_25,2
sj,af,26_05_25,1
pj,robbal,26_05_25,2
pj,bidoj,26_05_25,2
pj,courts,26_05_25,2
pj,af,26_05_25,1
robbal,bidoj,26_05_25,2
robbal,courts,26_05_25,2
robbal,af,26_05_25,1
bidoj,courts,26_05_25,2
bidoj,af,26_05_25,1
courts,af,26_05_25,1
p877,gn,27_05_25,2
p877,cal,27_05_25,2
p877,s2fa,27_05_25,2
p877,s2la,27_05_25,2
p877,ath,27_05_25,2
p877,af,27_05_25,1
p877,sports,27_05_25,3
p877,d,27_05_25,2
gn,cal,27_05_25,2
gn,s2fa,27_05_25,2
gn,s2la,27_05_25,2
gn,ath,27_05_25,2
gn,af,27_05_25,1
gn,d,27_05_25,2
cal,s2fa,27_05_25,2
cal,s2la,27_05_25,2
cal,ath,27_05_25,2
cal,af,27_05_25,1
cal,sports,27_05_25,3
cal,d,27_05_25,2
s2fa,s2la,27_05_25,2
s2fa,ath,27_05_25,2
s2fa,af,27_05_25,1
s2fa,sports,27_05_25,3
s2fa,d,27_05_25,2
s2la,ath,27_05_25,2
s2la,af,27_05_25,1
s2la,sports,27_05_25,3
s2la,d,27_05_25,2
ath,af,27_05_25,1
ath,sports,27_05_25,3
ath,d,27_05_25,2
sports,d,27_05_25,3
p878,eu,27_05_25,1
p878,chn,27_05_25,1
p878,amerfam,27_05_25,1
p878,t,27_05_25,1
p878,af,27_05_25,1
eu,chn,27_05_25,1
eu,amerfam,27_05_25,1
eu,t,27_05_25,1
eu,af,27_05_25,1
chn,amerfam,27_05_25,1
chn,t,27_05_25,1
chn,af,27_05_25,1
amerfam,t,27_05_25,1
amerfam,af,27_05_25,1
t,af,27_05_25,1
p879,rus,27_05_25,2
p879,vp,27_05_25,2
p879,af,27_05_25,1
rus,vp,27_05_25,1
rus,af,27_05_25,1
vp,af,27_05_25,1
p880,jb,27_05_25,2
p880,d,27_05_25,2
p880,af,27_05_25,1
jb,d,27_05_25,2
jb,af,27_05_25,1
d,af,27_05_25,1
p881,can,27_05_25,1
p881,amerfam,27_05_25,1
p881,af,27_05_25,1
can,amerfam,27_05_25,1
can,af,27_05_25,1
amerfam,af,27_05_25,1
p882,mai,27_05_25,1
p882,fish,27_05_25,1
p882,can,27_05_25,1
p882,bo,27_05_25,2
p882,jb,27_05_25,2
p882,s2env,27_05_25,2
p882,lumber,27_05_25,1
p882,af,27_05_25,1
mai,fish,27_05_25,1
mai,can,27_05_25,1
mai,bo,27_05_25,2
mai,jb,27_05_25,2
mai,s2env,27_05_25,2
mai,lumber,27_05_25,1
mai,af,27_05_25,1
fish,can,27_05_25,1
fish,bo,27_05_25,2
fish,jb,27_05_25,2
fish,s2env,27_05_25,2
fish,lumber,27_05_25,1
fish,af,27_05_25,1
can,bo,27_05_25,2
can,jb,27_05_25,2
can,s2env,27_05_25,2
can,lumber,27_05_25,1
can,af,27_05_25,1
bo,jb,27_05_25,1
bo,s2env,27_05_25,2
bo,lumber,27_05_25,2
bo,af,27_05_25,1
jb,s2env,27_05_25,2
jb,lumber,27_05_25,2
jb,af,27_05_25,1
s2env,lumber,27_05_25,2
s2env,af,27_05_25,1
lumber,af,27_05_25,1
p883,alaska,27_05_25,1
p883,jb,27_05_25,2
p883,kh,27_05_25,2
p883,pollead,27_05_25,3
p883,af,27_05_25,1
alaska,jb,27_05_25,2
alaska,kh,27_05_25,2
alaska,pollead,27_05_25,3
alaska,af,27_05_25,1
jb,kh,27_05_25,1
jb,pollead,27_05_25,3
jb,af,27_05_25,1
kh,pollead,27_05_25,3
kh,af,27_05_25,1
pollead,af,27_05_25,1
p884,autopen,27_05_25,2
p884,jb,27_05_25,2
p884,im,27_05_25,2
p884,s2sp,27_05_25,2
p884,af,27_05_25,1
autopen,jb,27_05_25,2
autopen,im,27_05_25,2
autopen,s2sp,27_05_25,2
autopen,af,27_05_25,1
jb,im,27_05_25,2
jb,s2sp,27_05_25,2
jb,af,27_05_25,1
im,s2sp,27_05_25,2
im,af,27_05_25,1
s2sp,af,27_05_25,1
p885,fnma,27_05_25,1
p885,fmac,27_05_25,1
p885,usgov,27_05_25,3
p885,amerfam,27_05_25,1
p885,af,27_05_25,1
fnma,fmac,27_05_25,1
fnma,usgov,27_05_25,3
fnma,amerfam,27_05_25,1
fnma,af,27_05_25,1
fmac,usgov,27_05_25,3
fmac,amerfam,27_05_25,1
fmac,af,27_05_25,1
usgov,amerfam,27_05_25,3
usgov,af,27_05_25,1
amerfam,af,27_05_25,1
p885,maga,27_05_25,1
p886,barrack,28_05_25,1
p886,amerfam,28_05_25,1
p886,s2syr,28_05_25,1
p886,tur,28_05_25,1
p886,radicalism,28_05_25,2
p886,af,28_05_25,1
p886,nas,28_05_25,1
barrack,amerfam,28_05_25,1
barrack,s2syr,28_05_25,1
barrack,tur,28_05_25,1
barrack,radicalism,28_05_25,2
barrack,af,28_05_25,1
barrack,nas,28_05_25,1
amerfam,s2syr,28_05_25,1
amerfam,tur,28_05_25,1
amerfam,radicalism,28_05_25,2
amerfam,af,28_05_25,1
amerfam,nas,28_05_25,1
s2syr,tur,28_05_25,1
s2syr,radicalism,28_05_25,2
s2syr,af,28_05_25,1
s2syr,nas,28_05_25,1
tur,radicalism,28_05_25,2
tur,af,28_05_25,1
tur,nas,28_05_25,1
radicalism,af,28_05_25,1
radicalism,nas,28_05_25,1
af,nas,28_05_25,1
p887,bove,28_05_25,1
p887,scot,28_05_25,1
p887,georgetown,28_05_25,1
p887,sdny,28_05_25,1
p887,tinu,28_05_25,1
p887,s2rol,28_05_25,1
p887,nas,28_05_25,1
p887,af,28_05_25,1
bove,scot,28_05_25,1
bove,georgetown,28_05_25,1
bove,sdny,28_05_25,1
bove,tinu,28_05_25,1
sdny,tinu,28_05_25,1
s2rol,bove,28_05_25,1
nas,tinu,28_05_25,1
p888,kd,28_05_25,1
p888,usdctsfl,28_05_25,1
p888,s2rol,28_05_25,1
p888,im,28_05_25,1
p888,le,28_05_25,1
p888,af,28_05_25,1
p888,s2cm,28_05_25,1
kd,usdctsfl,28_05_25,1
kd,s2rol,28_05_25,1
kd,im,28_05_25,1
kd,le,28_05_25,1
kd,af,28_05_25,1
im,s2cm,28_05_25,
p889,moe,28_05_25,1
p889,usdctsfl,28_05_25,1
p889,fl2court,28_05_25,1
p889,fl13court,28_05_25,1
p889,s2rol,28_05_25,1
p889,im,28_05_25,2
p889,s2cm,28_05_25,2
p889,amerfam,28_05_25,1
p889,af,28_05_25,1
moe,usdctsfl,28_05_25,1
moe,fl2court,28_05_25,1
moe,fl13court,28_05_25,1
moe,s2rol,28_05_25,1
moe,im,28_05_25,2
moe,s2cm,28_05_25,2
moe,amerfam,28_05_25,1
moe,af,28_05_25,1
im,s2cm,28_05_25,2
p890,guard,28_05_25,1
p890,usdctsfl,28_05_25,1
p890,fsu,28_05_25,1
p890,tulane,28_05_25,1
p890,cdag,28_05_25,1
p890,asstusa,28_05_25,1
p890,s2rol,28_05_25,1
p890,af,28_05_25,1
guard,usdctsfl,28_05_25,1
guard,fsu,28_05_25,1
guard,tulane,28_05_25,1
guard,cdag,28_05_25,1
guard,asstusa,28_05_25,1
guard,s2rol,28_05_25,1
guard,af,28_05_25,1
p891,pratt,28_05_25,1
p891,usdctsfl,28_05_25,1
p891,fl5court,28_05_25,1
p891,ussba,28_05_25,1
p891,olp,28_05_25,1
p891,dsgfl,28_05_25,1
p891,s2rol,28_05_25,1
p891,af,28_05_25,1
pratt,usdctsfl,28_05_25,1
pratt,fl5court,28_05_25,1
pratt,ussba,28_05_25,1
pratt,olp,28_05_25,1
pratt,dsgfl,28_05_25,1
pratt,s2rol,28_05_25,1
pratt,af,28_05_25,1
p892,artau,28_05_25,1
p892,usdctsfl,28_05_25,1
p892,fl4court,28_05_25,1
p892,fl15court,28_05_25,1
p892,sfwmd,28_05_25,1
p892,s2rol,28_05_25,1
p892,cmns,28_05_25,1
p892,af,28_05_25,1
artau,usdctsfl,28_05_25,1
artau,fl4court,28_05_25,1
artau,fl15court,28_05_25,1
artau,sfwmd,28_05_25,1
artau,s2rol,28_05_25,1
artau,cmns,28_05_25,1
artau,af,28_05_25,1
p893,pulitzer,28_05_25,2
p893,nyt,28_05_25,2
p893,washcomp,28_05_25,2
p893,flappcourt,28_05_25,1
p893,fn,28_05_25,2
p893,amerfam,28_05_25,1
p893,rus,28_05_25,3
p893,s2rol,28_05_25,1
p893,s2cm,28_05_25,2
pulitzer,nyt,28_05_25,2
pulitzer,washcomp,28_05_25,2
pulitzer,fn,28_05_25,2
nyt,washcomp,28_05_25,2
nyt,fn,28_05_25,2
washcomp,fn,28_05_25,2
flappcourt,s2rol,28_05_25,1
p894,pin,29_05_25,1
p894,osc,29_05_25,1
p894,whlshs,29_05_25,1
p894,cornell,29_05_25,1
p894,fordham,29_05_25,1
p894,s2rol,29_05_25,1
p894,af,29_05_25,1
pin,osc,29_05_25,1
pin,whlshs,29_05_25,1
pin,cornell,29_05_25,1
pin,fordham,29_05_25,1
pin,s2rol,29_05_25,1
pin,af,29_05_25,1
cornell,fordham,29_05_25,1
p895,uscit,29_05_25,2
p895,federalcircuit,29_05_25,1
p895,scot,29_05_25,1
p895,cong,29_05_25,2
p895,d,29_05_25,2
p895,fedsoc,29_05_25,2
p895,lele,29_05_25,2
p895,usa,29_05_25,1
p895,iv,29_05_25,1
uscit,federalcircuit,29_05_25,1
federalcircuit,scot,29_05_25,1
d,cong,29_05_25,2
fedsoc,lele,29_05_25,2
usa,iv,29_05_25,1
p896,em,29_05_25,1
p896,wh,29_05_25,1
p896,p,29_05_25,3
p896,af,29_05_25,1
em,wh,29_05_25,1
em,af,29_05_25,1
p897,chn,30_05_25,2
p897,usa,30_05_25,1
p897,t,30_05_25,1
p897,iv,30_05_25,1
p897,af,30_05_25,1
chn,t,30_05_25,2
chn,iv,30_05_25,2
usa,t,30_05_25,1
usa,iv,30_05_25,1
t,iv,30_05_25,1
p898,cbo,30_05_25,2
p898,d,30_05_25,2
p898,usa,30_05_25,1
p898,growth,30_05_25,1
p898,ta,30_05_25,1
p898,af,30_05_25,1
cbo,d,30_05_25,2
growth,ta,30_05_25,1
usa,growth,30_05_25,1
usa,ta,30_05_25,1
p899,sajet,30_05_25,2
p899,npg,30_05_25,3
p899,dei,30_05_25,2
p899,af,30_05_25,1
sajet,npg,30_05_25,3
sajet,dei,30_05_25,2
p900,em,30_05_25,1
p900,wash,30_05_25,3
p900,af,30_05_25,1
p900,business,30_05_25,1
em,wash,30_05_25,1
em,af,30_05_25,1
em,business,30_05_25,1
p901,zito,30_05_25,1
p901,boo,30_05_25,1
p901,af,30_05_25,1
p901,amerfam,30_05_25,1
zito,boo,30_05_25,1
zito,af,30_05_25,1
zito,amerfam,30_05_25,1
boo,af,30_05_25,1
boo,amerfam,30_05_25,1
p902,steel,30_05_25,1
p902,alu,30_05_25,1
p902,usa,30_05_25,1
p902,t,30_05_25,1
p902,af,30_05_25,1
steel,alu,30_05_25,1
steel,t,30_05_25,1
alu,t,30_05_25,1
steel,usa,30_05_25,1
alu,usa,30_05_25,1
p903,dapa,30_05_25,1
p903,txsen,30_05_25,1
p903,txh,30_05_25,3
p903,txle,30_05_25,1
p903,usa,30_05_25,1
p903,mig,30_05_25,2
p903,af,30_05_25,1
dapa,txsen,30_05_25,1
dapa,txle,30_05_25,1
txsen,txle,30_05_25,1
txle,usa,30_05_25,1
txle,cr,30_05_25,2
p904,steel,30_05_25,1
p904,pitt,30_05_25,1
p904,shang,30_05_25,2
p904,af,30_05_25,1
steel,pitt,30_05_25,1
steel,shang,30_05_25,2
steel,af,30_05_25,1
pitt,af,30_05_25,1
p905,workers,31_05_25,1
p905,usa,31_05_25,1
p905,af,31_05_25,1
workers,usa,31_05_25,1
workers,af,31_05_25,1
usa,af,31_05_25,1
p906,bbb,31_05_25,1
p906,amerfam,31_05_25,1
p906,wclass,31_05_25,1
p906,illali,31_05_25,2
p906,med,31_05_25,1
p906,af,31_05_25,1
bbb,amerfam,31_05_25,1
bbb,wclass,31_05_25,1
bbb,illali,31_05_25,2
bbb,med,31_05_25,1
bbb,af,31_05_25,1
amerfam,wclass,31_05_25,1
amerfam,med,31_05_25,1
wclass,med,31_05_25,1
p907,pin,31_05_25,1
p907,osc,31_05_25,1
p907,toho,31_05_25,1
p907,bor,31_05_25,1
p907,s2sp,31_05_25,1
p907,s2rp,31_05_25,2
p907,d,31_05_25,2
p907,bbb,31_05_25,1
p907,s2usd,31_05_25,2
p907,usa,31_05_25,1
p907,af,31_05_25,1
pin,osc,31_05_25,1
toho,bor,31_05_25,1
s2rp,d,31_05_25,2
bbb,s2rp,31_05_25,1
s2sp,s2usd,31_05_25,1
usa,af,31_05_25,1
p908,s2socs,31_05_25,1
p908,ta,31_05_25,1
p908,af,31_05_25,1
s2socs,ta,31_05_25,1
s2socs,af,31_05_25,1
ta,af,31_05_25,1
p909,ji,31_05_25,3
p909,nasa,31_05_25,3
p909,af,31_05_25,1
ji,nasa,31_05_25,3
ji,af,31_05_25,1
nasa,af,31_05_25,1
p910,s2dm,01_06_25,1
p910,the,01_06_25,1
s2dm,the,01_06_25,1
p910,boo,01_06_25,3
s2dm,boo,01_06_25,1
p911,zito,01_06_25,1
p911,butler,01_06_25,1
p911,maga,01_06_25,1
p911,usa,01_06_25,3
p911,boo,01_06_25,3
zito,butler,01_06_25,1
butler,boo,01_06_25,3
maga,usa,01_06_25,1
p912,be,01_06_25,1
p912,usaatt,01_06_25,1
p912,ctf,01_06_25,1
p912,s2hf,01_06_25,3
p912,fraud,01_06_25,2
p912,usa,01_06_25,3
be,usaatt,01_06_25,1
be,ctf,01_06_25,1
be,s2hf,01_06_25,3
be,fraud,01_06_25,2
be,usa,01_06_25,1
p913,pat,01_06_25,1
p913,stepa,01_06_25,3
p913,usa,01_06_25,3
p913,ep,01_06_25,3
p913,metal,01_06_25,3
p914,courts,01_06_25,3
p914,t,01_06_25,1
p914,countries,01_06_25,2
p914,usa,01_06_25,3
p914,af,01_06_25,3
p915,boulder,02_06_25,1
p915,rad,02_06_25,2
p915,obp,02_06_25,2
p915,usa,02_06_25,3
p915,af,02_06_25,3
p915,le,02_06_25,3
af,le,02_06_25,1
rad,dep,02_06_25,1
af,borsaf,02_06_25,1
p916,irn,02_06_25,2
p916,uen,02_06_25,2
p916,s2aut,02_06_25,2
p916,agr,02_06_25,1
p916,usa,02_06_25,1
p916,af,02_06_25,1
irn,uen,02_06_25,2
p917,millea,02_06_25,1
p917,usm,02_06_25,1
p917,wep,02_06_25,3
p917,usa,02_06_25,1
p917,af,02_06_25,1
p917,nas,02_06_25,1
p917,ng,02_06_25,1
p917,ma,02_06_25,1
wep,nas,02_06_25,1
millea,nas,02_06_25,1
p918,bbb,02_06_25,1
p918,usa,02_06_25,1
p918,ta,02_06_25,3
p918,spc,02_06_25,1
p918,ep,02_06_25,3
p918,spr,02_06_25,3
p918,t,02_06_25,3
p918,p,02_06_25,3
p918,fos,02_06_25,3
p918,pa,02_06_25,2
p918,le,02_06_25,3
p918,mu,02_06_25,3
p918,cr,02_06_25,3
p918,sch,02_06_25,1
p918,c,02_06_25,3
p918,w,02_06_25,3
p918,af,02_06_25,3
p919,bbb,02_06_25,1
p919,s2socs,02_06_25,1
p919,med,02_06_25,1
p919,med,02_06_25,1
p919,d,02_06_25,2
p919,wfa,02_06_25,1
p919,af,02_06_25,1
p920,mwol,02_06_25,2
p920,fn,02_06_25,2
p920,harv,02_06_25,2
p920,wharton,02_06_25,1
p920,upa,02_06_25,1
p920,boo,02_06_25,3
p920,af,02_06_25,1
mwol,fn,02_06_25,2
mwol,harv,02_06_25,2
wharton,upa,02_06_25,1
p921,t,02_06_25,3
p921,iv,02_06_25,3
p921,af,02_06_25,3
t,iv,02_06_25,1
t,af,02_06_25,1
iv,af,02_06_25,1
p922,im,04_06_25,3
p922,nas,04_06_25,3
p922,le,04_06_25,3
p922,af,04_06_25,3
im,nas,04_06_25,1
im,le,04_06_25,1
nas,le,04_06_25,1
im,af,04_06_25,1
nas,af,04_06_25,1
le,af,04_06_25,1
p923,iv,05_06_25,3
p923,chn,05_06_25,3
p923,pair,05_06_25,3
p923,af,05_06_25,3
iv,chn,05_06_25,1
iv,pair,05_06_25,1
chn,pair,05_06_25,1
iv,af,05_06_25,1
chn,af,05_06_25,1
pair,af,05_06_25,1
p923,td,05_06_25,3
td,chn,05_06_25,1
p924,iv,05_06_25,3
p924,t,05_06_25,3
p924,af,05_06_25,3
iv,t,05_06_25,1
iv,af,05_06_25,1
t,af,05_06_25,1
p925,em,05_06_25,2
p925,af,05_06_25,3
p925,t,05_06_25,3
em,af,05_06_25,1
em,t,05_06_25,1
af,t,05_06_25,1
p926,bbb,05_06_25,3
p926,af,05_06_25,3
p926,t,05_06_25,3
p926,em,05_06_25,2
bbb,af,05_06_25,1
bbb,t,05_06_25,1
em,bbb,05_06_25,2
em,af,05_06_25,1
em,t,05_06_25,1
bbb,maga,05_06_25,1
bbb,ta,05_06_25,1
em,maga,05_06_25,1
em,ta,05_06_25,1
p927,fn,06_06_25,2
p927,p,06_06_25,3
p927,maga,06_06_25,3
p927,nyt,06_06_25,2
p927,wcp,06_06_25,2
p927,d,06_06_25,2
fn,nyt,06_06_25,2
fn,wcp,06_06_25,2
nyt,wcp,06_06_25,2
nyt,d,06_06_25,2
wcp,d,06_06_25,2
p928,inf,06_06_25,1
p928,t,06_06_25,1
p928,bor,06_06_25,1
p928,iv,06_06_25,1
p928,gas,06_06_25,1
p928,compa,06_06_25,1
p928,maga,06_06_25,1
inf,t,06_06_25,3
inf,iv,06_06_25,3
t,iv,06_06_25,3
compa,iv,06_06_25,1
compa,gas,06_06_25,1
bor,t,06_06_25,3
p929,rate,06_06_25,1
p929,inf,06_06_25,3
p929,debt,06_06_25,1
p929,short,06_06_25,1
p929,long,06_06_25,1
rate,debt,06_06_25,3
short,long,06_06_25,3
p929,jp,06_06_25,3
p929,pa,06_06_25,3
jp,pa,06_06_25,3
p930,tcr,06_06_25,1
p930,s2rw,06_06_25,1
p930,to,06_06_25,1
p930,nas,06_06_25,3
p930,bbb,06_06_25,3
p931,jaci,07_06_25,1
p931,nj,07_06_25,1
p931,endor,07_06_25,3
jaci,nj,07_06_25,1
jaci,endor,07_06_25,1
p932,gn,07_06_25,2
p932,kaba,07_06_25,2
p932,cal,07_06_25,2
p932,la,07_06_25,2
p932,d,07_06_25,2
p932,s2cm,07_06_25,2
gn,d,07_06_25,2
kaba,d,07_06_25,2
cal,s2cm,07_06_25,2
la,s2cm,07_06_25,2
p933,s2la,08_06_25,2
p933,gn,08_06_25,2
p933,kaba,08_06_25,2
p933,d,08_06_25,2
p933,s2cm,08_06_25,3
p933,ng,08_06_25,2
s2la,s2cm,08_06_25,2
s2la,ng,08_06_25,2
gn,d,08_06_25,2
kaba,d,08_06_25,2
p934,s2la,08_06_25,2
p934,kn,08_06_25,2
p934,phe,08_06_25,2
p934,pb,08_06_25,2
p934,s2cm,08_06_25,2
p934,mig,08_06_25,2
p934,dep,08_06_25,2
p934,dohs,08_06_25,2
p934,dod,08_06_25,2
p934,attorney,08_06_25,2
s2la,s2cm,08_06_25,2
s2la,mig,08_06_25,2
s2la,dep,08_06_25,2
p935,jmd,09_06_25,2
p935,lapd,09_06_25,2
p935,s2la,09_06_25,2
p935,s2cm,09_06_25,2
p935,ng,09_06_25,2
p935,mig,09_06_25,2
jmd,lapd,09_06_25,2
s2la,s2cm,09_06_25,2
s2la,mig,09_06_25,2
s2la,ng,09_06_25,2
p936,ng,09_06_25,2
p936,s2la,09_06_25,3
p936,gn,09_06_25,2
p936,kaba,09_06_25,2
p936,s2cm,09_06_25,3
p936,le,09_06_25,3
p936,af,09_06_25,3
gn,s2la,09_06_25,2
kaba,s2la,09_06_25,2
p937,s2la,10_06_25,2
p937,gn,10_06_25,2
p937,kaba,10_06_25,2
p937,federal,10_06_25,2
p937,ng,10_06_25,2
p937,af,10_06_25,2
gn,s2la,10_06_25,2
kaba,s2la,10_06_25,2
federal,s2la,10_06_25,2
ng,s2la,10_06_25,2
p938,bbb,10_06_25,2
p938,childa,10_06_25,2
p938,af,10_06_25,3
bbb,childa,10_06_25,2
bbb,af,10_06_25,1
childa,af,10_06_25,1
p939,bral,10_06_25,2
p939,idah,10_06_25,2
p939,bor,10_06_25,2
p939,usm,10_06_25,2
p939,le,10_06_25,2
p939,sec,10_06_25,2
p939,ta,10_06_25,2
p939,afarm,10_06_25,2
bral,idah,10_06_25,1
bral,bor,10_06_25,1
bral,usm,10_06_25,1
bral,le,10_06_25,1
bral,sec,10_06_25,1
bral,ta,10_06_25,1
bral,afarm,10_06_25,1
p940,army,10_06_25,2
p940,blackh,10_06_25,2
p940,artillery,10_06_25,2
p940,infantry,10_06_25,2
army,blackh,10_06_25,1
army,artillery,10_06_25,1
army,infantry,10_06_25,1
blackh,artillery,10_06_25,1
blackh,infantry,10_06_25,1
artillery,infantry,10_06_25,1
p941,army,10_06_25,2
p941,flag,10_06_25,2
p941,nas,10_06_25,3
p941,af,10_06_25,3
army,flag,10_06_25,1
army,nas,10_06_25,1
nas,af,10_06_25,1
p942,army,10_06_25,2
p942,flag,10_06_25,2
p942,nas,10_06_25,2
p942,af,10_06_25,2
army,flag,10_06_25,1
army,nas,10_06_25,1
nas,af,10_06_25,1
p943,army,10_06_25,2
p943,nas,10_06_25,3
p943,af,10_06_25,3
p943,cal,10_06_25,2
army,nas,10_06_25,1
nas,af,10_06_25,1
army,cal,10_06_25,1
p944,t,11_06_25,2
p944,usa,11_06_25,2
t,usa,11_06_25,1
p944,prot,11_06_25,1
p944,fac,11_06_25,1
fac,prot,11_06_25,1
p945,govca,11_06_25,2
p945,iceoff,11_06_25,1
p945,agitators,11_06_25,2
govca,iceoff,11_06_25,2
govca,agitators,11_06_25,2
iceoff,agitators,11_06_25,2
p945,ng,12_06_25,1
p945,ma,12_06_25,1
p945,le,12_06_25,1
p945,cal,12_06_25,3
p945,pa,12_06_25,2
p945,s2cm,12_06_25,3
ng,ma,12_06_25,1
ng,le,12_06_25,1
ng,s2cm,12_06_25,3
ma,le,12_06_25,1
ma,s2cm,12_06_25,3
le,s2cm,12_06_25,3
pa,le,12_06_25,2
pa,ng,12_06_25,2
pa,ma,12_06_25,2
p947,bbb,12_06_25,1
p947,americans,12_06_25,1
p947,ta,12_06_25,1
p947,s2cm,12_06_25,3
bbb,ta,12_06_25,1
bbb,s2cm,12_06_25,3
americans,s2cm,12_06_25,3
p948,rpa,12_06_25,1
p948,w,12_06_25,1
p948,c,12_06_25,1
p948,bbb,12_06_25,1
p948,amerfam,12_06_25,1
rpa,w,12_06_25,1
rpa,c,12_06_25,1
rpa,bbb,12_06_25,1
w,c,12_06_25,1
bbb,amerfam,12_06_25,1
p949,chn,12_06_25,1
p949,td,12_06_25,1
p949,amerfam,12_06_25,1
chn,td,12_06_25,1
td,amerfam,12_06_25,1
p950,m,12_06_25,2
p950,afarm,12_06_25,1
p950,hlb,12_06_25,1
p950,jb,12_06_25,2
p950,amerfam,12_06_25,1
afarm,hlb,12_06_25,3
m,afarm,12_06_25,2
m,hlb,12_06_25,2
jb,m,12_06_25,2
amerfam,afarm,12_06_25,1
amerfam,hlb,12_06_25,1
p951,amerfam,12_06_25,1
p951,usa,12_06_25,1
p951,trumpcar,12_06_25,1
p951,budget,12_06_25,1
amerfam,usa,12_06_25,3
trumpcar,budget,12_06_25,3
trumpcar,usa,12_06_25,1
budget,usa,12_06_25,3
p952,jb,12_06_25,2
p952,ice,12_06_25,1
p952,cusbor,12_06_25,1
p952,amerfam,12_06_25,1
p952,spohi,12_06_25,2
p952,bor,12_06_25,1
p952,illali,12_06_25,2
p952,sch,12_06_25,2
p952,hosp,12_06_25,2
p952,parks,12_06_25,2
p952,resources,12_06_25,2
p952,jobs,12_06_25,2
p952,welfare,12_06_25,2
illali,amerfam,12_06_25,2
illali,sch,12_06_25,2
illali,hosp,12_06_25,2
illali,parks,12_06_25,2
illali,jobs,12_06_25,2
illali,welfare,12_06_25,2
ice,bor,12_06_25,1
ice,amerfam,12_06_25,1
cbp,illali,12_06_25,1
p953,hor,12_06_25,3
p953,npr,12_06_25,2
p953,pbs,12_06_25,2
p953,r,12_06_25,1
p953,aid,12_06_25,2
p953,bill,12_06_25,3
p953,t,12_06_25,1
p953,illali,12_06_25,1
p953,eco,12_06_25,1
p953,bbb,12_06_25,1
npr,pbs,12_06_25,2
hor,r,12_06_25,1
bbb,t,12_06_25,3
bbb,eco,12_06_25,
p954,irn,12_06_25,3
p954,usa,12_06_25,3
p954,nuke,12_06_25,3
p954,dipl,12_06_25,3
irn,nuke,12_06_25,3
usa,nuke,12_06_25,3
irn,dipl,12_06_25,3
usa,dipl,12_06_25,3
p955,jb,12_06_25,2
p955,gn,12_06_25,2
p955,iceoff,12_06_25,1
p955,amerfam,12_06_25,1
p955,illali,12_06_25,2
p955,sch,12_06_25,3
p955,hosp,12_06_25,2
p955,communities,12_06_25,2
p955,welfare,12_06_25,2
jb,illali,12_06_25,2
gn,illali,12_06_25,2
iceoff,illali,12_06_25,1
amerfam,illali,12_06_25,2
illali,sch,12_06_25,2
illali,hosp,12_06_25,2
illali,communities,12_06_25,2
illali,welfare,12_06_25,2
iceoff,amerfam,12_06_25,1
p956,irn,13_06_25,2
p956,usm,13_06_25,1
p956,isr,13_06_25,1
irn,usm,13_06_25,2
irn,isr,13_06_25,2
usm,isr,13_06_25,1
p957,ng,13_06_25,1
p957,usm,13_06_25,1
p957,cal,13_06_25,3
ng,usm,13_06_25,1
ng,cal,13_06_25,1
usm,cal,13_06_25,1
p958,irn,13_06_25,2
p958,ult,13_06_25,3
p958,deal,13_06_25,3
p958,secocha,13_06_25,3
irn,ult,13_06_25,2
irn,deal,13_06_25,2
ult,deal,13_06_25,3
deal,secocha,13_06_25,3
p959,attorney,14_06_25,3
p959,fbi,14_06_25,3
p959,mnlaw1,14_06_25,3
p959,mnlaw2,14_06_25,3
p959,minn,14_06_25,3
p959,violence,14_06_25,3
attorney,fbi,14_06_25,1
attorney,mnlaw1,14_06_25,1
attorney,mnlaw2,14_06_25,1
fbi,mnlaw1,14_06_25,1
fbi,mnlaw2,14_06_25,1
mnlaw1,mnlaw2,14_06_25,3
mnlaw1,violence,14_06_25,2
mnlaw2,violence,14_06_25,2
minn,s2ag,14_06_25,3
minn,fbi,14_06_25,3
p960,vp,14_06_25,3
p960,irn,14_06_25,3
p960,rus,14_06_25,3
p960,isr,14_06_25,3
p960,prisoners,14_06_25,3
vp,irn,14_06_25,3
vp,rus,14_06_25,3
vp,isr,14_06_25,3
irn,isr,14_06_25,3
prisoners,vp,14_06_25,1
prisoners,irn,14_06_25,1
prisoners,isr,14_06_25,1
p961,irn,15_06_25,3
p961,s2usaf,15_06_25,1
p961,isr,15_06_25,3
p961,irnsdeal,15_06_25,3
irn,s2usaf,15_06_25,2
irn,isr,15_06_25,2
isr,irnsdeal,15_06_25,3
s2usaf,irnsdeal,15_06_25,3
p962,irn,15_06_25,3
p962,isr,15_06_25,3
p962,ind,15_06_25,3
p962,pak,15_06_25,3
p962,serbia,15_06_25,3
p962,kosovo,15_06_25,3
p962,egy,15_06_25,3
p962,ethiopia,15_06_25,3
p962,nildam,15_06_25,3
p962,traus,15_06_25,3
irn,isr,15_06_25,3
ind,pak,15_06_25,3
serbia,kosovo,15_06_25,3
egy,ethiopia,15_06_25,3
egy,nildam,15_06_25,3
ethiopia,nildam,15_06_25,3
irn,traus,15_06_25,3
isr,traus,15_06_25,3
ind,traus,15_06_25,3
pak,traus,15_06_25,3
p963,iceoff,15_06_25,3
p963,fobu,15_06_25,3
p963,s2dea,15_06_25,3
p963,atf,15_06_25,3
p963,pent,15_06_25,3
p963,statdep,15_06_25,3
p963,americans,15_06_25,3
p963,s2la,15_06_25,3
p963,ny,15_06_25,3
p963,chi,15_06_25,3
p963,sanctuary,15_06_25,3
p963,d,15_06_25,3
iceoff,fobu,15_06_25,1
iceoff,s2dea,15_06_25,1
iceoff,atf,15_06_25,1
iceoff,pent,15_06_25,1
iceoff,statdep,15_06_25,1
iceoff,americans,15_06_25,1
iceoff,s2la,15_06_25,1
iceoff,ny,15_06_25,1
iceoff,chi,15_06_25,1
iceoff,sanctuary,15_06_25,1
d,s2la,15_06_25,2
d,ny,15_06_25,2
d,chi,15_06_25,2
p964,hamadeh,16_06_25,1
p964,az8,16_06_25,3
p964,army,16_06_25,1
p964,bor,16_06_25,1
p964,eco,16_06_25,3
p964,taxcuts,16_06_25,3
p964,usm,16_06_25,3
p964,elec,16_06_25,3
p964,sec,16_06_25,3
hamadeh,az8,16_06_25,1
hamadeh,army,16_06_25,1
hamadeh,bor,16_06_25,1
hamadeh,eco,16_06_25,1
hamadeh,taxcuts,16_06_25,1
hamadeh,usm,16_06_25,1
hamadeh,elec,16_06_25,1
hamadeh,sec,16_06_25,1
p965,irn,16_06_25,3
p965,nuw,16_06_25,2
p965,deal,16_06_25,3
p965,evac,16_06_25,3
p965,usa,16_06_25,3
irn,nuw,16_06_25,3
irn,deal,16_06_25,3
irn,evac,16_06_25,3
usa,deal,16_06_25,3
usa,nuw,16_06_25,1
p966,tcr,16_06_25,2
p966,irn,16_06_25,3
p966,nuw,16_06_25,3
p966,usa,16_06_25,3
tcr,irn,16_06_25,3
usa,irn,16_06_25,1
tcr,pa,16_06_25,2
p967,af,16_06_25,1
p967,irn,16_06_25,2
p967,nuw,16_06_25,3
p967,usa,16_06_25,1
af,irn,16_06_25,3
af,usa,16_06_25,1
usa,irn,16_06_25,1
irn,nuw,16_06_25,3
usa,nuw,16_06_25,1
p967,maga,16_06_25,3
p968,gn,16_06_25,2
p968,s2la,16_06_25,3
p968,natguard,16_06_25,1
p968,pa,16_06_25,3
p968,usa,16_06_25,3
gn,pa,16_06_25,2
natguard,s2la,16_06_25,1
usa,natguard,16_06_25,1
gn,pa,16_06_25,2
p969,emm,17_06_25,2
p969,g7summit,17_06_25,3
p969,ceafir,17_06_25,3
p969,usa,17_06_25,3
p969,isr,17_06_25,3
p969,irn,17_06_25,3
emm,ceafir,17_06_25,3
emm,g7summit,17_06_25,3
emm,usa,17_06_25,3
g7summit,ceafir,17_06_25,3
g7summit,usa,17_06_25,3
g7summit,emm,17_06_25,3
ceafir,isr,17_06_25,3
ceafir,irn,17_06_25,3
usa,isr,17_06_25,3
usa,irn,17_06_25,3
p970,irn,17_06_25,3
p970,peatal,17_06_25,2
p970,fn,17_06_25,1
p970,usa,17_06_25,3
irn,peatal,17_06_25,3
irn,usa,17_06_25,3
fn,peatal,17_06_25,1
p971,irn,17_06_25,2
p971,usm,17_06_25,1
p971,airspace,17_06_25,3
p971,isr,17_06_25,3
usm,airspace,17_06_25,1
usm,isr,17_06_25,1
irn,airspace,17_06_25,2
p972,supreme,17_06_25,2
p972,irn,17_06_25,2
p972,usa,17_06_25,1
p972,usm,17_06_25,1
p972,civ,17_06_25,1
p972,missiles,17_06_25,2
supreme,irn,17_06_25,3
irn,missiles,17_06_25,2
missiles,civ,17_06_25,2
missiles,usm,17_06_25,2
usa,usm,17_06_25,1
p973,wh,17_06_25,3
p973,flags,17_06_25,3
wh,flags,17_06_25,3
p974,s2uss,18_06_25,3
p974,harv,18_06_25,3
p974,da,18_06_25,3
p974,ga,18_06_25,3
s2uss,da,18_06_25,1
harv,da,18_06_25,1
s2uss,ga,18_06_25,1
harv,ga,18_06_25,1
p975,s2cm,18_06_25,3
p975,usdc,18_06_25,3
p975,s2rol,18_06_25,3
s2cm,s2rol,18_06_25,1
s2cm,usdc,18_06_25,1
p976,jp,18_06_25,2
p976,pa,18_06_25,3
jp,pa,18_06_25,2
p976,fnma,19_06_25,2
p976,pa,19_06_25,3
fnma,pa,19_06_25,2
p977,jp,19_06_25,2
p977,pa,19_06_25,3
jp,pa,19_06_25,2
jp,inf,19_06_25,2
p978,ttb,19_06_25,3
p979,ten,19_06_25,3
p979,alabama,19_06_25,3
p979,ark,19_06_25,3
p979,norc,19_06_25,3
p980,nwh,19_06_25,2
p980,af,19_06_25,1
nwh,af,19_06_25,1
p981,le,19_06_25,1
p981,ng,19_06_25,1
p981,cal,19_06_25,2
p981,amerfam,19_06_25,1
p981,s2rol,19_06_25,1
p981,njc,19_06_25,1
p981,pa,19_06_25,2
le,ng,19_06_25,1
le,cal,19_06_25,2
le,amerfam,19_06_25,1
ng,cal,19_06_25,2
ng,amerfam,19_06_25,1
njc,cal,19_06_25,3
njc,amerfam,19_06_25,3
s2rol,le,19_06_25,1
s2rol,njc,19_06_25,1
p982,jb,20_06_25,3
p982,pa,20_06_25,3
p982,o,20_06_25,3
p982,amerfam,20_06_25,1
p982,repsen,20_06_25,1
p982,ice,20_06_25,1
p982,mig,20_06_25,3
jb,o,20_06_25,2
jb,mig,20_06_25,2
ice,mig,20_06_25,1
repsen,ice,20_06_25,1
amerfam,ice,20_06_25,1
jb,pa,20_06_25,2
p983,harv,20_06_25,3
p983,amerfam,20_06_25,1
harv,amerfam,20_06_25,1
p984,jp,20_06_25,2
p984,pa,20_06_25,2
pa,jp,20_06_25,2
p985,maru,20_06_25,1
p985,drc,20_06_25,1
p985,rwa,20_06_25,1
p985,npp,20_06_25,3
maru,drc,20_06_25,1
maru,rwa,20_06_25,1
drc,rwa,20_06_25,1
drc,npp,20_06_25,3
rwa,npp,20_06_25,3
p985,jt,20_06_25,2
p985,fnma,20_06_25,3
p985,rasmussen,20_06_25,1
p985,insider,20_06_25,1
p985,jb,20_06_25,1
p985,kh,20_06_25,1
p985,jesse,20_06_25,3
p985,gg,20_06_25,3
p985,maga,20_06_25,2
jt,fnma,20_06_25,2
jt,pa,20_06_25,2
jb,im,20_06_25,1
maga,fnma,20_06_25,2
pa,jb,20_06_25,2
p986,bbb,21_06_25,2
p986,wt,21_06_25,2
p986,clicha,21_06_25,2
p986,ep,21_06_25,2
p986,chn,21_06_25,2
bbb,wt,21_06_25,2
bbb,clicha,21_06_25,2
bbb,ep,21_06_25,2
wt,clicha,21_06_25,2
wt,ep,21_06_25,2
clicha,ep,21_06_25,2
ep,chn,21_06_25,2
p987,irn,21_06_25,2
p987,fdw,21_06_25,1
p987,ntz,21_06_25,1
p987,esf,21_06_25,1
p987,amerwar,21_06_25,1
fdw,ntz,21_06_25,3
fdw,esf,21_06_25,3
ntz,esf,21_06_25,3
amerwar,fdw,21_06_25,1
amerwar,ntz,21_06_25,1
amerwar,esf,21_06_25,1
irn,fdw,21_06_25,2
irn,ntz,21_06_25,2
irn,esf,21_06_25,2
p988,wh,21_06_25,3
p988,usa,21_06_25,1
p988,isr,21_06_25,1
p988,irn,21_06_25,2
p988,usm,21_06_25,1
usa,isr,21_06_25,1
usa,irn,21_06_25,2
isr,irn,21_06_25,2
usm,usa,21_06_25,1
p989,repsen,22_06_25,1
p989,bbb,22_06_25,1
p989,maga,22_06_25,1
repsen,bbb,22_06_25,1
repsen,maga,22_06_25,1
bbb,maga,22_06_25,1
p990,thom,22_06_25,2
p990,repsen,22_06_25,3
p990,maga,22_06_25,1
p990,bbb,22_06_25,2
p990,usm,22_06_25,1
p990,irn,22_06_25,2
p990,rpa,22_06_25,2
thom,repsen,22_06_25,2
thom,rpa,22_06_25,2
thom,maga,22_06_25,2
thom,bbb,22_06_25,2
thom,usm,22_06_25,2
thom,irn,22_06_25,2
repsen,rpa,22_06_25,1
maga,usm,22_06_25,1
bbb,maga,22_06_25,1
usm,irn,22_06_25,2
p991,irn,22_06_25,3
p991,usm,22_06_25,3
p991,ins,22_06_25,3
ins,usm,22_06_25,1
p992,irn,22_06_25,3
p992,irreg,22_06_25,3
irn,irreg,22_06_25,3
p993,irn,23_06_25,2
p993,ins,23_06_25,1
p993,usm,23_06_25,1
ins,irn,23_06_25,2
usm,ins,23_06_25,1
usm,irn,23_06_25,1
p994,rus,23_06_25,3
p994,s2dm,23_06_25,3
p994,ins,23_06_25,2
p994,usm,23_06_25,1
p994,ns,23_06_25,1
p994,fpilots,23_06_25,1
rus,s2dm,23_06_25,3
rus,ins,23_06_25,2
usm,ins,23_06_25,1
ns,ins,23_06_25,1
fpilots,ins,23_06_25,1
usm,ns,23_06_25,1
usm,fpilots,23_06_25,1
p995,ins,23_06_25,1
p995,ac,23_06_25,2
p995,blr,23_06_25,2
p995,karl,23_06_25,2
p995,cnn,23_06_25,2
p995,abc,23_06_25,2
p995,nbc,23_06_25,2
p995,concast,23_06_25,2
ins,ac,23_06_25,2
ins,blr,23_06_25,2
ins,karl,23_06_25,2
ins,cnn,23_06_25,2
ins,abc,23_06_25,2
ins,nbc,23_06_25,2
ins,concast,23_06_25,2
p996,irn,23_06_25,3
p996,ins,23_06_25,1
p996,usm,23_06_25,1
p996,isr,23_06_25,1
ins,irn,23_06_25,2
usm,ins,23_06_25,1
usm,irn,23_06_25,1
isr,irn,23_06_25,1
p997,irn,23_06_25,1
p997,isr,23_06_25,1
p997,miea,23_06_25,1
p997,usa,23_06_25,1
irn,isr,23_06_25,1
isr,miea,23_06_25,1
irn,miea,23_06_25,1
usa,miea,23_06_25,1
p998,irn,23_06_25,1
p998,isr,23_06_25,1
p998,miea,23_06_25,1
p998,world,23_06_25,1
irn,isr,23_06_25,1
irn,miea,23_06_25,1
isr,miea,23_06_25,1
irn,world,23_06_25,1
isr,world,23_06_25,1
miea,world,23_06_25,1
p999,jp,24_06_25,2
p999,fed,24_06_25,2
p999,usa,24_06_25,3
p999,cong,24_06_25,3
jp,fed,24_06_25,3
jp,usa,24_06_25,2
fed,usa,24_06_25,3
cong,jp,24_06_25,2
cong,fed,24_06_25,2
p1000,isr,24_06_25,3
p1000,irn,24_06_25,3
p1000,ceafir,24_06_25,1
isr,irn,24_06_25,1
isr,ceafir,24_06_25,1
irn,cf,24_06_25,1
p1000,nato,24_06_25,3
p1000,eur,24_06_25,3
p1000,usa,24_06_25,3
p1000,isr,24_06_25,1
p1000,irn,24_06_25,1
nato,eur,24_06_25,1
usa,nato,24_06_25,1
eur,usa,24_06_25,1
p1001,chn,24_06_25,1
p1001,irn,24_06_25,1
p1001,usa,24_06_25,1
chn,irn,24_06_25,1
chn,usa,24_06_25,3
irn,usa,24_06_25,3
p1002,thom,24_06_25,2
p1002,bbb,24_06_25,1
p1002,usa,24_06_25,3
thom,bbb,24_06_25,2
thom,usa,24_06_25,2
p1003,aoc,24_06_25,2
p1003,d,24_06_25,2
p1003,chuschu,24_06_25,3
p1003,usa,24_06_25,3
aoc,d,24_06_25,2
aoc,chuschu,24_06_25,2
aoc,usa,24_06_25,2
d,chuschu,24_06_25,2
d,usa,24_06_25,2
pa,aoc,24_06_25,2
pa,d,24_06_25,2
p1004,bbb,24_06_25,1
p1004,usa,24_06_25,3
p1004,senate,24_06_25,1
p1004,hor,24_06_25,1
bbb,senate,24_06_25,1
bbb,hor,24_06_25,1
senate,hor,24_06_25,1
senate,usa,24_06_25,1
hor,usa,24_06_25,1
p1005,cnn,24_06_25,2
p1005,nyt,24_06_25,2
p1005,media,24_06_25,2
p1005,ins,24_06_25,1
cnn,nyt,24_06_25,3
cnn,media,24_06_25,1
nyt,media,24_06_25,1
cnn,ins,24_06_25,2
nyt,ins,24_06_25,2
media,ins,24_06_25,2
p1006,nld,25_06_25,3
p1006,king,25_06_25,1
p1006,queen,25_06_25,1
p1006,nato,25_06_25,3
p1006,usa,25_06_25,3
nld,king,25_06_25,1
net,queen,25_06_25,1
nato,usa,25_06_25,1
p1007,usa,25_06_25,3
p1007,ins,25_06_25,1
p1007,ceafir,25_06_25,1
p1007,war,25_06_25,3
p1007,isr,25_06_25,1
p1007,irn,25_06_25,1
usa,ins,25_06_25,1
usa,ceafir,25_06_25,1
usa,war,25_06_25,3
ins,irn,25_06_25,2
irn,isr,25_06_25,1
isr,peace,25_06_25,1
irn,peace,25_06_25,1
p1008,cnn,25_06_25,2
p1008,nyt,25_06_25,2
p1008,media,25_06_25,2
p1008,b2,25_06_25,1
p1008,ins,25_06_25,1
pa,cnn,25_06_25,2
pa,nyt,25_06_25,2
pa,media,25_06_25,2
b2,ins,25_06_25,1
cnn,nyt,25_06_25,3
cnn,media,25_06_25,1
nyt,media,25_06_25,1
ins,media,25_06_25,2
p1009,nber,25_06_25,2
p1009,cnn,25_06_25,2
p1009,b2,25_06_25,1
p1009,ins,25_06_25,1
p1009,media,25_06_25,2
pa,nber,25_06_25,2
pa,cnn,25_06_25,2
pa,media,25_06_25,2
b2,ins,25_06_25,1
cnn,media,25_06_25,1
nber,cnn,25_06_25,2
ins,media,25_06_25,2
p1010,bn,25_06_25,1
p1010,isr,25_06_25,1
p1010,court,25_06_25,2
p1010,pa,25_06_25,2
p1010,usa,25_06_25,1
p1010,ins,25_06_25,1
pa,court,25_06_25,2
bn,isr,25_06_25,1
usa,bn,25_06_25,1
usa,isr,25_06_25,1
ins,isr,25_06_25,2
ins,usa,25_06_25,1
p1011,cnn,25_06_25,2
p1011,anchors,25_06_25,2
p1011,media,25_06_25,2
pa,cnn,25_06_25,2
pa,anchors,25_06_25,2
anchors,cnn,25_06_25,2
cnn,media,25_06_25,1
anchors,media,25_06_25,1
p1012,cnn,26_06_25,2
p1012,nyt,26_06_25,2
p1012,reporters,26_06_25,2
p1012,media,26_06_25,3
cnn,reporters,26_06_25,1
nyt,reporters,26_06_25,1
reporters,media,26_06_25,1
cnn,media,26_06_25,1
nyt,media,26_06_25,1
pa,cnn,26_06_25,2
pa,nyt,26_06_25,2
rumor,cnn,26_06_25,2
rumor,nyt,26_06_25,2
p1012,pa,26_06_25,3
p1012,rumor,26_06_25,3
p1013,pressconf,26_06_25,1
p1013,media,26_06_25,2
p1013,pa,26_06_25,2
p1013,witch,26_06_25,2
p1013,usm,26_06_25,1
pa,media,26_06_25,2
witch,media,26_06_25,2
usm,pressconf,26_06_25,1
p1014,ins,26_06_25,1
p1014,war,26_06_25,1
p1014,rumor,26_06_25,2
p1014,media,26_06_25,2
rumor,media,26_06_25,2
war,ins,26_06_25,1
media,ins,26_06_25,3
p1015,nato,26_06_25,1
p1015,summit,26_06_25,1
p1015,leaders,26_06_25,1
p1015,five,26_06_25,1
p1015,usa,26_06_25,1
nato,summit,26_06_25,1
nato,leaders,26_06_25,1
nato,five,26_06_25,1
usa,nato,26_06_25,1
leaders,summit,26_06_25,1
p1016,cnn,26_06_25,2
p1016,nyt,26_06_25,2
p1016,r,26_06_25,2
p1016,pa,26_06_25,2
p1016,media,26_06_25,2
pa,cnn,26_06_25,2
pa,nyt,26_06_25,2
pa,r,26_06_25,2
cnn,r,26_06_25,1
nyt,r,26_06_25,1
cnn,media,26_06_25,1
nyt,media,26_06_25,1
p1017,spc,27_06_25,1
p1017,brc,27_06_25,2
p1017,doj,27_06_25,1
p1017,pb,27_06_25,1
p1017,sauer,27_06_25,1
p1017,wh,27_06_25,1
p1017,imm,27_06_25,2
p1017,pa,27_06_25,2
scot,doj,27_06_25,1
doj,pb,27_06_25,1
doj,sauer,27_06_25,1
brc,imm,27_06_25,3
pa,brc,27_06_25,2
pa,imm,27_06_25,2
p1018,kham,27_06_25,2
p1018,irn,27_06_25,2
p1018,isr,27_06_25,1
p1018,usarmedforces,27_06_25,1
p1018,ins,27_06_25,1
p1018,sanc,27_06_25,2
p1018,eco,27_06_25,3
p1018,pa,27_06_25,2
kham,irn,27_06_25,1
kham,pa,27_06_25,2
irn,ins,27_06_25,1
usarmedforces,ins,27_06_25,1
isr,irn,27_06_25,2
sanc,irn,27_06_25,2
pa,kham,27_06_25,2
pa,irn,27_06_25,2
p1019,can,27_06_25,2
p1019,atc,27_06_25,1
p1019,eu,27_06_25,2
p1019,usa,27_06_25,1
p1019,t,27_06_25,3
p1019,tech,27_06_25,3
p1019,eu,27_06_25,3
can,t,27_06_25,2
can,tech,27_06_25,2
eu,tech,27_06_25,2
atc,tech,27_06_25,1
usa,t,27_06_25,1
can,eu,27_06_25,1
usa,atc,27_06_25,1
usa,can,27_06_25,2
p1020,s2uss,27_06_25,1
p1020,hor,27_06_25,1
p1020,amerfam,27_06_25,1
p1020,ta,27_06_25,3
p1020,eco,27_06_25,3
p1020,heca,27_06_25,3
p1020,usm,27_06_25,3
p1020,aogo,27_06_25,3
s2uss,hor,27_06_25,1
s2uss,ta,27_06_25,1
s2uss,eco,27_06_25,1
s2uss,usm,27_06_25,1
hor,amerfam,27_06_25,1
hor,eco,27_06_25,1
amerfam,eco,27_06_25,1
p1021,cnn,27_06_25,2
p1021,aph,27_06_25,2
p1021,t,27_06_25,3
p1021,eco,27_06_25,3
p1021,mc,27_06_25,3
cnn,aph,27_06_25,2
cnn,t,27_06_25,2
cnn,eco,27_06_25,2
cnn,mc,27_06_25,2
aph,t,27_06_25,2
aph,eco,27_06_25,2
aph,mc,27_06_25,2
p1022,gc,28_06_25,1
p1022,fnma,28_06_25,1
p1022,amerfam,28_06_25,1
p1022,mu,28_06_25,3
p1022,cr,28_06_25,3
p1022,s2cm,28_06_25,3
gc,fnma,28_06_25,1
gc,amerfam,28_06_25,1
gc,mu,28_06_25,1
gc,cr,28_06_25,1
gc,s2cm,28_06_25,1
fnma,mu,28_06_25,1
fnma,cr,28_06_25,1
fnma,s2cm,28_06_25,1
amerfam,mu,28_06_25,1
amerfam,cr,28_06_25,1
amerfam,s2cm,28_06_25,1
p1023,ffw,28_06_25,1
p1023,fn,28_06_25,2
p1023,mc,28_06_25,3
ffw,fn,28_06_25,1
ffw,mc,28_06_25,1
fn,mc,28_06_25,2
p1024,s2kk,28_06_25,1
p1024,radg,28_06_25,2
p1024,adm,28_06_25,1
p1024,ta,28_06_25,3
p1024,s2cm,28_06_25,3
p1024,budg,28_06_25,3
s2kk,radg,28_06_25,1
s2kk,adm,28_06_25,1
s2kk,ta,28_06_25,1
s2kk,budg,28_06_25,1
adm,radg,28_06_25,1
adm,ta,28_06_25,1
radg,s2cm,28_06_25,2
p1025,d,28_06_25,2
p1025,o,28_06_25,3
d,o,28_06_25,2
p1026,nato,28_06_25,1
p1026,wl,28_06_25,1
p1026,pair,28_06_25,3
p1026,pm,28_06_25,3
nato,wl,28_06_25,1
nato,pair,28_06_25,1
nato,pm,28_06_25,1
wl,pair,28_06_25,1
wl,pm,28_06_25,1
p1027,bn,28_06_25,1
p1027,isr,28_06_25,1
p1027,usa,28_06_25,1
p1027,irn,28_06_25,2
p1027,ham,28_06_25,2
p1027,proc,28_06_25,2
p1027,war,28_06_25,3
p1027,nas,28_06_25,3
p1027,js,28_06_25,3
bn,isr,28_06_25,1
bn,usa,28_06_25,1
bn,irn,28_06_25,2
bn,ham,28_06_25,2
isr,usa,28_06_25,1
isr,irn,28_06_25,2
isr,ham,28_06_25,2
proc,bn,28_06_25,2
proc,isr,28_06_25,2
p1028,s2tt,28_06_25,2
p1028,d,28_06_25,2
p1028,norc,28_06_25,1
p1028,tob,28_06_25,1
p1028,chn,28_06_25,2
p1028,jb,28_06_25,2
p1028,gpnc,28_06_25,1
p1028,ta,28_06_25,3
p1028,budg,28_06_25,3
p1028,ma,28_06_25,3
p1028,eco,28_06_25,3
p1028,s2wf,28_06_25,3
s2tt,d,28_06_25,2
s2tt,norc,28_06_25,2
s2tt,tob,28_06_25,2
s2tt,chn,28_06_25,2
s2tt,jb,28_06_25,2
norc,gpnc,28_06_25,1
tob,norc,28_06_25,1
jb,norc,28_06_25,2
p1029,r,28_06_25,1
p1029,d,28_06_25,2
p1029,hsr,28_06_25,2
p1029,usa,28_06_25,1
p1029,debtextension,28_06_25,1
p1029,ta,28_06_25,3
p1029,ma,28_06_25,3
p1029,s2rol,28_06_25,3
p1029,o,28_06_25,3
r,d,28_06_25,1
r,hsr,28_06_25,1
r,usa,28_06_25,1
r,debtextension,28_06_25,1
d,o,28_06_25,2
hsr,r,28_06_25,2
p1030,ricsc,29_06_25,1
p1030,s2ml,29_06_25,1
p1030,rj,29_06_25,1
p1030,s2cl,29_06_25,1
p1030,r,29_06_25,1
p1030,usa,29_06_25,1
p1030,eco,29_06_25,3
p1030,ta,29_06_25,3
p1030,ma,29_06_25,3
p1030,heca,29_06_25,3
p1030,sec,29_06_25,3
ricsc,r,29_06_25,1
s2ml,r,29_06_25,1
rj,r,29_06_25,1
s2cl,r,29_06_25,1
repsen,usa,29_06_25,1
s2ml,usa,29_06_25,1
rj,usa,29_06_25,1
s2cl,usa,29_06_25,1
r,eco,29_06_25,3
r,ta,29_06_25,3
r,ma,29_06_25,3
r,heca,29_06_25,3
r,sec,29_06_25,3
p1031,usa,29_06_25,1
p1031,eco,29_06_25,3
usa,eco,29_06_25,3
p1032,jb,29_06_25,2
p1032,bor,29_06_25,2
p1032,im,29_06_25,2
jb,bor,29_06_25,2
jb,im,29_06_25,2
bor,im,29_06_25,2
p1033,r,29_06_25,1
p1033,eco,29_06_25,3
p1033,budg,29_06_25,3
r,eco,29_06_25,3
r,budg,29_06_25,1
eco,budg,29_06_25,3
p1034,bbb,30_06_25,1
p1034,usa,30_06_25,1
p1034,budg,30_06_25,3
p1034,eco,30_06_25,3
bbb,usa,30_06_25,1
bbb,budg,30_06_25,3
bbb,eco,30_06_25,3
usa,budg,30_06_25,3
usa,eco,30_06_25,3
budg,eco,30_06_25,3
p1035,ta,30_06_25,1
p1035,consumers,30_06_25,1
p1035,budg,30_06_25,3
p1035,eco,30_06_25,3
ta,consumers,30_06_25,1
ta,budg,30_06_25,3
ta,eco,30_06_25,3
consumers,budg,30_06_25,3
consumers,eco,30_06_25,3
budg,eco,30_06_25,3
p1036,jp,30_06_25,2
p1036,frb,30_06_25,2
p1036,usa,30_06_25,1
p1036,budg,30_06_25,3
p1036,eco,30_06_25,3
jp,frb,30_06_25,2
jp,usa,30_06_25,2
jp,budg,30_06_25,3
jp,eco,30_06_25,3
frb,usa,30_06_25,2
frb,budg,30_06_25,3
frb,eco,30_06_25,3
usa,budg,30_06_25,3
usa,eco,30_06_25,3
budg,eco,30_06_25,3
p1037,usa,30_06_25,1
p1037,jpn,30_06_25,1
p1037,t,30_06_25,3
p1037,pair,30_06_25,3
usa,jpn,30_06_25,1
usa,t,30_06_25,3
usa,pair,30_06_25,3
jpn,t,30_06_25,3
jpn,pair,30_06_25,3
t,pair,30_06_25,3
td,jpn,30_06_25,1
p1037,td,30_06_25,1
p1038,att,30_06_25,2
p1038,s2fl,30_06_25,3
p1038,pm,30_06_25,3
p1038,tech,30_06_25,3
att,s2fl,30_06_25,2
att,pm,30_06_25,2
att,tech,30_06_25,3
s2fl,pm,30_06_25,3
s2fl,tech,30_06_25,3
pm,tech,30_06_25,3
p1039,r,01_07_25,1
p1039,bbb,01_07_25,1
p1039,ta,01_07_25,3
p1039,bor,01_07_25,3
r,bbb,01_07_25,1
r,ta,01_07_25,1
r,bor,01_07_25,1
bbb,ta,01_07_25,1
bbb,bor,01_07_25,1
ta,bor,01_07_25,3
p1040,em,01_07_25,2
p1040,doge,01_07_25,1
p1040,usa,01_07_25,1
p1040,ep,01_07_25,3
p1040,eco,01_07_25,3
p1040,endor,01_07_25,3
em,ep,01_07_25,2
em,eco,01_07_25,2
em,endor,01_07_25,1
doge,eco,01_07_25,1
doge,ep,01_07_25,1
usa,eco,01_07_25,1
ep,eco,01_07_25,3
p1041,r,01_07_25,1
p1041,s2uss,01_07_25,1
p1041,hgop,01_07_25,1
p1041,d,01_07_25,2
p1041,amerfam,01_07_25,1
p1041,usa,01_07_25,1
p1041,bbb,01_07_25,1
p1041,ta,01_07_25,3
p1041,bor,01_07_25,3
p1041,eco,01_07_25,3
p1041,s2socs,01_07_25,3
p1041,heca,01_07_25,3
r,s2uss,01_07_25,1
r,hgop,01_07_25,1
r,d,01_07_25,2
r,bbb,01_07_25,1
hgop,bbb,01_07_25,1
s2uss,bbb,01_07_25,1
amerfam,bbb,01_07_25,1
d,bbb,01_07_25,2
bbb,eco,01_07_25,1
bbb,ta,01_07_25,1
bbb,bor,01_07_25,1
bbb,s2socs,01_07_25,1
bbb,heca,01_07_25,1
usa,eco,01_07_25,1
usa,ta,01_07_25,1
usa,bor,01_07_25,1
pa,d,01_07_25,2
p1042,iw,01_07_25,1
p1042,afarm,01_07_25,1
p1042,small,01_07_25,1
p1042,usa,01_07_25,1
p1042,hero,01_07_25,1
p1042,af,01_07_25,3
p1042,pm,01_07_25,3
p1042,pat,01_07_25,3
p1042,t,01_07_25,3
iw,afarm,01_07_25,1
iw,small,01_07_25,1
iw,af,01_07_25,1
afarm,t,01_07_25,1
afarm,af,01_07_25,1
small,eco,01_07_25,1
usa,pat,01_07_25,1
hero,pat,01_07_25,1
p1043,jb,01_07_25,2
p1043,alc,01_07_25,1
p1043,pdf,01_07_25,3
p1043,mig,01_07_25,2
p1043,usa,01_07_25,1
p1043,im,01_07_25,3
p1043,bor,01_07_25,3
p1043,s2cm,01_07_25,3
p1043,le,01_07_25,3
jb,im,01_07_25,2
jb,bor,01_07_25,2
jb,s2cm,01_07_25,2
mig,im,01_07_25,2
mig,bor,01_07_25,2
alc,s2cm,01_07_25,1
alc,le,01_07_25,1
le,s2cm,01_07_25,1
usa,im,01_07_25,1
usa,bor,01_07_25,1
p1044,isr,01_07_25,3
p1044,ham,01_07_25,3
p1044,qat,01_07_25,1
p1044,egy,01_07_25,1
p1044,miea,01_07_25,3
p1044,usr,01_07_25,1
p1044,isr,01_07_25,3
p1044,ham,01_07_25,3
p1044,gaz,01_07_25,3
p1044,pair,01_07_25,3
p1044,peace,01_07_25,3
p1044,med,01_07_25,3
isr,gaz,01_07_25,1
isr,peace,01_07_25,1
qat,peace,01_07_25,1
egy,peace,01_07_25,1
qat,pair,01_07_25,1
egy,pair,01_07_25,1
ham,gaz,01_07_25,2
ham,peace,01_07_25,2
miea,peace,01_07_25,3
p1045,jb,02_07_25,2
p1045,d,02_07_25,2
p1045,r,02_07_25,1
p1045,usa,02_07_25,1
p1045,ust,02_07_25,1
p1045,bbb,02_07_25,3
p1045,t,02_07_25,3
p1045,eco,02_07_25,3
p1045,iv,02_07_25,3
p1045,o,02_07_25,3
r,d,02_07_25,2
jb,d,02_07_25,1
d,o,02_07_25,1
r,bbb,02_07_25,1
usa,eco,02_07_25,1
usa,iv,02_07_25,1
ust,t,02_07_25,1
t,eco,02_07_25,1
iv,eco,02_07_25,1
d,eco,02_07_25,2
jb,eco,02_07_25,2
p1046,ny,02_07_25,1
p1046,usa,02_07_25,1
p1046,o,02_07_25,2
ny,o,02_07_25,2
usa,o,02_07_25,2
usa,ny,02_07_25,1
p1047,vie,02_07_25,1
p1047,pair,02_07_25,3
p1047,usa,02_07_25,1
usa,vie,02_07_25,1
usa,pair,02_07_25,1
vie,pair,02_07_25,1
p1048,vie,03_07_25,1
p1048,to,03_07_25,1
p1048,usa,03_07_25,1
p1048,t,03_07_25,3
p1048,pair,03_07_25,3
p1048,suv,03_07_25,3
usa,vie,03_07_25,1
usa,t,03_07_25,1
usa,suv,03_07_25,1
usa,pair,03_07_25,1
ven,t,03_07_25,1
ven,suv,03_07_25,1
ven,pair,03_07_25,1
to,ven,03_07_25,1
to,usa,03_07_25,1
p1049,usa,02_07_25,1
p1049,bbb,02_07_25,3
p1049,eco,02_07_25,3
p1049,iv,02_07_25,3
p1049,budg,02_07_25,3
usa,bbb,02_07_25,1
usa,eco,02_07_25,1
usa,iv,02_07_25,1
usa,budg,02_07_25,1
bbb,eco,02_07_25,1
bbb,iv,02_07_25,1
bbb,budg,02_07_25,1
iv,eco,02_07_25,1
p1050,jdunlap,02_07_25,1
p1050,usa,02_07_25,3
p1050,aogo,02_07_25,3
p1050,pierce,02_07_25,3
p1050,nd,02_07_25,3
jdunlap,usa,02_07_25,1
jdunlap,aogo,02_07_25,1
jdunlap,pierce,02_07_25,1
jdunlap,nd,02_07_25,1
usa,aogo,02_07_25,1
p1051,et,02_07_25,1
p1051,usa,02_07_25,1
p1051,cal,02_07_25,3
p1051,or,02_07_25,3
p1051,wash,02_07_25,3
p1051,aogo,02_07_25,3
p1051,spc,02_07_25,3
p1051,doj,02_07_25,3
p1051,cdca,02_07_25,3
p1051,asusa,02_07_25,3
p1051,antonin,02_07_25,1
p1051,ng,02_07_25,1
et,usa,02_07_25,1
et,cal,02_07_25,1
et,or,02_07_25,1
et,wash,02_07_25,1
et,aogo,02_07_25,1
et,spc,02_07_25,1
et,doj,02_07_25,1
et,cdca,02_07_25,1
et,asusa,02_07_25,1
et,asch,02_07_25,1
et,ng,02_07_25,1
usa,aogo,02_07_25,1
cal,aogo,02_07_25,1
or,aogo,02_07_25,1
wash,aogo,02_07_25,1
p1052,bp,02_07_25,1
p1052,ice,02_07_25,1
p1052,cusbor,02_07_25,1
p1052,usa,02_07_25,1
p1052,bbb,02_07_25,3
p1052,nas,02_07_25,3
bp,ice,02_07_25,1
bp,cusbor,02_07_25,1
bp,usa,02_07_25,1
bp,nas,02_07_25,1
ice,cusbor,02_07_25,1
ice,usa,02_07_25,1
ice,nas,02_07_25,1
cusbor,usa,02_07_25,1
cusbor,nas,02_07_25,1
usa,nas,02_07_25,1
bbb,bp,02_07_25,3
bbb,ice,02_07_25,3
bbb,cusbor,02_07_25,3
bbb,usa,02_07_25,3
p1053,hor,02_07_25,3
p1053,repubs,02_07_25,1
p1053,usa,02_07_25,1
p1053,eco,02_07_25,3
hor,repubs,02_07_25,1
hor,usa,02_07_25,1
hor,eco,02_07_25,3
repubs,usa,02_07_25,1
repubs,eco,02_07_25,1
usa,eco,02_07_25,1
p1054,usa,02_07_25,1
p1054,r,02_07_25,1
p1054,d,02_07_25,2
p1054,eco,02_07_25,3
usa,r,02_07_25,1
usa,d,02_07_25,2
usa,eco,02_07_25,1
r,d,02_07_25,2
r,eco,02_07_25,1
d,eco,02_07_25,2
p1054,ta,02_07_25,1
p1055,r,03_07_25,1
p1055,d,03_07_25,2
p1055,usa,03_07_25,1
p1055,eco,03_07_25,3
r,d,03_07_25,2
r,usa,03_07_25,1
r,eco,03_07_25,1
d,usa,03_07_25,2
d,eco,03_07_25,2
usa,eco,03_07_25,1
p1056,vp,03_07_25,3
p1056,rus,03_07_25,3
vp,rus,03_07_25,1
p1057,usa,03_07_25,1
p1057,eco,03_07_25,3
usa,eco,03_07_25,1
p1058,r,03_07_25,3
p1058,hor,03_07_25,1
p1058,senate,03_07_25,1
p1058,mijo,03_07_25,1
p1058,jth,03_07_25,1
p1058,usa,03_07_25,3
p1058,bbb,03_07_25,3
r,hor,03_07_25,1
r,senate,03_07_25,1
r,mijo,03_07_25,1
r,jth,03_07_25,1
hor,senate,03_07_25,1
hor,bbb,03_07_25,1
senate,bbb,03_07_25,1
mijo,bbb,03_07_25,1
jth,bbb,03_07_25,1
usa,bbb,03_07_25,1
p1059,toem,03_07_25,1
p1059,jackie,03_07_25,1
p1059,r,03_07_25,3
p1059,usa,03_07_25,3
p1059,bbb,03_07_25,3
toem,bbb,03_07_25,1
r,toem,03_07_25,1
toem,jackie,03_07_25,1
usa,bbb,03_07_25,1
p1060,stsc,03_07_25,1
p1060,jenn,03_07_25,1
p1060,r,03_07_25,1
p1060,usa,03_07_25,1
p1060,bbb,03_07_25,3
stsc,bbb,03_07_25,1
r,stsc,03_07_25,1
stsc,jenn,03_07_25,1
usa,bbb,03_07_25,1
p1061,mijo,03_07_25,1
p1061,r,03_07_25,1
p1061,usa,03_07_25,1
p1061,bbb,03_07_25,3
mijo,bbb,03_07_25,1
r,mijo,03_07_25,1
usa,bbb,03_07_25,1
p1062,jth,03_07_25,1
p1062,r,03_07_25,1
p1062,bbb,03_07_25,3
jt,bbb,03_07_25,1
r,jth,03_07_25,1
p1063,s2sb,03_07_25,1
p1063,r,03_07_25,1
p1063,bbb,03_07_25,3
s2sb,bbb,03_07_25,1
r,s2sb,03_07_25,1
p1064,ng,04_07_25,1
p1064,boo,04_07_25,3
ng,boo,04_07_25,1
p1065,edaalexa,04_07_25,1
p1065,ham,04_07_25,2
edaalexa,ham,04_07_25,2
p1066,ice,05_07_25,3
p1066,s2cm,05_07_25,3
p1066,remig,05_07_25,3
p1066,pat,05_07_25,3
ice,s2cm,05_07_25,1
ice,remig,05_07_25,1
ice,pat,05_07_25,1
p1067,bor,05_07_25,3
p1067,eco,05_07_25,3
p1067,ma,05_07_25,3
p1067,pat,05_07_25,3
bor,eco,05_07_25,1
bor,ma,05_07_25,1
bor,pat,05_07_25,1
eco,ma,05_07_25,1
eco,pat,05_07_25,1
ma,pat,05_07_25,1
p1068,s2emerg,06_07_25,3
p1068,tex,06_07_25,3
p1068,pat,06_07_25,3
p1068,grab,06_07_25,3
p1068,kn,06_07_25,3
p1068,frs,06_07_25,3
s2emerg,uscoagu,06_07_25,1
s2emerg,frs,06_07_25,1
s2emerg,grab,06_07_25,1
uscoagu,frs,06_07_25,1
uscoagu,tex,06_07_25,1
frs,tex,06_07_25,1
grab,kn,06_07_25,1
tex,pat,06_07_25,1
p1069,em,06_07_25,3
p1069,thirpa,06_07_25,3
p1069,ev,06_07_25,3
p1069,nasa,06_07_25,3
p1069,r,06_07_25,3
p1069,o,06_07_25,3
p1069,endor,06_07_25,3
p1069,pat,06_07_25,3
p1069,friend,06_07_25,3
em,ev,06_07_25,2
em,thirpa,06_07_25,2
em,friend,06_07_25,3
friend,nasa,06_07_25,1
r,ev,06_07_25,1
r,pat,06_07_25,1
o,thirpa,06_07_25,2
o,ev,06_07_25,2
pat,em,06_07_25,1
pat,friend,06_07_25,1
endor,em,06_07_25,1
pa,em,06_07_25,2
p1069,pa,06_07_25,3
p1069,d,06_07_25,2
pa,d,06_07_25,2
p1070,usa,06_07_25,3
p1070,t,06_07_25,3
p1070,pair,06_07_25,3
p1070,varcoun,06_07_25,3
usa,t,06_07_25,1
usa,pair,06_07_25,1
usa,varcoun,06_07_25,1
t,varcoun,06_07_25,1
pair,varcoun,06_07_25,1
p1071,t,06_07_25,3
p1071,pair,06_07_25,3
p1071,brics,06_07_25,3
p1071,usa,06_07_25,3
usa,t,06_07_25,1
usa,pair,06_07_25,1
usa,brics,06_07_25,2
t,brics,06_07_25,2
pair,brics,06_07_25,2
p1072,braz,07_07_25,3
p1072,jair,07_07_25,3
p1072,pair,07_07_25,3
p1072,o,07_07_25,3
p1072,ef,07_07_25,3
p1072,t,07_07_25,3
jair,braz,07_07_25,1
jair,t,07_07_25,1
jair,o,07_07_25,2
jair,ef,07_07_25,1
braz,o,07_07_25,2
braz,ef,07_07_25,2
pair,braz,07_07_25,1
pair,jair,07_07_25,1
p1073,t,08_07_25,3
p1073,pair,08_07_25,3
t,pair,08_07_25,1
p1074,cea,08_07_25,3
p1074,mir,08_07_25,3
p1074,t,08_07_25,3
p1074,inf,08_07_25,3
p1074,iv,08_07_25,3
p1074,jobs,08_07_25,3
p1074,factories,08_07_25,3
p1074,jobs,08_07_25,2
t,inf,08_07_25,1
t,iv,08_07_25,1
iv,jobs,08_07_25,1
iv,factories,08_07_25,1
p1074,pa,08_07_25,2
jp,pa,08_07_25,2
p1075,t,08_07_25,3
p1075,c1,08_07_25,3
p1075,c2,08_07_25,3
p1075,c3,08_07_25,3
p1075,c4,08_07_25,3
p1075,c5,08_07_25,3
p1075,c6,08_07_25,3
p1075,c7,08_07_25,3
t,c1,08_07_25,1
t,c2,08_07_25,1
t,c3,08_07_25,1
t,c4,08_07_25,1
t,c5,08_07_25,1
t,c6,08_07_25,1
t,c7,08_07_25,1
p1076,spc,08_07_25,3
p1076,d,08_07_25,3
spc,d,08_07_25,2
p1077,ryma,09_07_25,3
p1077,ma,09_07_25,3
p1077,peace,09_07_25,3
p1077,eco,09_07_25,6
p1077,ta,09_07_25,3
p1077,bor,09_07_25,3
p1077,ep,09_07_25,3
p1077,sec,09_07_25,3
ryma,ma,09_07_25,1
ryma,peace,09_07_25,1
ryma,eco,09_07_25,1
ryma,ta,09_07_25,1
ryma,bor,09_07_25,1
ryma,ep,09_07_25,1
ryma,sec,09_07_25,1
p1078,ryma,09_07_25,3
p1078,ma,09_07_25,3
p1078,eco,09_07_25,3
p1078,ta,09_07_25,3
p1078,bor,09_07_25,3
p1078,ep,09_07_25,3
p1078,sec,09_07_25,3
ryma,ma,09_07_25,1
ryma,eco,09_07_25,1
ryma,ta,09_07_25,1
ryma,bor,09_07_25,1
ryma,ep,09_07_25,1
ryma,sec,09_07_25,1
ryma,kans,09_07_25,3
p1079,lg,09_07_25,3
p1079,soucar,09_07_25,3
lg,soucar,09_07_25,3
p1080,copper,09_07_25,3
p1080,nas,09_07_25,3
p1080,usa,09_07_25,3
p1080,dod,09_07_25,3
copper,dod,09_07_25,3
nas,dod,09_07_25,3
usa,copper,09_07_25,3
usa,dod,09_07_25,3
p1081,sedu,09_07_25,3
p1081,nasa,09_07_25,3
p1081,transport,09_07_25,3
p1081,airtraffic,09_07_25,3
p1081,roads,09_07_25,3
sedu,nasa,09_07_25,1
sedu,transport,09_07_25,1
sedu,airtraffic,09_07_25,1
sedu,roads,09_07_25,1
p1082,techstocks,10_07_25,3
p1082,indust,10_07_25,3
p1082,nasdaq,10_07_25,3
p1082,crypto,10_07_25,3
p1082,nvda,10_07_25,3
p1082,tariffs,10_07_25,3
p1082,fed,10_07_25,3
p1082,usa,10_07_25,3
nvda,tariffs,10_07_25,1
usa,tariffs,10_07_25,1
usa,fed,10_07_25,2
usa,tech,10_07_25,1
usa,indust,10_07_25,1
usa,nasdaq,10_07_25,1
usa,crypto,10_07_25,1
p1083,fed,10_07_25,3
p1083,jp,10_07_25,3
p1083,usa,10_07_25,3
usa,fed,10_07_25,1
usa,jp,10_07_25,2
p1084,wwm,10_07_25,3
p1084,usdc,10_07_25,3
p1084,doj,10_07_25,3
wwm,usdc,10_07_25,1
wwm,doj,10_07_25,1
p1085,cpb,10_07_25,2
p1085,cnn,10_07_25,2
p1085,msdnc,10_07_25,2
cpb,cnn,10_07_25,2
cpb,msdnc,10_07_25,2
p1086,phe,11_07_25,1
p1086,bv,11_07_25,1
p1086,fnma,11_07_25,1
p1086,maga,11_07_25,3
phe,bv,11_07_25,1
phe,fnma,11_07_25,1
bv,fnma,11_07_25,1
p1087,ice,11_07_25,1
p1087,kn,11_07_25,1
p1087,toho,11_07_25,1
p1087,le,11_07_25,1
p1087,thugs,11_07_25,2
p1087,maga,11_07_25,3
kn,ice,11_07_25,1
toho,ice,11_07_25,1
le,ice,11_07_25,1
thugs,ice,11_07_25,2
p1088,zito,11_07_25,1
p1088,boo,11_07_25,3
p1088,maga,11_07_25,3
zito,boo,11_07_25,1
zito,maga,11_07_25,1
p1089,zn,11_07_25,1
p1089,iw,11_07_25,3
p1089,sec,11_07_25,3
p1089,ta,11_07_25,3
p1089,maga,11_07_25,3
p1089,afarm,11_07_25,3
zn,iw,11_07_25,1
zn,sec,11_07_25,1
zn,ta,11_07_25,1
zn,maga,11_07_25,1
zn,afarm,11_07_25,1
p1090,pb,12_07_25,1
p1090,jep,12_07_25,2
p1090,bo,12_07_25,2
p1090,s2hc,12_07_25,2
p1090,comeyjohn,12_07_25,2
p1090,johnb,12_07_25,2
p1090,ba,12_07_25,2
p1090,kbp,12_07_25,1
p1090,fbi,12_07_25,1
kbp,jep,12_07_25,2
fbi,jep,12_07_25,2
p1091,latr,12_07_25,1
p1091,fnma,12_07_25,3
latr,fnma,12_07_25,1
p1092,usa,14_07_25,2
p1092,friendc,14_07_25,2
p1092,fo,14_07_25,2
usa,friendc,14_07_25,3
usa,fo,14_07_25,3
friendc,fo,14_07_25,3
p1093,scot,14_07_25,1
p1093,limc,14_07_25,1
p1093,pare,14_07_25,1
p1093,students,14_07_25,1
p1093,usa,14_07_25,1
spc,limc,14_07_25,1
limc,students,14_07_25,1
limc,pare,14_07_25,1
usa,students,14_07_25,3
usa,pare,14_07_25,3
p1094,indo,15_07_25,3
p1094,presonesia,15_07_25,3
p1094,usa,15_07_25,3
presonesia,indo,15_07_25,1
usa,ind,15_07_25,3
p1095,cp,15_07_25,3
p1095,fed,15_07_25,3
cp,fed,15_07_25,1
p1096,asch,15_07_25,2
p1096,fnma,15_07_25,3
p1096,md,15_07_25,3
p1096,s2ca,15_07_25,3
asch,fnma,15_07_25,2
asch,md,15_07_25,2
asch,s2ca,15_07_25,2
p1097,tex,15_07_25,3
p1097,congtx,15_07_25,3
p1097,mex,15_07_25,3
congtx,tex,15_07_25,1
tex,mex,15_07_25,3
p1098,ga,15_07_25,3
p1098,crypto,15_07_25,3
p1098,chn,15_07_25,3
p1098,eu,15_07_25,2
p1098,senate,15_07_25,3
p1098,hor,15_07_25,3
hor,ga,15_07_25,1
senate,ga,15_07_25,1
crypto,chn,15_07_25,3
crypto,eu,15_07_25,3
p1099,indo,15_07_25,3
p1099,prabowo,15_07_25,3
p1099,ep,15_07_25,3
p1099,agri,15_07_25,3
p1099,boei,15_07_25,3
p1099,ranchers,15_07_25,3
p1099,afarm,15_07_25,3
p1099,fishermen,15_07_25,3
p1099,t,15_07_25,3
p1099,usa,15_07_25,3
indo,prabowo,15_07_25,1
indo,usa,15_07_25,1
prabowo,usa,15_07_25,1
ep,usa,15_07_25,1
agri,usa,15_07_25,1
boei,usa,15_07_25,1
ranchers,usa,15_07_25,1
afarm,usa,15_07_25,1
fishermen,usa,15_07_25,1
t,usa,15_07_25,1
p1100,nj,15_07_25,3
p1100,jvd,15_07_25,3
p1100,windmills,15_07_25,3
p1100,beaches,15_07_25,3
jvd,beaches,15_07_25,1
jvd,windmills,15_07_25,2
nj,beaches,15_07_25,1
nj,windmills,15_07_25,2
p1101,florida,15_07_25,3
p1101,trusoc,15_07_25,3
florida,tsw,15_07_25,1
p1102,mijo,15_07_25,3
p1102,cong,15_07_25,3
p1102,maga,15_07_25,3
mijo,cong,15_07_25,1
mijo,maga,15_07_25,1
cong,maga,15_07_25,1
p1103,d,16_07_25,2
p1103,fnma,16_07_25,2
p1103,jep,16_07_25,2
p1103,maga,16_07_25,1
d,jep,16_07_25,2
d,fnma,16_07_25,2
fnma,jep,16_07_25,2
maga,jep,16_07_25,1
p1104,coke,16_07_25,3
p1104,caaa,16_07_25,3
coke,caaa,16_07_25,3
p1105,jennifer,16_07_25,1
p1105,aogo,16_07_25,3
jennifer,aogo,16_07_25,3
p1106,sedu,16_07_25,1
p1106,gn,16_07_25,2
p1106,congestion,16_07_25,3
p1106,taxpayer,16_07_25,3
sedu,taxpayer,16_07_25,1
gn,taxpayer,16_07_25,2
p1107,r,16_07_25,1
p1107,d,16_07_25,2
p1107,heca,16_07_25,3
p1107,hosp,16_07_25,3
p1107,amerfam,16_07_25,3
r,hosp,16_07_25,1
amerfam,hosp,16_07_25,1
d,hosp,16_07_25,2
p1107,bbb,16_07_25,1
p1108,wsj,17_07_25,2
p1108,ryma,17_07_25,2
p1108,emmatucker,17_07_25,2
p1108,kl,17_07_25,1
p1108,abc,17_07_25,2
p1108,cbs,17_07_25,2
p1108,newscorp,17_07_25,2
p1108,jep,17_07_25,3
kl,emmatucker,17_07_25,1
wsj,ryma,17_07_25,3
abc,s2gs,17_07_25,3
cbs,s2gs,17_07_25,3
p1109,pb,17_07_25,1
p1109,jep,17_07_25,3
pb,jep,17_07_25,1
p1109,d,17_07_25,3
p1109,scam,17_07_25,2
d,scam,17_07_25,2
p1110,jep,17_07_25,3
p1110,wsj,17_07_25,2
p1110,ryma,17_07_25,2
wsj,jep,17_07_25,2
ryma,jep,17_07_25,2
p1110,fn,17_07_25,2
wsj,fn,17_07_25,2
jep,fn,17_07_25,2
wsj,mc,17_07_25,2
p1110,mc,17_07_25,2
p1111,pep,18_07_25,3
p1111,npr,18_07_25,3
p1111,r,18_07_25,1
r,pep,18_07_25,1
r,npr,18_07_25,1
p1112,jp,18_07_25,2
p1112,hm,18_07_25,3
p1112,yp,18_07_25,3
p1112,jb,18_07_25,2
p1112,fedboard,18_07_25,2
p1112,intecos,18_07_25,3
fedboard,jp,18_07_25,3
intecos,jp,18_07_25,3
p1112,jb,18_07_25,2
p1112,inf,18_07_25,2
p1113,jep,18_07_25,3
p1113,d,18_07_25,3
p1113,s2mg,18_07_25,3
p1113,jocon,18_07_25,3
p1113,files,18_07_25,3
p1113,gun,18_07_25,3
d,files,18_07_25,3
s2mg,files,18_07_25,2
jocon,files,18_07_25,2
gun,jep,18_07_25,3
gun,d,18_07_25,3
p1114,scol,18_07_25,3
p1114,s2jk,18_07_25,3
p1114,gg,18_07_25,3
p1114,nbc,18_07_25,3
p1114,ratings,18_07_25,2
p1114,talent,18_07_25,3
scol,ratings,18_07_25,2
s2jk,ratings,18_07_25,2
gg,ratings,18_07_25,2
scol,talent,18_07_25,3
s2jk,talent,18_07_25,3
gg,talent,18_07_25,3
nbc,scol,18_07_25,2
nbc,s2jk,18_07_25,2
nbc,gg,18_07_25,2
p1115,wh,18_07_25,3
p1115,r,18_07_25,3
p1115,d,18_07_25,3
p1115,record,18_07_25,3
p1115,criticism,18_07_25,3
r,record,18_07_25,1
d,criticism,18_07_25,2
wh,r,18_07_25,1
wh,d,18_07_25,2
p1116,brgi,18_07_25,3
p1116,tex,18_07_25,3
p1116,maga,18_07_25,3
p1116,eco,18_07_25,3
p1116,ta,18_07_25,3
p1116,bor,18_07_25,3
p1116,usm,18_07_25,3
p1116,ep,18_07_25,3
p1116,sec,18_07_25,3
brgi,maga,18_07_25,1
brgi,eco,18_07_25,1
brgi,ta,18_07_25,1
brgi,bor,18_07_25,1
brgi,usm,18_07_25,1
brgi,ep,18_07_25,1
brgi,sec,18_07_25,1
tex,bg,18_07_25,1
p1117,maxm,18_07_25,1
p1117,usmc,18_07_25,1
p1117,americans,18_07_25,1
p1117,afarm,18_07_25,1
p1117,endor,18_07_25,3
p1117,im,18_07_25,3
p1117,mig,18_07_25,3
p1117,cr,18_07_25,3
p1117,ma,18_07_25,3
p1117,ta,18_07_25,3
p1117,ep,18_07_25,3
p1117,sec,18_07_25,3
maxm,usmc,18_07_25,1
maxm,americans,18_07_25,1
maxm,afarm,18_07_25,1
maxm,endor,18_07_25,1
maxm,im,18_07_25,1
maxm,mig,18_07_25,2
maxm,cr,18_07_25,2
maxm,ma,18_07_25,1
maxm,ta,18_07_25,1
maxm,ep,18_07_25,1
maxm,sec,18_07_25,1
usmc,ma,18_07_25,1
mig,cr,18_07_25,1
afarm,ep,18_07_25,1
americans,sec,18_07_25,1
p1118,stbi,18_07_25,1
p1118,ok5,18_07_25,1
p1118,afarm,18_07_25,1
p1118,ran,18_07_25,1
p1118,eco,18_07_25,1
p1118,ta,18_07_25,1
p1118,ep,18_07_25,1
p1118,im,18_07_25,1
p1118,mig,18_07_25,2
p1118,cr,18_07_25,2
p1118,ma,18_07_25,1
p1118,sec,18_07_25,1
p1118,endor,18_07_25,3
stbi,afarm,18_07_25,1
stbi,ran,18_07_25,1
stbi,eco,18_07_25,1
stbi,ta,18_07_25,1
stbi,ep,18_07_25,1
stbi,im,18_07_25,1
stbi,mig,18_07_25,2
stbi,cr,18_07_25,2
stbi,ma,18_07_25,1
stbi,sec,18_07_25,1
afarm,eco,18_07_25,1
ran,eco,18_07_25,1
im,mig,18_07_25,1
mig,cr,18_07_25,2
p1119,wsj,18_07_25,2
p1119,rmu,18_07_25,2
p1119,rt,18_07_25,2
p1119,abc,18_07_25,2
p1119,george,18_07_25,2
p1119,cbs,18_07_25,2
p1119,smin,18_07_25,2
p1119,pulitzer,18_07_25,2
p1119,amerfam,18_07_25,1
p1119,lp,18_07_25,3
p1119,fn,18_07_25,3
p1119,mc,18_07_25,3
p1119,p,18_07_25,3
wsj,rmu,18_07_25,3
wsj,rt,18_07_25,3
abc,george,18_07_25,3
cbs,smin,18_07_25,3
wsj,fn,18_07_25,2
abc,fn,18_07_25,2
cbs,fn,18_07_25,2
pulitzer,fn,18_07_25,2
amerfam,p,18_07_25,1
amerfam,mc,18_07_25,1
p1120,usa,18_07_25,1
p1120,bit,18_07_25,1
p1120,tech,18_07_25,1
p1120,eco,18_07_25,1
usa,bit,18_07_25,1
usa,tech,18_07_25,1
usa,eco,18_07_25,1
bit,tech,18_07_25,1
bit,eco,18_07_25,1
tech,eco,18_07_25,1
p1121,usa,18_07_25,1
p1121,bbb,18_07_25,1
p1121,fy,18_07_25,2
p1121,budg,18_07_25,1
p1121,lp,18_07_25,1
p1121,tech,18_07_25,1
usa,bbb,18_07_25,1
usa,fy,18_07_25,2
usa,budg,18_07_25,1
usa,lp,18_07_25,1
usa,tech,18_07_25,1
bbb,budg,18_07_25,1
fy,lp,18_07_25,2
tech,lp,18_07_25,1
p1122,irn,18_07_25,2
p1122,nuc,18_07_25,2
p1122,nas,18_07_25,1
p1122,war,18_07_25,3
irn,nuc,18_07_25,2
irn,nas,18_07_25,2
irn,war,18_07_25,2
nuc,nas,18_07_25,1
nuc,war,18_07_25,3
p1123,jep,19_07_25,2
p1123,doj,19_07_25,1
p1123,js,19_07_25,3
p1123,lp,19_07_25,3
p1123,pa,19_07_25,3
jep,js,19_07_25,2
jep,lp,19_07_25,2
doj,js,19_07_25,1
doj,lp,19_07_25,1
jep,pa,19_07_25,2
p1124,harrison,19_07_25,1
p1124,tg,19_07_25,1
p1124,bo,19_07_25,2
p1124,fnma,19_07_25,1
p1124,ef,19_07_25,3
p1124,lp,19_07_25,3
p1124,mc,19_07_25,3
p1124,tva,19_07_25,3
harrison,fnma,19_07_25,1
tg,ef,19_07_25,1
bo,ef,19_07_25,2
bo,lp,19_07_25,2
p1125,amerfam,20_07_25,3
p1125,war,20_07_25,3
p1125,ic,20_07_25,3
war,ic,20_07_25,3
p1125,st,20_07_25,1
p1125,anniversary,20_07_25,1
p1126,bor,20_07_25,1
p1126,amerfam,20_07_25,1
p1126,maga,20_07_25,1
p1126,pat,20_07_25,1
bor,amerfam,20_07_25,3
bor,maga,20_07_25,3
amerfam,maga,20_07_25,3
pat,amerfam,20_07_25,1
p1126,d,20_07_25,2
p1126,jep,20_07_25,2
d,jep,20_07_25,2
p1127,fball,20_07_25,1
p1127,s2baseb,20_07_25,1
p1127,hist,20_07_25,1
fball,hist,20_07_25,3
s2baseb,hist,20_07_25,3
fball,s2baseb,20_07_25,3
p1128,wjp,20_07_25,1
p1128,hfa,20_07_25,1
wjp,hfa,20_07_25,1
p1128,we,20_07_25,2
p1128,d,20_07_25,2
d,we,20_07_25,2
p1129,asch,20_07_25,2
asch,cor,20_07_25,2
asch,js,20_07_25,2
asch,pa,20_07_25,2
p1130,cbpoff,20_07_25,3
p1130,jb,20_07_25,3
cbpoff,mig,20_07_25,2
cbpoff,cr,20_07_25,2
jb,pa,20_07_25,2
p1131,redskins,20_07_25,1
p1131,commanders,20_07_25,2
p1131,indians,20_07_25,1
p1131,mattdol,20_07_25,2
redskins,commanders,20_07_25,2
indians,mattdol,20_07_25,3
p1132,wsj,20_07_25,2
p1132,s2sb,20_07_25,1
p1132,jp,20_07_25,2
wsj,s2sb,20_07_25,3
s2sb,jp,20_07_25,3
jp,fn,20_07_25,2
jp,mc,20_07_25,2
jp,pa,20_07_25,2
p1133,ml,20_07_25,1
p1133,boo,20_07_25,3
ml,boo,20_07_25,1
p1134,asch,20_07_25,2
p1134,pa,20_07_25,3
p1134,prison,20_07_25,3
p1134,scam,20_07_25,3
asch,pa,20_07_25,2
asch,prison,20_07_25,2
asch,scam,20_07_25,2
p1135,cr,21_07_25,2
p1135,le,21_07_25,1
p1135,cb,21_07_25,2
p1135,cmn,21_07_25,2
cr,le,21_07_25,2
cb,cmn,21_07_25,2
cmn,le,21_07_25,2
p1136,ds,21_07_25,1
p1136,eco,21_07_25,1
p1136,ta,21_07_25,1
p1136,spc,21_07_25,1
p1136,bor,21_07_25,1
p1136,usm,21_07_25,1
p1136,ep,21_07_25,1
p1136,sec,21_07_25,1
ds,eco,21_07_25,1
ds,ta,21_07_25,1
ds,spc,21_07_25,1
ds,bor,21_07_25,1
ds,usm,21_07_25,1
ds,ep,21_07_25,1
ds,sec,21_07_25,1
p1137,bk,21_07_25,2
p1137,idah,21_07_25,3
p1137,mu,21_07_25,2
p1137,s2pr,21_07_25,3
p1137,j,21_07_25,3
bk,mu,21_07_25,2
bk,s2pr,21_07_25,2
j,bk,21_07_25,2
p1138,harv,21_07_25,2
p1138,massachusetts,21_07_25,2
p1138,obp,21_07_25,3
p1138,usa,21_07_25,3
p1138,schools,21_07_25,3
harv,massachusetts,21_07_25,2
massachusetts,usa,21_07_25,2
harv,schools,21_07_25,2
p1139,mirou,21_07_25,1
p1139,soudak,21_07_25,3
p1139,americans,21_07_25,1
p1139,usm,21_07_25,1
p1139,le,21_07_25,1
p1139,sec,21_07_25,1
p1139,edomi,21_07_25,1
mirou,americans,21_07_25,1
mirou,usm,21_07_25,1
mirou,le,21_07_25,1
mirou,sec,21_07_25,1
mirou,edomi,21_07_25,1
mirou,soudak,21_07_25,3
p1140,kn,21_07_25,1
p1140,toho,21_07_25,1
p1140,rs,21_07_25,1
p1140,pb,21_07_25,1
p1140,phe,21_07_25,1
p1140,bp,21_07_25,1
p1140,ice,21_07_25,1
kn,toho,21_07_25,1
kn,rs,21_07_25,1
kn,pb,21_07_25,1
kn,phe,21_07_25,1
kn,bp,21_07_25,1
kn,ice,21_07_25,1
toho,rs,21_07_25,1
toho,pb,21_07_25,1
toho,phe,21_07_25,1
toho,bp,21_07_25,1
toho,ice,21_07_25,1
rs,pb,21_07_25,1
rs,phe,21_07_25,1
rs,bp,21_07_25,1
rs,ice,21_07_25,1
pb,phe,21_07_25,1
pb,bp,21_07_25,1
pb,ice,21_07_25,1
phe,bp,21_07_25,1
phe,ice,21_07_25,1
bp,ice,21_07_25,1
p1141,abbas,21_07_25,1
p1141,brba,21_07_25,3
p1141,cnn,21_07_25,2
p1141,msdnc,21_07_25,2
abbas,brba,21_07_25,3
brba,cnn,21_07_25,2
brba,msdnc,21_07_25,2
cnn,loser,21_07_25,2
msdnc,loser,21_07_25,2
p1142,obp,21_07_25,2
p1142,s2hc,21_07_25,2
p1142,jb,21_07_25,2
obp,s2hc,21_07_25,2
obp,jb,21_07_25,2
s2hc,jb,21_07_25,2
obp,rh,21_07_25,2
obp,pa,21_07_25,2
jb,rh,21_07_25,2
jb,pa,21_07_25,2
s2hc,pa,21_07_25,2
s2hc,rh,21_07_25,2
p1142,rh,21_07_25,2
p1142,pa,21_07_25,2
p1143,jkim,22_07_25,2
p1143,s2jf,22_07_25,2
p1143,gg,22_07_25,1
jkim,s2jf,22_07_25,2
jkim,gg,22_07_25,2
s2jf,gg,22_07_25,2
jkim,pa,22_07_25,2
s2jf,pa,22_07_25,2
p1144,fermarc,22_07_25,1
p1144,phl,22_07_25,1
fermarc,phl,22_07_25,1
p1145,cbs,22_07_25,1
p1145,para,22_07_25,1
p1145,smin,22_07_25,1
p1145,abc,22_07_25,2
p1145,geoslo,22_07_25,1
p1145,wsj,22_07_25,2
p1145,nyt,22_07_25,2
p1145,twp,22_07_25,2
p1145,msdnc,22_07_25,2
p1145,cnn,22_07_25,2
p1145,fn,22_07_25,2
cbs,pm,22_07_25,3
cbs,smin,22_07_25,3
para,smin,22_07_25,3
wsj,msdnc,22_07_25,3
wsj,cnn,22_07_25,3
msdnc,cnn,22_07_25,3
abc,geoslo,22_07_25,3
p1146,jpn,22_07_25,1
p1146,usa,22_07_25,1
jpn,usa,22_07_25,3
p1147,fed,23_07_25,2
p1147,jp,23_07_25,2
p1148,jpn,23_07_25,1
p1148,usa,23_07_25,1
p1148,usm,23_07_25,1
p1148,agricultural,23_07_25,1
p1148,rice,23_07_25,1
jpn,usa,23_07_25,1
jpn,usm,23_07_25,1
jpn,agricultural,23_07_25,1
jpn,rice,23_07_25,1
p1149,indo,23_07_25,1
p1149,jpn,23_07_25,1
indo,jpn,23_07_25,3
p1150,majocou,23_07_25,1
p1150,p703,23_07_25,3
majocou,indo,23_07_25,3
majocou,jpn,23_07_25,3
p1151,jpn,23_07_25,1
p1151,p704,23_07_25,3
p1152,columbia,23_07_25,1
p1152,limc,23_07_25,1
columbia,limc,23_07_25,1
p1152,p704,23_07_25,3
p1153,em,24_07_25,1
p1154,d,24_07_25,2
p1154,jep,24_07_25,1
p1154,russho,24_07_25,2
p1154,scam,24_07_25,2
p1154,russho,24_07_25,2
p1154,maga,24_07_25,1
jep,scam,24_07_25,3
p1155,aus,25_07_25,1
p1155,usbe,25_07_25,1
p1155,afarm,25_07_25,2
p1155,maga,25_07_25,1
aus,usbe,25_07_25,3
afarm,usbe,25_07_25,2
p1156,cam,26_07_25,1
p1156,tha,26_07_25,1
p1156,war,26_07_25,2
p1156,ceafir,26_07_25,2
p1156,traneg,26_07_25,1
p1156,ind,26_07_25,1
p1156,pak,26_07_25,1
cam,tha,26_07_25,3
war,ceafir,26_07_25,2
ind,pak,26_07_25,3
trade,cam,26_07_25,2
trade,tha,26_07_25,2
p1158,beyonce,26_07_25,2
p1158,opr,26_07_25,2
p1158,alsh,26_07_25,2
p1158,kh,26_07_25,2
p1158,d,26_07_25,2
p1158,endor,26_07_25,3
p1158,cor,26_07_25,3
p1158,caaa,26_07_25,3
beyonce,kh,26_07_25,1
opr,kh,26_07_25,1
alsh,kh,26_07_25,1
d,kh,26_07_25,1
kh,endor,26_07_25,2
beyonce,endor,26_07_25,1
opr,endor,26_07_25,1
alsh,endor,26_07_25,1
kh,cor,26_07_25,2
d,cor,26_07_25,2
beyonce,cor,26_07_25,2
opr,cor,26_07_25,2
alsh,cor,26_07_25,2
p1157,net,26_07_25,2
p1157,d,26_07_25,2
p1157,mc,26_07_25,3
p1157,p,26_07_25,3
net,d,26_07_25,1
net,mc,26_07_25,2
d,mc,26_07_25,2
net,p,26_07_25,2
p1159,tha,28_07_25,1
p1159,kam,28_07_25,1
p1159,tradeteam,28_07_25,1
p1159,war,28_07_25,3
p1159,peace,28_07_25,3
p1159,t,28_07_25,3
tha,kam,28_07_25,2
tha,peace,28_07_25,1
kam,peace,28_07_25,1
tha,war,28_07_25,2
kam,war,28_07_25,2
tradeteam,t,28_07_25,1
tha,t,28_07_25,1
kam,t,28_07_25,1
p1160,s2sco,28_07_25,3
p1160,eu,28_07_25,1
p1160,usa,28_07_25,1
p1160,pair,28_07_25,3
eu,usa,28_07_25,1
eu,pair,28_07_25,1
usa,pair,28_07_25,1
p1161,chn,28_07_25,3
p1161,xj,28_07_25,3
p1161,fn,28_07_25,2
p1161,ic,28_07_25,3
fn,xj,28_07_25,2
fn,chn,28_07_25,2
xj,chn,28_07_25,1
p1162,uk,29_07_25,1
p1162,norsea,29_07_25,1
p1162,eco,29_07_25,3
p1162,budg,29_07_25,2
uk,norsea,29_07_25,1
uk,budg,29_07_25,2
norsea,eco,29_07_25,1
budg,eco,29_07_25,2
p1163,chgr,29_07_25,1
p1163,d,29_07_25,2
p1163,sch,29_07_25,2
p1163,war,29_07_25,2
p1163,tkai,29_07_25,2
p1163,boo,29_07_25,2
p1163,asch,29_07_25,2
p1163,jb,29_07_25,3
p1163,aogo,29_07_25,3
p1163,repsen,29_07_25,3
p1163,s2rol,29_07_25,3
p1163,cor,29_07_25,3
p1163,cal,29_07_25,3
p1163,ny,29_07_25,3
p1163,nj,29_07_25,3
p1163,illi,29_07_25,3
p1163,va,29_07_25,3
chgr,repsen,29_07_25,1
chgr,aogo,29_07_25,1
chgr,s2rol,29_07_25,1
d,sch,29_07_25,1
d,mawar,29_07_25,1
d,tkai,29_07_25,1
d,cory,29_07_25,1
d,asch,29_07_25,1
cal,cor,29_07_25,2
ny,cor,29_07_25,2
nj,cor,29_07_25,2
illi,cor,29_07_25,2
va,cor,29_07_25,2
p1164,ice,29_07_25,1
p1164,le,29_07_25,1
p1164,jb,29_07_25,3
p1164,im,29_07_25,3
p1164,pa,29_07_25,3
ice,jb,29_07_25,1
ice,im,29_07_25,1
le,jb,29_07_25,1
le,im,29_07_25,1
p1165,ind,30_07_25,2
p1165,t,30_07_25,3
p1165,im,30_07_25,3
p1165,rus,30_07_25,2
p1165,ep,30_07_25,3
ind,t,30_07_25,2
ind,rus,30_07_25,2
ind,ep,30_07_25,2
t,rus,30_07_25,3
im,ind,30_07_25,3
im,rus,30_07_25,3
rus,ep,30_07_25,1
p1166,eco,30_07_25,1
p1166,budg,30_07_25,2
p1166,inf,30_07_25,3
eco,budg,30_07_25,1
eco,inf,30_07_25,1
budg,inf,30_07_25,2
p1167,t,30_07_25,3
p1167,skor,30_07_25,3
p1167,pak,30_07_25,3
p1167,ind,30_07_25,3
p1167,eco,30_07_25,1
skor,t,30_07_25,1
pak,t,30_07_25,1
ind,t,30_07_25,1
pak,eco,30_07_25,1
ind,eco,30_07_25,1
skor,eco,30_07_25,1
p1168,ind,31_07_25,2
p1168,rus,31_07_25,2
p1168,t,31_07_25,3
p1168,comp,31_07_25,3
p1168,dmitry,31_07_25,2
ind,rus,31_07_25,2
rus,dmitry,31_07_25,2
ind,t,31_07_25,2
rus,t,31_07_25,2
p1169,can,31_07_25,2
p1169,pal,31_07_25,2
p1169,t,31_07_25,3
p1169,pair,31_07_25,3
can,pal,31_07_25,2
can,t,31_07_25,2
pal,t,31_07_25,2
p1170,t,31_07_25,1
p1170,eco,31_07_25,1
p1170,pa,31_07_25,2
eco,t,31_07_25,1
t,pa,31_07_25,2
eco,pa,31_07_25,2
p1171,t,31_07_25,1
p1171,eco,31_07_25,1
p1171,lp,31_07_25,1
eco,t,31_07_25,1
eco,lp,31_07_25,1
t,lp,31_07_25,1
p1172,jp,31_07_25,2
p1172,budg,31_07_25,2
p1172,eco,31_07_25,2
p1172,pa,31_07_25,2
jp,budg,31_07_25,2
jp,eco,31_07_25,2
jp,pa,31_07_25,2
budg,eco,31_07_25,1
budg,pa,31_07_25,2
eco,pa,31_07_25,2
p1173,d,31_07_25,2
p1173,aogo,31_07_25,3
p1173,s2rol,31_07_25,3
p1173,hist,31_07_25,3
p1173,pa,31_07_25,2
d,aogo,31_07_25,2
d,s2rol,31_07_25,2
d,pa,31_07_25,2
hist,aogo,31_07_25,3
p1174,repsen,31_07_25,3
p1174,suco,31_07_25,2
p1174,pa,31_07_25,2
repsen,suco,31_07_25,2
repsen,pa,31_07_25,3
suco,pa,31_07_25,2
p1175,jp,01_08_25,2
p1175,budg,01_08_25,2
p1175,pa,01_08_25,2
jp,budg,01_08_25,2
jp,pa,01_08_25,2
budg,pa,01_08_25,2
p1176,rus,01_08_25,2
p1176,cr,01_08_25,2
p1176,hist,01_08_25,3
p1176,pa,01_08_25,2
rus,cr,01_08_25,2
rus,pa,01_08_25,2
cr,pa,01_08_25,2
p1177,jp,01_08_25,2
p1177,budg,01_08_25,2
p1177,t,01_08_25,1
p1177,eco,01_08_25,1
jp,budg,01_08_25,2
budg,eco,01_08_25,1
t,eco,01_08_25,1
jp,eco,01_08_25,2
jp,t,01_08_25,2
budg,t,01_08_25,1
jp,pa,01_08_25,2
p1178,war,01_08_25,3
p1178,pa,01_08_25,2
p1178,rus,01_08_25,2
p1178,ukr,01_08_25,2
rus,ukr,01_08_25,2
rus,cr,01_08_25,2
ukr,cr,01_08_25,2
p1178,jb,01_08_25,2
p1179,jobsnm,01_08_25,2
p1179,pa,01_08_25,2
p1179,budg,01_08_25,2
p1179,eco,01_08_25,1
p1179,aogo,01_08_25,2
p1179,jb,01_08_25,2
jobsnm,pa,01_08_25,2
jobsnm,aogo,01_08_25,2
budg,eco,01_08_25,1
budg,jb,01_08_25,2
eco,jb,01_08_25,2
aogo,pa,01_08_25,2
p1180,jobs,01_08_25,2
p1180,jb,01_08_25,2
p1180,eco,01_08_25,1
p1180,pa,01_08_25,2
jobs,jb,01_08_25,2
jobs,pa,01_08_25,2
jb,pa,01_08_25,2
eco,jobs,01_08_25,1
eco,jb,01_08_25,2
p1181,im,02_08_25,1
p1181,pa,02_08_25,2
p1181,media,02_08_25,1
p1181,s2en,02_08_25,1
p1181,jb,02_08_25,2
p1181,kh,02_08_25,2
im,jb,02_08_25,2
im,kh,02_08_25,2
media,s2en,02_08_25,1
pa,jb,02_08_25,2
pa,kh,02_08_25,2
p1182,aogo,02_08_25,1
p1182,d,02_08_25,2
p1182,r,02_08_25,1
p1182,pa,02_08_25,2
p1182,pe,02_08_25,1
p1182,jth,02_08_25,1
aogo,r,02_08_25,1
aogo,d,02_08_25,2
r,pe,02_08_25,1
d,pa,02_08_25,2
jth,r,02_08_25,1
p1183,aogo,02_08_25,1
p1183,d,02_08_25,2
p1183,r,02_08_25,1
p1183,pa,02_08_25,2
p1183,cs,02_08_25,2
p1183,d,02_08_25,2
aogo,d,02_08_25,2
aogo,r,02_08_25,1
d,pa,02_08_25,2
cs,d,02_08_25,2
cs,d,02_08_25,2
r,d,02_08_25,2
p1183,maga,02_08_25,1
p1184,d,02_08_25,2
p1184,r,02_08_25,1
p1184,eco,02_08_25,1
p1184,pa,02_08_25,2
p1184,maga,02_08_25,1
d,pa,02_08_25,2
r,eco,02_08_25,1
r,maga,02_08_25,1
maga,eco,02_08_25,1
r,d,02_08_25,2
eco,d,02_08_25,2
p1185,r,02_08_25,1
p1185,maga,02_08_25,1
p1185,leg,02_08_25,1
p1185,pe,02_08_25,1
p1185,jth,02_08_25,1
p1185,mijo,02_08_25,1
pe,jth,02_08_25,1
pe,mijo,02_08_25,1
r,jt,02_08_25,1
r,mijo,02_08_25,1
leg,r,02_08_25,1
maga,r,02_08_25,1
p1186,maga,03_08_25,1
p1186,eco,03_08_25,1
p1186,im,03_08_25,1
p1186,s2fp,03_08_25,1
p1186,pa,03_08_25,2
p1186,jb,03_08_25,2
p1186,kh,03_08_25,2
p1186,latr,03_08_25,1
p1186,cmtg,03_08_25,2
p1186,s2en,03_08_25,1
p1186,med,03_08_25,1
s2en,latr,03_08_25,1
med,latr,03_08_25,1
pa,cmtg,03_08_25,2
pa,jb,03_08_25,2
pa,kh,03_08_25,2
eco,jb,03_08_25,2
im,jb,03_08_25,2
maga,eco,03_08_25,1
s2fp,maga,03_08_25,1
p1187,jobs,03_08_25,2
p1187,eco,03_08_25,2
p1187,pa,03_08_25,2
p1187,aogo,03_08_25,2
p1187,scam,03_08_25,2
p1187,elec,03_08_25,2
jobs,eco,03_08_25,2
jobs,scam,03_08_25,2
jobs,elec,03_08_25,2
scam,elec,03_08_25,2
aogo,jobs,03_08_25,2
pa,jobs,03_08_25,2
p1188,d,03_08_25,2
p1188,r,03_08_25,1
p1188,cs,03_08_25,2
p1188,d,03_08_25,2
p1188,aogo,03_08_25,1
p1188,pa,03_08_25,2
p1188,scam,03_08_25,2
aogo,d,03_08_25,2
aogo,r,03_08_25,1
cs,d,03_08_25,2
cs,d,03_08_25,2
d,pa,03_08_25,2
p1189,jobs,04_08_25,2
p1189,scam,04_08_25,2
p1189,elec,04_08_25,2
p1189,d,04_08_25,2
p1189,d,04_08_25,2
p1189,r,04_08_25,1
p1189,aogo,04_08_25,1
p1189,maga,04_08_25,1
jobs,scam,04_08_25,2
jobs,elec,04_08_25,2
d,scam,04_08_25,2
d,elec,04_08_25,2
r,aogo,04_08_25,1
maga,r,04_08_25,1
p1190,eco,04_08_25,1
p1190,ta,04_08_25,3
p1190,ep,04_08_25,3
p1190,pa,04_08_25,2
p1190,warren,04_08_25,2
p1190,pe,04_08_25,1
p1190,maga,04_08_25,1
pa,warren,04_08_25,2
eco,ta,04_08_25,1
eco,ep,04_08_25,1
pe,eco,04_08_25,1
maga,eco,04_08_25,1
p1191,warren,04_08_25,2
p1191,pa,04_08_25,2
p1191,scam,04_08_25,2
p1191,maga,04_08_25,1
pa,warren,04_08_25,2
p1192,ind,04_08_25,2
p1192,rus,04_08_25,2
p1192,ukr,04_08_25,2
p1192,t,04_08_25,1
p1192,eco,04_08_25,1
p1192,s2fp,04_08_25,1
p1192,pa,04_08_25,2
p1192,maga,04_08_25,1
ind,rus,04_08_25,2
ind,ukr,04_08_25,2
t,ind,04_08_25,1
eco,t,04_08_25,1
s2fp,ukr,04_08_25,1
p1193,d,05_08_25,2
p1193,pa,05_08_25,2
p1193,scam,05_08_25,2
p1193,maga,05_08_25,1
pa,d,05_08_25,2
scam,d,05_08_25,2
p1194,aogo,06_08_25,1
p1194,wh,06_08_25,1
p1194,s2en,06_08_25,1
p1194,maga,06_08_25,1
aogo,wh,06_08_25,1
s2en,wh,06_08_25,1
maga,wh,06_08_25,1
p1195,t,06_08_25,1
p1195,eco,06_08_25,1
p1195,d,06_08_25,2
p1195,pa,06_08_25,2
p1195,maga,06_08_25,1
t,eco,06_08_25,1
d,pa,06_08_25,2
p1196,irn,07_08_25,1
p1196,mec,07_08_25,1
p1196,abac,07_08_25,1
p1196,s2fp,07_08_25,1
p1196,pe,07_08_25,1
p1196,maga,07_08_25,1
irn,abac,07_08_25,1
mec,abac,07_08_25,1
abac,pe,07_08_25,1
s2fp,abac,07_08_25,1
s2fp,pe,07_08_25,1
mec,pe,07_08_25,1
obl,abac,07_08_25,1
obl,s2fp,07_08_25,1
p1197,metr,07_08_25,1
p1197,pe,07_08_25,1
p1197,maga,07_08_25,1
metr,pe,07_08_25,1
metr,maga,07_08_25,1
pe,maga,07_08_25,1
p1198,t,08_08_25,1
p1198,s2sm,08_08_25,1
p1198,eco,08_08_25,1
p1198,d,08_08_25,2
p1198,cs,08_08_25,1
p1198,pa,08_08_25,2
p1198,pe,08_08_25,1
p1198,maga,08_08_25,1
d,pa,08_08_25,2
s2sm,eco,08_08_25,1
t,s2sm,08_08_25,1
cs,pe,08_08_25,1
p1199,np,09_08_25,2
p1199,pa,09_08_25,2
p1199,insiderinfo,09_08_25,2
p1199,maga,09_08_25,1
np,pa,09_08_25,2
np,insiderinfo,09_08_25,2
p1200,wh,10_08_25,1
p1200,s2hom,10_08_25,1
p1200,cr,10_08_25,1
p1200,pa,10_08_25,2
p1200,maga,10_08_25,1
s2hom,wh,10_08_25,1
cr,wh,10_08_25,1
pa,s2hom,10_08_25,2
pa,cr,10_08_25,2
p1201,chn,10_08_25,1
p1201,farmers,10_08_25,1
p1201,trade,10_08_25,1
p1201,eco,10_08_25,1
p1201,s2fp,10_08_25,1
p1201,maga,10_08_25,1
p1201,xj,10_08_25,1
chn,farmers,10_08_25,1
chn,trade,10_08_25,1
chn,eco,10_08_25,1
xj,chn,10_08_25,1
farmers,trade,10_08_25,1
trade,eco,10_08_25,1
s2fp,chn,10_08_25,1
s2fp,trade,10_08_25,1
p1202,phe,11_08_25,1
p1202,cr,11_08_25,1
p1202,pa,11_08_25,2
p1202,maga,11_08_25,1
cr,phe,11_08_25,1
pa,cr,11_08_25,2
pa,phe,11_08_25,2
p1202,bor,11_08_25,1
p1203,cr,11_08_25,2
p1203,col,11_08_25,3
p1203,pa,11_08_25,2
p1203,maga,11_08_25,1
cr,col,11_08_25,2
pa,cr,11_08_25,2
wash,cr,11_08_25,2
p1203,wash,11_08_25,2
p1204,ejantoni,11_08_25,1
p1204,eco,11_08_25,1
p1204,s2en,11_08_25,1
p1204,maga,11_08_25,1
ejantoni,eco,11_08_25,1
s2en,ejantoni,11_08_25,1
p1205,kc,12_08_25,1
p1205,s2aa,12_08_25,1
p1205,pa,12_08_25,1
p1205,maga,12_08_25,1
kc,s2aa,12_08_25,1
pa,kc,12_08_25,1
pa,s2aa,12_08_25,1
p1206,clth,12_08_25,1
p1206,davidb,12_08_25,1
p1206,nbc,12_08_25,2
p1206,fn,12_08_25,3
p1206,s2en,12_08_25,1
p1206,maga,12_08_25,1
chucktodd,davidb,12_08_25,1
chucktodd,nbc,12_08_25,2
s2en,chucktodd,12_08_25,1
s2en,davidb,12_08_25,1
p1207,smanouychin,12_08_25,2
p1207,eco,12_08_25,1
p1207,pa,12_08_25,2
p1207,maga,12_08_25,1
pa,jp,12_08_25,2
eco,jp,12_08_25,2
p1208,t,12_08_25,1
p1208,eco,12_08_25,1
p1208,davsolomon,12_08_25,2
p1208,goldman,12_08_25,2
p1208,pa,12_08_25,2
p1208,maga,12_08_25,1
davsolomon,goldman,12_08_25,2
t,eco,12_08_25,1
p1209,maxwell,12_08_25,1
p1209,js,12_08_25,1
p1209,s2rol,12_08_25,1
p1209,s2en,12_08_25,1
p1209,maga,12_08_25,1
maxwell,s2rol,12_08_25,1
s2en,maxwell,12_08_25,1
p1210,rc,12_08_25,1
p1210,js,12_08_25,1
p1210,s2rol,12_08_25,1
p1210,s2en,12_08_25,1
p1210,maga,12_08_25,1
rc,js,12_08_25,1
rc,s2rol,12_08_25,1
s2en,rc,12_08_25,1
p1211,vp,13_08_25,1
p1211,jobo,13_08_25,2
p1211,fn,13_08_25,2
p1211,cor,13_08_25,2
p1211,s2en,13_08_25,1
p1211,maga,13_08_25,1
jobo,fn,13_08_25,2
fn,cor,13_08_25,2
vp,cor,13_08_25,3
p1212,bbb,14_08_25,1
p1212,s2socs,14_08_25,1
p1212,pa,14_08_25,2
p1212,maga,14_08_25,1
s2socs,pa,14_08_25,2
p1213,rebecca,14_08_25,1
p1213,js,14_08_25,1
p1213,le,14_08_25,1
p1213,s2en,14_08_25,1
p1213,maga,14_08_25,1
rebecca,js,14_08_25,1
rebecca,le,14_08_25,1
s2en,rebecca,14_08_25,1
p1214,d,15_08_25,2
p1214,cr,15_08_25,2
p1214,pa,15_08_25,2
p1214,maga,15_08_25,1
d,cr,15_08_25,2
d,pa,15_08_25,2
cr,pa,15_08_25,2
p1215,vp,16_08_25,1
p1215,s2vz,16_08_25,1
p1215,nato,16_08_25,1
p1215,pe,16_08_25,1
p1215,maga,16_08_25,1
vp,s2vz,16_08_25,1
vp,pe,16_08_25,1
s2vz,pe,16_08_25,1
nato,pe,16_08_25,1
p1216,fnma,17_08_25,2
p1216,pe,17_08_25,1
p1216,pa,17_08_25,2
p1216,maga,17_08_25,1
fnma,pa,17_08_25,2
p1217,fnma,17_08_25,2
p1217,d,17_08_25,2
p1217,d,17_08_25,2
p1217,pe,17_08_25,1
p1217,maga,17_08_25,1
fnma,d,17_08_25,2
p1218,fnma,17_08_25,2
p1218,d,17_08_25,2
p1218,d,17_08_25,2
p1218,pe,17_08_25,1
p1218,cr,17_08_25,1
p1218,bor,17_08_25,1
p1218,maga,17_08_25,1
fnma,d,17_08_25,2
fnma,d,17_08_25,2
cr,bor,17_08_25,1
pe,cr,17_08_25,1
pe,bor,17_08_25,1
p1219,pe,17_08_25,1
p1219,fnma,17_08_25,2
p1219,d,17_08_25,2
p1219,d,17_08_25,2
pe,chrismurphy,17_08_25,2
pe,jb,17_08_25,2
fnma,chrismurphy,17_08_25,2
fnma,jb,17_08_25,2
d,chrismurphy,17_08_25,1
d,chrismurphy,17_08_25,2
chrismurphy,jb,17_08_25,2
p1220,pe,17_08_25,1
p1220,fnma,17_08_25,2
pe,s2vz,17_08_25,1
pe,rus,17_08_25,2
fnma,obp,17_08_25,2
s2vz,rus,17_08_25,1
p1221,pa,17_08_25,1
p1221,eco,17_08_25,1
p1221,maga,17_08_25,1
p1222,scam,18_08_25,2
p1222,elec,18_08_25,1
p1222,d,18_08_25,2
p1222,r,18_08_25,1
p1228,ham,18_08_25,2
p1228,pe,18_08_25,1
p1228,irnnuc,18_08_25,1
pe,ham,18_08_25,1
pe,irnnuc,18_08_25,1
p1223,dcsaf,18_08_25,1
p1223,fn,18_08_25,2
fn,dcsaf,18_08_25,2
p1224,fnma,18_08_25,2
p1224,d,18_08_25,2
p1224,pe,18_08_25,1
pe,fnma,18_08_25,1
pe,d,18_08_25,1
p1224,rus,18_08_25,3
d,fnma,18_08_25,2
p1225,caa,18_08_25,1
p1225,pair,18_08_25,1
p1225,r,18_08_25,1
pair,r,18_08_25,1
caa,r,18_08_25,1
pair,caa,18_08_25,1
p1226,pe,18_08_25,1
p1226,pm,18_08_25,1
p1226,nato,18_08_25,1
p1226,s2vz,18_08_25,1
p1226,emm,18_08_25,1
p1226,asch,18_08_25,1
p1226,gime,18_08_25,1
p1226,kst,18_08_25,1
p1226,merz,18_08_25,1
p1226,uvl,18_08_25,1
p1226,marrut,18_08_25,1
p1226,jdv,18_08_25,1
p1226,maru,18_08_25,1
p1226,swa,18_08_25,1
p1226,vp,18_08_25,1
pe,pm,18_08_25,1
pe,nato,18_08_25,1
pm,s2vz,18_08_25,1
pm,emm,18_08_25,1
pm,asch,18_08_25,1
pm,gime,18_08_25,1
pm,kans,18_08_25,1
pm,merz,18_08_25,1
pm,uvl,18_08_25,1
pm,marrut,18_08_25,1
nato,vp,18_08_25,1
nato,maru,18_08_25,1
nato,swa,18_08_25,1
pe,vp,18_08_25,1
p1227,misschil,18_08_25,1
p1227,pair,18_08_25,1
p1227,uvl,18_08_25,1
p1227,metr,18_08_25,1
pair,uvl,18_08_25,1
pair,metr,18_08_25,1
misschil,pair,18_08_25,1
p1229,ep,19_08_25,2
p1229,wind,19_08_25,2
p1229,epr,19_08_25,2
ep,wind,19_08_25,2
wind,epr,19_08_25,2
p1230,fed,19_08_25,2
p1230,eco,19_08_25,2
p1230,inf,19_08_25,1
p1230,pa,19_08_25,2
p1230,jp,19_08_25,2
fed,jp,19_08_25,2
fed,eco,19_08_25,2
inf,fed,19_08_25,2
pa,jp,19_08_25,2
p1231,ep,20_08_25,2
p1231,wind,20_08_25,2
p1231,sedu,20_08_25,2
p1231,ec,20_08_25,2
p1231,maga,20_08_25,1
ep,wind,20_08_25,2
ep,sedu,20_08_25,2
wind,ec,20_08_25,2
sedu,ec,20_08_25,2
p1232,elec,20_08_25,1
p1232,scam,20_08_25,2
p1232,r,20_08_25,1
p1232,eco,20_08_25,1
p1232,sec,20_08_25,1
r,elec,20_08_25,1
elec,scam,20_08_25,2
r,sec,20_08_25,1
r,eco,20_08_25,1
p1233,elec,20_08_25,1
p1233,votfr,20_08_25,2
p1233,r,20_08_25,1
r,elec,20_08_25,1
elec,votfr,20_08_25,2
p1234,cal,20_08_25,1
p1234,r,20_08_25,1
p1234,gn,20_08_25,2
r,cal,20_08_25,1
gn,cal,20_08_25,2
p1235,msnbc,20_08_25,2
p1235,concast,20_08_25,2
concast,msnbc,20_08_25,2
p1236,wdc,21_08_25,2
p1236,bor,21_08_25,2
p1237,cal,21_08_25,2
p1237,ed,21_08_25,2
p1237,d,21_08_25,2
p1238,ny,21_08_25,2
p1238,d,21_08_25,2
p1238,legal,21_08_25,2
p1239,leticia,22_08_25,2
p1239,nyag,22_08_25,2
p1239,s2nyj,22_08_25,2
p1239,apd,22_08_25,3
p1239,njs,22_08_25,3
leticia,nyag,22_08_25,3
leticia,s2nyj,22_08_25,3
leticia,apd,22_08_25,3
leticia,njs,22_08_25,3
nyag,s2nyj,22_08_25,3
nyag,apd,22_08_25,3
nyag,njs,22_08_25,3
s2nyj,apd,22_08_25,3
s2nyj,njs,22_08_25,3
apd,njs,22_08_25,3
leticia,le,22_08_25,2
leticia,cor,22_08_25,2
nyag,js,22_08_25,3
s2nyj,js,22_08_25,3
apd,js,22_08_25,3
njs,js,22_08_25,3
p1240,t,22_08_25,3
p1240,norc,22_08_25,3
p1240,spc,22_08_25,3
p1240,mich,22_08_25,3
p1240,usa,22_08_25,3
p1240,furniture,22_08_25,3
t,norc,22_08_25,3
t,spc,22_08_25,3
t,mich,22_08_25,3
t,usa,22_08_25,3
t,furniture,22_08_25,3
norc,furniture,22_08_25,3
spc,furniture,22_08_25,3
mich,furniture,22_08_25,3
usa,furniture,22_08_25,3
p1241,d,22_08_25,3
p1241,cbo,22_08_25,3
p1241,t,22_08_25,3
p1241,success,22_08_25,3
p1241,ta,22_08_25,3
p1241,ep,22_08_25,3
p1241,fy,22_08_25,3
d,cbo,22_08_25,3
d,t,22_08_25,1
d,success,22_08_25,1
d,ta,22_08_25,1
d,ep,22_08_25,1
d,fy,22_08_25,1
cbo,t,22_08_25,1
cbo,success,22_08_25,1
cbo,ta,22_08_25,1
cbo,ep,22_08_25,1
cbo,fy,22_08_25,1
t,success,22_08_25,1
t,ta,22_08_25,1
t,ep,22_08_25,1
t,fy,22_08_25,1
success,ta,22_08_25,1
success,ep,22_08_25,1
success,fy,22_08_25,1
ta,ep,22_08_25,1
ta,fy,22_08_25,1
ep,fy,22_08_25,1
p946,lapol,12_06_25,1
p946,la,12_06_25,1
p946,usm,12_06_25,1
p946,crm,12_06_25,3
p946,natguard,12_06_25,1
p946,gn,12_06_25,2
lapol,natguard,12_06_25,1
usm,la,12_06_25,1
crm,usm,12_06_25,1
gn,la,12_06_25,2
p767,bida,16_06_25,3
p1220,bo,16_06_25,3
p968,natguard,16_06_25,3
p968,gn,16_06_25,3
p968,pa,16_06_25,
gn,pa,16_06_25,2
p1242,kb,23_08_25,3
p1242,pgat,23_08_25,3
p1242,ry,23_08_25,3
p1243,mbo,01_09_25,1
p1243,jbp,01_09_25,2
p1243,wm,01_09_25,2
p1243,gn,01_09_25,2
p1243,s2lapd,01_09_25,1
p1243,pdc,01_09_25,1
p1243,s2cw,01_09_25,1
p1243,clicha,01_09_25,2
p1243,la,01_09_25,2
p1243,ny,01_09_25,2
p1243,s2cb,01_09_25,2
p1243,nguar,01_09_25,3
p1243,cr,01_09_25,3
p1243,le,01_09_25,3
mbo,s2cw,01_09_25,1
mbo,cr,01_09_25,1
mbo,le,01_09_25,1
s2cw,cr,01_09_25,1
s2lapd,le,01_09_25,1
s2lapd,nguar,01_09_25,1
jbp,cr,01_09_25,2
wm,cr,01_09_25,2
gn,cr,01_09_25,2
clicha,cr,01_09_25,2
la,cr,01_09_25,2
ny,cr,01_09_25,2
s2cb,cr,01_09_25,2
p1244,rfkj,01_09_25,3
p1244,s2pf2,01_09_25,3
p1244,cdc,01_09_25,2
p1244,ows,01_09_25,3
p1244,s2tp,01_09_25,3
p1244,med,01_09_25,3
p1244,caaa,01_09_25,3
p1244,js,01_09_25,3
s2pf2,med,01_09_25,3
s2pf2,cdc,01_09_25,2
cdc,js,01_09_25,2
cdc,rfkj,01_09_25,3
ows,caaa,01_09_25,3
ows,s2dc,01_09_25,3
s2tp,caaa,01_09_25,1
p1245,ind,01_09_25,2
p1245,rus,01_09_25,3
p1245,usa,01_09_25,3
p1245,t,01_09_25,3
p1245,pair,01_09_25,3
p1245,nas,01_09_25,3
ind,usa,01_09_25,2
ind,rus,01_09_25,3
usa,rus,01_09_25,3
ind,t,01_09_25,2
usa,t,01_09_25,2
ind,pair,01_09_25,2
ind,nas,01_09_25,2
rus,pair,01_09_25,2
rus,nas,01_09_25,2
p1246,rg,01_09_25,1
p1246,usa,01_09_25,3
p1246,ny,01_09_25,3
p1246,pmf,01_09_25,3
p1246,caaa,01_09_25,3
rg,usa,01_09_25,1
rg,ny,01_09_25,1
usa,ny,01_09_25,3
rg,pmf,01_09_25,3
rg,caaa,01_09_25,1
usa,caaa,01_09_25,1
ny,caaa,01_09_25,
p1247,clicha,02_09_25,2
p1247,jbp,02_09_25,3
p1247,s2cw,02_09_25,1
p1247,cr,02_09_25,3
clicha,cr,02_09_25,1
jbp,clicha,02_09_25,2
clicha,s2cw,02_09_25,2
jbp,cr,02_09_25,2
s2cw,cr,02_09_25,1
p1248,clicha,02_09_25,2
p1248,cr,02_09_25,3
clicha,cr,02_09_25,2
p1249,dod,02_09_25,3
p1249,scot,02_09_25,1
p1249,s2hv,02_09_25,1
p1249,alabama,02_09_25,1
scot,s2hv,02_09_25,1
s2hv,alabama,02_09_25,1
scot,alabama,02_09_25,1
p1250,dod,02_09_25,1
p1250,cr,02_09_25,3
p1250,nas,02_09_25,3
p1250,usm,02_09_25,1
p1250,s2usc,02_09_25,1
p1250,tda,02_09_25,2
p1250,nimo,02_09_25,2
p1250,usa,02_09_25,3
p1250,weh,02_09_25,3
usm,s2usc,02_09_25,1
usm,tda,02_09_25,2
s2usc,tda,02_09_25,2
tda,nimo,02_09_25,2
usm,usa,02_09_25,1
tda,usa,02_09_25,2
tda,weh,02_09_25,2
usm,nas,02_09_25,1
usm,cr,02_09_25,1
usm,dod,02_09_25,1
s2usc,dod,02_09_25,1
s2usc,nas,02_09_25,1
s2usc,cr,02_09_25,1
tda,nas,02_09_25,2
tda,cr,02_09_25,2
nimo,cr,02_09_25,2
usa,nas,02_09_25,3
weh,nas,02_09_25,3
p1251,pair,02_09_25,3
p1251,s2pa,02_09_25,3
p1251,nas,02_09_25,3
p1251,xj,02_09_25,2
p1251,chn,02_09_25,2
p1251,vp,02_09_25,2
p1251,kju,02_09_25,2
p1251,usa,02_09_25,1
p1251,americans,02_09_25,1
usa,chn,02_09_25,1
usa,americans,02_09_25,1
americans,chn,02_09_25,1
usa,vp,02_09_25,2
usa,kju,02_09_25,2
xj,chn,02_09_25,3
xj,americans,02_09_25,3
chn,americans,02_09_25,3
xj,pair,02_09_25,3
chn,pair,02_09_25,1
vp,s2pa,02_09_25,2
kju,s2pa,02_09_25,2
usa,pair,02_09_25,2
usa,nas,02_09_25,1
americans,nas,02_09_25,1
p1252,gaz,03_09_25,3
p1252,isr,03_09_25,3
p1252,ham,03_09_25,2
p1252,host,03_09_25,1
ham,host,03_09_25,2
ham,gaz,03_09_25,2
ham,isr,03_09_25,2
host,isr,03_09_25,1
host,gaz,03_09_25,1
p1253,s2pa,03_09_25,3
p1253,rod,03_09_25,2
rod,s2pa,03_09_25,2
p1254,cr,04_09_25,3
p1254,le,04_09_25,3
p1254,moc,04_09_25,2
p1254,goi,04_09_25,2
p1254,clicha,04_09_25,2
moc,clicha,04_09_25,2
goi,clicha,04_09_25,2
moc,le,04_09_25,2
moc,cr,04_09_25,2
goi,le,04_09_25,2
goi,cr,04_09_25,2
clicha,cr,04_09_25,2
p1255,pair,05_09_25,3
p1255,ind,05_09_25,2
p1255,rus,05_09_25,2
p1255,chn,05_09_25,2
ind,chn,05_09_25,3
rus,chn,05_09_25,3
ind,rus,05_09_25,3
ind,pair,05_09_25,3
rus,pair,05_09_25,3
chn,pair,05_09_25,3
p1256,s2pa,05_09_25,3
p1256,lp,05_09_25,3
p1256,js,05_09_25,3
p1256,s2jn2,05_09_25,2
p1256,np,05_09_25,2
p1256,cong,05_09_25,2
p1256,s2cw,05_09_25,1
s2jn2,np,05_09_25,3
s2jn2,cong,05_09_25,3
s2jn2,s2cw,05_09_25,2
s2jn2,s2pa,05_09_25,2
s2jn2,lp,05_09_25,2
np,s2pa,05_09_25,2
np,lp,05_09_25,2
cong,lp,05_09_25,2
cong,js,05_09_25,2
s2cw,js,05_09_25,1
p1257,s2pa,05_09_25,3
p1257,d,05_09_25,3
p1257,d,05_09_25,3
p1257,js,05_09_25,3
p1257,jep,05_09_25,3
p1257,epsti,05_09_25,3
p1257,vic,05_09_25,2
p1257,cong,05_09_25,3
p1257,rus,05_09_25,2
p1257,bida,05_09_25,2
p1257,d,05_09_25,2
p1257,r,05_09_25,1
p1257,doj,05_09_25,1
d,jep,05_09_25,2
d,epsti,05_09_25,2
d,vic,05_09_25,2
d,cong,05_09_25,2
d,rus,05_09_25,2
d,bida,05_09_25,2
jep,s2pa,05_09_25,3
epsti,s2pa,05_09_25,3
vic,js,05_09_25,2
cong,js,05_09_25,2
rus,d,05_09_25,2
bida,d,05_09_25,2
d,s2pa,05_09_25,2
r,d,05_09_25,1
doj,js,05_09_25,1
p1258,inf,05_09_25,3
p1258,iv,05_09_25,3
p1258,s2pa,05_09_25,3
p1258,jp,05_09_25,2
jp,inf,05_09_25,2
jp,iv,05_09_25,2
jp,s2pa,05_09_25,2
p1259,iv,05_09_25,3
p1259,inf,05_09_25,3
p1259,ta,05_09_25,3
p1259,caaa,05_09_25,3
p1259,goog,05_09_25,3
p1259,app,05_09_25,3
p1259,amtc,05_09_25,3
p1259,atp,05_09_25,3
p1259,trad,05_09_25,1
p1259,euro,05_09_25,2
p1259,usa,05_09_25,1
euro,goog,05_09_25,3
euro,app,05_09_25,3
trad,amtc,05_09_25,1
trad,atp,05_09_25,1
trad,goog,05_09_25,1
trad,app,05_09_25,1
trad,euro,05_09_25,2
trad,usa,05_09_25,1
goog,iv,05_09_25,3
goog,ta,05_09_25,2
goog,inf,05_09_25,3
goog,caaa,05_09_25,3
app,iv,05_09_25,3
app,ta,05_09_25,2
app,inf,05_09_25,3
app,caaa,05_09_25,3
amtc,iv,05_09_25,1
amtc,caaa,05_09_25,1
atp,iv,05_09_25,3
atp,ta,05_09_25,2
trad,iv,05_09_25,1
trad,caaa,05_09_25,1
euro,iv,05_09_25,2
euro,ta,05_09_25,2
euro,caaa,05_09_25,2
usa,iv,05_09_25,1
usa,caaa,05_09_25,1
p1260,eu,05_09_25,2
p1260,goog,05_09_25,3
p1260,amercomp,05_09_25,3
p1260,ic,05_09_25,3
eu,goog,05_09_25,2
eu,amercomp,05_09_25,2
goog,amercomp,05_09_25,3
goog,ic,05_09_25,2
eu,ic,05_09_25,2
amercomp,ic,05_09_25,3
p1261,d,05_09_25,2
p1261,d,05_09_25,3
p1261,s2pa,05_09_25,3
d,s2pa,05_09_25,2
p1262,s2ah,05_09_25,1
p1262,s2uss,05_09_25,3
p1262,iw,05_09_25,3
p1262,usa,05_09_25,1
p1262,suc,05_09_25,3
s2ah,s2uss,05_09_25,1
s2ah,iw,05_09_25,1
s2ah,usa,05_09_25,1
s2ah,suc,05_09_25,1
s2uss,suc,05_09_25,1
iw,suc,05_09_25,1
usa,suc,05_09_25,1
p1263,count,07_09_25,2
p1263,s2poli,07_09_25,2
p1263,windt,07_09_25,2
p1263,pop,07_09_25,3
p1263,wt,07_09_25,3
windt,count,07_09_25,2
windt,s2poli,07_09_25,2
windt,pop,07_09_25,2
count,wt,07_09_25,2
s2poli,wt,07_09_25,2
windt,wt,07_09_25,2
pop,wt,07_09_25,3
p1264,israe,07_09_25,3
p1264,ham,07_09_25,2
p1264,pair,07_09_25,3
israe,ham,07_09_25,2
israe,pair,07_09_25,1
ham,pair,07_09_25,2
p1265,hy,07_09_25,3
p1265,usa,07_09_25,1
p1265,fco,07_09_25,3
p1265,amw,07_09_25,3
p1265,iv,07_09_25,3
hy,usa,07_09_25,1
hy,amw,07_09_25,1
fco,usa,07_09_25,1
fco,amw,07_09_25,1
hy,iv,07_09_25,3
usa,iv,07_09_25,1
fco,iv,07_09_25,3
amw,iv,07_09_25,1
p1266,jb,08_09_25,2
p1266,rus,08_09_25,2
p1266,elec2020,08_09_25,2
p1266,ef,08_09_25,3
jb,elec2020,08_09_25,2
rus,elec2020,08_09_25,2
jb,ef,08_09_25,2
rus,ef,08_09_25,2
elec2020,ef,08_09_25,2
p1267,s2th,08_09_25,2
p1267,s2wp2,08_09_25,1
p1267,oas,08_09_25,2
p1267,s2aa,08_09_25,3
s2wp2,s2th,08_09_25,2
s2th,s2aa,08_09_25,2
s2wp2,s2aa,08_09_25,1
oas,s2aa,08_09_25,2
p1268,s2cw,08_09_25,1
p1268,nas,08_09_25,3
s2cw,nas,08_09_25,1
p1269,jbp,08_09_25,2
p1269,clicha,08_09_25,3
p1269,illi,08_09_25,1
p1269,cr,08_09_25,2
p1269,fg,08_09_25,3
p1269,le,08_09_25,3
clicha,cr,08_09_25,2
illi,cr,08_09_25,2
jbp,le,08_09_25,2
clicha,le,08_09_25,1
illi,le,08_09_25,1
cr,le,08_09_25,2
fg,le,08_09_25,3
p1270,mar,08_09_25,1
p1270,rb,08_09_25,3
mar,rb,08_09_25,1
p1271,d,08_09_25,2
p1271,usa,08_09_25,1
p1271,s2pa,08_09_25,3
p1271,d,08_09_25,3
d,usa,08_09_25,2
d,s2pa,08_09_25,2
usa,s2pa,08_09_25,3
usa,d,08_09_25,2
p1272,s2gc,08_09_25,1
p1272,ccw,08_09_25,1
p1272,usa,08_09_25,1
p1272,cr,08_09_25,3
p1272,boo,08_09_25,3
s2gc,usa,08_09_25,1
ccw,usa,08_09_25,1
s2gc,cr,08_09_25,2
s2gc,boo,08_09_25,1
ccw,cr,08_09_25,2
usa,cr,08_09_25,1
p1273,ur,08_09_25,1
p1273,s2rc,08_09_25,2
p1273,mw,08_09_25,1
p1273,perp,08_09_25,2
p1273,d,08_09_25,2
p1273,mainme,08_09_25,2
p1273,norc,08_09_25,1
p1273,r,08_09_25,1
p1273,s2uss,08_09_25,3
p1273,le,08_09_25,3
p1273,cr,08_09_25,3
p1273,s2pa,08_09_25,3
perp,ur,08_09_25,2
d,perp,08_09_25,2
mw,s2uss,08_09_25,1
ur,s2pa,08_09_25,1
s2rc,s2pa,08_09_25,2
mw,le,08_09_25,1
perp,cr,08_09_25,2
d,s2pa,08_09_25,2
mainme,s2pa,08_09_25,2
norc,le,08_09_25,1
r,le,08_09_25,1
s2uss,le,08_09_25,3
p1274,s2nb2,08_09_25,1
p1274,sfers,08_09_25,1
p1274,ssh,08_09_25,2
p1274,fb,08_09_25,3
s2nb2,sfers,08_09_25,1
sfers,ssh,08_09_25,2
s2nb2,fb,08_09_25,1
sfers,fb,08_09_25,1
ssh,fb,08_09_25,2
p1275,usa,08_09_25,1
p1275,rb,08_09_25,3
usa,rb,08_09_25,1
p1276,usa,09_09_25,1
p1276,isr,09_09_25,3
p1276,ham,09_09_25,2
p1276,qat,09_09_25,1
p1276,bbn,09_09_25,3
p1276,swa,09_09_25,1
p1276,maru,09_09_25,1
p1276,host,09_09_25,1
p1276,eoq,09_09_25,1
p1276,pmoc,09_09_25,1
p1276,pair,09_09_25,3
p1276,ham,09_09_25,3
isr,ham,09_09_25,2
isr,qat,09_09_25,3
ham,qat,09_09_25,2
host,ham,09_09_25,2
qat,eoq,09_09_25,1
qat,pmoc,09_09_25,1
usa,pair,09_09_25,1
isr,pair,09_09_25,3
qat,pair,09_09_25,1
bbn,pair,09_09_25,3
swa,pair,09_09_25,1
maru,pair,09_09_25,1
host,pair,09_09_25,1
eoq,pair,09_09_25,1
pmoc,pair,09_09_25,1
p1277,s2et,09_09_25,1
p1277,soet,09_09_25,1
p1277,kahe,09_09_25,2
p1277,usa,09_09_25,1
p1277,ham,09_09_25,1
p1277,aeii,09_09_25,1
p1277,ham,09_09_25,3
p1277,nas,09_09_25,3
p1277,le,09_09_25,3
p1277,gaz,09_09_25,3
kahe,s2et,09_09_25,2
ham,s2et,09_09_25,2
aeii,s2et,09_09_25,1
s2et,nas,09_09_25,1
s2et,le,09_09_25,1
s2et,gaz,09_09_25,1
soet,nas,09_09_25,1
kahe,ham,09_09_25,2
usa,nas,09_09_25,1
aeii,le,09_09_25,1
p1278,ind,09_09_25,1
p1278,usa,09_09_25,1
p1278,nimo,09_09_25,1
p1278,t,09_09_25,3
p1278,pair,09_09_25,3
ind,usa,09_09_25,1
ind,nimo,09_09_25,1
ind,t,09_09_25,1
ind,pair,09_09_25,1
usa,t,09_09_25,1
usa,pair,09_09_25,1
nimo,pair,09_09_25,1
p1279,mis,09_09_25,3
p1279,r,09_09_25,1
p1279,missl,09_09_25,1
p1279,mse,09_09_25,1
p1279,suc,09_09_25,3
p1279,cf,09_09_25,3
p1279,o,09_09_25,3
missl,mse,09_09_25,1
missl,r,09_09_25,1
r,mse,09_09_25,1
mis,suc,09_09_25,1
r,suc,09_09_25,1
missl,suc,09_09_25,1
mse,suc,09_09_25,1
p1280,perp,10_09_25,2
p1280,ur,10_09_25,1
p1280,mu,10_09_25,3
p1280,le,10_09_25,3
p1280,s2pa,10_09_25,3
perp,ur,10_09_25,2
ur,le,10_09_25,1
perp,mu,10_09_25,2
p1281,jp,10_09_25,2
p1281,inf,10_09_25,3
p1281,iv,10_09_25,3
p1281,ta,10_09_25,3
jp,inf,10_09_25,2
p1282,rus,10_09_25,2
p1282,pola,10_09_25,3
p1282,nas,10_09_25,3
p1282,b,10_09_25,3
rus,pola,10_09_25,2
rus,nas,10_09_25,2
rus,b,10_09_25,2
pola,nas,10_09_25,3
p1283,chki,10_09_25,1
p1283,s2ack,10_09_25,3
p1283,rb,10_09_25,3
chki,s2ack,10_09_25,1
chki,rb,10_09_25,1
p1284,chki,10_09_25,1
p1284,metr,10_09_25,1
p1284,ek,10_09_25,1
p1284,yotus,10_09_25,3
p1284,s2ack,10_09_25,3
chki,yotus,10_09_25,1
chki,ek,10_09_25,1
metr,ek,10_09_25,1
chki,s2ack,10_09_25,1
metr,w,10_09_25,1
ek,s2ack,10_09_25,1
yotus,s2ack,10_09_25,1
p1285,chki,10_09_25,1
p1285,usa,10_09_25,3
p1285,s2ack,10_09_25,1
chki,usa,10_09_25,1
chki,s2ack,10_09_25,1
p1286,s2mh,11_09_25,1
p1286,fone,11_09_25,1
p1286,tva,11_09_25,3
s2mh,fone,11_09_25,1
s2mh,tva,11_09_25,1
fone,tva,11_09_25,1
p1287,chki,11_09_25,1
p1287,s2ack,11_09_25,3
chki,s2ack,11_09_25,1
p1288,usa,11_09_25,1
p1288,americans,11_09_25,1
p1288,vir,11_09_25,3
p1288,ny,11_09_25,3
p1288,pen,11_09_25,3
p1288,nas,11_09_25,3
americans,usa,11_09_25,1
vir,americans,11_09_25,1
ny,americans,11_09_25,1
pen,americans,11_09_25,1
usa,nas,11_09_25,1
americans,nas,11_09_25,1
vir,nas,11_09_25,1
ny,nas,11_09_25,1
pen,nas,11_09_25,1
p1289,pent,11_09_25,3
p1289,cowor,11_09_25,1
p1289,potriv,11_09_25,3
cowor,pent,11_09_25,1
pent,hist,11_09_25,3
cowor,hist,11_09_25,1
p1290,roma,11_09_25,1
p1290,s2uss,11_09_25,1
p1290,usm,11_09_25,1
p1290,vet,11_09_25,1
p1290,kans,11_09_25,1
p1290,afarm,11_09_25,1
p1290,agri,11_09_25,1
p1290,suc,11_09_25,3
p1290,af,11_09_25,3
p1290,ta,11_09_25,3
p1290,ep,11_09_25,3
roma,s2uss,11_09_25,1
roma,usm,11_09_25,1
roma,vet,11_09_25,1
roma,kans,11_09_25,1
roma,afarm,11_09_25,1
roma,agri,11_09_25,1
roma,suc,11_09_25,1
roma,af,11_09_25,1
roma,ta,11_09_25,1
roma,ep,11_09_25,1
s2uss,suc,11_09_25,1
usm,af,11_09_25,1
vet,af,11_09_25,1
kans,suc,11_09_25,1
afarm,af,11_09_25,1
agri,af,11_09_25,1
p1291,norc,11_09_25,1
p1291,s2tb2,11_09_25,1
p1291,mw,11_09_25,1
p1291,ncr,11_09_25,1
p1291,jst,11_09_25,3
p1291,s2rc,11_09_25,2
p1291,caaa,11_09_25,3
p1291,suc,11_09_25,3
p1291,o,11_09_25,3
s2tb2,mw,11_09_25,1
s2tb2,norc,11_09_25,1
mw,norc,11_09_25,1
norc,caaa,11_09_25,1
s2tb2,suc,11_09_25,1
mw,suc,11_09_25,1
ncr,suc,11_09_25,1
jst,caaa,11_09_25,3
s2rc,o,11_09_25,2
p1292,kans,11_09_25,1
p1292,roma,11_09_25,1
p1292,jemo,11_09_25,1
p1292,rmoc,11_09_25,1
p1292,rsl,11_09_25,1
p1292,caaa,11_09_25,3
p1292,suc,11_09_25,3
p1292,af,11_09_25,3
p1292,af,11_09_25,3
roma,kans,11_09_25,1
jemo,kans,11_09_25,1
roma,jemo,11_09_25,1
kans,caaa,11_09_25,1
roma,suc,11_09_25,1
jemo,suc,11_09_25,1
rmoc,suc,11_09_25,1
rsl,suc,11_09_25,1
p1293,jth,11_09_25,1
p1293,swot,11_09_25,1
p1293,soudak,11_09_25,1
p1293,posd,11_09_25,1
p1293,caaa,11_09_25,3
p1293,suc,11_09_25,3
jth,swot,11_09_25,1
jth,soudak,11_09_25,1
jth,posd,11_09_25,1
swot,soudak,11_09_25,1
swot,posd,11_09_25,1
soudak,posd,11_09_25,1
jth,caaa,11_09_25,1
jth,suc,11_09_25,1
swot,caaa,11_09_25,1
soudak,caaa,11_09_25,1
posd,caaa,11_09_25,1
p1294,s2rj,11_09_25,1
p1294,wisc,11_09_25,1
p1294,pow,11_09_25,1
p1294,caaa,11_09_25,3
s2rj,wisc,11_09_25,1
s2rj,pow,11_09_25,1
wisc,pow,11_09_25,1
s2rj,caaa,11_09_25,1
wisc,caaa,11_09_25,1
pow,caaa,11_09_25,1
p1295,mis,12_09_25,1
p1295,s2mk,12_09_25,1
p1295,ciol,12_09_25,1
p1295,tl,12_09_25,1
p1295,s2cp,12_09_25,1
p1295,s2dd,12_09_25,1
p1295,missrl,12_09_25,1
p1295,suc,12_09_25,3
p1295,af,12_09_25,3
s2mk,mis,12_09_25,1
ciol,mis,12_09_25,1
tl,mis,12_09_25,1
s2cp,mis,12_09_25,1
s2dd,mis,12_09_25,1
mis,suc,12_09_25,1
s2mk,suc,12_09_25,1
ciol,suc,12_09_25,1
tl,suc,12_09_25,1
s2cp,suc,12_09_25,1
s2dd,suc,12_09_25,1
missrl,af,12_09_25,1
p1296,nato,12_09_25,1
p1296,rus,12_09_25,2
p1296,ukr,12_09_25,2
p1296,chn,12_09_25,1
p1296,jb,12_09_25,2
p1296,s2vz,12_09_25,2
p1296,usa,12_09_25,1
p1296,pair,12_09_25,3
p1296,pm,12_09_25,3
p1296,t,12_09_25,3
nato,rus,12_09_25,2
nato,ukr,12_09_25,2
chn,rus,12_09_25,1
rus,ukr,12_09_25,2
nato,pair,12_09_25,1
rus,pair,12_09_25,2
ukr,pair,12_09_25,2
chn,t,12_09_25,1
jb,pm,12_09_25,2
s2vz,pm,12_09_25,2
usa,pair,12_09_25,1
p1297,ccurl,13_09_25,1
p1297,tngc,13_09_25,1
p1297,s2wc,13_09_25,1
p1297,gol,13_09_25,3
ccurl,tngc,13_09_25,1
ccurl,s2wc,13_09_25,1
ccurl,gol,13_09_25,1
tngc,gol,13_09_25,1
s2wc,gol,13_09_25,1
p1298,memp,13_09_25,2
p1298,chi,13_09_25,2
p1298,la,13_09_25,2
p1298,s2cw,13_09_25,1
p1298,fbi,13_09_25,1
p1298,fg,13_09_25,1
p1298,crm,13_09_25,3
fbi,memp,13_09_25,1
fg,memp,13_09_25,1
fbi,chi,13_09_25,1
fg,chi,13_09_25,1
fbi,la,13_09_25,1
fg,la,13_09_25,1
memp,crm,13_09_25,2
chi,crm,13_09_25,2
la,crm,13_09_25,2
s2cw,crm,13_09_25,1
fbi,crm,13_09_25,1
fg,crm,13_09_25,1
p1299,jocon,14_09_25,1
p1299,media,14_09_25,2
p1299,trum,14_09_25,1
p1299,boo,14_09_25,3
jocon,trum,14_09_25,1
jocon,media,14_09_25,1
jocon,boo,14_09_25,1
trum,media,14_09_25,1
p1300,s2fc,14_09_25,1
p1300,usa,14_09_25,1
p1300,iv,14_09_25,3
p1300,ic,14_09_25,3
s2fc,usa,14_09_25,1
s2fc,iv,14_09_25,1
s2fc,ic,14_09_25,1
usa,iv,14_09_25,1
usa,ic,14_09_25,1
p1301,gtm,14_09_25,1
p1301,gg,14_09_25,1
p1301,lnt,14_09_25,1
p1301,d,14_09_25,2
p1301,dth,14_09_25,2
p1301,boo,14_09_25,3
p1301,suc,14_09_25,3
gtm,gg,14_09_25,1
gtm,lnt,14_09_25,1
gtm,dth,14_09_25,2
lnt,d,14_09_25,2
lnt,dth,14_09_25,2
gtm,boo,14_09_25,1
gtm,suc,14_09_25,1
gg,suc,14_09_25,1
p1302,cn,14_09_25,2
p1302,dal,14_09_25,2
p1302,tex,14_09_25,2
p1302,jb,14_09_25,2
p1302,kn,14_09_25,1
p1302,pb,14_09_25,1
p1302,toho,14_09_25,1
p1302,crm,14_09_25,3
p1302,sec,14_09_25,3
kn,cn,14_09_25,1
pb,cn,14_09_25,1
toho,cn,14_09_25,1
cn,crm,14_09_25,2
dal,crm,14_09_25,2
tex,crm,14_09_25,2
jb,crm,14_09_25,2
kn,crm,14_09_25,1
pb,crm,14_09_25,1
toho,crm,14_09_25,1
p1303,s2cw,15_09_25,1
p1303,fg,15_09_25,1
p1303,d,15_09_25,2
p1303,mbo,15_09_25,2
p1303,ice,15_09_25,3
p1303,mpd,15_09_25,1
p1303,crm,15_09_25,3
fg,s2cw,15_09_25,1
ice,s2cw,15_09_25,1
mpd,s2cw,15_09_25,1
s2cw,crm,15_09_25,1
fg,crm,15_09_25,1
d,crm,15_09_25,2
mbo,crm,15_09_25,2
ice,crm,15_09_25,1
mpd,crm,15_09_25,1
p1304,kaho,15_09_25,2
p1304,zm,15_09_25,2
p1304,ny,15_09_25,3
p1304,ny,15_09_25,3
p1304,wash,15_09_25,3
p1304,o,15_09_25,3
p1304,s2pa,15_09_25,3
kaho,ny,15_09_25,3
zm,ny,15_09_25,3
kaho,o,15_09_25,2
zm,o,15_09_25,2
zm,s2pa,15_09_25,2
ny,o,15_09_25,3
ny,o,15_09_25,3
wash,o,15_09_25,3
p1305,nfl,15_09_25,2
p1305,cfl,15_09_25,1
p1305,fb,15_09_25,3
nfl,fb,15_09_25,2
cfl,fb,15_09_25,1
p1306,ussaec,15_09_25,3
p1306,cac,15_09_25,1
p1306,chn,15_09_25,2
p1306,caaa,15_09_25,3
p1306,iv,15_09_25,3
cac,ussaec,15_09_25,3
chn,cac,15_09_25,2
ussaec,iv,15_09_25,3
ussaec,caaa,15_09_25,3
cac,iv,15_09_25,1
chn,iv,15_09_25,2
p1307,usa,15_09_25,1
p1307,chn,15_09_25,1
p1307,xj,15_09_25,1
p1307,euro,15_09_25,3
p1307,t,15_09_25,3
p1307,pair,15_09_25,3
p1307,ttb,15_09_25,3
usa,chn,15_09_25,1
usa,pair,15_09_25,1
usa,ttb,15_09_25,1
chn,pair,15_09_25,1
chn,ttb,15_09_25,1
xj,pair,15_09_25,1
euro,ttb,15_09_25,1
p1308,etru,15_09_25,1
p1308,boo,15_09_25,3
etru,boo,15_09_25,1
p1309,rmoc,15_09_25,1
p1309,jth,15_09_25,1
p1309,mijo,15_09_25,1
p1309,chuschu,15_09_25,2
p1309,hor,15_09_25,3
p1309,d,15_09_25,2
p1309,r,15_09_25,1
p1309,caaa,15_09_25,3
p1309,crm,15_09_25,3
r,hor,15_09_25,1
d,hor,15_09_25,2
r,d,15_09_25,2
rmoc,caaa,15_09_25,1
rmoc,crm,15_09_25,1
jth,caaa,15_09_25,1
mijo,caaa,15_09_25,1
chuschu,caaa,15_09_25,2
chuschu,crm,15_09_25,2
hor,caaa,15_09_25,3
d,caaa,15_09_25,2
d,crm,15_09_25,2
r,caaa,15_09_25,1
r,crm,15_09_25,1
p1310,usm,15_09_25,1
p1310,s2usc,15_09_25,1
p1310,dtc,15_09_25,2
p1310,narco,15_09_25,2
p1310,ven,15_09_25,2
p1310,usa,15_09_25,1
p1310,nas,15_09_25,3
p1310,cr,15_09_25,3
usm,narco,15_09_25,2
usm,dtc,15_09_25,2
dtc,usa,15_09_25,2
narco,usa,15_09_25,2
dtc,ven,15_09_25,2
s2usc,ven,15_09_25,2
usm,nas,15_09_25,1
s2usc,nas,15_09_25,1
dtc,nas,15_09_25,2
dtc,cr,15_09_25,2
narco,nas,15_09_25,2
narco,cr,15_09_25,2
ven,nas,15_09_25,2
usa,nas,15_09_25,1
p1311,ham,15_09_25,2
p1311,isr,15_09_25,1
p1311,host,15_09_25,2
p1311,ham,15_09_25,3
p1311,isr,15_09_25,3
p1311,gaz,15_09_25,3
ham,host,15_09_25,2
ham,isr,15_09_25,2
isr,ham,15_09_25,2
ham,gaz,15_09_25,2
host,ham,15_09_25,2
host,gaz,15_09_25,2
p1312,s2bl,15_09_25,1
p1312,memp,15_09_25,1
p1312,mstf,15_09_25,1
p1312,crm,15_09_25,3
p1312,nas,15_09_25,3
s2bl,mstf,15_09_25,1
mstf,memp,15_09_25,1
s2bl,crm,15_09_25,1
s2bl,nas,15_09_25,1
memp,crm,15_09_25,1
mstf,crm,15_09_25,1
mstf,nas,15_09_25,1
p1313,nyt,15_09_25,2
p1313,kh,15_09_25,2
p1313,geoslo,15_09_25,2
p1313,abc,15_09_25,2
p1313,dis,15_09_25,2
p1313,smin,15_09_25,2
p1313,s2cbs,15_09_25,2
p1313,para,15_09_25,2
p1313,maga,15_09_25,1
p1313,d,15_09_25,2
p1313,s2pa,15_09_25,3
p1313,fn,15_09_25,3
p1313,le,15_09_25,3
p1313,caaa,15_09_25,3
maga,nyt,15_09_25,2
d,nyt,15_09_25,2
nyt,fn,15_09_25,2
nyt,le,15_09_25,2
kh,s2pa,15_09_25,2
geoslo,fn,15_09_25,2
abc,fn,15_09_25,2
dis,fn,15_09_25,2
smin,fn,15_09_25,2
s2cbs,fn,15_09_25,2
para,fn,15_09_25,2
maga,fn,15_09_25,1
d,s2pa,15_09_25,2
d,fn,15_09_25,2
p1314,r,16_09_25,1
p1314,caaa,16_09_25,3
p1314,suc,16_09_25,3
r,caaa,16_09_25,1
r,suc,16_09_25,1
p1315,namo,16_09_25,1
p1315,rus,16_09_25,2
p1315,ukr,16_09_25,1
p1315,pair,16_09_25,3
p1315,ukr,16_09_25,3
namo,rus,16_09_25,1
namo,ukr,16_09_25,1
namo,pair,16_09_25,1
rus,pair,16_09_25,2
ukr,pair,16_09_25,1
namo,ukr,16_09_25,1
rus,ukr,16_09_25,2
p1316,gn,16_09_25,2
p1316,kaba,16_09_25,2
p1316,lz,16_09_25,1
p1316,epa,16_09_25,1
p1316,jlin,16_09_25,3
p1316,ppa,16_09_25,3
p1316,ccit,16_09_25,1
p1316,aogo,16_09_25,3
p1316,caaa,16_09_25,3
p1316,s2pa,16_09_25,3
gn,ppa,16_09_25,2
gn,ccit,16_09_25,2
jlin,ppa,16_09_25,3
gn,s2pa,16_09_25,2
gn,aogo,16_09_25,2
kaba,s2pa,16_09_25,2
lz,aogo,16_09_25,1
lz,caaa,16_09_25,1
epa,caaa,16_09_25,1
jlin,s2pa,16_09_25,3
ppa,caaa,16_09_25,3
ccit,s2pa,16_09_25,1
p1317,ial,16_09_25,1
p1317,npa,16_09_25,1
p1317,usa,16_09_25,1
p1317,aze,16_09_25,1
p1317,arme,16_09_25,1
p1317,pair,16_09_25,3
p1317,war,16_09_25,3
usa,aze,16_09_25,1
usa,arme,16_09_25,1
ial,npa,16_09_25,1
npa,ial,16_09_25,1
aze,arme,16_09_25,1
arme,aze,16_09_25,1
ial,pair,16_09_25,1
npa,pair,16_09_25,1
usa,pair,16_09_25,1
usa,war,16_09_25,1
aze,pair,16_09_25,1
aze,war,16_09_25,1
arme,pair,16_09_25,1
arme,war,16_09_25,1
p1318,fw,16_09_25,2
p1318,nwa,16_09_25,2
p1318,gsc,16_09_25,2
p1318,bida,16_09_25,2
p1318,jsmi,16_09_25,2
p1318,d,16_09_25,2
p1318,pat,16_09_25,2
p1318,ajs,16_09_25,2
p1318,tog,16_09_25,2
p1318,js,16_09_25,3
p1318,le,16_09_25,3
p1318,s2pa,16_09_25,3
p1318,o,16_09_25,3
gsc,fw,16_09_25,2
gsc,nwa,16_09_25,2
bida,jsmi,16_09_25,2
tog,fw,16_09_25,2
fw,nwa,16_09_25,2
jsmi,bida,16_09_25,2
d,bida,16_09_25,2
fw,js,16_09_25,2
fw,le,16_09_25,2
fw,s2pa,16_09_25,2
fw,o,16_09_25,2
nwa,js,16_09_25,2
nwa,le,16_09_25,2
nwa,s2pa,16_09_25,2
gsc,js,16_09_25,1
gsc,le,16_09_25,1
bida,s2pa,16_09_25,2
bida,o,16_09_25,2
jsmi,js,16_09_25,2
jsmi,le,16_09_25,2
jsmi,s2pa,16_09_25,2
jsmi,o,16_09_25,2
pat,le,16_09_25,2
d,s2pa,16_09_25,2
d,o,16_09_25,2
d,le,16_09_25,2
ajs,js,16_09_25,1
tog,le,16_09_25,3
p1319,nyt,16_09_25,2
p1319,s2rlm,16_09_25,2
p1319,fl,16_09_25,1
p1319,usa,16_09_25,1
p1319,le,16_09_25,3
p1319,js,16_09_25,3
p1319,s2pa,16_09_25,3
s2rlm,usa,16_09_25,2
nyt,usa,16_09_25,2
nyt,js,16_09_25,2
nyt,s2pa,16_09_25,2
s2rlm,js,16_09_25,2
s2rlm,s2pa,16_09_25,2
fl,le,16_09_25,1
fl,js,16_09_25,1
usa,js,16_09_25,2
usa,s2pa,16_09_25,2
p1320,tpusa,16_09_25,1
p1320,chki,16_09_25,1
p1320,jsmi,16_09_25,2
p1320,bida,16_09_25,2
p1320,doj,16_09_25,2
p1320,jb,16_09_25,2
p1320,kh,16_09_25,2
p1320,usa,16_09_25,2
p1320,j,16_09_25,2
p1320,le,16_09_25,3
p1320,js,16_09_25,3
p1320,s2pa,16_09_25,3
p1320,o,16_09_25,3
p1320,cf,16_09_25,3
p1320,s2ack,16_09_25,3
jsmi,tpusa,16_09_25,2
bida,tpusa,16_09_25,2
bida,doj,16_09_25,2
j,kh,16_09_25,2
jb,kh,16_09_25,2
tpusa,le,16_09_25,1
tpusa,js,16_09_25,1
tpusa,s2ack,16_09_25,1
chki,le,16_09_25,1
chki,js,16_09_25,1
chki,s2ack,16_09_25,1
jsmi,o,16_09_25,2
jsmi,js,16_09_25,2
jsmi,s2pa,16_09_25,2
jsmi,le,16_09_25,2
bida,le,16_09_25,2
bida,js,16_09_25,2
bida,o,16_09_25,2
doj,le,16_09_25,2
doj,js,16_09_25,2
jb,s2pa,16_09_25,2
jb,o,16_09_25,2
kh,cf,16_09_25,2
kh,o,16_09_25,2
j,js,16_09_25,2
j,s2pa,16_09_25,2
usa,js,16_09_25,2
usa,s2pa,16_09_25,2
p1321,jkim,17_09_25,2
p1321,abc,17_09_25,1
p1321,scol,17_09_25,2
p1321,seme,17_09_25,2
p1321,nbc,17_09_25,2
p1321,usa,17_09_25,1
p1321,s2pa,17_09_25,3
p1321,o,17_09_25,3
jkim,abc,17_09_25,2
scol,nbc,17_09_25,2
seme,nbc,17_09_25,2
jkim,s2pa,17_09_25,2
jkim,o,17_09_25,2
scol,s2pa,17_09_25,2
scol,o,17_09_25,2
seme,s2pa,17_09_25,2
seme,o,17_09_25,2
nbc,s2pa,17_09_25,2
nbc,o,17_09_25,2
p1322,anti,17_09_25,2
p1322,pat,17_09_25,1
p1322,le,17_09_25,3
p1322,js,17_09_25,3
p1322,s2pa,17_09_25,3
p1322,o,17_09_25,3
anti,pat,17_09_25,2
anti,le,17_09_25,2
anti,js,17_09_25,2
anti,s2pa,17_09_25,2
anti,o,17_09_25,2
pat,le,17_09_25,1
pat,js,17_09_25,1
p1323,hrepu,18_09_25,1
p1323,chuschu,18_09_25,2
p1323,d,18_09_25,2
p1323,usa,18_09_25,1
p1323,le,18_09_25,3
p1323,js,18_09_25,3
p1323,s2pa,18_09_25,3
p1323,o,18_09_25,3
hrepu,d,18_09_25,2
hrepu,chuschu,18_09_25,2
d,usa,18_09_25,2
hrepu,le,18_09_25,1
hrepu,js,18_09_25,1
chuschu,s2pa,18_09_25,2
chuschu,o,18_09_25,2
d,o,18_09_25,2
usa,js,18_09_25,1
p1324,jkim,18_09_25,2
p1324,jkw,18_09_25,2
p1324,jkag,18_09_25,2
p1324,s2aa,18_09_25,3
p1324,s2pa,18_09_25,3
jkim,s2aa,18_09_25,2
jkw,jkim,18_09_25,2
jkag,jkim,18_09_25,2
jkim,s2pa,18_09_25,2
jkw,s2pa,18_09_25,2
jkag,s2pa,18_09_25,2
p1325,chill,18_09_25,2
p1325,usa,18_09_25,1
p1325,le,18_09_25,3
p1325,js,18_09_25,3
chill,usa,18_09_25,2
chill,le,18_09_25,2
chill,js,18_09_25,2
usa,js,18_09_25,1
p1326,io,18_09_25,2
p1326,soma,18_09_25,2
p1326,peop,18_09_25,2
p1326,s2pa,18_09_25,3
p1326,o,18_09_25,3
io,peop,18_09_25,2
peop,soma,18_09_25,2
io,s2pa,18_09_25,2
io,o,18_09_25,2
soma,o,18_09_25,2
peop,s2pa,18_09_25,2
peop,o,18_09_25,2
p1327,io,18_09_25,2
p1327,soma,18_09_25,2
p1327,usa,18_09_25,1
p1327,s2pa,18_09_25,3
p1327,o,18_09_25,3
io,soma,18_09_25,2
io,s2pa,18_09_25,2
io,o,18_09_25,2
soma,o,18_09_25,2
usa,s2pa,18_09_25,2
usa,o,,1
p1328,xj,19_09_25,1
p1328,rus,19_09_25,2
p1328,ukr,19_09_25,2
p1328,skor,19_09_25,2
p1328,chn,19_09_25,2
p1328,usa,19_09_25,1
p1328,tito,19_09_25,2
p1328,apec,19_09_25,3
p1328,pair,19_09_25,3
p1328,pm,19_09_25,3
p1328,ttb,19_09_25,3
p1328,fy,19_09_25,3
p1328,b,19_09_25,3
xj,usa,19_09_25,1
xj,skor,19_09_25,1
xj,apec,19_09_25,1
rus,ukr,19_09_25,2
apec,skor,19_09_25,3
p1329,rte,19_09_25,1
p1329,boe,19_09_25,1
p1329,s2boei,19_09_25,1
p1329,wh,19_09_25,1
p1329,tur,19_09_25,1
p1329,usa,19_09_25,3
p1329,pair,19_09_25,3
p1329,pm,19_09_25,3
p1329,ma,19_09_25,3
p1329,t,19_09_25,3
p1329,iv,19_09_25,3
rte,tur,19_09_25,1
rte,usa,19_09_25,1
rte,boe,19_09_25,1
rte,s2boei,19_09_25,1
tur,boe,19_09_25,1
tur,s2boei,19_09_25,1
usa,boe,19_09_25,1
usa,s2boei,19_09_25,1
rte,pair,19_09_25,1
rte,pm,19_09_25,1
rte,ma,19_09_25,1
rte,t,19_09_25,1
rte,iv,19_09_25,1
boe,ma,19_09_25,1
boe,t,19_09_25,1
boe,iv,19_09_25,1
s2boei,ma,19_09_25,1
s2boei,t,19_09_25,1
s2boei,iv,19_09_25,1
wh,pm,19_09_25,1
tur,pair,19_09_25,1
tur,pm,19_09_25,1
tur,ma,19_09_25,1
tur,t,19_09_25,1
usa,pair,19_09_25,1
usa,pm,19_09_25,1
usa,ma,19_09_25,1
usa,t,19_09_25,1
p1330,amerp,19_09_25,1
p1330,atp,19_09_25,1
p1330,illali,19_09_25,2
p1330,corp,19_09_25,1
p1330,ttgc,19_09_25,1
p1330,iv,19_09_25,3
p1330,ta,19_09_25,3
p1330,s2pa,19_09_25,3
amerp,ttgc,19_09_25,1
atp,ttgc,19_09_25,1
corp,ttgc,19_09_25,1
amerp,iv,19_09_25,1
amerp,ta,19_09_25,1
atp,iv,19_09_25,1
atp,ta,19_09_25,1
illali,iv,19_09_25,2
corp,ta,19_09_25,1
ttgc,iv,19_09_25,1
ttgc,ta,19_09_25,1
p1331,hrepu,19_09_25,1
p1331,hdemo,19_09_25,2
p1331,serep,19_09_25,1
p1331,jfe,19_09_25,1
p1331,d,19_09_25,2
p1331,chki,19_09_25,3
p1331,usa,19_09_25,1
p1331,s2dc,19_09_25,1
p1331,le,19_09_25,3
p1331,js,19_09_25,3
p1331,s2pa,19_09_25,3
p1331,o,19_09_25,3
p1331,cap,19_09_25,3
p1331,s2ack,19_09_25,3
hrepu,hdemo,19_09_25,2
hrepu,d,19_09_25,2
hdemo,chki,19_09_25,2
d,chki,19_09_25,2
hrepu,le,19_09_25,1
hrepu,js,19_09_25,1
serep,le,19_09_25,1
serep,js,19_09_25,1
jfe,o,19_09_25,1
hdemo,o,19_09_25,2
d,o,19_09_25,2
chki,s2ack,19_09_25,2
usa,le,19_09_25,1
usa,js,19_09_25,1
s2dc,le,19_09_25,1
s2dc,js,19_09_25,1
p1332,phe,19_09_25,1
p1332,s2usc,19_09_25,1
p1332,dto,19_09_25,2
p1332,usm,19_09_25,1
p1332,americans,19_09_25,1
p1332,ma,19_09_25,3
p1332,le,19_09_25,3
p1332,js,19_09_25,3
p1332,fy,19_09_25,3
p1332,s2pa,19_09_25,3
p1332,npp,19_09_25,3
phe,dto,19_09_25,2
s2usc,dto,19_09_25,2
phe,ma,19_09_25,1
phe,le,19_09_25,1
s2usc,ma,19_09_25,1
s2usc,le,19_09_25,1
dto,ma,19_09_25,2
dto,le,19_09_25,2
dto,s2pa,19_09_25,2
dto,npp,19_09_25,2
dto,js,19_09_25,2
dto,fy,19_09_25,2
usm,ma,19_09_25,1
americans,s2pa,19_09_25,1
americans,npp,19_09_25,1
p1333,r,19_09_25,1
p1333,usa,19_09_25,1
p1333,suc,19_09_25,3
r,usa,19_09_25,1
r,suc,19_09_25,1
usa,suc,19_09_25,1
p1334,dlet,19_09_25,2
p1334,usa,19_09_25,1
p1334,s2pa,19_09_25,3
p1334,o,19_09_25,3
dlet,s2pa,19_09_25,2
dlet,o,19_09_25,2
p1335,ersie,20_09_25,2
p1335,mawar,20_09_25,2
p1335,tkai,20_09_25,2
p1335,r,20_09_25,1
p1335,le,20_09_25,3
p1335,js,20_09_25,3
p1335,s2pa,20_09_25,3
p1335,o,20_09_25,3
ersie,mawar,20_09_25,2
ersie,tkai,20_09_25,2
ersie,le,20_09_25,2
ersie,js,20_09_25,2
ersie,s2pa,20_09_25,2
mawar,s2pa,20_09_25,2
mawar,o,20_09_25,2
tkai,s2pa,20_09_25,2
tkai,o,20_09_25,2
r,o,20_09_25,1
p1336,ven,20_09_25,2
p1336,army,20_09_25,3
p1336,s2pr2,20_09_25,3
p1336,mhi,20_09_25,2
p1336,im,20_09_25,3
ven,s2pr2,20_09_25,2
ven,mhi,20_09_25,2
s2pr2,mhi,20_09_25,2
ven,im,20_09_25,2
army,im,20_09_25,2
s2pr2,im,20_09_25,2
mhi,im,20_09_25,2
p1337,nipa,20_09_25,1
p1337,fone,20_09_25,1
nipa,fone,20_09_25,1
p1338,af,20_09_25,3
p1338,afg,20_09_25,2
p1338,baa,20_09_25,3
p1338,army,20_09_25,1
afg,baa,20_09_25,2
afg,af,20_09_25,2
army,af,20_09_25,1
army,afg,20_09_25,1
army,baa,20_09_25,1
p1339,s2cw,20_09_25,1
p1339,crm,20_09_25,3
s2cw,crm,20_09_25,2
p1340,pb,20_09_25,1
p1340,lhal,20_09_25,1
p1340,ersie,20_09_25,1
p1340,lp,20_09_25,3
pb,lp,20_09_25,1
lhal,lp,20_09_25,1
ersie,lp,20_09_25,1
lhal,pb,20_09_25,1
lhal,ersie,20_09_25,1
p1341,lhal,20_09_25,1
p1341,pb,20_09_25,1
p1341,tobla,20_09_25,1
p1341,jb,20_09_25,2
p1341,d,20_09_25,2
p1341,wh,20_09_25,1
p1341,marla,20_09_25,1
p1341,lawfirm,20_09_25,1
p1341,ersie,20_09_25,1
p1341,lp,20_09_25,3
lhal,pb,20_09_25,1
lhal,tobla,20_09_25,1
lhal,ersie,20_09_25,1
pb,tobla,20_09_25,1
tobla,ersie,20_09_25,1
jb,d,20_09_25,1
lhal,lp,20_09_25,1
pb,lp,20_09_25,1
tobla,lp,20_09_25,1
jb,lp,20_09_25,1
d,lp,20_09_25,1
wh,lp,20_09_25,1
marla,lp,20_09_25,1
lawfirm,lp,20_09_25,1
ersie,lp,20_09_25,1
p1342,vmil,22_09_25,2
p1342,nas,22_09_25,3
mila,nas,22_09_25,2
p1343,kajoto,22_09_25,1
p1343,kaz,22_09_25,1
p1343,usri,22_09_25,1
p1343,s2env,22_09_25,2
p1343,pm,22_09_25,3
p1343,pair,22_09_25,3
p1343,iv,22_09_25,3
p1343,clicha,22_09_25,3
kajoto,kaz,22_09_25,1
kajoto,pair,22_09_25,1
kajoto,pm,22_09_25,1
kaz,usri,22_09_25,1
kaz,iv,22_09_25,1
usri,iv,22_09_25,1
s2env,clicha,22_09_25,2
s2env,usri,22_09_25,2
p1344,shmi,22_09_25,1
p1344,uzb,22_09_25,1
p1344,uza,22_09_25,1
p1344,boei,22_09_25,1
p1344,americans,22_09_25,1
p1344,pm,22_09_25,3
p1344,pair,22_09_25,3
p1344,iv,22_09_25,3
p1344,caaa,22_09_25,3
shmi,uzb,22_09_25,1
shmi,pm,22_09_25,1
shmi,pair,22_09_25,1
uzb,uza,22_09_25,1
uza,boei,22_09_25,1
boei,iv,22_09_25,1
boei,caaa,22_09_25,1
uza,iv,22_09_25,1
boe,americans,22_09_25,1
americans,iv,22_09_25,1
p1345,d,23_09_25,2
p1345,d,23_09_25,2
p1345,r,23_09_25,1
p1345,fg,23_09_25,3
p1345,amerci,23_09_25,1
p1345,atp,23_09_25,1
p1345,illali,23_09_25,2
p1345,cr,23_09_25,2
p1345,o,23_09_25,3
p1345,d,23_09_25,3
p1345,ta,23_09_25,3
p1345,med,23_09_25,3
p1345,crm,23_09_25,3
p1345,nas,23_09_25,3
p1345,af,23_09_25,3
d,o,23_09_25,2
d,ta,23_09_25,2
d,med,23_09_25,2
d,crm,23_09_25,2
d,nas,23_09_25,2
r,af,23_09_25,1
r,amerci,23_09_25,1
amerci,af,23_09_25,1
atp,ta,23_09_25,1
illali,crm,23_09_25,2
cr,crm,23_09_25,2
fg,o,23_09_25,3
p1346,un,23_09_25,3
p1346,ep,23_09_25,3
p1346,nas,23_09_25,3
p1346,af,23_09_25,3
un,ep,23_09_25,1
un,nas,23_09_25,1
af,ep,23_09_25,1
af,nas,23_09_25,1
p1347,jami,23_09_25,1
p1347,arg,23_09_25,1
p1347,jb,23_09_25,2
p1347,pair,23_09_25,3
p1347,inf,23_09_25,3
p1347,d,23_09_25,3
p1347,suc,23_09_25,3
jami,arg,23_09_25,1
jami,pair,23_09_25,1
jami,suc,23_09_25,1
arg,pair,23_09_25,1
arg,inf,23_09_25,1
jb,d,23_09_25,2
jb,inf,23_09_25,2
p1348,pb,23_09_25,1
p1348,tobla,23_09_25,1
p1348,doj,23_09_25,1
p1348,j,23_09_25,1
p1348,jur,23_09_25,1
p1348,usss,23_09_25,1
p1348,fdle,23_09_25,1
p1348,sher,23_09_25,1
p1348,sho,23_09_25,2
p1348,americans,23_09_25,1
p1348,s2ack,23_09_25,3
p1348,js,23_09_25,3
p1348,le,23_09_25,3
p1348,lp,23_09_25,3
p1348,crm,23_09_25,3
pb,doj,23_09_25,1
tobla,doj,23_09_25,1
doj,lp,23_09_25,1
doj,js,23_09_25,1
j,js,23_09_25,1
jur,js,23_09_25,1
usss,le,23_09_25,1
fdle,le,23_09_25,1
sher,le,23_09_25,1
sho,crm,23_09_25,2
sho,s2ack,23_09_25,2
americans,js,23_09_25,1
p1349,ukr,23_09_25,1
p1349,rus,23_09_25,2
p1349,eu,23_09_25,3
p1349,nato,23_09_25,1
p1349,war,23_09_25,3
p1349,iv,23_09_25,3
p1349,nas,23_09_25,3
p1349,pair,23_09_25,3
ukr,war,23_09_25,1
ukr,pair,23_09_25,1
ukr,nas,23_09_25,1
eu,iv,23_09_25,1
nato,ukr,23_09_25,1
nato,nas,23_09_25,1
rus,war,23_09_25,2
rus,iv,23_09_25,2
rus,nas,23_09_25,2
eu,rus,23_09_25,2
p1350,abc,23_09_25,2
p1350,jkim,23_09_25,2
p1350,dnc,23_09_25,2
p1350,d,23_09_25,2
p1350,fn,23_09_25,3
p1350,p,23_09_25,3
p1350,o,23_09_25,3
p1350,d,23_09_25,3
abc,jkim,23_09_25,2
abc,fn,23_09_25,2
abc,p,23_09_25,2
jkim,dnc,23_09_25,2
jkim,d,23_09_25,2
d,o,23_09_25,2
dnc,o,23_09_25,2
dnc,d,23_09_25,2
p1351,d,24_09_25,2
p1351,d,24_09_25,2
p1351,r,24_09_25,1
p1351,gov,24_09_25,3
p1351,amerci,24_09_25,1
p1351,atp,24_09_25,1
p1351,illali,24_09_25,2
p1351,cr,24_09_25,2
p1351,o,24_09_25,3
p1351,d,24_09_25,3
p1351,ta,24_09_25,3
p1351,med,24_09_25,3
p1351,crm,24_09_25,3
p1351,nas,24_09_25,3
p1351,af,24_09_25,3
d,o,24_09_25,2
d,ta,24_09_25,2
d,med,24_09_25,2
d,crm,24_09_25,2
d,nas,24_09_25,2
r,af,24_09_25,1
r,amerci,24_09_25,1
amerci,af,24_09_25,1
atp,ta,24_09_25,1
illali,crm,24_09_25,2
cr,crm,24_09_25,2
gov,o,24_09_25,3
p1352,d,24_09_25,2
p1352,rlno,24_09_25,2
p1352,illali,24_09_25,2
p1352,cr,24_09_25,2
p1352,amerci,24_09_25,1
p1352,med,24_09_25,3
p1352,ta,24_09_25,3
p1352,bbb,24_09_25,3
p1352,o,24_09_25,3
p1352,d,24_09_25,3
p1352,crm,24_09_25,3
d,rlno,24_09_25,2
d,o,24_09_25,2
d,ta,24_09_25,2
d,med,24_09_25,2
d,crm,24_09_25,2
rlno,crm,24_09_25,2
illali,crm,24_09_25,2
amerci,med,24_09_25,1
bbb,ta,24_09_25,3
p1353,icefo,24_09_25,1
p1353,sho,24_09_25,2
p1353,d,24_09_25,2
p1353,le,24_09_25,1
p1353,anti,24_09_25,2
p1353,s2dt,24_09_25,2
p1353,crm,24_09_25,3
p1353,o,24_09_25,3
p1353,d,24_09_25,3
p1353,cap,24_09_25,3
icefo,le,24_09_25,1
icefo,crm,24_09_25,1
sho,crm,24_09_25,2
d,o,24_09_25,2
anti,d,24_09_25,2
anti,crm,24_09_25,2
le,crm,24_09_25,1
s2dt,cap,24_09_25,2
p1354,kh,24_09_25,2
p1354,d,24_09_25,2
p1354,fone,24_09_25,3
p1354,gwb,24_09_25,3
p1354,eco,24_09_25,3
p1354,pv,24_09_25,3
p1354,o,24_09_25,3
p1354,d,24_09_25,3
p1354,fn,24_09_25,3
p1354,suc,24_09_25,3
p1354,af,24_09_25,3
kh,d,24_09_25,2
kh,o,24_09_25,2
d,o,24_09_25,2
eco,pv,24_09_25,3
kh,suc,24_09_25,2
kh,af,24_09_25,2
p1355,un,24_09_25,3
p1355,metr,24_09_25,1
p1355,usss,24_09_25,1
metr,usss,24_09_25,1
p1356,jaci,25_09_25,1
p1356,ms,25_09_25,2
p1356,nj,25_09_25,3
p1356,ny,25_09_25,3
jaci,ms,25_09_25,2
jaci,ny,25_09_25,1
jaci,nj,25_09_25,1
ms,ny,25_09_25,2
ms,nj,25_09_25,2
p1357,htm,25_09_25,1
p1357,pbt,25_09_25,1
p1357,knw,25_09_25,1
p1357,fln,25_09_25,1
p1357,mck,25_09_25,1
p1357,truk,25_09_25,1
p1357,usa,25_09_25,1
htm,truk,25_09_25,1
p1358,uscam,25_09_25,1
p1358,usfur,25_09_25,1
p1358,usman,25_09_25,1
p1358,usa,25_09_25,1
p1358,t,25_09_25,3
uscam,t,25_09_25,1
usfur,t,25_09_25,1
usman,t,25_09_25,1
p1359,phco,25_09_25,1
p1359,usphm,25_09_25,1
p1359,usa,25_09_25,1
p1359,t,25_09_25,3
phco,usphm,25_09_25,1
usphm,t,25_09_25,1
p1360,jco,25_09_25,2
p1360,fbi,25_09_25,2
p1360,gj,25_09_25,1
p1360,usa,25_09_25,1
p1360,js,25_09_25,3
p1360,lp,25_09_25,3
p1360,le,25_09_25,3
p1360,s2pa,25_09_25,3
jco,fbi,25_09_25,2
gj,jco,25_09_25,2
gj,js,25_09_25,1
p1361,jp,25_09_25,2
p1361,usa,25_09_25,1
p1361,inf,25_09_25,3
p1361,iv,25_09_25,3
jp,inf,25_09_25,2
usa,inf,25_09_25,1
p1362,jco,26_09_25,2
p1362,j,26_09_25,2
p1362,jb,26_09_25,2
p1362,usa,26_09_25,2
p1362,js,26_09_25,3
p1362,lp,26_09_25,3
p1362,s2pa,26_09_25,3
jb,j,26_09_25,2
j,jco,26_09_25,2
jco,js,26_09_25,2
p1363,jco,26_09_25,2
p1363,usa,26_09_25,2
p1363,s2pa,26_09_25,3
p1363,js,26_09_25,3
jco,s2pa,26_09_25,2
jco,js,26_09_25,2
p1364,ty,26_09_25,3
p1364,med,26_09_25,3
p1364,c,26_09_25,3
p1364,s2tp,26_09_25,3
p1364,ty,26_09_25,3
p1364,med,26_09_25,3
ty,med,26_09_25,2
med,c,26_09_25,2
p1365,aea,26_09_25,3
p1365,usa,26_09_25,3
p1365,hist,26_09_25,3
p1365,aogo,26_09_25,3
aea,usa,26_09_25,3
p1366,lmo,26_09_25,2
p1366,awe,26_09_25,2
p1366,s2mg,26_09_25,2
p1366,jb,26_09_25,2
p1366,micr,26_09_25,2
p1366,usa,26_09_25,3
p1366,s2pa,26_09_25,3
p1366,nas,26_09_25,3
p1366,aogo,26_09_25,3
lmo,awe,26_09_25,2
lmo,s2mg,26_09_25,2
lmo,jb,26_09_25,2
lmo,micr,26_09_25,2
micr,usa,26_09_25,3
p1367,brca,26_09_25,1
p1367,fcc,26_09_25,3
p1367,trad,26_09_25,3
p1367,aogo,26_09_25,3
p1367,s2pa,26_09_25,3
brca,fcc,26_09_25,3
brca,trad,26_09_25,3
p1368,ham,26_09_25,3
p1368,isr,26_09_25,3
p1368,bbn,26_09_25,1
p1368,host,26_09_25,3
p1368,americans,26_09_25,3
p1368,pair,26_09_25,3
p1368,un,26_09_25,3
p1368,nas,26_09_25,3
ham,isr,26_09_25,3
ham,bbn,26_09_25,3
isr,bbn,26_09_25,3
p1369,jco,26_09_25,2
p1369,fbi,26_09_25,1
p1369,kbp,26_09_25,1
p1369,lhal,26_09_25,1
p1369,doj,26_09_25,1
p1369,lp,26_09_25,3
p1369,js,26_09_25,3
kbp,fbi,26_09_25,1
kbp,lhal,26_09_25,1
kbp,doj,26_09_25,1
fbi,lhal,26_09_25,1
fbi,doj,26_09_25,1
lhal,doj,26_09_25,1
jco,fbi,26_09_25,2
jco,kbp,26_09_25,2
jco,lhal,26_09_25,2
jco,doj,26_09_25,2
p1370,kn,27_09_25,1
p1370,phe,27_09_25,1
p1370,ice,27_09_25,3
p1370,usm,27_09_25,1
p1370,anti,27_09_25,2
p1370,por,27_09_25,3
p1370,nas,27_09_25,3
p1370,le,27_09_25,3
p1370,usm,27_09_25,3
p1370,s2dt,27_09_25,3
kn,phe,27_09_25,1
phe,usm,27_09_25,1
usm,ice,27_09_25,1
anti,ice,27_09_25,2
anti,usm,27_09_25,2
anti,por,27_09_25,2
ice,nas,27_09_25,1
p1371,fbi,27_09_25,2
p1371,cwra,27_09_25,2
p1371,jco,27_09_25,2
p1371,pat,27_09_25,1
p1371,pol,27_09_25,2
p1371,le,27_09_25,3
p1371,ng,27_09_25,3
cwra,fbi,27_09_25,2
jco,fbi,27_09_25,2
fbi,pat,27_09_25,2
pol,fbi,27_09_25,2
fbi,ng,27_09_25,2
pat,ng,27_09_25,2
p1372,cwra,27_09_25,2
p1372,ccr,27_09_25,2
p1372,caaa,27_09_25,3
ccr,cwra,27_09_25,2
cwra,caaa,27_09_25,2
ccr,caaa,27_09_25,2
p1373,domu,27_09_25,1
p1373,boo,27_09_25,3
domu,boo,27_09_25,1
p1374,kich,28_09_25,1
p1374,qc,28_09_25,1
p1374,rfam,28_09_25,1
p1374,pair,28_09_25,3
kich,pair,28_09_25,1
qc,pair,28_09_25,1
rfam,pair,28_09_25,1
kich,qc,28_09_25,1
kich,rfam,28_09_25,1
qc,rfam,28_09_25,1
p1375,fbi,28_09_25,1
p1375,trad,28_09_25,1
p1375,s2tp,28_09_25,3
p1375,crm,28_09_25,3
fbi,crm,28_09_25,1
trad,crm,28_09_25,1
s2tp,crm,28_09_25,3
fbi,trad,28_09_25,1
fbi,s2tp,28_09_25,3
trad,s2tp,28_09_25,3
p1376,rmn,28_09_25,1
p1376,wnel,28_09_25,1
p1376,cjcls,28_09_25,1
p1376,hist,28_09_25,3
rmn,wnel,28_09_25,1
rmn,cjcls,28_09_25,1
wnel,cjcls,28_09_25,1
rmn,hist,28_09_25,1
wnel,hist,28_09_25,1
cjcls,hist,28_09_25,1
p1377,wh,28_09_25,1
p1377,aogo,28_09_25,3
wh,aogo,28_09_25,1
p1378,nfl,28_09_25,2
p1378,fb,28_09_25,3
nfl,fb,28_09_25,2
p1379,zm,29_09_25,2
p1379,r,29_09_25,1
p1379,ny,29_09_25,2
p1379,s2pa,29_09_25,3
zm,s2pa,29_09_25,2
r,s2pa,29_09_25,1
ny,s2pa,29_09_25,2
zm,r,29_09_25,2
zm,ny,29_09_25,2
r,ny,29_09_25,1
p1380,usa,29_09_25,1
p1380,cal,29_09_25,2
p1380,t,29_09_25,3
usa,t,29_09_25,1
cal,t,29_09_25,2
usa,cal,29_09_25,1
p1381,norc,29_09_25,1
p1381,usa,29_09_25,1
p1381,t,29_09_25,3
norc,t,29_09_25,1
usa,t,29_09_25,1
norc,usa,29_09_25,1
p1382,nguar,01_10_25,1
p1382,or,01_10_25,3
p1382,le,01_10_25,1
p1382,anti,01_10_25,2
p1382,d,01_10_25,2
p1382,crm,01_10_25,3
nguar,crm,01_10_25,1
le,crm,01_10_25,1
anti,crm,01_10_25,2
d,crm,01_10_25,2
nguar,le,01_10_25,1
nguar,anti,01_10_25,2
nguar,d,01_10_25,2
le,anti,01_10_25,2
le,d,01_10_25,2
anti,d,01_10_25,2
nguar,or,01_10_25,1
le,or,01_10_25,1
anti,or,01_10_25,2
d,or,01_10_25,2
p1383,or,01_10_25,2
p1383,pat,01_10_25,1
p1383,crm,01_10_25,3
or,crm,01_10_25,2
pat,crm,01_10_25,1
or,pat,01_10_25,2
p1384,afarm,01_10_25,1
p1384,usa,01_10_25,1
p1384,chn,01_10_25,2
p1384,t,01_10_25,3
afarm,t,01_10_25,1
usa,t,01_10_25,1
chn,t,01_10_25,2
afarm,usa,01_10_25,1
afarm,chn,01_10_25,2
usa,chn,01_10_25,2
p1385,jp,01_10_25,2
p1385,s2pa,01_10_25,3
jp,s2pa,01_10_25,2
p1386,mawa,01_10_25,2
p1386,illali,01_10_25,2
p1386,atp,01_10_25,1
p1386,med,01_10_25,3
mawa,med,01_10_25,2
illali,med,01_10_25,2
atp,med,01_10_25,1
mawa,illali,01_10_25,2
mawa,atp,01_10_25,2
illali,atp,01_10_25,2
p1387,r,01_10_25,1
p1387,d,01_10_25,2
p1387,spc,01_10_25,3
r,spc,01_10_25,1
d,spc,01_10_25,2
r,d,01_10_25,2
p1388,d,02_10_25,2
p1388,illali,02_10_25,2
p1388,atp,02_10_25,1
p1388,med,02_10_25,3
p1388,crm,02_10_25,3
d,med,02_10_25,2
illali,med,02_10_25,2
atp,med,02_10_25,1
d,crm,02_10_25,2
illali,crm,02_10_25,2
atp,crm,02_10_25,1
d,illali,02_10_25,2
d,atp,02_10_25,2
illali,atp,02_10_25,2
p1389,rv,02_10_25,1
p1389,d,02_10_25,2
p1389,spc,02_10_25,3
rv,spc,02_10_25,1
d,spc,02_10_25,1
d,spc,02_10_25,2
rv,d,02_10_25,2
p1390,r,02_10_25,1
p1390,d,02_10_25,2
p1390,zm,02_10_25,2
p1390,s2pa,02_10_25,3
r,s2pa,02_10_25,1
d,s2pa,02_10_25,2
zm,s2pa,02_10_25,2
r,d,02_10_25,2
r,zm,02_10_25,1
d,zm,02_10_25,2
p1391,ham,03_10_25,2
p1391,isr,03_10_25,1
p1391,usa,03_10_25,1
p1391,host,03_10_25,1
p1391,war,03_10_25,3
ham,war,03_10_25,2
isr,war,03_10_25,1
usa,war,03_10_25,1
host,war,03_10_25,1
ham,isr,03_10_25,2
ham,usa,03_10_25,2
p1392,idah,03_10_25,1
p1392,jri,03_10_25,1
p1392,vet,03_10_25,1
p1392,caaa,03_10_25,3
idah,caaa,03_10_25,1
jri,caaa,03_10_25,1
vet,caaa,03_10_25,1
idah,jri,03_10_25,1
idah,vet,03_10_25,1
jri,vet,03_10_25,1
p1393,ny,03_10_25,1
p1393,ny,03_10_25,1
p1393,hs,03_10_25,1
p1393,s2ct2,03_10_25,1
p1393,nas,03_10_25,3
ny,nas,03_10_25,1
ny,nas,03_10_25,1
hs,nas,03_10_25,1
s2ct2,nas,03_10_25,1
ny,hs,03_10_25,1
ny,s2ct2,03_10_25,1
ny,hs,03_10_25,1
ny,s2ct2,03_10_25,1
hs,s2ct2,03_10_25,1
p1394,ven,03_10_25,2
p1394,usa,03_10_25,1
p1394,dtc,03_10_25,2
p1394,crm,03_10_25,3
ven,crm,03_10_25,2
usa,crm,03_10_25,1
dtc,crm,03_10_25,2
ven,usa,03_10_25,2
ven,dtc,03_10_25,2
usa,dtc,03_10_25,1
p1395,mve,03_10_25,1
p1395,jjd,03_10_25,1
p1395,cong,03_10_25,1
p1395,r,03_10_25,1
p1395,vet,03_10_25,1
p1395,aogo,03_10_25,3
mve,aogo,03_10_25,1
jjd,aogo,03_10_25,1
cong,aogo,03_10_25,1
r,aogo,03_10_25,1
vet,aogo,03_10_25,1
mve,jjd,03_10_25,1
mve,cong,03_10_25,1
mve,r,03_10_25,1
mve,vet,03_10_25,1
jjd,cong,03_10_25,1
jjd,r,03_10_25,1
jjd,vet,03_10_25,1
cong,r,03_10_25,1
cong,vet,03_10_25,1
r,vet,03_10_25,1
p1396,ham,03_10_25,1
p1396,isr,03_10_25,1
p1396,host,03_10_25,1
p1396,usa,03_10_25,1
p1396,war,03_10_25,3
ham,war,03_10_25,1
isr,war,03_10_25,1
usa,war,03_10_25,1
host,war,03_10_25,1
ham,isr,03_10_25,1
ham,usa,03_10_25,1
isr,usa,03_10_25,1
ham,host,03_10_25,1
isr,host,03_10_25,1
usa,host,03_10_25,1
p1397,ussn,03_10_25,1
p1397,phe,03_10_25,1
p1397,joph,03_10_25,1
p1397,chuschu,03_10_25,2
p1397,hjeff,03_10_25,2
p1397,d,03_10_25,2
p1397,usm,03_10_25,1
p1397,vir,03_10_25,1
p1397,usa,03_10_25,1
p1397,usm,03_10_25,3
ussn,usm,03_10_25,1
phe,usm,03_10_25,1
joph,usm,03_10_25,1
chuschu,usm,03_10_25,2
hjeff,usm,03_10_25,2
d,usm,03_10_25,2
phe,ussn,03_10_25,1
jp,ussn,03_10_25,1
usm,ussn,03_10_25,1
chuschu,ussn,03_10_25,2
hjeff,ussn,03_10_25,2
d,ussn,03_10_25,2
phe,usm,03_10_25,1
jp,usm,03_10_25,1
chuschu,usm,03_10_25,2
hjeff,usm,03_10_25,2
d,usm,03_10_25,2
p1397,ussn,03_10_25,1
p1397,phe,03_10_25,1
p1397,jp,03_10_25,1
p1397,chuschu,03_10_25,2
p1397,hjeff,03_10_25,2
p1397,d,03_10_25,2
p1397,usm,03_10_25,1
p1397,vir,03_10_25,1
p1397,usa,03_10_25,1
p1397,usm,03_10_25,3
ussn,usm,03_10_25,1
phe,usm,03_10_25,1
jp,usm,03_10_25,1
chuschu,usm,03_10_25,2
hjeff,usm,03_10_25,2
d,usm,03_10_25,2
phe,ussn,03_10_25,1
jp,ussn,03_10_25,1
usm,ussn,03_10_25,1
chuschu,ussn,03_10_25,2
hjeff,ussn,03_10_25,2
d,ussn,03_10_25,2
phe,usm,03_10_25,1
jp,usm,03_10_25,1
chuschu,usm,03_10_25,2
hjeff,usm,03_10_25,2
d,usm,03_10_25,2
p1398,ice,03_10_25,3
p1398,le,03_10_25,1
p1398,usm,03_10_25,1
p1398,nas,03_10_25,3
ice,nas,03_10_25,1
le,nas,03_10_25,1
usm,nas,03_10_25,1
ice,le,03_10_25,1
ice,usm,03_10_25,1
le,usm,03_10_25,1
p1399,isr,04_10_25,1
p1399,ham,04_10_25,1
p1399,host,04_10_25,1
p1399,usa,04_10_25,1
p1399,war,04_10_25,3
isr,war,04_10_25,1
ham,war,04_10_25,1
usa,war,04_10_25,1
host,war,04_10_25,1
isr,ham,04_10_25,1
isr,host,04_10_25,1
isr,usa,04_10_25,1
ham,host,04_10_25,1
ham,usa,04_10_25,1
host,usa,04_10_25,1
p1400,lj,04_10_25,2
p1400,kaho,04_10_25,2
p1400,ny,04_10_25,2
p1400,corp,04_10_25,1
p1400,txex,04_10_25,1
p1400,d,04_10_25,2
p1400,cor,04_10_25,3
lj,cor,04_10_25,2
kaho,cor,04_10_25,2
ny,cor,04_10_25,2
corp,cor,04_10_25,1
txex,cor,04_10_25,1
d,cor,04_10_25,2
lj,kaho,04_10_25,2
lj,ny,04_10_25,2
kaho,ny,04_10_25,2
corp,txex,04_10_25,1
p1401,isr,04_10_25,1
p1401,ham,04_10_25,1
p1401,host,04_10_25,1
p1401,s2pr2,04_10_25,1
p1401,usa,04_10_25,1
p1401,war,04_10_25,3
isr,war,04_10_25,1
ham,war,04_10_25,1
usa,war,04_10_25,1
host,war,04_10_25,1
s2pr2,war,04_10_25,1
isr,ham,04_10_25,1
isr,host,04_10_25,1
isr,s2pr2,04_10_25,1
isr,usa,04_10_25,1
ham,host,04_10_25,1
ham,s2pr2,04_10_25,1
ham,usa,04_10_25,1
host,s2pr2,04_10_25,1
host,usa,04_10_25,1
s2pr2,usa,04_10_25,1
p1402,u,04_10_25,3
p1402,goog,04_10_25,2
p1402,r,04_10_25,1
u,goog,04_10_25,1
u,r,04_10_25,1
goog,r,04_10_25,2
p1403,usm,05_10_25,1
p1403,usa,05_10_25,1
p1403,usm,05_10_25,3
usa,usm,05_10_25,1
usm,usa,05_10_25,1
p1404,s2jj2,05_10_25,2
p1404,jimi,05_10_25,1
p1404,as,05_10_25,2
p1404,vir,05_10_25,3
p1404,r,05_10_25,3
p1404,d,05_10_25,3
p1404,s2pa,05_10_25,3
p1404,crm,05_10_25,3
s2jj2,r,05_10_25,2
s2jj2,s2pa,05_10_25,2
s2jj2,crm,05_10_25,2
jimi,r,05_10_25,1
jimi,s2pa,05_10_25,1
as,d,05_10_25,2
as,s2pa,05_10_25,2
d,r,05_10_25,2
p1405,fone,05_10_25,2
p1405,s2pd,05_10_25,2
p1405,mkel,05_10_25,2
p1405,d,05_10_25,2
p1405,r,05_10_25,1
p1405,med,05_10_25,3
fone,s2pd,05_10_25,2
fone,mkel,05_10_25,2
fone,d,05_10_25,2
s2pd,mkel,05_10_25,2
s2pd,d,05_10_25,2
mkel,d,05_10_25,2
r,fone,05_10_25,2
p1406,ham,05_10_25,1
p1406,host,05_10_25,1
p1406,isr,05_10_25,3
p1406,gaz,05_10_25,3
p1406,count,05_10_25,1
p1406,egy,05_10_25,1
p1406,war,05_10_25,3
p1406,pair,05_10_25,3
p1406,hist,05_10_25,3
ham,host,05_10_25,1
ham,isr,05_10_25,3
ham,war,05_10_25,3
isr,host,05_10_25,1
isr,war,05_10_25,3
count,ham,05_10_25,1
count,isr,05_10_25,1
egy,ham,05_10_25,1
egy,isr,05_10_25,1
egy,pair,05_10_25,1
p1407,opec,05_10_25,2
p1407,bhb,05_10_25,1
p1407,fnma,05_10_25,1
p1407,fmac,05_10_25,1
p1407,iv,05_10_25,3
opec,bhb,05_10_25,2
bhb,fnma,05_10_25,1
bhb,fmac,05_10_25,1
fnma,iv,05_10_25,1
fmac,iv,05_10_25,1
p1408,alsh,05_10_25,2
p1408,brar,05_10_25,2
p1408,nbc,05_10_25,2
p1408,abc,05_10_25,2
p1408,fcc,05_10_25,3
p1408,d,05_10_25,2
p1408,r,05_10_25,1
p1408,fn,05_10_25,3
alsh,brar,05_10_25,2
alsh,nbc,05_10_25,2
alsh,abc,05_10_25,2
brar,nbc,05_10_25,2
nbc,d,05_10_25,2
abc,d,05_10_25,2
r,nbc,05_10_25,2
r,abc,05_10_25,2
p1409,usa,06_10_25,1
p1409,ta,06_10_25,3
p1409,iv,06_10_25,3
p1409,inf,06_10_25,3
usa,ta,06_10_25,1
usa,iv,06_10_25,1
usa,inf,06_10_25,1
ta,iv,06_10_25,3
ta,inf,06_10_25,3
iv,inf,06_10_25,3
p1410,jpn,06_10_25,1
p1410,pmj,06_10_25,3
p1410,awe,06_10_25,3
jpn,awe,06_10_25,1
pmj,awe,06_10_25,1
p1411,braz,06_10_25,1
p1411,usa,06_10_25,1
p1411,lula,06_10_25,1
p1411,iv,06_10_25,3
p1411,pair,06_10_25,3
braz,usa,06_10_25,1
braz,lula,06_10_25,1
braz,iv,06_10_25,1
braz,pair,06_10_25,1
usa,lula,06_10_25,1
usa,iv,06_10_25,1
usa,pair,06_10_25,1
lula,iv,06_10_25,1
lula,pair,06_10_25,1
p1412,usa,06_10_25,1
p1412,count,06_10_25,3
p1412,htm,06_10_25,1
p1412,ta,06_10_25,3
p1412,iv,06_10_25,3
usa,count,06_10_25,1
usa,htm,06_10_25,1
usa,ta,06_10_25,1
usa,iv,06_10_25,1
count,ta,06_10_25,3
count,iv,06_10_25,3
htm,ta,06_10_25,1
htm,iv,06_10_25,1
p1413,usa,06_10_25,1
p1413,d,06_10_25,2
p1413,americans,06_10_25,1
p1413,fg,06_10_25,3
p1413,iv,06_10_25,3
p1413,ta,06_10_25,3
usa,d,06_10_25,1
usa,americans,06_10_25,1
usa,fg,06_10_25,1
usa,iv,06_10_25,1
usa,ta,06_10_25,1
d,fg,06_10_25,2
d,iv,06_10_25,2
d,ta,06_10_25,2
americans,fg,06_10_25,1
americans,iv,06_10_25,1
americans,ta,06_10_25,1
p1414,mbau,07_10_25,1
p1414,r,07_10_25,1
p1414,wash,07_10_25,1
p1414,mabar,07_10_25,1
mbau,r,07_10_25,1
mbau,wash,07_10_25,1
mbau,mabar,07_10_25,1
r,wash,07_10_25,1
r,mabar,07_10_25,1
wash,mabar,07_10_25,1
p1415,jsmi,07_10_25,2
p1415,doj,07_10_25,3
p1415,iv,07_10_25,3
jsmi,doj,07_10_25,2
p1416,mve,07_10_25,1
p1416,jjd,07_10_25,1
p1416,vet,07_10_25,1
p1416,usa,07_10_25,1
p1416,cf,07_10_25,3
p1416,s2pa,07_10_25,3
p1416,ma,07_10_25,3
p1416,ttb,07_10_25,3
p1416,ta,07_10_25,3
p1416,ep,07_10_25,3
mve,cf,07_10_25,1
mve,s2pa,07_10_25,1
mve,ma,07_10_25,1
mve,ttb,07_10_25,1
mve,ta,07_10_25,1
mve,ep,07_10_25,1
jjd,cf,07_10_25,1
jjd,s2pa,07_10_25,1
jjd,ma,07_10_25,1
jjd,ttb,07_10_25,1
jjd,ta,07_10_25,1
jjd,ep,07_10_25,1
vet,cf,07_10_25,1
vet,s2pa,07_10_25,1
vet,ma,07_10_25,1
vet,ttb,07_10_25,1
vet,ta,07_10_25,1
vet,ep,07_10_25,1
usa,cf,07_10_25,1
usa,s2pa,07_10_25,1
usa,ma,07_10_25,1
usa,ttb,07_10_25,1
usa,ta,07_10_25,1
usa,ep,07_10_25,1
p1417,rbl,07_10_25,2
p1417,usa,07_10_25,1
p1417,s2uss,07_10_25,2
p1417,vie,07_10_25,1
p1417,doj,07_10_25,3
p1417,media,07_10_25,3
rbl,doj,07_10_25,2
usa,doj,07_10_25,1
s2uss,doj,07_10_25,2
vie,doj,07_10_25,1
rbl,media,07_10_25,2
usa,media,07_10_25,1
s2uss,media,07_10_25,2
vie,media,07_10_25,1
p1418,mve,07_10_25,1
p1418,usa,07_10_25,1
p1418,cf,07_10_25,3
mve,cf,07_10_25,1
usa,cf,07_10_25,1
p1419,jsmi,07_10_25,2
p1419,bidoj,07_10_25,2
p1419,repsen,07_10_25,2
p1419,repcong,07_10_25,2
p1419,doj,07_10_25,3
jsmi,doj,07_10_25,2
bidoj,doj,07_10_25,2
repsen,doj,07_10_25,2
repcong,doj,07_10_25,2
p1420,chi,08_10_25,1
p1420,le,08_10_25,3
chi,le,08_10_25,1
p1421,mbo,08_10_25,2
p1421,jbp,08_10_25,2
p1421,ice,08_10_25,3
p1421,le,08_10_25,3
mbo,le,08_10_25,2
jbp,le,08_10_25,2
ice,le,08_10_25,1
p1422,uth,08_10_25,1
p1422,usa,08_10_25,1
p1422,maga,08_10_25,1
p1422,alal,08_10_25,1
p1422,scot,08_10_25,1
p1422,dsb,08_10_25,2
p1422,cped,08_10_25,1
p1422,c,08_10_25,3
p1422,lemb,08_10_25,1
p1422,fl,08_10_25,1
p1422,le,08_10_25,3
uth,le,08_10_25,1
usa,le,08_10_25,1
maga,le,08_10_25,1
alal,le,08_10_25,1
scot,le,08_10_25,1
dsb,le,08_10_25,2
cped,le,08_10_25,1
c,le,08_10_25,1
lemb,le,08_10_25,1
fl,le,08_10_25,1
p1423,csmi,08_10_25,1
p1423,americans,08_10_25,1
p1423,amerf,08_10_25,1
p1423,usa,08_10_25,1
p1423,hcfa,08_10_25,1
p1423,ta,08_10_25,3
p1423,le,08_10_25,3
csmi,ta,08_10_25,1
csmi,le,08_10_25,1
csmi,hcfa,08_10_25,1
americans,ta,08_10_25,1
americans,le,08_10_25,1
amerf,ta,08_10_25,1
amerf,le,08_10_25,1
usa,ta,08_10_25,1
usa,le,08_10_25,1
usa,hcfa,08_10_25,1
hcfa,ta,08_10_25,1
hcfa,le,08_10_25,1
p1424,jvd,08_10_25,1
p1424,maga,08_10_25,1
p1424,americans,08_10_25,1
p1424,amerf,08_10_25,1
p1424,usa,08_10_25,1
p1424,hjso,08_10_25,1
p1424,ponj,08_10_25,1
p1424,ta,08_10_25,3
p1424,le,08_10_25,3
jvd,ta,08_10_25,1
jvd,le,08_10_25,1
jvd,hjso,08_10_25,1
jvd,ponj,08_10_25,1
maga,ta,08_10_25,1
maga,le,08_10_25,1
americans,ta,08_10_25,1
americans,le,08_10_25,1
amerf,ta,08_10_25,1
amerf,le,08_10_25,1
usa,ta,08_10_25,1
usa,le,08_10_25,1
usa,hjso,08_10_25,1
hjso,ta,08_10_25,1
hjso,le,08_10_25,1
ponj,ta,08_10_25,1
ponj,le,08_10_25,1
p1425,isr,08_10_25,1
p1425,ham,08_10_25,1
p1425,host,08_10_25,1
p1425,usa,08_10_25,1
p1425,count,08_10_25,1
p1425,egy,08_10_25,1
p1425,qat,08_10_25,1
p1425,tur,08_10_25,1
p1425,media,08_10_25,1
p1425,pair,08_10_25,3
isr,pair,08_10_25,1
ham,pair,08_10_25,1
host,pair,08_10_25,1
usa,pair,08_10_25,1
count,pair,08_10_25,1
egy,pair,08_10_25,1
qat,pair,08_10_25,1
tur,pair,08_10_25,1
media,pair,08_10_25,1
p1426,mihu,09_10_25,1
p1426,usa,09_10_25,1
p1426,miea,09_10_25,1
p1426,pair,09_10_25,3
mihu,pair,09_10_25,1
usa,pair,09_10_25,1
miea,pair,09_10_25,1
p1427,eyl,09_10_25,1
p1427,fone,09_10_25,1
p1427,miea,09_10_25,1
p1427,pair,09_10_25,3
eyl,pair,09_10_25,1
fone,pair,09_10_25,1
miea,pair,09_10_25,1
p1428,beca,09_10_25,1
p1428,usdoa,09_10_25,1
p1428,usa,09_10_25,1
p1428,americans,09_10_25,1
p1428,af,09_10_25,3
beca,af,09_10_25,1
beca,usdoa,09_10_25,1
beca,usa,09_10_25,1
beca,americans,09_10_25,1
usdoa,usa,09_10_25,1
p1429,fbi,09_10_25,1
p1429,cwra,09_10_25,2
p1429,kbp,09_10_25,1
p1429,pb,09_10_25,1
p1429,doj,09_10_25,1
p1429,cr,09_10_25,2
p1429,cap,09_10_25,3
p1429,js,09_10_25,3
p1429,lp,09_10_25,3
fbi,cwra,09_10_25,2
fbi,kbp,09_10_25,1
fbi,doj,09_10_25,1
kbp,doj,09_10_25,1
pb,doj,09_10_25,1
fbi,cr,09_10_25,2
p1430,usa,09_10_25,1
p1430,count,09_10_25,2
p1430,twc,09_10_25,1
p1430,t,09_10_25,3
usa,t,09_10_25,1
twc,t,09_10_25,1
p1431,chn,10_10_25,2
p1431,usa,10_10_25,1
p1431,count,10_10_25,3
p1431,euro,10_10_25,1
p1431,xj,10_10_25,2
p1431,apec,10_10_25,3
p1431,skor,10_10_25,3
p1431,miea,10_10_25,3
p1431,t,10_10_25,3
chn,usa,10_10_25,2
chn,count,10_10_25,2
chn,xj,10_10_25,2
usa,count,10_10_25,1
usa,euro,10_10_25,1
usa,apec,10_10_25,1
usa,skor,10_10_25,1
usa,miea,10_10_25,1
xj,usa,10_10_25,1
xj,count,10_10_25,2
p1432,chn,10_10_25,2
p1432,usa,10_10_25,1
p1432,count,10_10_25,2
p1432,t,10_10_25,3
chn,usa,10_10_25,2
chn,count,10_10_25,2
usa,count,10_10_25,1
p1433,uscab,10_10_25,1
p1433,s2cw,10_10_25,3
p1433,js,10_10_25,3
uscab,s2cw,10_10_25,1
uscab,js,10_10_25,1
s2cw,js,10_10_25,3
p1434,chuschu,11_10_25,2
p1434,d,11_10_25,2
p1434,tro,11_10_25,1
p1434,phe,11_10_25,1
p1434,usm,11_10_25,1
p1434,t,11_10_25,3
chuschu,d,11_10_25,1
phe,usm,11_10_25,1
phe,tro,11_10_25,1
usm,tro,11_10_25,1
p1435,s2bb,11_10_25,1
p1435,cnn,11_10_25,2
p1435,fn,11_10_25,3
p1435,lp,11_10_25,3
s2bb,cnn,11_10_25,1
s2bb,lp,11_10_25,2
cnn,fn,11_10_25,1
p1436,s2ds,12_10_25,1
p1436,sego,12_10_25,1
p1436,whppo,12_10_25,1
p1436,ind,12_10_25,3
p1436,aogo,12_10_25,3
s2ds,whppo,12_10_25,1
sego,ind,12_10_25,1
p1437,fbi,12_10_25,2
p1437,fbiag,12_10_25,2
p1437,le,12_10_25,3
fbiag,fbi,12_10_25,2
fbiag,le,12_10_25,2
p1438,asch,12_10_25,2
p1438,cong,12_10_25,2
p1438,lp,12_10_25,3
p1438,cor,12_10_25,3
p1438,js,12_10_25,3
asch,cong,12_10_25,2
asch,lp,12_10_25,2
asch,cor,12_10_25,2
asch,js,12_10_25,2
cong,lp,12_10_25,2
cong,cor,12_10_25,2
cong,js,12_10_25,2
p1439,xj,12_10_25,1
p1439,chn,12_10_25,1
p1439,usa,12_10_25,1
p1439,pair,12_10_25,3
xj,chn,12_10_25,1
xj,usa,12_10_25,1
usa,chn,12_10_25,1
xj,pair,12_10_25,1
chn,pair,12_10_25,1
usa,pair,12_10_25,1
p1440,acu,12_10_25,2
p1440,you,12_10_25,2
p1440,soci,12_10_25,2
p1440,fg,12_10_25,1
p1440,americans,12_10_25,1
p1440,uni,12_10_25,3
p1440,sch,12_10_25,3
p1440,lp,12_10_25,3
p1440,fos,12_10_25,3
acu,you,12_10_25,2
acu,soci,12_10_25,2
acu,lp,12_10_25,2
acu,fos,12_10_25,2
fg,acu,12_10_25,1
fg,lp,12_10_25,1
fg,fos,12_10_25,1
americans,you,12_10_25,1
americans,soc,12_10_25,1
p1441,lcb,12_10_25,3
p1441,isr,12_10_25,1
p1441,miea,12_10_25,1
p1441,pair,12_10_25,3
lcb,isr,12_10_25,1
lcb,miea,12_10_25,1
isr,miea,12_10_25,1
lcb,pair,12_10_25,3
isr,pair,12_10_25,1
miea,pair,12_10_25,1
p1442,ussn,13_10_25,1
p1442,usm,13_10_25,3
ussn,usm,13_10_25,1
p1443,gime,14_10_25,1
p1443,ital,14_10_25,1
p1443,boo,14_10_25,3
p1443,rb,14_10_25,3
p1443,w,14_10_25,3
gime,ital,14_10_25,1
gime,boo,14_10_25,3
gime,rb,14_10_25,1
gime,w,14_10_25,1
ital,boo,14_10_25,3
ital,rb,14_10_25,1
ital,w,14_10_25,1
p1444,isr,14_10_25,1
p1444,egy,14_10_25,1
p1444,gaz,14_10_25,3
p1444,count,14_10_25,1
p1444,miea,14_10_25,1
p1444,gaz,14_10_25,3
p1444,pair,14_10_25,3
isr,egy,14_10_25,1
isr,gaz,14_10_25,1
isr,count,14_10_25,1
isr,miea,14_10_25,1
egy,gaz,14_10_25,1
egy,count,14_10_25,1
egy,miea,14_10_25,1
gaz,count,14_10_25,1
gaz,miea,14_10_25,1
count,miea,14_10_25,1
isr,pair,14_10_25,1
egy,pair,14_10_25,1
gaz,pair,14_10_25,1
count,pair,14_10_25,1
miea,pair,14_10_25,1
gaz,pair,14_10_25,3
p1445,tm,14_10_25,2
p1445,p,14_10_25,3
tm,p,14_10_25,3
p1446,chki,14_10_25,1
p1446,miea,14_10_25,1
p1446,pmf,14_10_25,3
p1446,tva,14_10_25,3
chki,pmf,14_10_25,1
chki,tva,14_10_25,1
chki,miea,14_10_25,1
miea,pmf,14_10_25,1
miea,tva,14_10_25,1
p1447,host,14_10_25,1
p1447,americans,14_10_25,1
p1447,gaz,14_10_25,3
host,americans,14_10_25,1
host,gaz,14_10_25,3
americans,gaz,14_10_25,3
p1448,etru,14_10_25,1
p1448,boo,14_10_25,3
etru,boo,14_10_25,1
p1449,phe,14_10_25,3
p1449,vsl,14_10_25,2
p1449,dto,14_10_25,2
p1449,usa,14_10_25,1
p1449,s2usc,14_10_25,1
p1449,ven,14_10_25,3
p1449,narco,14_10_25,2
phe,vsl,14_10_25,3
phe,dto,14_10_25,3
phe,usa,14_10_25,1
phe,s2usc,14_10_25,1
phe,narco,14_10_25,2
phe,ven,14_10_25,3
phe,ven,14_10_25,3
vsl,dto,14_10_25,2
vsl,usa,14_10_25,1
vsl,s2usc,14_10_25,1
vsl,narco,14_10_25,2
vsl,ven,14_10_25,3
vsl,ven,14_10_25,3
dto,narco,14_10_25,2
dto,usa,14_10_25,2
dto,s2usc,14_10_25,2
dto,ven,14_10_25,3
dto,ven,14_10_25,3
s2usc,usa,14_10_25,1
s2usc,ven,14_10_25,3
s2usc,ven,14_10_25,3
usa,ven,14_10_25,3
usa,ven,14_10_25,3
narco,ven,14_10_25,3
narco,ven,14_10_25,3
p1450,chn,14_10_25,2
p1450,usa,14_10_25,1
p1450,afarm,14_10_25,1
p1450,t,14_10_25,3
p1450,inf,14_10_25,3
chn,usa,14_10_25,2
chn,afarm,14_10_25,2
usa,afarm,14_10_25,1
chn,t,14_10_25,3
chn,inf,14_10_25,3
usa,t,14_10_25,3
usa,inf,14_10_25,3
afarm,t,14_10_25,3
afarm,inf,14_10_25,3
p1451,jami,14_10_25,1
p1451,arg,14_10_25,1
p1451,peopa,14_10_25,1
p1451,s2aa,14_10_25,3
jami,arg,14_10_25,1
jami,peopa,14_10_25,1
arg,peopa,14_10_25,1
p1452,bobo,14_10_25,1
p1452,mis,14_10_25,1
p1452,vet,14_10_25,1
p1452,eco,14_10_25,3
bobo,mis,14_10_25,1
bobo,vet,14_10_25,1
mis,vet,14_10_25,1
bobo,eco,14_10_25,1
mis,eco,14_10_25,3
vet,eco,14_10_25,1
p1453,nedu,14_10_25,1
p1453,fl,14_10_25,1
p1453,vet,14_10_25,1
p1453,eco,14_10_25,3
nedu,fl,14_10_25,1
nedu,vet,14_10_25,1
nedu,eco,14_10_25,3
fl,vet,14_10_25,1
fl,eco,14_10_25,3
vet,eco,14_10_25,3
p1454,kaca,14_10_25,1
p1454,fl,14_10_25,1
p1454,vet,14_10_25,1
p1454,afarm,14_10_25,1
p1454,eco,14_10_25,3
p1454,eco,14_10_25,3
p1454,eco,14_10_25,3
p1454,eco,14_10_25,3
p1454,eco,14_10_25,3
kaca,fl,14_10_25,1
kaca,vet,14_10_25,1
kaca,afarm,14_10_25,1
kaca,eco,14_10_25,3
fl,vet,14_10_25,1
fl,afarm,14_10_25,1
fl,eco,14_10_25,3
vet,afarm,14_10_25,1
vet,eco,14_10_25,3
afarm,eco,14_10_25,3
p1455,s2ll2,14_10_25,1
p1455,usm,14_10_25,1
p1455,vet,14_10_25,1
p1455,inf,14_10_25,3
p1455,ta,14_10_25,3
p1455,sec,14_10_25,3
s2ll2,usm,14_10_25,1
s2ll2,vet,14_10_25,1
s2ll2,inf,14_10_25,3
s2ll2,ta,14_10_25,3
s2ll2,sec,14_10_25,3
usm,vet,14_10_25,1
usm,inf,14_10_25,3
usm,ta,14_10_25,3
usm,sec,14_10_25,3
vet,inf,14_10_25,3
vet,ta,14_10_25,3
vet,sec,14_10_25,3
p1456,timm,14_10_25,1
p1456,usm,14_10_25,1
p1456,vet,14_10_25,1
p1456,inf,14_10_25,3
p1456,ta,14_10_25,3
p1456,sec,14_10_25,3
p1456,crm,14_10_25,3
timm,usm,14_10_25,1
timm,vet,14_10_25,1
timm,inf,14_10_25,3
timm,ta,14_10_25,3
timm,sec,14_10_25,3
timm,crm,14_10_25,3
usm,vet,14_10_25,1
usm,inf,14_10_25,3
usm,ta,14_10_25,3
usm,sec,14_10_25,3
usm,crm,14_10_25,3
vet,inf,14_10_25,3
vet,ta,14_10_25,3
vet,sec,14_10_25,3
vet,crm,14_10_25,3
p1457,s2vf,14_10_25,1
p1457,usm,14_10_25,1
thom,vet,14_10_25,1
p1457,afarm,14_10_25,1
p1457,inf,14_10_25,3
p1457,ta,14_10_25,3
p1457,sec,14_10_25,3
s2vf,usm,14_10_25,1
s2vf,vet,14_10_25,1
s2vf,afarm,14_10_25,1
s2vf,inf,14_10_25,3
s2vf,ta,14_10_25,3
s2vf,sec,14_10_25,3
s2vf,afarm,14_10_25,1
usm,vet,14_10_25,1
usm,afarm,14_10_25,1
usm,inf,14_10_25,3
usm,ta,14_10_25,3
usm,sec,14_10_25,3
vet,afarm,14_10_25,1
vet,inf,14_10_25,3
vet,ta,14_10_25,3
vet,sec,14_10_25,3
afarm,inf,14_10_25,3
afarm,ta,14_10_25,3
afarm,sec,14_10_25,3
p1458,witi,14_10_25,1
p1458,usm,14_10_25,1
p1458,vet,14_10_25,1
p1458,le,14_10_25,1
p1458,inf,14_10_25,3
p1458,ta,14_10_25,3
p1458,sec,14_10_25,3
witi,usm,14_10_25,1
witi,vet,14_10_25,1
witi,le,14_10_25,1
witi,inf,14_10_25,3
witi,ta,14_10_25,3
witi,sec,14_10_25,3
usm,vet,14_10_25,1
usm,le,14_10_25,1
usm,inf,14_10_25,3
usm,ta,14_10_25,3
usm,sec,14_10_25,3
vet,le,14_10_25,1
vet,inf,14_10_25,3
vet,ta,14_10_25,3
vet,sec,14_10_25,3
le,inf,14_10_25,3
le,ta,14_10_25,3
le,sec,14_10_25,3
p1459,s2rf,14_10_25,1
p1459,usm,14_10_25,1
p1459,vet,14_10_25,1
p1459,inf,14_10_25,3
p1459,ta,14_10_25,3
p1459,sec,14_10_25,3
s2rf,usm,14_10_25,1
s2rf,vet,14_10_25,1
s2rf,inf,14_10_25,3
s2rf,ta,14_10_25,3
s2rf,sec,14_10_25,3
usm,vet,14_10_25,1
usm,inf,14_10_25,3
usm,ta,14_10_25,3
usm,sec,14_10_25,3
vet,inf,14_10_25,3
vet,ta,14_10_25,3
vet,sec,14_10_25,3
p1460,s2tc,14_10_25,1
p1460,usm,14_10_25,1
p1460,vet,14_10_25,1
p1460,inf,14_10_25,3
p1460,ta,14_10_25,3
p1460,sec,14_10_25,3
p1460,af,14_10_25,3
s2tc,usm,14_10_25,1
s2tc,vet,14_10_25,1
s2tc,inf,14_10_25,3
s2tc,ta,14_10_25,3
s2tc,sec,14_10_25,3
s2tc,af,14_10_25,3
usm,vet,14_10_25,1
usm,inf,14_10_25,3
usm,ta,14_10_25,3
usm,sec,14_10_25,3
usm,af,14_10_25,3
vet,inf,14_10_25,3
vet,ta,14_10_25,3
vet,sec,14_10_25,3
vet,af,14_10_25,3
p1461,jomo,14_10_25,1
p1461,usm,14_10_25,1
p1461,vet,14_10_25,1
p1461,inf,14_10_25,3
p1461,ta,14_10_25,3
p1461,sec,14_10_25,3
p1461,af,14_10_25,3
jomo,usm,14_10_25,1
jomo,vet,14_10_25,1
jomo,inf,14_10_25,3
jomo,ta,14_10_25,3
jomo,sec,14_10_25,3
jomo,af,14_10_25,3
usm,vet,14_10_25,1
usm,inf,14_10_25,3
usm,ta,14_10_25,3
usm,sec,14_10_25,3
usm,af,14_10_25,3
vet,inf,14_10_25,3
vet,ta,14_10_25,3
vet,sec,14_10_25,3
vet,af,14_10_25,3
p1468,pm,16_10_25,3
vp,pm,16_10_25,3
p1462,vp,16_10_25,1
p1462,rus,16_10_25,1
p1462,usa,16_10_25,1
p1462,ukr,16_10_25,3
p1462,metr,16_10_25,1
p1462,c,16_10_25,3
p1462,maru,16_10_25,1
p1462,s2vz,16_10_25,1
p1462,wh,16_10_25,3
p1462,war,16_10_25,3
p1462,pm,16_10_25,3
p1462,pair,16_10_25,3
vp,rus,16_10_25,1
vp,usa,16_10_25,1
rus,ukr,16_10_25,2
usa,ukr,16_10_25,1
vp,metr,16_10_25,1
metr,c,16_10_25,1
usa,maru,16_10_25,1
usa,s2vz,16_10_25,1
vp,s2vz,16_10_25,1
vp,war,16_10_25,3
vp,pm,16_10_25,3
vp,pair,16_10_25,3
rus,war,16_10_25,3
rus,pm,16_10_25,3
rus,pair,16_10_25,3
usa,war,16_10_25,3
usa,pm,16_10_25,3
usa,pair,16_10_25,3
ukr,war,16_10_25,3
ukr,pm,16_10_25,3
ukr,pair,16_10_25,3
metr,war,16_10_25,3
metr,pm,16_10_25,3
metr,pair,16_10_25,3
c,war,16_10_25,3
c,pm,16_10_25,3
c,pair,16_10_25,3
maru,war,16_10_25,3
maru,pm,16_10_25,3
maru,pair,16_10_25,3
s2vz,war,16_10_25,3
s2vz,pm,16_10_25,3
s2vz,pair,16_10_25,3
wh,war,16_10_25,3
wh,pm,16_10_25,3
wh,pair,16_10_25,3
p1463,ham,16_10_25,2
p1463,gaz,16_10_25,3
p1463,usa,16_10_25,1
p1463,war,16_10_25,3
ham,gaz,16_10_25,2
usa,ham,16_10_25,2
ham,war,16_10_25,3
gaz,war,16_10_25,3
usa,war,16_10_25,3
p1464,imo,16_10_25,2
p1464,usa,16_10_25,1
p1464,atp,16_10_25,1
p1464,ep,16_10_25,3
imo,ep,16_10_25,3
usa,ep,16_10_25,3
atp,ep,16_10_25,3
usa,imo,16_10_25,2
p1465,r,16_10_25,1
p1465,d,16_10_25,2
p1465,uato,16_10_25,1
p1465,d,16_10_25,2
p1465,chgr,16_10_25,2
p1465,doj,16_10_25,3
r,doj,16_10_25,3
d,doj,16_10_25,3
uato,doj,16_10_25,3
d,doj,16_10_25,3
chgr,doj,16_10_25,3
r,d,16_10_25,2
d,chgr,16_10_25,2
uato,r,16_10_25,1
p1466,afacad,16_10_25,3
p1466,cadchap,16_10_25,2
p1466,fg,16_10_25,3
p1466,caaa,16_10_25,3
afacad,caaa,16_10_25,3
cadchap,caaa,16_10_25,3
fg,caaa,16_10_25,3
cadchap,afacad,16_10_25,2
cadchap,fg,16_10_25,2
afacad,fg,16_10_25,3
p1467,r,16_10_25,1
p1467,d,16_10_25,2
p1467,usac,16_10_25,1
p1467,dsen,16_10_25,2
p1467,doj,16_10_25,3
r,doj,16_10_25,3
d,doj,16_10_25,3
usac,doj,16_10_25,3
dsen,doj,16_10_25,3
r,usac,16_10_25,1
r,dsen,16_10_25,2
d,dsen,16_10_25,2
usac,dsen,16_10_25,2
p1469,ukr,17_10_25,1
p1469,vp,17_10_25,1
p1469,s2vz,17_10_25,1
p1469,americans,17_10_25,1
p1469,war,17_10_25,3
ukr,war,17_10_25,3
vp,war,17_10_25,3
s2vz,war,17_10_25,3
americans,war,17_10_25,3
ukr,vp,17_10_25,1
ukr,s2vz,17_10_25,1
ukr,americans,17_10_25,1
vp,s2vz,17_10_25,1
vp,americans,17_10_25,1
s2vz,americans,17_10_25,1
p1470,ncr,17_10_25,1
p1470,r,17_10_25,1
p1470,maga,17_10_25,1
p1470,ponc,17_10_25,1
p1470,americans,17_10_25,1
p1470,caaa,17_10_25,3
ncr,r,17_10_25,1
ncr,maga,17_10_25,1
ncr,ponc,17_10_25,1
r,maga,17_10_25,1
r,ponc,17_10_25,1
r,americans,17_10_25,1
maga,ponc,17_10_25,1
maga,americans,17_10_25,1
ponc,americans,17_10_25,1
ncr,caaa,17_10_25,3
r,caaa,17_10_25,3
maga,caaa,17_10_25,3
ponc,caaa,17_10_25,3
americans,caaa,17_10_25,3
p1470,caaa,17_10_25,3
p1471,geoslo,17_10_25,1
p1471,rbl,17_10_25,2
p1471,usa,17_10_25,1
p1471,americans,17_10_25,1
p1471,usm,17_10_25,3
p1471,r,17_10_25,1
p1471,s2pa,17_10_25,3
p1471,hist,17_10_25,3
gesa,rbl,17_10_25,2
gesa,usa,17_10_25,1
gesa,americans,17_10_25,1
gesa,usm,17_10_25,1
gesa,r,17_10_25,1
rbl,usa,17_10_25,2
rbl,americans,17_10_25,2
rbl,usm,17_10_25,2
usa,americans,17_10_25,1
usa,usm,17_10_25,3
usa,r,17_10_25,3
americans,usm,17_10_25,3
americans,r,17_10_25,3
gesa,hist,17_10_25,3
rb,s2pa,17_10_25,3
p1472,rpa,17_10_25,2
p1472,thom,17_10_25,2
p1472,r,17_10_25,1
p1472,maga,17_10_25,1
p1472,usa,17_10_25,1
p1472,americans,17_10_25,1
p1472,s2pa,17_10_25,3
p1472,eco,17_10_25,3
rpa,thom,17_10_25,2
rpa,r,17_10_25,2
rpa,maga,17_10_25,2
rpa,usa,17_10_25,2
rpa,americans,17_10_25,2
thom,r,17_10_25,2
thom,maga,17_10_25,2
thom,usa,17_10_25,2
thom,americans,17_10_25,2
r,maga,17_10_25,1
r,usa,17_10_25,1
r,americans,17_10_25,1
maga,usa,17_10_25,1
maga,americans,17_10_25,1
usa,americans,17_10_25,1
rpa,s2pa,17_10_25,3
thom,s2pa,17_10_25,3
p1473,thom,17_10_25,2
p1473,edga,17_10_25,1
p1473,r,17_10_25,1
p1473,maga,17_10_25,1
p1473,usa,17_10_25,1
p1473,americans,17_10_25,1
p1473,usm,17_10_25,1
p1473,afarm,17_10_25,1
p1473,cong,17_10_25,1
p1473,m,17_10_25,1
p1473,pk,17_10_25,1
p1473,s2pa,17_10_25,3
p1473,nas,17_10_25,3
thom,edga,17_10_25,2
thom,r,17_10_25,2
thom,maga,17_10_25,2
thom,usa,17_10_25,2
thom,americans,17_10_25,2
thom,usm,17_10_25,2
thom,afarm,17_10_25,2
thom,cong,17_10_25,2
thom,m,17_10_25,2
thom,pk,17_10_25,2
edga,r,17_10_25,1
edga,maga,17_10_25,1
edga,usa,17_10_25,1
edga,americans,17_10_25,1
edga,usm,17_10_25,1
edga,afarm,17_10_25,1
edga,cong,17_10_25,1
edga,m,17_10_25,1
edga,pk,17_10_25,1
r,maga,17_10_25,1
r,usa,17_10_25,1
r,americans,17_10_25,1
r,usm,17_10_25,1
r,afarm,17_10_25,1
r,cong,17_10_25,1
r,m,17_10_25,1
r,pk,17_10_25,1
maga,usa,17_10_25,1
maga,americans,17_10_25,1
maga,usm,17_10_25,1
maga,afarm,17_10_25,1
maga,cong,17_10_25,1
maga,m,17_10_25,1
maga,pk,17_10_25,1
usa,americans,17_10_25,1
usa,usm,17_10_25,1
usa,afarm,17_10_25,1
usa,cong,17_10_25,1
usa,m,17_10_25,1
usa,pk,17_10_25,1
americans,usm,17_10_25,1
americans,afarm,17_10_25,1
americans,cong,17_10_25,1
americans,m,17_10_25,1
americans,pk,17_10_25,1
usm,afarm,17_10_25,1
usm,cong,17_10_25,1
usm,m,17_10_25,1
usm,pk,17_10_25,1
afarm,cong,17_10_25,1
afarm,m,17_10_25,1
afarm,pk,17_10_25,1
cong,m,17_10_25,1
cong,pk,17_10_25,1
m,pk,17_10_25,1
thom,s2pa,17_10_25,3
p1474,sub,18_10_25,2
p1474,usint,18_10_25,1
p1474,narco,18_10_25,2
p1474,ecu,18_10_25,3
p1474,col,18_10_25,3
p1474,s2usf,18_10_25,1
p1474,usa,18_10_25,1
p1474,americans,18_10_25,1
p1474,fy,18_10_25,3
p1474,crm,18_10_25,3
sub,narco,18_10_25,2
sub,fy,18_10_25,2
sub,crm,18_10_25,2
usint,sub,18_10_25,1
usint,narco,18_10_25,2
usint,fy,18_10_25,1
s2usf,sub,18_10_25,2
s2usf,narco,18_10_25,2
s2usf,crm,18_10_25,1
usa,s2usf,18_10_25,1
usa,americans,18_10_25,1
narco,fy,18_10_25,2
narco,crm,18_10_25,2
ecu,narco,18_10_25,3
col,narco,18_10_25,3
americans,fy,18_10_25,1
americans,crm,18_10_25,1
p1475,gp,19_10_25,2
p1475,col,19_10_25,2
p1475,usa,19_10_25,1
p1475,americans,19_10_25,1
p1475,subsi,19_10_25,2
p1475,drugfields,19_10_25,2
p1475,crm,19_10_25,3
gp,col,19_10_25,2
gp,drugfields,19_10_25,2
gp,subsi,19_10_25,2
col,drugfields,19_10_25,2
col,subsi,19_10_25,2
usa,americans,19_10_25,1
usa,subsi,19_10_25,2
usa,crm,19_10_25,1
americans,crm,19_10_25,1
drugfields,crm,19_10_25,2
gp,crm,19_10_25,2
col,crm,19_10_25,2
p1476,mabar,19_10_25,1
p1476,fone,19_10_25,1
p1476,tva,19_10_25,3
p1476,fone,19_10_25,3
mabar,fone,19_10_25,1
mabar,tva,19_10_25,1
mabar,fone,19_10_25,1
fone,tva,19_10_25,1
p1477,msav,19_10_25,1
p1477,irq,19_10_25,1
p1477,amerp,19_10_25,1
p1477,musam,19_10_25,1
p1477,mich,19_10_25,3
p1477,aogo,19_10_25,3
p1477,suc,19_10_25,3
msav,irq,19_10_25,1
msav,amerp,19_10_25,1
msav,musam,19_10_25,1
msav,mich,19_10_25,1
msav,aogo,19_10_25,1
msav,suc,19_10_25,1
irq,aogo,19_10_25,1
amerp,suc,19_10_25,1
musam,suc,19_10_25,1
p1478,wcr,20_10_25,1
p1478,loui,20_10_25,1
p1478,lsu,20_10_25,1
p1478,lsc,20_10_25,1
p1478,usa,20_10_25,1
p1478,usdcl,20_10_25,1
p1478,cr,20_10_25,3
p1478,aogo,20_10_25,3
p1478,lp,20_10_25,3
wcr,loui,20_10_25,1
wcr,lsu,20_10_25,1
wcr,lsc,20_10_25,1
wcr,usa,20_10_25,1
wcr,usdcl,20_10_25,1
wcr,cr,20_10_25,1
wcr,aogo,20_10_25,1
wcr,lp,20_10_25,1
loui,lsu,20_10_25,3
loui,lsc,20_10_25,3
loui,usa,20_10_25,3
loui,usdcl,20_10_25,3
loui,cr,20_10_25,3
lsu,lsc,20_10_25,3
lsu,usa,20_10_25,3
lsu,usdcl,20_10_25,3
lsu,cr,20_10_25,3
lsc,usa,20_10_25,3
lsc,usdcl,20_10_25,3
lsc,cr,20_10_25,3
usa,usdcl,20_10_25,1
usa,cr,20_10_25,3
usdcl,cr,20_10_25,3
p1479,avh,20_10_25,1
p1479,loui,20_10_25,1
p1479,ccl,20_10_25,1
p1479,lsu,20_10_25,1
p1479,usa,20_10_25,1
p1479,usdclw,20_10_25,1
p1479,crights,20_10_25,3
p1479,aogo,20_10_25,3
p1479,lp,20_10_25,3
avh,loui,20_10_25,1
avh,ccl,20_10_25,1
avh,lsu,20_10_25,1
avh,usa,20_10_25,1
avh,usdclw,20_10_25,1
avh,crights,20_10_25,1
avh,aogo,20_10_25,1
avh,lp,20_10_25,1
loui,ccl,20_10_25,3
loui,lsu,20_10_25,3
loui,usa,20_10_25,3
loui,usdclw,20_10_25,3
loui,crights,20_10_25,3
loui,aogo,20_10_25,3
loui,lp,20_10_25,3
ccl,lsu,20_10_25,3
ccl,usa,20_10_25,3
ccl,usdclw,20_10_25,3
ccl,crights,20_10_25,3
ccl,aogo,20_10_25,3
ccl,lp,20_10_25,3
lsu,usa,20_10_25,3
lsu,usdclw,20_10_25,3
lsu,crights,20_10_25,3
lsu,aogo,20_10_25,3
lsu,lp,20_10_25,3
usa,usdclw,20_10_25,1
usa,crights,20_10_25,3
usa,aogo,20_10_25,3
usa,lp,20_10_25,3
usdclw,crights,20_10_25,3
usdclw,aogo,20_10_25,3
usdclw,lp,20_10_25,3
crights,aogo,20_10_25,3
crights,lp,20_10_25,3
p1480,whball,20_10_25,1
p1480,wh,20_10_25,1
p1480,ew,20_10_25,1
p1480,atp,20_10_25,1
p1480,amercomp,20_10_25,1
p1480,pat,20_10_25,1
p1480,aogo,20_10_25,3
p1480,caaa,20_10_25,3
whball,wh,20_10_25,1
whball,ew,20_10_25,1
whball,atp,20_10_25,1
whball,amercomp,20_10_25,1
whball,pat,20_10_25,1
whball,aogo,20_10_25,1
whball,caaa,20_10_25,1
wh,ew,20_10_25,1
wh,atp,20_10_25,1
wh,amercomp,20_10_25,1
wh,pat,20_10_25,1
wh,aogo,20_10_25,1
wh,caaa,20_10_25,1
ew,atp,20_10_25,1
ew,amercomp,20_10_25,1
ew,pat,20_10_25,1
ew,aogo,20_10_25,1
ew,caaa,20_10_25,1
atp,amercomp,20_10_25,1
atp,pat,20_10_25,1
atp,aogo,20_10_25,1
atp,caaa,20_10_25,1
amercomp,pat,20_10_25,1
amercomp,aogo,20_10_25,1
amercomp,caaa,20_10_25,1
pat,aogo,20_10_25,1
pat,caaa,20_10_25,1
p1481,jocon,20_10_25,1
p1481,ms,20_10_25,2
p1481,nj,20_10_25,3
p1481,wash,20_10_25,3
p1481,wh,20_10_25,3
p1481,suc,20_10_25,3
p1481,ep,20_10_25,3
p1481,s2pa,20_10_25,3
jocon,ms,20_10_25,2
jocon,nj,20_10_25,1
jocon,wash,20_10_25,1
jocon,wh,20_10_25,1
jocon,suc,20_10_25,1
jocon,ep,20_10_25,1
jocon,s2pa,20_10_25,1
ms,nj,20_10_25,2
ms,wash,20_10_25,3
ms,wh,20_10_25,3
ms,suc,20_10_25,2
ms,ep,20_10_25,2
ms,s2pa,20_10_25,2
nj,wash,20_10_25,3
nj,wh,20_10_25,3
nj,suc,20_10_25,3
nj,ep,20_10_25,3
nj,s2pa,20_10_25,3
wash,wh,20_10_25,3
wash,suc,20_10_25,3
wash,ep,20_10_25,3
wash,s2pa,20_10_25,3
wh,suc,20_10_25,3
wh,ep,20_10_25,3
wh,s2pa,20_10_25,3
p1482,jocon,20_10_25,1
p1482,ms,20_10_25,2
p1482,d,20_10_25,2
p1482,nj,20_10_25,3
p1482,cou,20_10_25,3
p1482,suc,20_10_25,3
p1482,ep,20_10_25,3
p1482,s2pa,20_10_25,3
jocon,ms,20_10_25,2
jocon,d,20_10_25,2
jocon,nj,20_10_25,1
jocon,cou,20_10_25,1
jocon,suc,20_10_25,1
jocon,ep,20_10_25,1
jocon,s2pa,20_10_25,1
ms,d,20_10_25,2
ms,nj,20_10_25,2
ms,cou,20_10_25,2
ms,suc,20_10_25,2
ms,ep,20_10_25,2
ms,s2pa,20_10_25,2
d,nj,20_10_25,2
d,cou,20_10_25,2
d,suc,20_10_25,2
d,ep,20_10_25,2
d,s2pa,20_10_25,2
nj,cou,20_10_25,3
nj,suc,20_10_25,3
nj,ep,20_10_25,3
nj,s2pa,20_10_25,3
cou,suc,20_10_25,3
cou,ep,20_10_25,3
cou,s2pa,20_10_25,3
p1483,fbi,20_10_25,1
p1483,kash,20_10_25,1
p1483,dan,20_10_25,1
p1483,andi,20_10_25,1
p1483,am,20_10_25,1
p1483,vcrim,20_10_25,2
p1483,cpred,20_10_25,2
p1483,htraf,20_10_25,2
p1483,cent,20_10_25,2
p1483,fy,20_10_25,3
p1483,ichild,20_10_25,3
p1483,le,20_10_25,3
fbi,le,20_10_25,1
fbi,fy,20_10_25,1
kash,fbi,20_10_25,1
dan,fbi,20_10_25,1
andi,fbi,20_10_25,1
vcrim,le,20_10_25,2
cpred,le,20_10_25,2
htraf,le,20_10_25,2
cent,le,20_10_25,2
ichild,le,20_10_25,1
am,le,20_10_25,1
am,fy,20_10_25,1
p1484,mea,21_10_25,1
p1484,gaz,21_10_25,3
p1484,ham,21_10_25,2
p1484,isr,21_10_25,1
p1484,indo,21_10_25,1
p1484,usa,21_10_25,1
p1484,gaz,21_10_25,3
p1484,usm,21_10_25,3
p1484,pair,21_10_25,3
mea,gaz,21_10_25,1
mea,ham,21_10_25,2
mea,isr,21_10_25,1
mea,indo,21_10_25,1
mea,usa,21_10_25,1
mea,gaz,21_10_25,1
mea,usm,21_10_25,1
mea,pair,21_10_25,1
gaz,ham,21_10_25,2
gaz,usm,21_10_25,3
gaz,pair,21_10_25,3
ham,gaz,21_10_25,2
ham,usm,21_10_25,2
ham,pair,21_10_25,2
isr,usa,21_10_25,1
isr,gaz,21_10_25,1
isr,usm,21_10_25,1
isr,pair,21_10_25,1
indo,usa,21_10_25,1
indo,gaz,21_10_25,1
indo,usm,21_10_25,1
indo,pair,21_10_25,1
usa,gaz,21_10_25,1
usa,usm,21_10_25,1
usa,pair,21_10_25,1
gaz,usm,21_10_25,3
gaz,pair,21_10_25,3
usm,pair,21_10_25,3
p1485,pg,21_10_25,1
p1485,az9,21_10_25,1
p1485,usm,21_10_25,1
p1485,sec,21_10_25,1
p1485,bor,21_10_25,1
p1485,eco,21_10_25,1
p1485,ae,21_10_25,1
p1485,usa,21_10_25,3
p1485,suc,21_10_25,3
p1485,ep,21_10_25,3
p1485,usm,21_10_25,3
p1485,suc,21_10_25,3
pg,az9,21_10_25,1
pg,usm,21_10_25,1
pg,sec,21_10_25,1
pg,bor,21_10_25,1
pg,eco,21_10_25,1
pg,ae,21_10_25,1
pg,usa,21_10_25,1
pg,suc,21_10_25,1
pg,ep,21_10_25,1
pg,usm,21_10_25,1
pg,suc,21_10_25,1
az9,suc,21_10_25,3
az9,ep,21_10_25,3
az9,usm,21_10_25,3
az9,suc,21_10_25,3
sec,suc,21_10_25,1
ae,ep,21_10_25,1
usa,suc,21_10_25,3
ep,usm,21_10_25,3
ep,suc,21_10_25,3
usm,suc,21_10_25,3
p1486,usa,22_10_25,1
p1486,braz,22_10_25,2
p1486,catr,22_10_25,1
p1486,consu,22_10_25,1
p1486,t,22_10_25,3
catr,t,22_10_25,1
braz,t,22_10_25,2
usa,t,22_10_25,1
consu,t,22_10_25,1
usa,braz,22_10_25,2
catr,consu,22_10_25,3
p1487,catr,22_10_25,1
p1487,countries,22_10_25,1
p1487,t,22_10_25,3
catr,t,22_10_25,1
countries,t,22_10_25,1
countries,catr,22_10_25,1
p1488,mbar,22_10_25,1
p1488,bifo,22_10_25,1
p1488,usa,22_10_25,1
p1488,tmf,22_10_25,1
p1488,t,22_10_25,3
mbar,t,22_10_25,1
bifo,t,22_10_25,1
usa,t,22_10_25,1
tmf,t,22_10_25,1
mbar,bifo,22_10_25,3
mbar,tmf,22_10_25,3
bifo,tmf,22_10_25,3
p1489,r,22_10_25,1
p1489,d,22_10_25,2
p1489,amerci,22_10_25,3
p1489,nj,22_10_25,3
p1489,vir,22_10_25,3
p1489,t,22_10_25,3
r,t,22_10_25,1
d,t,22_10_25,2
amerci,t,22_10_25,3
nj,t,22_10_25,3
vir,t,22_10_25,3
r,d,22_10_25,3
r,amerci,22_10_25,1
d,amerci,22_10_25,2
p1490,s2mk,22_10_25,1
p1490,mis,22_10_25,3
p1490,pat,22_10_25,1
p1490,aogo,22_10_25,3
s2mk,aogo,22_10_25,1
mis,aogo,22_10_25,3
pat,aogo,22_10_25,1
s2mk,mis,22_10_25,3
s2mk,pat,22_10_25,1
mis,pat,22_10_25,3
p1491,jpill,22_10_25,1
p1491,neb,22_10_25,3
p1491,csp,22_10_25,1
p1491,aogo,22_10_25,3
jpill,aogo,22_10_25,1
neb,aogo,22_10_25,3
csp,aogo,22_10_25,1
jpill,neb,22_10_25,3
jpill,csp,22_10_25,1
neb,csp,22_10_25,3
p1492,llb,22_10_25,1
p1492,com,22_10_25,1
p1492,aogo,22_10_25,3
llb,aogo,22_10_25,1
com,aogo,22_10_25,1
llb,com,22_10_25,3
p1493,midu,22_10_25,1
p1493,alaska,22_10_25,3
p1493,poa,22_10_25,1
p1493,aogo,22_10_25,3
midu,aogo,22_10_25,1
alaska,aogo,22_10_25,3
poa,aogo,22_10_25,1
midu,alaska,22_10_25,3
midu,poa,22_10_25,1
alaska,poa,22_10_25,3
p1494,ws,22_10_25,1
p1494,fl,22_10_25,1
p1494,afarm,22_10_25,1
p1494,catr,22_10_25,1
p1494,af,22_10_25,3
p1494,ta,22_10_25,3
p1494,ep,22_10_25,3
p1494,sec,22_10_25,3
p1494,crm,22_10_25,3
ws,af,22_10_25,1
ws,ta,22_10_25,1
ws,ep,22_10_25,1
ws,sec,22_10_25,1
ws,crm,22_10_25,1
ws,fl,22_10_25,1
ws,afarm,22_10_25,1
ws,catr,22_10_25,1
afarm,ep,22_10_25,1
catr,ep,22_10_25,1
p1495,wsj,22_10_25,2
p1495,usa,22_10_25,3
p1495,ukr,22_10_25,3
p1495,rus,22_10_25,3
p1495,fn,22_10_25,3
p1495,war,22_10_25,3
wsj,fn,22_10_25,2
ukr,war,22_10_25,3
rus,war,22_10_25,3
usa,ukr,22_10_25,3
ukr,rus,22_10_25,3
ukr,fn,22_10_25,3
rus,fn,22_10_25,3
usa,fn,22_10_25,3
wsj,war,22_10_25,3
usa,war,22_10_25,3
p1496,etru,22_10_25,1
p1496,boo,22_10_25,3
etru,boo,22_10_25,1
p1497,brba,22_10_25,1
p1497,s2tr,22_10_25,1
p1497,usa,22_10_25,1
p1497,boo,22_10_25,3
brba,boo,22_10_25,1
s2tr,boo,22_10_25,1
usa,boo,22_10_25,3
brba,s2tr,22_10_25,3
p1498,bo,22_10_25,2
p1498,jb,22_10_25,2
p1498,elec2020,22_10_25,2
p1498,pous,22_10_25,3
p1498,ef,22_10_25,3
bo,elec2020,22_10_25,3
jb,elec2020,22_10_25,2
elec2020,ef,22_10_25,2
jb,bo,22_10_25,2
pous,elec2020,22_10_25,3
bo,ef,22_10_25,2
jb,ef,22_10_25,2
pous,ef,22_10_25,3
p1499,chi,22_10_25,2
p1499,jbp,22_10_25,2
p1499,mbo,22_10_25,2
p1499,fg,22_10_25,3
p1499,crm,22_10_25,3
p1499,le,22_10_25,3
chi,crm,22_10_25,2
chi,le,22_10_25,2
jbp,crm,22_10_25,2
jbp,le,22_10_25,2
mbo,crm,22_10_25,2
mbo,le,22_10_25,2
fg,crm,22_10_25,3
fg,le,22_10_25,1
jbp,mbo,22_10_25,3
jbp,chi,22_10_25,3
mbo,chi,22_10_25,3
p1500,ka,23_10_25,1
p1500,noda,23_10_25,3
p1500,pond,23_10_25,1
p1500,aogo,23_10_25,3
ka,aogo,23_10_25,1
noda,aogo,23_10_25,3
pond,aogo,23_10_25,1
ka,noda,23_10_25,3
ka,pond,23_10_25,1
noda,pond,23_10_25,3
p1501,chi,23_10_25,3
p1501,cal,23_10_25,3
p1501,safr,23_10_25,1
p1501,dl,23_10_25,1
p1501,jehu,23_10_25,1
p1501,mabe,23_10_25,1
p1501,fg,23_10_25,3
p1501,crm,23_10_25,3
p1501,le,23_10_25,3
chi,crm,23_10_25,3
chi,le,23_10_25,3
cal,crm,23_10_25,3
cal,le,23_10_25,3
safr,crm,23_10_25,1
safr,le,23_10_25,1
dl,crm,23_10_25,1
dl,le,23_10_25,1
jehu,crm,23_10_25,1
jehu,le,23_10_25,1
mabe,crm,23_10_25,1
mabe,le,23_10_25,1
fg,crm,23_10_25,3
fg,le,23_10_25,3
chi,safr,23_10_25,3
chi,cal,23_10_25,3
safr,dl,23_10_25,1
safr,jehu,23_10_25,1
safr,mabe,23_10_25,1
dl,jehu,23_10_25,1
dl,mabe,23_10_25,1
jehu,mabe,23_10_25,1
p1502,dapa,23_10_25,3
p1502,d,23_10_25,2
p1502,s2tp,23_10_25,1
p1502,cou,23_10_25,1
d,dapa,23_10_25,2
s2tp,dapa,23_10_25,1
cou,dapa,23_10_25,1
d,s2tp,23_10_25,2
d,cou,23_10_25,2
s2tp,cou,23_10_25,1
p1503,dam,23_10_25,3
p1503,c,23_10_25,3
p1503,pare,23_10_25,1
p1503,cou,23_10_25,1
c,dam,23_10_25,1
pare,dam,23_10_25,1
cou,dam,23_10_25,1
c,pare,23_10_25,1
c,cou,23_10_25,1
pare,cou,23_10_25,1
p1504,t,23_10_25,3
p1504,nas,23_10_25,3
p1504,inf,23_10_25,3
p1504,rrf,23_10_25,3
p1504,can,23_10_25,3
p1504,scot,23_10_25,1
rrf,t,23_10_25,3
rrf,nas,23_10_25,3
rrf,inf,23_10_25,3
rrf,scot,23_10_25,3
rrf,can,23_10_25,3
can,t,23_10_25,2
can,nas,23_10_25,2
can,inf,23_10_25,2
can,scot,23_10_25,2
can,rrf,23_10_25,2
t,scot,23_10_25,1
t,nas,23_10_25,1
t,inf,23_10_25,1
scot,nas,23_10_25,1
scot,inf,23_10_25,1
nas,inf,23_10_25,1
p1505,t,24_10_25,3
p1505,count,24_10_25,3
p1505,for,24_10_25,1
p1505,mbar,24_10_25,1
for,t,24_10_25,1
for,count,24_10_25,2
for,mbar,24_10_25,1
mbar,t,24_10_25,1
mbar,count,24_10_25,2
t,count,24_10_25,2
p1506,t,24_10_25,3
p1506,nas,24_10_25,3
p1506,count,24_10_25,3
p1506,rrf,24_10_25,3
p1506,scot,24_10_25,3
p1506,americans,24_10_25,3
count,rrf,24_10_25,2
count,t,24_10_25,2
count,scot,24_10_25,2
count,nas,24_10_25,2
count,americans,24_10_25,2
rrf,t,24_10_25,1
rrf,scot,24_10_25,1
rrf,nas,24_10_25,1
rrf,americans,24_10_25,1
t,scot,24_10_25,1
t,nas,24_10_25,1
t,americans,24_10_25,1
scot,nas,24_10_25,1
scot,americans,24_10_25,1
nas,americans,24_10_25,1
p1507,t,24_10_25,3
p1507,s2sm,24_10_25,3
s2sm,t,24_10_25,1
p1508,t,24_10_25,3
p1508,eco,24_10_25,3
p1508,usm,24_10_25,3
p1508,vet,24_10_25,3
p1508,usa,24_10_25,3
p1508,sec,24_10_25,3
acly,usm,24_10_25,1
acly,vet,24_10_25,1
acly,usa,24_10_25,1
acly,t,24_10_25,1
acly,eco,24_10_25,1
acly,sec,24_10_25,1
usm,vet,24_10_25,1
usm,usa,24_10_25,1
usm,t,24_10_25,1
usm,eco,24_10_25,1
usm,sec,24_10_25,1
vet,usa,24_10_25,1
vet,t,24_10_25,1
vet,eco,24_10_25,1
vet,sec,24_10_25,1
usa,t,24_10_25,1
usa,eco,24_10_25,1
usa,sec,24_10_25,1
p1509,cwra,24_10_25,2
p1509,jsmi,24_10_25,2
p1509,s2mg,24_10_25,2
p1509,lmo,24_10_25,2
p1509,bida,24_10_25,2
p1509,d,24_10_25,2
p1509,ef,24_10_25,3
p1509,js,24_10_25,3
cwra,jsmi,24_10_25,2
cwra,s2mg,24_10_25,2
cwra,lmo,24_10_25,2
cwra,bida,24_10_25,2
cwra,d,24_10_25,2
jsmi,s2mg,24_10_25,2
jsmi,lmo,24_10_25,2
jsmi,bida,24_10_25,2
jsmi,d,24_10_25,2
s2mg,lmo,24_10_25,2
s2mg,bida,24_10_25,2
s2mg,d,24_10_25,2
lmo,bida,24_10_25,2
lmo,d,24_10_25,2
bida,d,24_10_25,2
cwra,ef,24_10_25,2
jsmi,ef,24_10_25,2
s2mg,ef,24_10_25,2
lmo,ef,24_10_25,2
bida,ef,24_10_25,2
d,ef,24_10_25,2
cwra,js,24_10_25,2
jsmi,js,24_10_25,2
s2mg,js,24_10_25,2
lmo,js,24_10_25,2
bida,js,24_10_25,2
d,js,24_10_25,2
p1510,elcr,25_10_25,1
p1510,usm,25_10_25,1
p1510,americans,25_10_25,1
p1510,afacad,25_10_25,1
p1510,af,25_10_25,3
elcr,usm,25_10_25,1
elcr,americans,25_10_25,1
elcr,afacad,25_10_25,1
usm,americans,25_10_25,1
usm,afacad,25_10_25,1
americans,afacad,25_10_25,1
elcr,af,25_10_25,1
usm,af,25_10_25,1
americans,af,25_10_25,1
afacad,af,25_10_25,1
p1510,ta,25_10_25,3
p1510,spc,25_10_25,3
p1510,sec,25_10_25,1
p1511,nila,25_10_25,1
p1511,nyrsc,25_10_25,1
p1511,usm,25_10_25,1
p1511,vet,25_10_25,1
p1511,usa,25_10_25,1
p1511,eco,25_10_25,3
p1511,t,25_10_25,3
p1511,sec,25_10_25,3
p1511,af,25_10_25,3
nila,nyrsc,25_10_25,1
nila,usm,25_10_25,1
nila,vet,25_10_25,1
nila,usa,25_10_25,1
nyrsc,usa,25_10_25,1
usm,vet,25_10_25,1
usm,usa,25_10_25,1
vet,usa,25_10_25,1
nila,eco,25_10_25,1
nila,t,25_10_25,1
nila,sec,25_10_25,1
nila,af,25_10_25,1
usm,eco,25_10_25,1
usm,sec,25_10_25,1
vet,eco,25_10_25,1
vet,sec,25_10_25,1
usa,eco,25_10_25,1
usa,t,25_10_25,1
usa,sec,25_10_25,1
p1512,s2ks2,25_10_25,1
p1512,usm,25_10_25,1
p1512,vet,25_10_25,1
p1512,usa,25_10_25,1
p1512,t,25_10_25,3
p1512,sec,25_10_25,3
p1512,ef,25_10_25,3
p1512,eco,25_10_25,3
s2ks2,usm,25_10_25,1
s2ks2,vet,25_10_25,1
s2ks2,usa,25_10_25,1
usm,vet,25_10_25,1
usm,usa,25_10_25,1
vet,usa,25_10_25,1
s2ks2,t,25_10_25,1
s2ks2,sec,25_10_25,1
s2ks2,ef,25_10_25,1
s2ks2,eco,25_10_25,1
usm,sec,25_10_25,1
vet,sec,25_10_25,1
usa,t,25_10_25,1
usa,sec,25_10_25,1
usa,eco,25_10_25,1
p1513,trne,25_10_25,1
p1513,le,25_10_25,1
p1513,usm,25_10_25,1
p1513,vet,25_10_25,1
p1513,usa,25_10_25,1
p1513,t,25_10_25,3
p1513,sec,25_10_25,3
p1513,eco,25_10_25,3
trne,le,25_10_25,1
trne,usm,25_10_25,1
trne,vet,25_10_25,1
trne,usa,25_10_25,1
le,usm,25_10_25,1
le,vet,25_10_25,1
le,usa,25_10_25,1
usm,vet,25_10_25,1
usm,usa,25_10_25,1
vet,usa,25_10_25,1
trne,t,25_10_25,1
trne,sec,25_10_25,1
trne,eco,25_10_25,1
usa,t,25_10_25,1
usa,sec,25_10_25,1
usa,eco,25_10_25,1
p1514,s2lg,25_10_25,1
p1514,usm,25_10_25,1
p1514,vet,25_10_25,1
p1514,usa,25_10_25,1
p1514,eco,25_10_25,3
p1514,t,25_10_25,3
p1514,sec,25_10_25,3
p1514,af,25_10_25,3
s2lg,usm,25_10_25,1
s2lg,vet,25_10_25,1
s2lg,usa,25_10_25,1
usm,vet,25_10_25,1
usm,usa,25_10_25,1
vet,usa,25_10_25,1
s2lg,eco,25_10_25,1
s2lg,t,25_10_25,1
s2lg,sec,25_10_25,1
s2lg,af,25_10_25,1
usm,sec,25_10_25,1
vet,sec,25_10_25,1
usa,eco,25_10_25,1
usa,t,25_10_25,1
usa,sec,25_10_25,1
p1515,jael,25_10_25,1
p1515,usm,25_10_25,1
p1515,vet,25_10_25,1
p1515,usa,25_10_25,1
p1515,eco,25_10_25,3
p1515,t,25_10_25,3
p1515,sec,25_10_25,3
p1515,af,25_10_25,3
jael,usm,25_10_25,1
jael,vet,25_10_25,1
jael,usa,25_10_25,1
usm,vet,25_10_25,1
usm,usa,25_10_25,1
vet,usa,25_10_25,1
jael,eco,25_10_25,1
jael,t,25_10_25,1
jael,sec,25_10_25,1
jael,af,25_10_25,1
usm,sec,25_10_25,1
vet,sec,25_10_25,1
usa,eco,25_10_25,1
usa,t,25_10_25,1
usa,sec,25_10_25,1
p1516,roja,25_10_25,1
p1516,usm,25_10_25,1
p1516,vet,25_10_25,1
p1516,usa,25_10_25,1
p1516,eco,25_10_25,3
p1516,t,25_10_25,3
p1516,sec,25_10_25,3
p1516,af,25_10_25,3
p1516,ef,25_10_25,3
roja,usm,25_10_25,1
roja,vet,25_10_25,1
roja,usa,25_10_25,1
usm,vet,25_10_25,1
usm,usa,25_10_25,1
vet,usa,25_10_25,1
roja,eco,25_10_25,1
roja,t,25_10_25,1
roja,sec,25_10_25,1
roja,af,25_10_25,1
roja,ef,25_10_25,1
usm,sec,25_10_25,1
vet,sec,25_10_25,1
usa,eco,25_10_25,1
usa,t,25_10_25,1
usa,sec,25_10_25,1
p1517,briba,25_10_25,1
p1517,le,25_10_25,1
p1517,usm,25_10_25,1
p1517,vet,25_10_25,1
p1517,usa,25_10_25,1
p1517,eco,25_10_25,3
p1517,t,25_10_25,3
p1517,sec,25_10_25,3
p1517,af,25_10_25,3
briba,le,25_10_25,1
briba,usm,25_10_25,1
briba,vet,25_10_25,1
briba,usa,25_10_25,1
le,usm,25_10_25,1
le,usa,25_10_25,1
usm,vet,25_10_25,1
usm,usa,25_10_25,1
vet,usa,25_10_25,1
briba,eco,25_10_25,1
briba,t,25_10_25,1
briba,sec,25_10_25,1
briba,af,25_10_25,1
le,sec,25_10_25,1
usm,sec,25_10_25,1
vet,sec,25_10_25,1
usa,eco,25_10_25,1
usa,t,25_10_25,1
usa,sec,25_10_25,1
p1518,s2gm2,25_10_25,1
p1518,usm,25_10_25,1
p1518,vet,25_10_25,1
p1518,usa,25_10_25,1
p1518,eco,25_10_25,3
p1518,t,25_10_25,3
p1518,sec,25_10_25,3
p1518,af,25_10_25,3
s2gm2,usm,25_10_25,1
s2gm2,vet,25_10_25,1
s2gm2,usa,25_10_25,1
usm,vet,25_10_25,1
usm,usa,25_10_25,1
vet,usa,25_10_25,1
s2gm2,eco,25_10_25,1
s2gm2,t,25_10_25,1
s2gm2,sec,25_10_25,1
s2gm2,af,25_10_25,1
usm,sec,25_10_25,1
vet,sec,25_10_25,1
usa,eco,25_10_25,1
usa,t,25_10_25,1
usa,sec,25_10_25,1
p1519,ced,25_10_25,1
p1519,usm,25_10_25,1
p1519,vet,25_10_25,1
p1519,usa,25_10_25,1
p1519,eco,25_10_25,3
p1519,t,25_10_25,3
p1519,sec,25_10_25,3
p1519,af,25_10_25,3
p1519,ef,25_10_25,3
ced,usm,25_10_25,1
ced,vet,25_10_25,1
ced,usa,25_10_25,1
usm,vet,25_10_25,1
usm,usa,25_10_25,1
vet,usa,25_10_25,1
ced,eco,25_10_25,1
ced,t,25_10_25,1
ced,sec,25_10_25,1
ced,af,25_10_25,1
ced,ef,25_10_25,1
usm,sec,25_10_25,1
vet,sec,25_10_25,1
usa,eco,25_10_25,1
usa,t,25_10_25,1
usa,sec,25_10_25,1
p1520,s2bk,25_10_25,1
p1520,le,25_10_25,1
p1520,usm,25_10_25,1
p1520,vet,25_10_25,1
p1520,usa,25_10_25,1
p1520,eco,25_10_25,3
p1520,t,25_10_25,3
p1520,sec,25_10_25,3
p1520,af,25_10_25,3
s2bk,le,25_10_25,1
s2bk,usm,25_10_25,1
s2bk,vet,25_10_25,1
s2bk,usa,25_10_25,1
le,usm,25_10_25,1
le,usa,25_10_25,1
usm,vet,25_10_25,1
usm,usa,25_10_25,1
vet,usa,25_10_25,1
s2bk,eco,25_10_25,1
s2bk,t,25_10_25,1
p1521,miez,25_10_25,1
p1521,le,25_10_25,1
p1521,usm,25_10_25,1
p1521,vet,25_10_25,1
p1521,usa,25_10_25,1
p1521,eco,25_10_25,3
p1521,t,25_10_25,3
p1521,sec,25_10_25,3
p1521,af,25_10_25,3
miez,le,25_10_25,1
miez,usm,25_10_25,1
miez,vet,25_10_25,1
miez,usa,25_10_25,1
le,usm,25_10_25,1
le,usa,25_10_25,1
usm,vet,25_10_25,1
usm,usa,25_10_25,1
ven,usa,25_10_25,1
miez,eco,25_10_25,1
miez,t,25_10_25,1
miez,sec,25_10_25,1
miez,af,25_10_25,1
usm,sec,25_10_25,1
vet,sec,25_10_25,1
usa,eco,25_10_25,1
usa,t,25_10_25,1
usa,sec,25_10_25,1
p1522,dlah,25_10_25,1
p1522,hwc,25_10_25,3
p1522,americans,25_10_25,1
p1522,usm,25_10_25,1
p1522,af,25_10_25,3
dlah,hwc,25_10_25,3
dlah,americans,25_10_25,1
dlah,usm,25_10_25,1
dlah,af,25_10_25,3
hwc,af,25_10_25,3
americans,af,25_10_25,3
usm,af,25_10_25,3
p1523,mstz,25_10_25,1
p1523,americans,25_10_25,1
p1523,afarm,25_10_25,1
p1523,usm,25_10_25,1
p1523,af,25_10_25,3
mstz,americans,25_10_25,1
mstz,afarm,25_10_25,1
mstz,usm,25_10_25,1
mstz,af,25_10_25,3
americans,af,25_10_25,3
afarm,af,25_10_25,3
usm,af,25_10_25,3
p1524,ao,25_10_25,1
p1524,americans,25_10_25,1
p1524,usm,25_10_25,1
p1524,af,25_10_25,3
ao,americans,25_10_25,1
ao,usm,25_10_25,1
ao,af,25_10_25,3
americans,af,25_10_25,3
usm,af,25_10_25,3
p1525,jhurd,25_10_25,1
p1525,americans,25_10_25,1
p1525,usm,25_10_25,1
p1525,af,25_10_25,3
jhurd,americans,25_10_25,1
jhurd,usm,25_10_25,1
jhurd,af,25_10_25,3
americans,af,25_10_25,3
usm,af,25_10_25,3
p1526,rfi,25_10_25,1
p1526,americans,25_10_25,1
p1526,usm,25_10_25,1
p1526,af,25_10_25,3
rfi,americans,25_10_25,1
rfi,usm,25_10_25,1
rfi,af,25_10_25,3
americans,af,25_10_25,3
usm,af,25_10_25,3
p1527,mhar,25_10_25,1
p1527,americans,25_10_25,1
p1527,usm,25_10_25,1
p1527,af,25_10_25,3
mhar,americans,25_10_25,1
mhar,usm,25_10_25,1
mhar,af,25_10_25,3
americans,af,25_10_25,3
usm,af,25_10_25,3
p1528,gste,25_10_25,1
p1528,americans,25_10_25,1
p1528,usm,25_10_25,1
p1528,af,25_10_25,3
gste,americans,25_10_25,1
gste,usm,25_10_25,1
gste,af,25_10_25,3
americans,af,25_10_25,3
usm,af,25_10_25,3
p1529,lmc,25_10_25,1
p1529,americans,25_10_25,1
p1529,usm,25_10_25,1
p1529,afarm,25_10_25,1
p1529,af,25_10_25,3
lmc,americans,25_10_25,1
lmc,usm,25_10_25,1
lmc,afarm,25_10_25,1
lmc,af,25_10_25,3
americans,af,25_10_25,3
usm,af,25_10_25,3
afarm,af,25_10_25,3
p1530,jberg,25_10_25,1
p1530,americans,25_10_25,1
p1530,usm,25_10_25,1
p1530,afarm,25_10_25,1
p1530,af,25_10_25,3
jberg,americans,25_10_25,1
jberg,usm,25_10_25,1
jberg,afarm,25_10_25,1
jberg,af,25_10_25,3
americans,af,25_10_25,3
usm,af,25_10_25,3
afarm,af,25_10_25,3
p1531,nima,25_10_25,1
p1531,americans,25_10_25,1
p1531,usm,25_10_25,1
p1531,s2nypd,25_10_25,1
p1531,nyfd,25_10_25,1
p1531,af,25_10_25,3
nima,americans,25_10_25,1
nima,usm,25_10_25,1
nima,s2nypd,25_10_25,1
nima,nyfd,25_10_25,1
nima,af,25_10_25,3
americans,af,25_10_25,3
usm,af,25_10_25,3
s2nypd,af,25_10_25,3
nyfd,af,25_10_25,3
p1532,amcd,25_10_25,1
p1532,s2farm,25_10_25,1
p1532,usm,25_10_25,1
p1532,af,25_10_25,3
amcd,s2farm,25_10_25,1
amcd,usm,25_10_25,1
amcd,af,25_10_25,3
s2farm,af,25_10_25,3
usm,af,25_10_25,3
p1533,drou,25_10_25,1
p1533,s2farm,25_10_25,1
p1533,eco,25_10_25,1
p1533,usm,25_10_25,1
p1533,af,25_10_25,3
drou,s2farm,25_10_25,1
drou,eco,25_10_25,1
drou,usm,25_10_25,1
drou,af,25_10_25,3
s2farm,af,25_10_25,3
eco,af,25_10_25,3
usm,af,25_10_25,3
p1534,rhus,25_10_25,1
p1534,eco,25_10_25,1
p1534,s2farm,25_10_25,1
p1534,usm,25_10_25,1
p1534,af,25_10_25,3
rhus,eco,25_10_25,1
rhus,s2farm,25_10_25,1
rhus,usm,25_10_25,1
rhus,af,25_10_25,3
eco,af,25_10_25,3
s2farm,af,25_10_25,3
usm,af,25_10_25,3
p1535,jpat,25_10_25,1
p1535,eco,25_10_25,1
p1535,usm,25_10_25,1
p1535,s2farm,25_10_25,1
p1535,af,25_10_25,3
jpat,eco,25_10_25,1
jpat,usm,25_10_25,1
jpat,s2farm,25_10_25,1
jpat,af,25_10_25,3
eco,af,25_10_25,3
usm,af,25_10_25,3
s2farm,af,25_10_25,3
p1536,miea,25_10_25,1
p1536,ham,25_10_25,2
p1536,count,25_10_25,3
p1536,pair,25_10_25,3
p1536,gaz,25_10_25,3
miea,ham,25_10_25,3
miea,count,25_10_25,3
miea,pair,25_10_25,3
miea,gaz,25_10_25,3
ham,count,25_10_25,3
ham,pair,25_10_25,3
ham,gaz,25_10_25,3
count,pair,25_10_25,3
count,gaz,25_10_25,3
pair,gaz,25_10_25,3
p1537,can,25_10_25,2
p1537,rrf,25_10_25,3
p1537,scot,25_10_25,3
p1537,caaa,25_10_25,3
can,rrf,25_10_25,3
can,scot,25_10_25,3
can,caaa,25_10_25,3
rrf,scot,25_10_25,3
rrf,caaa,25_10_25,3
scot,caaa,25_10_25,3
p1538,cam,25_10_25,3
p1538,tha,25_10_25,3
p1538,mal,25_10_25,3
p1538,qmth,25_10_25,3
p1538,popth,25_10_25,3
p1538,pmot,25_10_25,3
cam,tha,25_10_25,3
cam,mal,25_10_25,3
cam,qmth,25_10_25,3
cam,popth,25_10_25,3
cam,pmot,25_10_25,3
tha,mal,25_10_25,3
tha,qmth,25_10_25,3
tha,popth,25_10_25,3
tha,pmot,25_10_25,3
mal,qmth,25_10_25,3
mal,popth,25_10_25,3
mal,pmot,25_10_25,3
qmth,popth,25_10_25,3
qmth,pm,25_10_25,3
popth,pmot,25_10_25,3
p1539,d,26_10_25,2
p1539,elec2020,26_10_25,3
p1539,doj,26_10_25,3
p1539,nba,26_10_25,2
p1539,amerci,26_10_25,3
p1539,cal,26_10_25,3
p1539,r,26_10_25,1
d,elec2020,26_10_25,2
d,doj,26_10_25,2
d,nba,26_10_25,2
d,amerci,26_10_25,2
d,cal,26_10_25,2
d,r,26_10_25,2
elec2020,doj,26_10_25,3
elec2020,nba,26_10_25,3
elec2020,amerci,26_10_25,3
elec2020,cal,26_10_25,3
elec2020,r,26_10_25,3
doj,nba,26_10_25,3
doj,amerci,26_10_25,3
doj,cal,26_10_25,3
doj,r,26_10_25,3
nba,amerci,26_10_25,2
nba,cal,26_10_25,2
nba,r,26_10_25,2
amerci,cal,26_10_25,3
amerci,r,26_10_25,1
cal,r,26_10_25,3
p1539,elec2020,26_10_25,3
p1540,ty,26_10_25,3
p1540,c,26_10_25,3
p1540,med,26_10_25,3
ty,c,26_10_25,3
ty,med,26_10_25,3
c,med,26_10_25,3
p1540,med,26_10_25,3
p1541,mal,26_10_25,1
p1541,tha,26_10_25,3
p1541,cam,26_10_25,1
p1541,jpn,26_10_25,1
mal,tha,26_10_25,1
mal,cam,26_10_25,1
mal,jp,26_10_25,1
tha,cam,26_10_25,1
tha,jp,26_10_25,1
cam,jp,26_10_25,1
p1541,pair,26_10_25,3
mal,pair,26_10_25,3
tha,pair,26_10_25,3
cam,pair,26_10_25,3
jpn,pair,26_10_25,3
p1542,jami,27_10_25,1
p1542,peopag,27_10_25,1
p1542,arg,27_10_25,1
jami,peopag,27_10_25,1
jami,arg,27_10_25,1
peopag,arg,27_10_25,1
p1543,ms,27_10_25,2
p1543,as,27_10_25,2
p1543,nj,27_10_25,3
p1543,vir,27_10_25,3
p1543,pair,27_10_25,3
ms,as,27_10_25,2
ms,nj,27_10_25,3
ms,vir,27_10_25,3
as,nj,27_10_25,3
as,vir,27_10_25,3
nj,vir,27_10_25,3
ms,pair,27_10_25,3
as,pair,27_10_25,3
nj,pair,27_10_25,3
vir,pair,27_10_25,3
p1544,kc,27_10_25,1
p1544,usa,27_10_25,3
p1544,caaa,27_10_25,3
kc,usa,27_10_25,3
kc,caaa,27_10_25,3
usa,caaa,27_10_25,3
p1545,jami,27_10_25,1
p1545,arg,27_10_25,3
p1545,pair,27_10_25,3
jami,arg,27_10_25,3
p1546,s2pres,27_10_25,3
p1546,hist,27_10_25,3
s2pres,hist,27_10_25,3
p1547,r,27_10_25,1
p1547,d,27_10_25,2
p1547,s2pep,27_10_25,3
p1547,cf,27_10_25,3
r,d,27_10_25,2
r,s2pep,27_10_25,1
d,s2pep,27_10_25,3
r,cf,27_10_25,1
d,cf,27_10_25,2
s2pep,cf,27_10_25,3
p1548,r,27_10_25,1
p1548,d,27_10_25,2
p1548,s2pep,27_10_25,3
p1548,cf,27_10_25,3
p1548,inf,27_10_25,3
p1548,iv,27_10_25,3
p1548,cr,27_10_25,3
p1548,nas,27_10_25,3
p1548,ep,27_10_25,3
p1548,sch,27_10_25,3
p1548,js,27_10_25,3
p1548,fn,27_10_25,3
p1548,s2pa,27_10_25,3
p1548,war,27_10_25,3
r,d,27_10_25,2
r,s2pep,27_10_25,1
r,cf,27_10_25,1
r,inf,27_10_25,1
r,iv,27_10_25,1
r,cr,27_10_25,3
r,nas,27_10_25,1
r,ep,27_10_25,1
r,sch,27_10_25,3
r,js,27_10_25,3
r,fn,27_10_25,2
r,s2pa,27_10_25,2
r,war,27_10_25,1
d,s2pep,27_10_25,2
d,cf,27_10_25,2
d,inf,27_10_25,2
d,iv,27_10_25,2
d,cr,27_10_25,2
d,nas,27_10_25,2
d,ep,27_10_25,2
d,sch,27_10_25,2
d,js,27_10_25,2
d,fn,27_10_25,2
d,s2pa,27_10_25,2
d,war,27_10_25,2
s2pep,cf,27_10_25,3
s2pep,inf,27_10_25,3
s2pep,iv,27_10_25,3
s2pep,cr,27_10_25,3
s2pep,nas,27_10_25,3
s2pep,ep,27_10_25,3
s2pep,sch,27_10_25,3
s2pep,js,27_10_25,3
s2pep,fn,27_10_25,3
s2pep,s2pa,27_10_25,3
s2pep,war,27_10_25,3
r,d,27_10_25,2
r,s2pep,27_10_25,1
d,s2pep,27_10_25,2
p1549,skor,28_10_25,3
p1549,can,28_10_25,3
p1549,pair,28_10_25,3
skor,can,28_10_25,3
skor,pair,28_10_25,3
can,pair,28_10_25,3
p1550,xj,29_10_25,3
p1550,chn,29_10_25,3
p1550,pair,29_10_25,3
xj,chn,29_10_25,3
xj,pair,29_10_25,3
chn,pair,29_10_25,3
p1551,skor,29_10_25,3
p1551,pair,29_10_25,3
skor,pair,29_10_25,3
p1552,zm,29_10_25,3
p1552,s2pa,29_10_25,3
zm,s2pa,29_10_25,3
p1553,s2wg,29_10_25,3
p1553,jsmi,29_10_25,3
p1553,lmo,29_10_25,3
p1553,awe,29_10_25,3
p1553,jabr,29_10_25,3
p1553,noei,29_10_25,3
p1553,crew,29_10_25,3
p1553,cwra,29_10_25,3
p1553,s2mg,29_10_25,3
p1553,towi,29_10_25,3
p1553,s2pa,29_10_25,3
s2wg,s2pa,29_10_25,3
jsmi,s2pa,29_10_25,3
lmo,s2pa,29_10_25,3
awe,s2pa,29_10_25,3
jabr,s2pa,29_10_25,3
noei,s2pa,29_10_25,3
crew,s2pa,29_10_25,3
cwra,s2pa,29_10_25,3
s2mg,s2pa,29_10_25,3
towi,s2pa,29_10_25,3
s2wg,jsmi,29_10_25,3
s2wg,lmo,29_10_25,3
s2wg,awe,29_10_25,3
s2wg,jabr,29_10_25,3
s2wg,noei,29_10_25,3
s2wg,crew,29_10_25,3
s2wg,s2cw,29_10_25,3
s2wg,s2mg,29_10_25,3
s2wg,towi,29_10_25,3
jsmi,lmo,29_10_25,3
jsmi,awe,29_10_25,3
jsmi,jabr,29_10_25,3
jsmi,noei,29_10_25,3
jsmi,crew,29_10_25,3
jsmi,cwra,29_10_25,3
jsmi,s2mg,29_10_25,3
jsmi,towi,29_10_25,3
lmo,awe,29_10_25,3
lmo,jabr,29_10_25,3
lmo,noei,29_10_25,3
lmo,crew,29_10_25,3
lmo,cwra,29_10_25,3
lmo,s2mg,29_10_25,3
lmo,towi,29_10_25,3
awe,jabr,29_10_25,3
awe,noei,29_10_25,3
awe,crew,29_10_25,3
awe,cwra,29_10_25,3
awe,s2mg,29_10_25,3
awe,towi,29_10_25,3
jabr,noei,29_10_25,3
jabr,crew,29_10_25,3
jabr,cwra,29_10_25,3
jabr,s2mg,29_10_25,3
jabr,towi,29_10_25,3
noei,crew,29_10_25,3
noei,cwra,29_10_25,3
noei,s2mg,29_10_25,3
noei,towi,29_10_25,3
crew,cwra,29_10_25,3
crew,s2mg,29_10_25,3
crew,towi,29_10_25,3
cwra,s2mg,29_10_25,3
cwra,towi,29_10_25,3
s2mg,towi,29_10_25,3
p1554,xj,29_10_25,3
p1554,chn,29_10_25,3
p1554,pair,29_10_25,3
xj,pair,29_10_25,3
chn,pair,29_10_25,3
xj,chn,29_10_25,3
p1555,r,29_10_25,3
p1555,d,29_10_25,3
p1555,vir,29_10_25,3
p1555,nj,29_10_25,3
p1555,s2pa,29_10_25,3
r,s2pa,29_10_25,3
d,s2pa,29_10_25,3
vir,s2pa,29_10_25,3
nj,s2pa,29_10_25,3
r,d,29_10_25,2
r,vir,29_10_25,1
r,nj,29_10_25,1
d,vir,29_10_25,2
d,nj,29_10_25,2
vir,nj,29_10_25,3
p1556,s2bg,29_10_25,3
p1556,clicha,29_10_25,3
s2bg,clicha,29_10_25,3
p1557,skor,29_10_25,1
p1557,usa,29_10_25,1
p1557,skco,29_10_25,1
p1557,mial,29_10_25,1
p1557,pair,29_10_25,3
skor,pair,29_10_25,1
usa,pair,29_10_25,1
skco,pair,29_10_25,1
mial,pair,29_10_25,1
skor,usa,29_10_25,1
skor,skco,29_10_25,1
skor,mal,29_10_25,1
usa,skco,29_10_25,1
usa,mial,29_10_25,1
skco,mial,29_10_25,1
p1558,skor,29_10_25,1
p1558,s2ps,29_10_25,1
p1558,usa,29_10_25,1
p1558,pair,29_10_25,3
skor,pair,29_10_25,1
s2ps,pair,29_10_25,1
usa,pair,29_10_25,1
skor,usa,29_10_25,1
skor,s2ps,29_10_25,1
usa,s2ps,29_10_25,1
p1559,usa,29_10_25,1
p1559,rus,29_10_25,2
p1559,chn,29_10_25,3
p1559,dow,29_10_25,1
p1559,nwt,29_10_25,3
usa,nwt,29_10_25,1
rus,nwt,29_10_25,2
chn,nwt,29_10_25,3
dow,nwt,29_10_25,1
usa,rus,29_10_25,2
usa,chn,29_10_25,3
usa,dow,29_10_25,1
rus,chn,29_10_25,3
rus,dow,29_10_25,2
chn,dow,29_10_25,3
p1560,gtwo,29_10_25,3
p1560,pair,29_10_25,3
gtwo,pair,29_10_25,3
p1561,chuschu,30_10_25,2
chuschu,pair,30_10_25,2
p1561,pair,30_10_25,3
p1562,xj,30_10_25,1
p1562,chn,30_10_25,1
p1562,americans,30_10_25,1
p1562,crwr,30_10_25,1
p1562,dbur,30_10_25,1
p1562,ente,30_10_25,1
p1562,can,30_10_25,1
p1562,mal,30_10_25,1
p1562,jpn,30_10_25,1
p1562,skor,30_10_25,1
p1562,aus,30_10_25,1
p1562,can,30_10_25,1
p1562,nz,30_10_25,1
p1562,sgp,30_10_25,1
p1562,tha,30_10_25,3
p1562,vie,30_10_25,1
xj,pair,30_10_25,1
chn,pair,30_10_25,1
americans,pair,30_10_25,1
crwr,pair,30_10_25,1
dbur,pair,30_10_25,1
ente,pair,30_10_25,1
can,pair,30_10_25,1
mal,pair,30_10_25,1
jpn,pair,30_10_25,1
skor,pair,30_10_25,1
aus,pair,30_10_25,1
can,pair,30_10_25,1
nz,pair,30_10_25,1
sgp,pair,30_10_25,1
tha,pair,30_10_25,1
vie,pair,30_10_25,1
p1562,pair,30_10_25,3
p1563,usa,30_10_25,1
p1563,jpn,30_10_25,1
usa,pair,30_10_25,1
jpn,pair,30_10_25,1
p1563,pair,30_10_25,3
usa,jpn,30_10_25,1
p1564,le,30_10_25,1
p1564,mdcstf,30_10_25,1
le,pair,30_10_25,1
mdcstf,pair,30_10_25,1
le,mdcstf,30_10_25,1
p1564,pair,30_10_25,3
p1565,d,30_10_25,2
p1565,obamac,30_10_25,2
p1565,med,30_10_25,3
d,obamac,30_10_25,2
obamac,d,30_10_25,2
d,med,30_10_25,2
obamac,med,30_10_25,2
p1566,d,30_10_25,2
p1566,r,30_10_25,1
p1566,jth,30_10_25,1
p1566,mijo,30_10_25,1
p1566,joma,30_10_25,2
p1566,kysi,30_10_25,2
p1566,bo,30_10_25,2
p1566,hare,30_10_25,2
p1566,usa,30_10_25,3
p1566,scot,30_10_25,3
d,r,30_10_25,2
d,jth,30_10_25,2
d,mijo,30_10_25,2
d,joma,30_10_25,2
d,kysi,30_10_25,2
d,bo,30_10_25,2
d,hare,30_10_25,2
r,jth,30_10_25,1
r,mijo,30_10_25,1
jth,mijo,30_10_25,1
joma,kysi,30_10_25,2
bo,hare,30_10_25,2
scot,d,30_10_25,2
scot,r,30_10_25,1
d,scot,30_10_25,2
r,scot,30_10_25,1
p1567,wh,31_10_25,1
p1567,abli,31_10_25,1
p1567,hist,31_10_25,3
wh,abli,31_10_25,1
abli,wh,31_10_25,1
wh,hist,31_10_25,3
abli,hist,31_10_25,3
hist,wh,31_10_25,3
hist,abli,31_10_25,3
p1568,kc,31_10_25,1
p1568,americans,31_10_25,1
p1568,hist,31_10_25,3
kc,americans,31_10_25,1
americans,kc,31_10_25,1
kc,hist,31_10_25,3
americans,hist,31_10_25,3
p1569,chr,31_10_25,1
p1569,radislam,31_10_25,2
p1569,nga,31_10_25,3
p1569,jrm,31_10_25,1
p1569,s2tc,31_10_25,1
p1569,hapc,31_10_25,1
p1569,usa,31_10_25,1
p1569,rb,31_10_25,3
chr,radislam,31_10_25,2
chr,nga,31_10_25,1
chr,jrm,31_10_25,1
chr,s2tc,31_10_25,1
chr,hapc,31_10_25,1
chr,usa,31_10_25,1
radislam,nga,31_10_25,3
radislam,jrm,31_10_25,2
radislam,s2tc,31_10_25,2
radislam,hapc,31_10_25,2
radislam,usa,31_10_25,2
nga,jrm,31_10_25,3
nga,s2tc,31_10_25,3
nga,hapc,31_10_25,3
nga,usa,31_10_25,3
jrm,s2tc,31_10_25,1
jrm,hapc,31_10_25,1
jrm,usa,31_10_25,1
s2tc,hapc,31_10_25,1
s2tc,usa,31_10_25,1
hapc,usa,31_10_25,1
chr,rb,31_10_25,3
radislam,rb,31_10_25,3
nga,rb,31_10_25,3
roma,rb,31_10_25,3
s2tc,rb,31_10_25,3
hapc,rb,31_10_25,3
usa,rb,31_10_25,3
p1570,snap,31_10_25,1
p1570,d,31_10_25,2
p1570,s2courts,31_10_25,3
p1570,uslaw,31_10_25,1
p1570,dsen,31_10_25,2
p1570,gov,31_10_25,3
snap,d,31_10_25,2
snap,s2courts,31_10_25,3
snap,uslaw,31_10_25,1
snap,dsen,31_10_25,2
d,s2courts,31_10_25,2
d,uslaw,31_10_25,2
d,dsen,31_10_25,2
s2courts,uslaw,31_10_25,3
s2courts,dsen,31_10_25,3
uslaw,dsen,31_10_25,1
snap,gov,31_10_25,3
d,gov,31_10_25,3
s2courts,gov,31_10_25,3
uslaw,gov,31_10_25,3
dsen,gov,31_10_25,3
p1571,seme,01_11_25,2
p1571,nbc,01_11_25,2
seme,nbc,01_11_25,3
p1572,xj,01_11_25,1
p1572,chn,01_11_25,1
p1572,usa,01_11_25,1
p1572,pm,01_11_25,3
xj,chn,01_11_25,1
xj,usa,01_11_25,1
chn,usa,01_11_25,1
xj,pm,01_11_25,3
chn,pm,01_11_25,3
usa,pm,01_11_25,3
p1573,ngov,01_11_25,-1
p1573,usa,01_11_25,1
p1573,it,01_11_25,-1
p1573,chr,01_11_25,1
p1573,dod,01_11_25,3
ngov,usa,01_11_25,-1
ngov,it,01_11_25,-1
nga,chr,01_11_25,1
usa,it,01_11_25,-1
usa,chr,01_11_25,1
it,chr,01_11_25,-1
ngov,dod,01_11_25,3
usa,dod,01_11_25,3
it,dod,01_11_25,3
chr,dod,01_11_25,3
p1574,r,01_11_25,1
p1574,d,01_11_25,2
p1574,americans,01_11_25,1
p1574,scot,01_11_25,3
p1574,ef,01_11_25,3
r,d,01_11_25,2
r,scot,01_11_25,1
r,americans,01_11_25,1
r,ef,01_11_25,3
d,scot,01_11_25,2
d,americans,01_11_25,2
d,ef,01_11_25,2
scot,ef,01_11_25,2
americans,ef,01_11_25,3
p1575,clicha,02_11_25,1
p1575,s2dod,02_11_25,1
p1575,wh,02_11_25,3
p1575,ba,02_11_25,3
chi,s2dod,02_11_25,1
chi,ba,02_11_25,3
s2dod,ba,02_11_25,3
wh,ba,02_11_25,3
p1576,brbl,02_11_25,1
p1576,le,02_11_25,1
p1576,ice,02_11_25,3
p1576,bp,02_11_25,1
p1576,americans,02_11_25,1
p1576,af,02_11_25,3
brbl,le,02_11_25,1
brbl,ice,02_11_25,1
brbl,bp,02_11_25,1
brbl,americans,02_11_25,1
brbl,af,02_11_25,3
le,ice,02_11_25,1
le,bp,02_11_25,1
le,americans,02_11_25,1
le,af,02_11_25,3
ice,bp,02_11_25,1
ice,americans,02_11_25,1
ice,af,02_11_25,3
bp,americans,02_11_25,1
bp,af,02_11_25,3
americans,af,02_11_25,3
p1577,usa,02_11_25,1
p1577,t,02_11_25,3
p1577,chn,02_11_25,3
usa,t,02_11_25,1
usa,chn,02_11_25,3
t,chn,02_11_25,3
p1578,jocon,02_11_25,1
p1578,usa,02_11_25,1
p1578,nj,02_11_25,3
p1578,jeco,02_11_25,1
p1578,cf,02_11_25,3
jocon,usa,02_11_25,1
jocon,nj,02_11_25,3
jocon,jeco,02_11_25,1
jocon,cf,02_11_25,3
usa,nj,02_11_25,3
usa,jeco,02_11_25,1
usa,cf,02_11_25,3
nj,jeco,02_11_25,3
nj,cf,02_11_25,3
jeco,cf,02_11_25,3
p1579,smin,02_11_25,3
p1579,nfl,02_11_25,1
p1579,fb,02_11_25,3
p1579,kh,02_11_25,2
smin,nfl,02_11_25,3
smin,fb,02_11_25,3
smin,kh,02_11_25,2
nfl,fb,02_11_25,1
nfl,kh,02_11_25,2
fb,kh,02_11_25,2
p1580,nfl,02_11_25,2
p1580,cfl,02_11_25,2
p1580,smin,02_11_25,3
p1580,tva,02_11_25,3
nfl,cfl,02_11_25,2
nfl,smin,02_11_25,2
nfl,tva,02_11_25,2
cfl,smin,02_11_25,2
cfl,tva,02_11_25,2
smin,tva,02_11_25,3
p1581,pen,02_11_25,1
p1581,rdemscj,02_11_25,2
p1581,donohue,02_11_25,2
p1581,dougherty,02_11_25,2
p1581,wecht,02_11_25,2
p1581,ef,02_11_25,3
pen,rdemscj,02_11_25,2
pen,donohue,02_11_25,2
pen,dougherty,02_11_25,2
pen,wecht,02_11_25,2
pen,ef,02_11_25,3
rdemscj,donohue,02_11_25,2
rdemscj,dougherty,02_11_25,2
rdemscj,wecht,02_11_25,2
rdemscj,ef,02_11_25,2
donohue,dougherty,02_11_25,2
donohue,wecht,02_11_25,2
donohue,ef,02_11_25,2
dougherty,wecht,02_11_25,2
dougherty,ef,02_11_25,2
wecht,ef,02_11_25,2
p1581,jb,02_11_25,2
jb,ef,02_11_25,2
jb,donohue,02_11_25,2
jb,dougherty,02_11_25,2
jb,wecht,02_11_25,2
p1582,shuckabee,02_11_25,1
p1582,ark,02_11_25,1
p1582,wh,02_11_25,1
p1582,usm,02_11_25,1
p1582,vet,02_11_25,1
p1582,le,02_11_25,1
p1582,eco,02_11_25,3
shuckabee,ark,02_11_25,1
shuckabee,wh,02_11_25,1
shuckabee,usm,02_11_25,1
shuckabee,vet,02_11_25,1
shuckabee,le,02_11_25,1
shuckabee,eco,02_11_25,3
ark,wh,02_11_25,1
ark,usm,02_11_25,1
ark,vet,02_11_25,1
ark,le,02_11_25,1
ark,eco,02_11_25,3
wh,usm,02_11_25,1
wh,vet,02_11_25,1
wh,le,02_11_25,1
wh,eco,02_11_25,3
usm,vet,02_11_25,1
usm,le,02_11_25,1
usm,eco,02_11_25,3
vet,le,02_11_25,1
vet,eco,02_11_25,3
le,eco,02_11_25,3
p1583,mkelly,02_11_25,1
p1583,pen,02_11_25,1
p1583,hwc,02_11_25,1
p1583,usm,02_11_25,1
p1583,vet,02_11_25,1
p1583,eco,02_11_25,3
mkelly,pen,02_11_25,1
mkelly,hwc,02_11_25,1
mkelly,usm,02_11_25,1
mkelly,vet,02_11_25,1
mkelly,eco,02_11_25,3
pen,hwc,02_11_25,1
pen,usm,02_11_25,1
pen,vet,02_11_25,1
pen,eco,02_11_25,3
hwc,usm,02_11_25,1
hwc,vet,02_11_25,1
hwc,eco,02_11_25,3
usm,vet,02_11_25,1
usm,eco,02_11_25,1
vet,eco,02_11_25,1
p1584,mguest,02_11_25,1
p1584,miss,02_11_25,1
p1584,hec,02_11_25,1
p1584,usm,02_11_25,1
p1584,vet,02_11_25,1
p1584,eco,02_11_25,3
mguest,miss,02_11_25,1
mguest,hec,02_11_25,1
mguest,usm,02_11_25,1
mguest,vet,02_11_25,1
mguest,eco,02_11_25,3
miss,hec,02_11_25,1
miss,usm,02_11_25,1
miss,vet,02_11_25,1
miss,eco,02_11_25,3
hec,usm,02_11_25,1
hec,vet,02_11_25,1
hec,eco,02_11_25,3
usm,vet,02_11_25,1
usm,eco,02_11_25,1
vet,eco,02_11_25,1
p1585,mmmeeks,02_11_25,1
p1585,iw,02_11_25,1
p1585,army,02_11_25,1
p1585,usm,02_11_25,1
p1585,vet,02_11_25,1
p1585,eco,02_11_25,3
mmmeeks,iw,02_11_25,1
mmmeeks,army,02_11_25,1
mmmeeks,usm,02_11_25,1
mmmeeks,vet,02_11_25,1
mmmeeks,eco,02_11_25,1
iw,army,02_11_25,1
iw,usm,02_11_25,1
iw,vet,02_11_25,1
iw,eco,02_11_25,1
army,usm,02_11_25,1
army,vet,02_11_25,1
army,eco,02_11_25,1
usm,vet,02_11_25,1
usm,eco,02_11_25,1
vet,eco,02_11_25,1
p1586,pfallon,02_11_25,1
p1586,tex,02_11_25,1
p1586,aif,02_11_25,1
p1586,usm,02_11_25,1
p1586,vet,02_11_25,1
p1586,nd,02_11_25,1
p1586,eco,02_11_25,3
pfallon,tex,02_11_25,1
pfallon,aif,02_11_25,1
pfallon,usm,02_11_25,1
pfallon,vet,02_11_25,1
pfallon,nd,02_11_25,1
pfallon,eco,02_11_25,1
tex,aif,02_11_25,1
tex,usm,02_11_25,1
tex,vet,02_11_25,1
tex,nd,02_11_25,1
tex,eco,02_11_25,1
af,usm,02_11_25,1
aif,vet,02_11_25,1
aif,eco,02_11_25,1
usm,vet,02_11_25,1
usm,eco,02_11_25,1
vet,eco,02_11_25,1
nd,eco,02_11_25,1
p1587,vir,02_11_25,1
p1587,nj,02_11_25,1
p1587,r,02_11_25,1
p1587,d,02_11_25,2
p1587,eco,02_11_25,3
vir,nj,02_11_25,3
vir,r,02_11_25,1
vir,d,02_11_25,2
vir,eco,02_11_25,1
nj,r,02_11_25,1
nj,d,02_11_25,2
nj,eco,02_11_25,1
r,d,02_11_25,2
r,eco,02_11_25,1
d,eco,02_11_25,2
p1588,nj,02_11_25,1
p1588,vir,02_11_25,1
p1588,ms,02_11_25,2
p1588,as,02_11_25,2
p1588,r,02_11_25,1
p1588,d,02_11_25,2
p1588,eco,02_11_25,3
nj,vir,02_11_25,3
nj,ms,02_11_25,2
nj,as,02_11_25,2
nj,r,02_11_25,1
nj,d,02_11_25,2
nj,eco,02_11_25,1
vir,ms,02_11_25,2
vir,as,02_11_25,2
vir,r,02_11_25,1
vir,d,02_11_25,2
vir,eco,02_11_25,1
ms,as,02_11_25,2
ms,r,02_11_25,2
ms,d,02_11_25,2
ms,eco,02_11_25,2
as,r,02_11_25,2
as,d,02_11_25,2
as,eco,02_11_25,2
r,d,02_11_25,2
r,eco,02_11_25,1
d,eco,02_11_25,2
p1589,nj,02_11_25,1
p1589,vir,02_11_25,1
p1589,r,02_11_25,1
p1589,d,02_11_25,2
p1589,americans,02_11_25,1
p1589,eco,02_11_25,3
nj,vir,02_11_25,3
nj,r,02_11_25,1
nj,d,02_11_25,2
nj,americans,02_11_25,1
nj,eco,02_11_25,1
vir,r,02_11_25,1
vir,d,02_11_25,2
vir,americans,02_11_25,1
vir,eco,02_11_25,1
r,d,02_11_25,2
r,americans,02_11_25,1
r,eco,02_11_25,1
d,americans,02_11_25,2
d,eco,02_11_25,2
americans,eco,02_11_25,1
p1590,tkelly,02_11_25,1
p1590,miss,02_11_25,1
p1590,army,02_11_25,1
p1590,le,02_11_25,1
p1590,usm,02_11_25,1
p1590,vet,02_11_25,1
p1590,eco,02_11_25,3
tkelly,miss,02_11_25,1
tkelly,army,02_11_25,1
tkelly,le,02_11_25,1
tkelly,usm,02_11_25,1
tkelly,vet,02_11_25,1
tkelly,eco,02_11_25,1
miss,army,02_11_25,1
miss,le,02_11_25,1
miss,usm,02_11_25,1
miss,vet,02_11_25,1
miss,eco,02_11_25,1
army,le,02_11_25,1
army,usm,02_11_25,1
army,vet,02_11_25,1
army,eco,02_11_25,1
le,usm,02_11_25,1
le,vet,02_11_25,1
le,eco,02_11_25,1
usm,vet,02_11_25,1
usm,eco,02_11_25,1
vet,eco,02_11_25,1
p1591,bmoore,02_11_25,1
p1591,ut,02_11_25,1
p1591,usm,02_11_25,1
p1591,vet,02_11_25,1
p1591,le,02_11_25,1
p1591,eco,02_11_25,3
bmoore,ut,02_11_25,1
bmoore,usm,02_11_25,1
bmoore,vet,02_11_25,1
bmoore,le,02_11_25,1
bmoore,eco,02_11_25,1
ut,usm,02_11_25,1
ut,vet,02_11_25,1
ut,le,02_11_25,1
ut,eco,02_11_25,1
usm,vet,02_11_25,1
usm,le,02_11_25,1
usm,eco,02_11_25,1
vet,le,02_11_25,1
vet,eco,02_11_25,1
le,eco,02_11_25,1
p1592,cmal,02_11_25,1
p1592,uta,02_11_25,1
p1592,commy,02_11_25,1
p1592,m,02_11_25,2
p1592,usm,02_11_25,1
p1592,usa,02_11_25,1
p1592,crm,02_11_25,3
p1592,sec,02_11_25,1
p1592,ta,02_11_25,1
cmal,uta,02_11_25,1
cmal,commy,02_11_25,1
cmal,usm,02_11_25,1
cmal,crm,02_11_25,2
cmal,sec,02_11_25,1
cmal,ta,02_11_25,1
m,crm,02_11_25,2
usm,sec,02_11_25,1
p1593,mken,02_11_25,1
p1593,ut3,02_11_25,1
p1593,comm,02_11_25,1
p1593,m,02_11_25,2
p1593,usm,02_11_25,1
p1593,usa,02_11_25,1
p1593,crm,02_11_25,3
p1593,sec,02_11_25,1
p1593,ta,02_11_25,1
mken,ut3,02_11_25,1
mken,comm,02_11_25,1
mken,usm,02_11_25,1
mken,crm,02_11_25,2
mken,sec,02_11_25,1
mken,ta,02_11_25,1
m,crm,02_11_25,2
usm,sec,02_11_25,1
p1594,buow,02_11_25,1
p1594,ut4,02_11_25,1
p1594,pat,02_11_25,1
p1594,m,02_11_25,2
p1594,usm,02_11_25,1
p1594,usa,02_11_25,1
p1594,af,02_11_25,3
p1594,crm,02_11_25,3
p1594,sec,02_11_25,3
p1594,ta,02_11_25,1
buow,ut4,02_11_25,1
buow,pat,02_11_25,1
buow,usm,02_11_25,1
buow,af,02_11_25,1
buow,crm,02_11_25,2
buow,sec,02_11_25,1
buow,ta,02_11_25,1
m,crm,02_11_25,2
usm,sec,02_11_25,1
p1595,brgu,02_11_25,1
p1595,ky2,02_11_25,1
p1595,usm,02_11_25,1
p1595,m,02_11_25,2
p1595,usa,02_11_25,1
p1595,af,02_11_25,3
p1595,crm,02_11_25,3
p1595,sec,02_11_25,3
p1595,ta,02_11_25,1
brgu,ky2,02_11_25,1
brgu,usm,02_11_25,1
brgu,af,02_11_25,1
brgu,crm,02_11_25,2
brgu,sec,02_11_25,1
brgu,ta,02_11_25,1
m,crm,02_11_25,2
usm,sec,02_11_25,1
p1596,s2hr,02_11_25,1
p1596,ky5,02_11_25,1
p1596,usm,02_11_25,1
p1596,m,02_11_25,2
p1596,usa,02_11_25,1
p1596,af,02_11_25,3
p1596,crm,02_11_25,3
p1596,sec,02_11_25,3
p1596,ta,02_11_25,1
s2hr,ky5,02_11_25,1
s2hr,usm,02_11_25,1
s2hr,af,02_11_25,1
s2hr,crm,02_11_25,2
s2hr,sec,02_11_25,1
s2hr,ta,02_11_25,1
m,crm,02_11_25,2
usm,sec,02_11_25,1
p1597,jaco,02_11_25,1
p1597,ky1,02_11_25,1
p1597,usm,02_11_25,1
p1597,m,02_11_25,2
p1597,usa,02_11_25,1
p1597,pat,02_11_25,1
p1597,d,02_11_25,3
p1597,sec,02_11_25,3
p1597,ta,02_11_25,3
p1597,af,02_11_25,1
jaco,ky1,02_11_25,1
jaco,usm,02_11_25,1
jaco,m,02_11_25,1
jaco,usa,02_11_25,1
jaco,pat,02_11_25,1
jaco,d,02_11_25,2
jaco,sec,02_11_25,1
jaco,ta,02_11_25,1
jaco,af,02_11_25,1
m,d,02_11_25,2
usm,sec,02_11_25,1
p1598,stwo,02_11_25,1
p1598,usm,02_11_25,1
p1598,vet,02_11_25,1
p1598,army,02_11_25,1
p1598,ae,02_11_25,1
p1598,cong,02_11_25,1
p1598,cf,02_11_25,3
stwo,usm,02_11_25,1
stwo,vet,02_11_25,1
stwo,army,02_11_25,1
stwo,ae,02_11_25,1
stwo,cong,02_11_25,1
usm,vet,02_11_25,1
usm,army,02_11_25,1
usm,ae,02_11_25,1
usm,cong,02_11_25,1
vet,army,02_11_25,1
vet,ae,02_11_25,1
vet,cong,02_11_25,1
army,ae,02_11_25,1
army,cong,02_11_25,1
ae,cong,02_11_25,1
stwo,cf,02_11_25,3
usm,cf,02_11_25,3
vet,cf,02_11_25,3
army,cf,02_11_25,3
ae,cf,02_11_25,3
cong,cf,02_11_25,3
p1599,ricr,02_11_25,1
p1599,usm,02_11_25,1
p1599,army,02_11_25,1
p1599,ae,02_11_25,1
p1599,afarm,02_11_25,1
p1599,cong,02_11_25,1
p1599,cf,02_11_25,3
ricr,usm,02_11_25,1
ricr,army,02_11_25,1
ricr,ae,02_11_25,1
ricr,afarm,02_11_25,1
ricr,cong,02_11_25,1
usm,army,02_11_25,1
usm,ae,02_11_25,1
usm,afarm,02_11_25,1
usm,cong,02_11_25,1
army,ae,02_11_25,1
army,afarm,02_11_25,1
army,cong,02_11_25,1
ae,afarm,02_11_25,1
ae,cong,02_11_25,1
afarm,cong,02_11_25,1
ricr,cf,02_11_25,3
usm,cf,02_11_25,3
army,cf,02_11_25,3
ae,cf,02_11_25,3
afarm,cf,02_11_25,3
cong,cf,02_11_25,3
p1600,s2bw,02_11_25,1
p1600,usm,02_11_25,1
p1600,ae,02_11_25,1
p1600,afarm,02_11_25,1
p1600,cong,02_11_25,1
p1600,cf,02_11_25,3
s2bw,usm,02_11_25,1
s2bw,ae,02_11_25,1
s2bw,afarm,02_11_25,1
s2bw,cong,02_11_25,1
usm,ae,02_11_25,1
usm,afarm,02_11_25,1
usm,cong,02_11_25,1
ae,afarm,02_11_25,1
ae,cong,02_11_25,1
afarm,cong,02_11_25,1
s2bw,cf,02_11_25,3
usm,cf,02_11_25,3
ae,cf,02_11_25,3
afarm,cf,02_11_25,3
cong,cf,02_11_25,3
p1601,frhi,02_11_25,1
p1601,usm,02_11_25,1
p1601,ae,02_11_25,1
p1601,afarm,02_11_25,1
p1601,cong,02_11_25,1
p1601,cf,02_11_25,3
frhi,usm,02_11_25,1
frhi,ae,02_11_25,1
frhi,afarm,02_11_25,1
frhi,cong,02_11_25,1
usm,ae,02_11_25,1
usm,afarm,02_11_25,1
usm,cong,02_11_25,1
ae,afarm,02_11_25,1
ae,cong,02_11_25,1
afarm,cong,02_11_25,1
frhi,cf,02_11_25,3
usm,cf,02_11_25,3
ae,cf,02_11_25,3
afarm,cf,02_11_25,3
cong,cf,02_11_25,3
p1602,miro,02_11_25,1
p1602,usm,02_11_25,1
p1602,ae,02_11_25,1
p1602,afarm,02_11_25,1
p1602,cong,02_11_25,1
p1602,cf,02_11_25,3
miro,usm,02_11_25,1
miro,ae,02_11_25,1
miro,afarm,02_11_25,1
miro,cong,02_11_25,1
usm,ae,02_11_25,1
usm,afarm,02_11_25,1
usm,cong,02_11_25,1
ae,afarm,02_11_25,1
ae,cong,02_11_25,1
afarm,cong,02_11_25,1
miro,cf,02_11_25,3
usm,cf,02_11_25,3
ae,cf,02_11_25,3
afarm,cf,02_11_25,3
cong,cf,02_11_25,3
p1603,s2ra,02_11_25,1
p1603,usm,02_11_25,1
p1603,ae,02_11_25,1
p1603,afarm,02_11_25,1
p1603,cong,02_11_25,1
p1603,cf,02_11_25,3
s2ra,usm,02_11_25,1
s2ra,ae,02_11_25,1
s2ra,afarm,02_11_25,1
s2ra,cong,02_11_25,1
usm,ae,02_11_25,1
usm,afarm,02_11_25,1
usm,cong,02_11_25,1
ae,afarm,02_11_25,1
ae,cong,02_11_25,1
afarm,cong,02_11_25,1
s2ra,cf,02_11_25,3
usm,cf,02_11_25,3
ae,cf,02_11_25,3
afarm,cf,02_11_25,3
cong,cf,02_11_25,3
p1604,dast,02_11_25,1
p1604,usm,02_11_25,1
p1604,ae,02_11_25,1
p1604,afarm,02_11_25,1
p1604,cong,02_11_25,1
p1604,cf,02_11_25,3
dast,usm,02_11_25,1
dast,ae,02_11_25,1
dast,afarm,02_11_25,1
dast,cong,02_11_25,1
usm,ae,02_11_25,1
usm,afarm,02_11_25,1
usm,cong,02_11_25,1
ae,afarm,02_11_25,1
ae,cong,02_11_25,1
afarm,cong,02_11_25,1
dast,cf,02_11_25,3
usm,cf,02_11_25,3
ae,cf,02_11_25,3
afarm,cf,02_11_25,3
cong,cf,02_11_25,3
p1605,gapa,02_11_25,1
p1605,usm,02_11_25,1
p1605,ae,02_11_25,1
p1605,cong,02_11_25,1
p1605,ei,02_11_25,1
p1605,cf,02_11_25,3
gapa,usm,02_11_25,1
gapa,ae,02_11_25,1
gapa,cong,02_11_25,1
gapa,ei,02_11_25,1
usm,ae,02_11_25,1
usm,cong,02_11_25,1
usm,ei,02_11_25,1
ae,cong,02_11_25,1
ae,ei,02_11_25,1
cong,ei,02_11_25,1
gapa,cf,02_11_25,3
usm,cf,02_11_25,3
ae,cf,02_11_25,3
cong,cf,02_11_25,3
ei,cf,02_11_25,3
p1606,pese,02_11_25,1
p1606,usm,02_11_25,1
p1606,af,02_11_25,1
p1606,ae,02_11_25,1
p1606,cong,02_11_25,1
p1606,cf,02_11_25,3
pese,usm,02_11_25,1
pese,af,02_11_25,1
pese,ae,02_11_25,1
pese,cong,02_11_25,1
usm,af,02_11_25,1
usm,ae,02_11_25,1
usm,cong,02_11_25,1
af,ae,02_11_25,1
af,cong,02_11_25,1
ae,cong,02_11_25,1
pese,cf,02_11_25,3
usm,cf,02_11_25,3
af,cf,02_11_25,3
ae,cf,02_11_25,3
cong,cf,02_11_25,3
p1607,bvd,02_11_25,1
p1607,usm,02_11_25,1
p1607,af,02_11_25,3
p1607,ae,02_11_25,1
p1607,cong,02_11_25,1
p1607,cf,02_11_25,3
bvd,usm,02_11_25,1
bvd,af,02_11_25,1
bvd,ae,02_11_25,1
bvd,cong,02_11_25,1
usm,af,02_11_25,1
usm,ae,02_11_25,1
usm,cong,02_11_25,1
af,ae,02_11_25,1
af,cong,02_11_25,1
ae,cong,02_11_25,1
bvd,cf,02_11_25,3
usm,cf,02_11_25,3
af,cf,02_11_25,3
ae,cf,02_11_25,3
cong,cf,02_11_25,3
p1608,rw,02_11_25,1
p1608,usm,02_11_25,1
p1608,af,02_11_25,3
p1608,ae,02_11_25,1
p1608,eco,02_11_25,1
p1608,cong,02_11_25,1
p1608,cf,02_11_25,3
rw,usm,02_11_25,1
rw,af,02_11_25,1
rw,ae,02_11_25,1
rw,eco,02_11_25,1
rw,cong,02_11_25,1
usm,af,02_11_25,1
usm,ae,02_11_25,1
usm,eco,02_11_25,1
usm,cong,02_11_25,1
af,ae,02_11_25,1
af,eco,02_11_25,1
af,cong,02_11_25,1
ae,eco,02_11_25,1
ae,cong,02_11_25,1
eco,cong,02_11_25,1
rw,cf,02_11_25,3
usm,cf,02_11_25,3
af,cf,02_11_25,3
ae,cf,02_11_25,3
eco,cf,02_11_25,3
cong,cf,02_11_25,3
p1607,cf,02_11_25,3
p1607,s2rj,02_11_25,1
p1607,usm,02_11_25,1
p1607,atp,02_11_25,1
s2rj,cf,02_11_25,1
usm,cf,02_11_25,1
atp,cf,02_11_25,1
s2rj,usm,02_11_25,1
s2rj,atp,02_11_25,1
usm,atp,02_11_25,1
p1609,ryma,02_11_25,1
p1609,usm,02_11_25,1
p1609,ppen,02_11_25,1
p1609,af,02_11_25,3
p1609,sec,02_11_25,3
p1609,ep,02_11_25,3
ryma,usm,02_11_25,1
ryma,ppen,02_11_25,1
ryma,af,02_11_25,1
ryma,sec,02_11_25,1
ryma,ep,02_11_25,1
usm,ppen,02_11_25,1
usm,af,02_11_25,1
usm,sec,02_11_25,1
usm,ep,02_11_25,1
ppen,af,02_11_25,1
ppen,sec,02_11_25,1
ppen,ep,02_11_25,1
ae,af,02_11_25,1
ae,sec,02_11_25,1
ae,ep,02_11_25,1
p1610,robr,02_11_25,1
p1610,usm,02_11_25,1
p1610,ppen,02_11_25,1
p1610,ad,02_11_25,1
p1610,af,02_11_25,3
p1610,sec,02_11_25,3
p1610,ep,02_11_25,3
robr,usm,02_11_25,1
robr,ppen,02_11_25,1
robr,ad,02_11_25,1
robr,af,02_11_25,1
robr,sec,02_11_25,1
robr,ep,02_11_25,1
usm,ppen,02_11_25,1
usm,af,02_11_25,1
usm,sec,02_11_25,1
usm,ep,02_11_25,1
ppen,ad,02_11_25,1
ppen,af,02_11_25,1
ppen,sec,02_11_25,1
ppen,ep,02_11_25,1
ad,af,02_11_25,1
ad,sec,02_11_25,1
ad,ep,02_11_25,1
p1611,scpe,02_11_25,1
p1611,usm,02_11_25,1
p1611,ppen,02_11_25,1
p1611,eco,02_11_25,1
p1611,af,02_11_25,3
p1611,sec,02_11_25,3
p1611,ep,02_11_25,3
scpe,usm,02_11_25,1
scpe,ppen,02_11_25,1
scpe,eco,02_11_25,1
scpe,af,02_11_25,1
scpe,sec,02_11_25,1
scpe,ep,02_11_25,1
usm,ppen,02_11_25,1
usm,af,02_11_25,1
usm,sec,02_11_25,1
usm,ep,02_11_25,1
ppen,af,02_11_25,1
ppen,sec,02_11_25,1
ppen,ep,02_11_25,1
eco,af,02_11_25,1
eco,sec,02_11_25,1
eco,ep,02_11_25,1
p1612,s2jojo,02_11_25,1
p1612,usm,02_11_25,1
p1612,ae,02_11_25,1
p1612,s2pts,02_11_25,1
p1612,af,02_11_25,3
p1612,sec,02_11_25,3
p1612,ep,02_11_25,3
s2jojo,usm,02_11_25,1
s2jojo,ae,02_11_25,1
s2jojo,s2pts,02_11_25,1
s2jojo,af,02_11_25,1
s2jojo,sec,02_11_25,1
s2jojo,ep,02_11_25,1
usm,ae,02_11_25,1
usm,s2pts,02_11_25,1
usm,af,02_11_25,1
usm,sec,02_11_25,1
usm,ep,02_11_25,1
ae,s2pts,02_11_25,1
ae,af,02_11_25,1
ae,sec,02_11_25,1
ae,ep,02_11_25,1
s2pts,af,02_11_25,1
s2pts,sec,02_11_25,1
s2pts,ep,02_11_25,1
p1613,gr,02_11_25,1
p1613,usm,02_11_25,1
p1613,ae,02_11_25,1
p1613,eco,02_11_25,3
p1613,af,02_11_25,3
gr,usm,02_11_25,1
gr,ae,02_11_25,1
gr,eco,02_11_25,1
gr,af,02_11_25,1
usm,ae,02_11_25,1
usm,eco,02_11_25,1
usm,af,02_11_25,1
ae,eco,02_11_25,1
ae,af,02_11_25,1
p1614,s2dm2,02_11_25,1
p1614,usm,02_11_25,1
p1614,ae,02_11_25,1
p1614,eco,02_11_25,3
p1614,af,02_11_25,3
s2dm2,usm,02_11_25,1
s2dm2,ae,02_11_25,1
s2dm2,eco,02_11_25,1
s2dm2,af,02_11_25,1
usm,ae,02_11_25,1
usm,eco,02_11_25,1
usm,af,02_11_25,1
ae,eco,02_11_25,1
ae,af,02_11_25,1
p1615,llsm,02_11_25,1
p1615,usm,02_11_25,1
p1615,ae,02_11_25,1
p1615,eco,02_11_25,3
p1615,af,02_11_25,3
llsm,usm,02_11_25,1
llsm,ae,02_11_25,1
llsm,eco,02_11_25,1
llsm,af,02_11_25,1
usm,ae,02_11_25,1
usm,eco,02_11_25,1
usm,af,02_11_25,1
ae,eco,02_11_25,1
ae,af,02_11_25,1
p1616,gt,02_11_25,1
p1616,usm,02_11_25,1
p1616,ae,02_11_25,1
p1616,afarm,02_11_25,1
p1616,eco,02_11_25,3
p1616,af,02_11_25,3
gt,usm,02_11_25,1
gt,ae,02_11_25,1
gt,afarm,02_11_25,1
gt,eco,02_11_25,1
gt,af,02_11_25,1
usm,ae,02_11_25,1
usm,afarm,02_11_25,1
usm,eco,02_11_25,1
usm,af,02_11_25,1
ae,afarm,02_11_25,1
ae,eco,02_11_25,1
ae,af,02_11_25,1
afarm,eco,02_11_25,1
afarm,af,02_11_25,1
p1617,maxm,02_11_25,1
p1617,usm,02_11_25,1
p1617,ae,02_11_25,1
p1617,afarm,02_11_25,1
p1617,eco,02_11_25,3
p1617,af,02_11_25,3
maxm,usm,02_11_25,1
maxm,ae,02_11_25,1
maxm,afarm,02_11_25,1
maxm,eco,02_11_25,1
maxm,af,02_11_25,1
usm,ae,02_11_25,1
usm,afarm,02_11_25,1
usm,eco,02_11_25,1
usm,af,02_11_25,1
ae,afarm,02_11_25,1
ae,eco,02_11_25,1
ae,af,02_11_25,1
afarm,eco,02_11_25,1
afarm,af,02_11_25,1
p1618,data,02_11_25,1
p1618,usm,02_11_25,1
p1618,ae,02_11_25,1
p1618,afarm,02_11_25,1
p1618,eco,02_11_25,3
p1618,af,02_11_25,3
data,usm,02_11_25,1
data,ae,02_11_25,1
data,afarm,02_11_25,1
data,eco,02_11_25,1
data,af,02_11_25,1
usm,ae,02_11_25,1
usm,afarm,02_11_25,1
usm,eco,02_11_25,1
usm,af,02_11_25,1
ae,afarm,02_11_25,1
ae,eco,02_11_25,1
ae,af,02_11_25,1
afarm,eco,02_11_25,1
afarm,af,02_11_25,1
p1619,bola,02_11_25,1
p1619,usm,02_11_25,1
p1619,ae,02_11_25,1
p1619,eco,02_11_25,3
p1619,af,02_11_25,3
bola,usm,02_11_25,1
bola,ae,02_11_25,1
bola,eco,02_11_25,1
bola,af,02_11_25,1
usm,ae,02_11_25,1
usm,eco,02_11_25,1
usm,af,02_11_25,1
ae,eco,02_11_25,1
ae,af,02_11_25,1
p1620,jjd,02_11_25,1
p1620,d,02_11_25,1
p1620,ae,02_11_25,1
p1620,eco,02_11_25,3
p1620,af,02_11_25,3
jjd,d,02_11_25,1
jjd,ae,02_11_25,1
jjd,eco,02_11_25,1
jjd,af,02_11_25,1
d,ae,02_11_25,1
d,eco,02_11_25,1
d,af,02_11_25,1
ae,eco,02_11_25,1
ae,af,02_11_25,1
p1621,s2ks2,02_11_25,1
p1621,usm,02_11_25,1
p1621,ae,02_11_25,1
p1621,eco,02_11_25,3
p1621,af,02_11_25,3
p1621,miro,02_11_25,1
s2ks2,usm,02_11_25,1
s2ks2,ae,02_11_25,1
s2ks2,eco,02_11_25,1
s2ks2,af,02_11_25,1
usm,ae,02_11_25,1
usm,eco,02_11_25,1
usm,af,02_11_25,1
ae,eco,02_11_25,1
ae,af,02_11_25,1
miro,eco,02_11_25,1
p1622,suc,02_11_25,1
p1622,usm,02_11_25,1
p1622,ae,02_11_25,1
p1622,eco,02_11_25,3
p1622,af,02_11_25,3
suc,usm,02_11_25,1
suc,ae,02_11_25,1
suc,eco,02_11_25,1
suc,af,02_11_25,1
usm,ae,02_11_25,1
usm,eco,02_11_25,1
usm,af,02_11_25,1
ae,eco,02_11_25,1
ae,af,02_11_25,1
p1623,gk,02_11_25,1
p1623,usm,02_11_25,1
p1623,ae,02_11_25,1
p1623,eco,02_11_25,3
p1623,af,02_11_25,3
gk,usm,02_11_25,1
gk,ae,02_11_25,1
gk,eco,02_11_25,1
gk,af,02_11_25,1
usm,ae,02_11_25,1
usm,eco,02_11_25,1
usm,af,02_11_25,1
ae,eco,02_11_25,1
ae,af,02_11_25,1
p1624,trba,02_11_25,1
p1624,usm,02_11_25,1
p1624,ae,02_11_25,1
p1624,eco,02_11_25,3
p1624,af,02_11_25,3
trba,usm,02_11_25,1
trba,ae,02_11_25,1
trba,eco,02_11_25,1
trba,af,02_11_25,1
usm,ae,02_11_25,1
usm,eco,02_11_25,1
usm,af,02_11_25,1
ae,eco,02_11_25,1
ae,af,02_11_25,1
p1625,mbo,02_11_25,1
p1625,usm,02_11_25,1
p1625,ae,02_11_25,1
p1625,eco,02_11_25,3
p1625,af,02_11_25,3
mbo,usm,02_11_25,1
mbo,ae,02_11_25,1
mbo,eco,02_11_25,1
mbo,af,02_11_25,1
usm,ae,02_11_25,1
usm,eco,02_11_25,1
usm,af,02_11_25,1
ae,eco,02_11_25,1
ae,af,02_11_25,1
p1626,mica,02_11_25,1
p1626,usm,02_11_25,1
p1626,ae,02_11_25,1
p1626,eco,02_11_25,3
p1626,af,02_11_25,3
mica,usm,02_11_25,1
mica,ae,02_11_25,1
mica,eco,02_11_25,1
mica,af,02_11_25,1
usm,ae,02_11_25,1
usm,eco,02_11_25,1
usm,af,02_11_25,1
ae,eco,02_11_25,1
ae,af,02_11_25,1
p1627,s2bs,02_11_25,1
p1627,usm,02_11_25,1
p1627,ae,02_11_25,1
p1627,eco,02_11_25,3
p1627,af,02_11_25,3
s2bs,usm,02_11_25,1
s2bs,ae,02_11_25,1
s2bs,eco,02_11_25,1
s2bs,af,02_11_25,1
usm,ae,02_11_25,1
usm,eco,02_11_25,1
usm,af,02_11_25,1
ae,eco,02_11_25,1
ae,af,02_11_25,1
p1627,d,02_11_25,2
p1627,r,02_11_25,1
p1627,cf,02_11_25,3
d,cf,02_11_25,2
r,cf,02_11_25,1
d,r,02_11_25,2
p1628,cf,02_11_25,3
p1628,s2ks2,02_11_25,1
p1628,usm,02_11_25,1
p1628,atp,02_11_25,1
s2ks2,cf,02_11_25,1
usm,cf,02_11_25,1
atp,cf,02_11_25,1
s2ks2,usm,02_11_25,1
s2ks2,atp,02_11_25,1
usm,atp,02_11_25,1
p1629,cf,02_11_25,3
p1629,s2lg,02_11_25,1
p1629,usm,02_11_25,1
p1629,atp,02_11_25,1
s2lg,cf,02_11_25,1
usm,cf,02_11_25,1
atp,cf,02_11_25,1
s2lg,usm,02_11_25,1
s2lg,atp,02_11_25,1
usm,atp,02_11_25,1
p1630,cf,02_11_25,3
p1630,jael,02_11_25,1
p1630,usm,02_11_25,1
p1630,atp,02_11_25,1
jael,cf,02_11_25,1
usm,cf,02_11_25,1
atp,cf,02_11_25,1
jael,usm,02_11_25,1
jael,atp,02_11_25,1
usm,atp,02_11_25,1
p1628,s2lg,03_11_25,1
p1628,usm,03_11_25,1
p1628,ae,03_11_25,1
p1628,eco,03_11_25,3
p1628,af,03_11_25,3
s2lg,usm,03_11_25,1
s2lg,ae,03_11_25,1
s2lg,eco,03_11_25,1
s2lg,af,03_11_25,1
usm,ae,03_11_25,1
usm,eco,03_11_25,1
usm,af,03_11_25,1
ae,eco,03_11_25,1
ae,af,03_11_25,1
p1631,s2ja,03_11_25,1
p1631,usm,03_11_25,1
p1631,ae,03_11_25,1
p1631,cong,03_11_25,1
p1631,cf,03_11_25,3
s2ja,usm,03_11_25,1
s2ja,ae,03_11_25,1
s2ja,cong,03_11_25,1
usm,ae,03_11_25,1
usm,cong,03_11_25,1
ae,cong,03_11_25,1
s2ja,cf,03_11_25,3
usm,cf,03_11_25,3
ae,cf,03_11_25,3
cong,cf,03_11_25,3
p1632,roja,03_11_25,1
p1632,usm,03_11_25,1
p1632,vet,03_11_25,1
p1632,usa,03_11_25,1
p1632,eco,03_11_25,3
p1632,t,03_11_25,3
p1632,sec,03_11_25,3
p1632,af,03_11_25,3
p1632,ef,03_11_25,3
roja,usm,03_11_25,1
roja,vet,03_11_25,1
roja,usa,03_11_25,1
usm,vet,03_11_25,1
usm,usa,03_11_25,1
vet,usa,03_11_25,1
roja,eco,03_11_25,1
roja,t,03_11_25,1
roja,sec,03_11_25,1
roja,af,03_11_25,1
roja,ef,03_11_25,1
usm,sec,03_11_25,1
vet,sec,03_11_25,1
usa,eco,03_11_25,1
usa,t,03_11_25,1
usa,sec,03_11_25,1
p1633,cf,02_11_25,3
p1633,mdlc,02_11_25,1
p1633,usm,02_11_25,1
p1633,atp,02_11_25,1
mdlc,cf,02_11_25,1
usm,cf,02_11_25,1
atp,cf,02_11_25,1
mdlc,usm,02_11_25,1
mdlc,atp,02_11_25,1
usm,atp,02_11_25,1
p1634,cf,02_11_25,3
p1634,brgi,02_11_25,1
p1634,dani,02_11_25,1
p1634,c,02_11_25,3
p1634,dds,02_11_25,1
p1634,usm,02_11_25,1
p1634,maga,02_11_25,1
brgi,cf,02_11_25,1
dani,cf,02_11_25,1
c,cf,02_11_25,1
dds,cf,02_11_25,1
usm,cf,02_11_25,1
maga,cf,02_11_25,1
brgi,dani,02_11_25,1
brgi,c,02_11_25,1
brgi,dds,02_11_25,1
brgi,usm,02_11_25,1
brgi,maga,02_11_25,1
dani,c,02_11_25,1
dani,dds,02_11_25,1
dani,usm,02_11_25,1
dani,maga,02_11_25,1
c,dds,02_11_25,1
c,usm,02_11_25,1
c,maga,02_11_25,1
dds,usm,02_11_25,1
dds,maga,02_11_25,1
usm,maga,02_11_25,1
p1635,cf,02_11_25,3
p1635,brba,02_11_25,1
p1635,usm,02_11_25,1
p1635,le,02_11_25,1
p1635,vet,02_11_25,1
p1635,maga,02_11_25,1
brba,cf,02_11_25,1
usm,cf,02_11_25,1
le,cf,02_11_25,1
vet,cf,02_11_25,1
maga,cf,02_11_25,1
brba,usm,02_11_25,1
brba,le,02_11_25,1
brba,vet,02_11_25,1
brba,maga,02_11_25,1
usm,le,02_11_25,1
usm,vet,02_11_25,1
usm,maga,02_11_25,1
le,vet,02_11_25,1
le,maga,02_11_25,1
vet,maga,02_11_25,1
p1636,gubi,03_11_25,1
p1636,usm,03_11_25,1
p1636,ae,03_11_25,1
p1636,eco,03_11_25,3
p1636,af,03_11_25,3
gubi,usm,03_11_25,1
gubi,ae,03_11_25,1
gubi,eco,03_11_25,1
gubi,af,03_11_25,1
usm,ae,03_11_25,1
usm,eco,03_11_25,1
usm,af,03_11_25,1
ae,eco,03_11_25,1
ae,af,03_11_25,1
p1637,vebu,03_11_25,1
p1637,cong,03_11_25,1
p1637,af,03_11_25,1
p1637,ta,03_11_25,1
p1637,edomi,03_11_25,1
p1637,miusa,03_11_25,1
p1637,fl,03_11_25,1
p1637,m,03_11_25,1
p1637,crm,03_11_25,1
p1637,s2sb,03_11_25,1
p1637,usm,03_11_25,1
p1637,vet,03_11_25,1
p1637,endor,03_11_25,1
p1637,sec,03_11_25,1
p1637,hwmc,03_11_25,1
hwmc,vebu,03_11_25,1
m,crm,03_11_25,2
vebu,endor,03_11_25,1
vebu,cong,03_11_25,1
vebu,af,03_11_25,1
vebu,ta,03_11_25,1
vebu,edomi,03_11_25,1
vebu,miusa,03_11_25,1
vebu,fl,03_11_25,1
vebu,m,03_11_25,1
vebu,crm,03_11_25,1
vebu,s2sb,03_11_25,1
vebu,usm,03_11_25,1
vebu,vet,03_11_25,1
vebu,endor,03_11_25,1
vebu,sec,03_11_25,1
vet,usm,03_11_25,1
p1638,s2sf,03_11_25,1
p1638,s2usna,03_11_25,1
p1638,usm,03_11_25,1
p1638,americans,03_11_25,1
p1638,sec,03_11_25,3
s2sf,s2usna,03_11_25,1
s2sf,usm,03_11_25,1
s2sf,americans,03_11_25,1
s2sf,sec,03_11_25,3
s2usna,usm,03_11_25,1
s2usna,americans,03_11_25,1
s2usna,sec,03_11_25,3
usm,americans,03_11_25,1
usm,sec,03_11_25,3
americans,sec,03_11_25,3
p1639,mdb,03_11_25,1
p1639,usm,03_11_25,1
p1639,americans,03_11_25,1
p1639,s2usna,03_11_25,1
p1639,sec,03_11_25,3
mdb,usm,03_11_25,1
mdb,americans,03_11_25,1
mdb,s2usna,03_11_25,1
mdb,sec,03_11_25,3
usm,americans,03_11_25,1
usm,s2usna,03_11_25,1
usm,sec,03_11_25,3
americans,s2usna,03_11_25,1
americans,sec,03_11_25,3
s2usna,sec,03_11_25,3
p1640,sfz,03_11_25,1
p1640,usm,03_11_25,1
p1640,americans,03_11_25,1
p1640,afarm,03_11_25,1
p1640,cf,03_11_25,3
sfz,usm,03_11_25,1
sfz,americans,03_11_25,1
sfz,afarm,03_11_25,1
sfz,cf,03_11_25,3
usm,americans,03_11_25,1
usm,afarm,03_11_25,1
usm,cf,03_11_25,3
americans,afarm,03_11_25,1
americans,cf,03_11_25,3
afarm,cf,03_11_25,3
p1641,glgr,03_11_25,1
p1641,usm,03_11_25,1
p1641,americans,03_11_25,1
p1641,afarm,03_11_25,1
p1641,cf,03_11_25,3
glgr,usm,03_11_25,1
glgr,americans,03_11_25,1
glgr,afarm,03_11_25,1
glgr,cf,03_11_25,3
usm,americans,03_11_25,1
usm,afarm,03_11_25,1
usm,cf,03_11_25,3
americans,afarm,03_11_25,1
americans,cf,03_11_25,3
afarm,cf,03_11_25,3
p1642,tonw,03_11_25,1
p1642,usm,03_11_25,1
p1642,americans,03_11_25,1
p1642,afarm,03_11_25,1
p1642,cf,03_11_25,3
tonw,usm,03_11_25,1
tonw,americans,03_11_25,1
tonw,afarm,03_11_25,1
tonw,cf,03_11_25,3
usm,americans,03_11_25,1
usm,afarm,03_11_25,1
usm,cf,03_11_25,3
americans,afarm,03_11_25,1
americans,cf,03_11_25,3
afarm,cf,03_11_25,3
p1643,brst,03_11_25,1
p1643,usm,03_11_25,1
p1643,afarm,03_11_25,1
p1643,americans,03_11_25,1
p1643,cf,03_11_25,3
brst,usm,03_11_25,1
brst,afarm,03_11_25,1
brst,americans,03_11_25,1
brst,cf,03_11_25,3
usm,afarm,03_11_25,1
usm,americans,03_11_25,1
usm,cf,03_11_25,3
afarm,americans,03_11_25,1
afarm,cf,03_11_25,3
americans,cf,03_11_25,3
p1644,dvo,03_11_25,1
p1644,usm,03_11_25,1
p1644,afarm,03_11_25,1
p1644,americans,03_11_25,1
p1644,cf,03_11_25,3
dvo,usm,03_11_25,1
dvo,afarm,03_11_25,1
dvo,americans,03_11_25,1
dvo,cf,03_11_25,3
usm,afarm,03_11_25,1
usm,americans,03_11_25,1
usm,cf,03_11_25,3
afarm,americans,03_11_25,1
afarm,cf,03_11_25,3
americans,cf,03_11_25,3
p1645,mifl,03_11_25,1
p1645,usm,03_11_25,1
p1645,americans,03_11_25,1
p1645,cf,03_11_25,3
mifl,usm,03_11_25,1
mifl,americans,03_11_25,1
mifl,cf,03_11_25,3
usm,americans,03_11_25,1
usm,cf,03_11_25,3
americans,cf,03_11_25,3
p1646,adsm,03_11_25,1
p1646,usm,03_11_25,1
p1646,americans,03_11_25,1
p1646,cf,03_11_25,3
adsm,usm,03_11_25,1
adsm,americans,03_11_25,1
adsm,cf,03_11_25,3
usm,americans,03_11_25,1
usm,cf,03_11_25,3
americans,cf,03_11_25,3
p1647,s2sg,03_11_25,1
p1647,usm,03_11_25,1
p1647,americans,03_11_25,1
p1647,cf,03_11_25,3
s2sg,usm,03_11_25,1
s2sg,americans,03_11_25,1
s2sg,cf,03_11_25,3
usm,americans,03_11_25,1
usm,cf,03_11_25,3
americans,cf,03_11_25,3
p1648,eb,03_11_25,1
p1648,usm,03_11_25,1
p1648,americans,03_11_25,1
p1648,cf,03_11_25,3
eb,usm,03_11_25,1
eb,americans,03_11_25,1
eb,cf,03_11_25,3
usm,americans,03_11_25,1
usm,cf,03_11_25,3
americans,cf,03_11_25,3
p1649,jasm,03_11_25,1
p1649,usm,03_11_25,1
p1649,americans,03_11_25,1
p1649,cf,03_11_25,3
jasm,usm,03_11_25,1
jasm,americans,03_11_25,1
jasm,cf,03_11_25,3
usm,americans,03_11_25,1
usm,cf,03_11_25,3
americans,cf,03_11_25,3
p1650,anwa,03_11_25,1
p1650,usm,03_11_25,1
p1650,americans,03_11_25,1
p1650,cf,03_11_25,3
anwa,usm,03_11_25,1
anwa,americans,03_11_25,1
anwa,cf,03_11_25,3
usm,americans,03_11_25,1
usm,cf,03_11_25,3
americans,cf,03_11_25,3
p1651,bobo,03_11_25,1
p1651,usm,03_11_25,1
p1651,americans,03_11_25,1
p1651,cf,03_11_25,3
bobo,usm,03_11_25,1
bobo,americans,03_11_25,1
bobo,cf,03_11_25,3
usm,americans,03_11_25,1
usm,cf,03_11_25,3
americans,cf,03_11_25,3
p1652,malf,03_11_25,1
p1652,usm,03_11_25,1
p1652,americans,03_11_25,1
p1652,cf,03_11_25,3
malf,usm,03_11_25,1
malf,americans,03_11_25,1
malf,cf,03_11_25,3
usm,americans,03_11_25,1
usm,cf,03_11_25,3
americans,cf,03_11_25,3
p1653,toem,03_11_25,1
p1653,usm,03_11_25,1
p1653,americans,03_11_25,1
p1653,cf,03_11_25,3
toem,usm,03_11_25,1
toem,americans,03_11_25,1
toem,cf,03_11_25,3
usm,americans,03_11_25,1
usm,cf,03_11_25,3
americans,cf,03_11_25,3
p1654,mifi,03_11_25,1
p1654,usm,03_11_25,1
p1654,americans,03_11_25,1
p1654,cf,03_11_25,3
mifi,usm,03_11_25,1
mifi,americans,03_11_25,1
mifi,cf,03_11_25,3
usm,americans,03_11_25,1
usm,cf,03_11_25,3
americans,cf,03_11_25,3
p1655,pest,03_11_25,1
p1655,usm,03_11_25,1
p1655,s2leo,03_11_25,1
p1655,americans,03_11_25,1
p1655,cf,03_11_25,3
pest,usm,03_11_25,1
pest,s2leo,03_11_25,1
pest,americans,03_11_25,1
pest,cf,03_11_25,3
usm,s2leo,03_11_25,1
usm,americans,03_11_25,1
usm,cf,03_11_25,3
s2leo,americans,03_11_25,1
s2leo,cf,03_11_25,3
americans,cf,03_11_25,3
p1656,rufu,03_11_25,1
p1656,usm,03_11_25,1
p1656,afarm,03_11_25,1
p1656,americans,03_11_25,1
p1656,cf,03_11_25,3
rufu,usm,03_11_25,1
rufu,afarm,03_11_25,1
rufu,americans,03_11_25,1
rufu,cf,03_11_25,3
usm,afarm,03_11_25,1
usm,americans,03_11_25,1
usm,cf,03_11_25,3
afarm,americans,03_11_25,1
afarm,cf,03_11_25,3
americans,cf,03_11_25,3
p1657,misi,03_11_25,1
p1657,usm,03_11_25,1
p1657,afarm,03_11_25,1
p1657,americans,03_11_25,1
p1657,s2leo,03_11_25,1
p1657,cf,03_11_25,3
misi,usm,03_11_25,1
misi,afarm,03_11_25,1
misi,americans,03_11_25,1
misi,s2leo,03_11_25,1
misi,cf,03_11_25,3
usm,afarm,03_11_25,1
usm,americans,03_11_25,1
usm,s2leo,03_11_25,1
usm,cf,03_11_25,3
afarm,americans,03_11_25,1
afarm,s2leo,03_11_25,1
afarm,cf,03_11_25,3
americans,s2leo,03_11_25,1
americans,cf,03_11_25,3
s2leo,cf,03_11_25,3
p1658,s2bc,03_11_25,1
p1658,usm,03_11_25,1
p1658,s2leo,03_11_25,1
p1658,americans,03_11_25,1
p1658,cf,03_11_25,3
s2bc,usm,03_11_25,1
s2bc,s2leo,03_11_25,1
s2bc,americans,03_11_25,1
s2bc,cf,03_11_25,3
usm,s2leo,03_11_25,1
usm,americans,03_11_25,1
usm,cf,03_11_25,3
s2leo,americans,03_11_25,1
s2leo,cf,03_11_25,3
americans,cf,03_11_25,3
p1659,mogr,03_11_25,1
p1659,usm,03_11_25,1
p1659,americans,03_11_25,1
p1659,cf,03_11_25,3
mogr,usm,03_11_25,1
mogr,americans,03_11_25,1
mogr,cf,03_11_25,3
usm,americans,03_11_25,1
usm,cf,03_11_25,3
americans,cf,03_11_25,3
p1660,s2jk,03_11_25,1
p1660,usm,03_11_25,1
p1660,americans,03_11_25,1
p1660,cf,03_11_25,3
s2jk,usm,03_11_25,1
s2jk,americans,03_11_25,1
s2jk,cf,03_11_25,3
usm,americans,03_11_25,1
usm,cf,03_11_25,3
americans,cf,03_11_25,3
p1661,jomc,03_11_25,1
p1661,usm,03_11_25,1
p1661,americans,03_11_25,1
p1661,cf,03_11_25,3
jomc,usm,03_11_25,1
jomc,americans,03_11_25,1
jomc,cf,03_11_25,3
usm,americans,03_11_25,1
usm,cf,03_11_25,3
americans,cf,03_11_25,3
p1662,s2dh,03_11_25,1
p1662,usm,03_11_25,1
p1662,afarm,03_11_25,1
p1662,americans,03_11_25,1
p1662,cf,03_11_25,3
s2dh,usm,03_11_25,1
s2dh,afarm,03_11_25,1
s2dh,americans,03_11_25,1
s2dh,cf,03_11_25,3
usm,afarm,03_11_25,1
usm,americans,03_11_25,1
usm,cf,03_11_25,3
afarm,americans,03_11_25,1
afarm,cf,03_11_25,3
americans,cf,03_11_25,3
p1663,tibu,03_11_25,1
p1663,usm,03_11_25,1
p1663,s2leo,03_11_25,1
p1663,americans,03_11_25,1
p1663,cf,03_11_25,3
tibu,usm,03_11_25,1
tibu,s2leo,03_11_25,1
tibu,americans,03_11_25,1
tibu,cf,03_11_25,3
usm,s2leo,03_11_25,1
usm,americans,03_11_25,1
usm,cf,03_11_25,3
s2leo,americans,03_11_25,1
s2leo,cf,03_11_25,3
americans,cf,03_11_25,3
p1664,cfm,03_11_25,1
p1664,usm,03_11_25,1
p1664,s2leo,03_11_25,1
p1664,americans,03_11_25,1
p1664,cf,03_11_25,3
cfm,usm,03_11_25,1
cfm,s2leo,03_11_25,1
cfm,americans,03_11_25,1
cfm,cf,03_11_25,3
usm,s2leo,03_11_25,1
usm,americans,03_11_25,1
usm,cf,03_11_25,3
s2leo,americans,03_11_25,1
s2leo,cf,03_11_25,3
americans,cf,03_11_25,3
p1665,daku,03_11_25,1
p1665,usm,03_11_25,1
p1665,s2leo,03_11_25,1
p1665,americans,03_11_25,1
p1665,cf,03_11_25,3
daku,usm,03_11_25,1
daku,s2leo,03_11_25,1
daku,americans,03_11_25,1
daku,cf,03_11_25,3
usm,s2leo,03_11_25,1
usm,americans,03_11_25,1
usm,cf,03_11_25,3
s2leo,americans,03_11_25,1
s2leo,cf,03_11_25,3
americans,cf,03_11_25,3
p1666,scdj,03_11_25,1
p1666,usm,03_11_25,1
p1666,s2leo,03_11_25,1
p1666,americans,03_11_25,1
p1666,cf,03_11_25,3
scdj,usm,03_11_25,1
scdj,s2leo,03_11_25,1
scdj,americans,03_11_25,1
scdj,cf,03_11_25,3
usm,s2leo,03_11_25,1
usm,americans,03_11_25,1
usm,cf,03_11_25,3
s2leo,americans,03_11_25,1
s2leo,cf,03_11_25,3
americans,cf,03_11_25,3
p1667,s2bf,03_11_25,1
p1667,usm,03_11_25,1
p1667,s2leo,03_11_25,1
p1667,americans,03_11_25,1
p1667,cf,03_11_25,3
s2bf,usm,03_11_25,1
s2bf,s2leo,03_11_25,1
s2bf,americans,03_11_25,1
s2bf,cf,03_11_25,3
usm,s2leo,03_11_25,1
usm,americans,03_11_25,1
usm,cf,03_11_25,3
s2leo,americans,03_11_25,1
s2leo,cf,03_11_25,3
americans,cf,03_11_25,3
p1668,rz,03_11_25,1
p1668,usm,03_11_25,1
p1668,s2leo,03_11_25,1
p1668,americans,03_11_25,1
p1668,cf,03_11_25,3
rz,usm,03_11_25,1
rz,s2leo,03_11_25,1
rz,americans,03_11_25,1
rz,cf,03_11_25,3
usm,s2leo,03_11_25,1
usm,americans,03_11_25,1
usm,cf,03_11_25,3
s2leo,americans,03_11_25,1
s2leo,cf,03_11_25,3
americans,cf,03_11_25,3
p1669,tdown,03_11_25,1
p1669,usm,03_11_25,1
p1669,americans,03_11_25,1
p1669,cf,03_11_25,3
tdown,usm,03_11_25,1
tdown,americans,03_11_25,1
tdown,cf,03_11_25,3
usm,americans,03_11_25,1
usm,cf,03_11_25,3
americans,cf,03_11_25,3
p1670,mbau,03_11_25,1
p1670,usm,03_11_25,1
p1670,americans,03_11_25,1
p1670,cf,03_11_25,3
mbau,usm,03_11_25,1
mbau,americans,03_11_25,1
mbau,cf,03_11_25,3
usm,americans,03_11_25,1
usm,cf,03_11_25,3
americans,cf,03_11_25,3
p1671,mam,03_11_25,1
p1671,usm,03_11_25,1
p1671,americans,03_11_25,1
p1671,cf,03_11_25,3
mam,usm,03_11_25,1
mam,americans,03_11_25,1
mam,cf,03_11_25,3
usm,americans,03_11_25,1
usm,cf,03_11_25,3
americans,cf,03_11_25,3
p1672,jobr,03_11_25,1
p1672,usm,03_11_25,1
p1672,americans,03_11_25,1
p1672,cf,03_11_25,3
jobr,usm,03_11_25,1
jobr,americans,03_11_25,1
jobr,cf,03_11_25,3
usm,americans,03_11_25,1
usm,cf,03_11_25,3
americans,cf,03_11_25,3
p1673,kehe,03_11_25,1
p1673,usm,03_11_25,1
p1673,americans,03_11_25,1
p1673,cf,03_11_25,3
kehe,usm,03_11_25,1
kehe,americans,03_11_25,1
kehe,cf,03_11_25,3
usm,americans,03_11_25,1
usm,cf,03_11_25,3
americans,cf,03_11_25,3
p1674,frlu,03_11_25,1
p1674,usm,03_11_25,1
p1674,americans,03_11_25,1
p1674,cf,03_11_25,3
frlu,usm,03_11_25,1
frlu,americans,03_11_25,1
frlu,cf,03_11_25,3
usm,americans,03_11_25,1
usm,cf,03_11_25,3
americans,cf,03_11_25,3
p1675,s2tc,03_11_25,1
p1675,usm,03_11_25,1
p1675,americans,03_11_25,1
p1675,cf,03_11_25,3
s2tc,usm,03_11_25,1
s2tc,americans,03_11_25,1
s2tc,cf,03_11_25,3
usm,americans,03_11_25,1
usm,cf,03_11_25,3
americans,cf,03_11_25,3
p1676,stbi,03_11_25,1
p1676,usm,03_11_25,1
p1676,americans,03_11_25,1
p1676,cf,03_11_25,3
stbi,usm,03_11_25,1
stbi,americans,03_11_25,1
stbi,cf,03_11_25,3
usm,americans,03_11_25,1
usm,cf,03_11_25,3
americans,cf,03_11_25,3
p1677,jowi,03_11_25,1
p1677,usm,03_11_25,1
p1677,americans,03_11_25,1
p1677,cf,03_11_25,3
jowi,usm,03_11_25,1
jowi,americans,03_11_25,1
jowi,cf,03_11_25,3
usm,americans,03_11_25,1
usm,cf,03_11_25,3
americans,cf,03_11_25,3
p1678,s2sb2,03_11_25,1
p1678,usm,03_11_25,1
p1678,americans,03_11_25,1
p1678,cf,03_11_25,3
s2sb2,usm,03_11_25,1
s2sb2,americans,03_11_25,1
s2sb2,cf,03_11_25,3
usm,americans,03_11_25,1
usm,cf,03_11_25,3
americans,cf,03_11_25,3
p1679,witi,03_11_25,1
p1679,usm,03_11_25,1
p1679,s2leo,03_11_25,1
p1679,americans,03_11_25,1
p1679,cf,03_11_25,3
witi,usm,03_11_25,1
witi,s2leo,03_11_25,1
witi,americans,03_11_25,1
witi,cf,03_11_25,3
usm,s2leo,03_11_25,1
usm,americans,03_11_25,1
usm,cf,03_11_25,3
s2leo,americans,03_11_25,1
s2leo,cf,03_11_25,3
americans,cf,03_11_25,3
p1680,s2rf,03_11_25,1
p1680,usm,03_11_25,1
p1680,s2leo,03_11_25,1
p1680,americans,03_11_25,1
p1680,cf,03_11_25,3
s2rf,usm,03_11_25,1
s2rf,s2leo,03_11_25,1
s2rf,americans,03_11_25,1
s2rf,cf,03_11_25,3
usm,s2leo,03_11_25,1
usm,americans,03_11_25,1
usm,cf,03_11_25,3
s2leo,americans,03_11_25,1
s2leo,cf,03_11_25,3
americans,cf,03_11_25,3
p1681,clb,03_11_25,1
p1681,usm,03_11_25,1
p1681,s2leo,03_11_25,1
p1681,americans,03_11_25,1
p1681,cf,03_11_25,3
clb,usm,03_11_25,1
clb,s2leo,03_11_25,1
clb,americans,03_11_25,1
clb,cf,03_11_25,3
usm,s2leo,03_11_25,1
usm,americans,03_11_25,1
usm,cf,03_11_25,3
s2leo,americans,03_11_25,1
s2leo,cf,03_11_25,3
americans,cf,03_11_25,3
p1682,edga,03_11_25,1
p1682,thom,03_11_25,1
p1682,usm,03_11_25,1
p1682,vet,03_11_25,1
p1682,s2gp,03_11_25,1
p1682,d,03_11_25,1
p1682,s2leo,03_11_25,1
p1682,americans,03_11_25,1
p1682,cf,03_11_25,3
edga,thom,03_11_25,1
edga,usm,03_11_25,1
edga,vet,03_11_25,1
edga,s2gp,03_11_25,1
edga,d,03_11_25,1
edga,s2leo,03_11_25,1
edga,americans,03_11_25,1
edga,cf,03_11_25,3
thom,usm,03_11_25,1
thom,vet,03_11_25,1
thom,s2gp,03_11_25,1
thom,d,03_11_25,1
thom,s2leo,03_11_25,1
thom,americans,03_11_25,1
thom,cf,03_11_25,3
usm,vet,03_11_25,1
usm,s2gp,03_11_25,1
usm,d,03_11_25,1
usm,s2leo,03_11_25,1
usm,americans,03_11_25,1
usm,cf,03_11_25,3
vet,s2gp,03_11_25,1
vet,d,03_11_25,1
vet,s2leo,03_11_25,1
vet,americans,03_11_25,1
vet,cf,03_11_25,3
s2gp,d,03_11_25,1
s2gp,s2leo,03_11_25,1
s2gp,americans,03_11_25,1
s2gp,cf,03_11_25,3
d,s2leo,03_11_25,1
d,americans,03_11_25,1
d,cf,03_11_25,3
s2leo,americans,03_11_25,1
s2leo,cf,03_11_25,3
americans,cf,03_11_25,3
p1683,mw,03_11_25,1
p1683,usm,03_11_25,1
p1683,vet,03_11_25,1
p1683,nc,03_11_25,1
p1683,s2leo,03_11_25,1
p1683,americans,03_11_25,1
p1683,cf,03_11_25,3
mw,usm,03_11_25,1
mw,vet,03_11_25,1
mw,nc,03_11_25,1
mw,s2leo,03_11_25,1
mw,americans,03_11_25,1
mw,cf,03_11_25,3
usm,vet,03_11_25,1
usm,nc,03_11_25,1
usm,s2leo,03_11_25,1
usm,americans,03_11_25,1
usm,cf,03_11_25,3
vet,nc,03_11_25,1
vet,s2leo,03_11_25,1
vet,americans,03_11_25,1
vet,cf,03_11_25,3
nc,s2leo,03_11_25,1
nc,americans,03_11_25,1
nc,cf,03_11_25,3
s2leo,americans,03_11_25,1
s2leo,cf,03_11_25,3
americans,cf,03_11_25,3
p1684,ao,03_11_25,1
p1684,usm,03_11_25,1
p1684,vet,03_11_25,1
p1684,s2tn,03_11_25,1
p1684,s2leo,03_11_25,1
p1684,americans,03_11_25,1
p1684,cf,03_11_25,3
ao,usm,03_11_25,1
ao,vet,03_11_25,1
ao,s2tn,03_11_25,1
ao,s2leo,03_11_25,1
ao,americans,03_11_25,1
ao,cf,03_11_25,3
usm,vet,03_11_25,1
usm,s2tn,03_11_25,1
usm,s2leo,03_11_25,1
usm,americans,03_11_25,1
usm,cf,03_11_25,3
vet,s2tn,03_11_25,1
vet,s2leo,03_11_25,1
vet,americans,03_11_25,1
vet,cf,03_11_25,3
s2tn,s2leo,03_11_25,1
s2tn,americans,03_11_25,1
s2tn,cf,03_11_25,3
s2leo,americans,03_11_25,1
s2leo,cf,03_11_25,3
americans,cf,03_11_25,3
p1685,nl,03_11_25,1
p1685,usm,03_11_25,1
p1685,vet,03_11_25,1
p1685,pny,03_11_25,1
p1685,s2leo,03_11_25,1
p1685,americans,03_11_25,1
p1685,cf,03_11_25,3
nl,usm,03_11_25,1
nl,vet,03_11_25,1
nl,pny,03_11_25,1
nl,s2leo,03_11_25,1
nl,americans,03_11_25,1
nl,cf,03_11_25,3
usm,vet,03_11_25,1
usm,pny,03_11_25,1
usm,s2leo,03_11_25,1
usm,americans,03_11_25,1
usm,cf,03_11_25,3
vet,pny,03_11_25,1
vet,s2leo,03_11_25,1
vet,americans,03_11_25,1
vet,cf,03_11_25,3
pny,s2leo,03_11_25,1
pny,americans,03_11_25,1
pny,cf,03_11_25,3
s2leo,americans,03_11_25,1
s2leo,cf,03_11_25,3
americans,cf,03_11_25,3
p1686,anga,03_11_25,1
p1686,usm,03_11_25,1
p1686,vet,03_11_25,1
p1686,ny,03_11_25,1
p1686,cf,03_11_25,3
anga,usm,03_11_25,1
anga,vet,03_11_25,1
anga,ny,03_11_25,1
anga,cf,03_11_25,3
usm,vet,03_11_25,1
usm,ny,03_11_25,1
usm,cf,03_11_25,3
vet,ny,03_11_25,1
vet,cf,03_11_25,3
ny,cf,03_11_25,3
p1687,nima,03_11_25,1
p1687,usm,03_11_25,1
p1687,vet,03_11_25,1
p1687,ny,03_11_25,1
p1687,s2nypd,03_11_25,1
p1687,nyfd,03_11_25,1
p1687,cf,03_11_25,3
nima,usm,03_11_25,1
nima,vet,03_11_25,1
nima,ny,03_11_25,1
nima,s2nypd,03_11_25,1
nima,nyfd,03_11_25,1
nima,cf,03_11_25,3
usm,vet,03_11_25,1
usm,ny,03_11_25,1
usm,s2nypd,03_11_25,1
usm,nyfd,03_11_25,1
usm,cf,03_11_25,3
vet,ny,03_11_25,1
vet,s2nypd,03_11_25,1
vet,nyfd,03_11_25,1
vet,cf,03_11_25,3
ny,s2nypd,03_11_25,1
ny,nyfd,03_11_25,1
ny,cf,03_11_25,3
s2nypd,nyfd,03_11_25,1
s2nypd,cf,03_11_25,3
nyfd,cf,03_11_25,3
p1688,milaw,03_11_25,1
p1688,usm,03_11_25,1
p1688,vet,03_11_25,1
p1688,ny,03_11_25,1
p1688,s2leo,03_11_25,1
p1688,cf,03_11_25,3
milaw,usm,03_11_25,1
milaw,vet,03_11_25,1
milaw,ny,03_11_25,1
milaw,s2leo,03_11_25,1
milaw,cf,03_11_25,3
usm,vet,03_11_25,1
usm,ny,03_11_25,1
usm,s2leo,03_11_25,1
usm,cf,03_11_25,3
vet,ny,03_11_25,1
vet,s2leo,03_11_25,1
vet,cf,03_11_25,3
ny,s2leo,03_11_25,1
ny,cf,03_11_25,3
s2leo,cf,03_11_25,3
p1689,nila,03_11_25,1
p1689,usm,03_11_25,1
p1689,vet,03_11_25,1
p1689,ny,03_11_25,1
p1689,cf,03_11_25,3
nila,usm,03_11_25,1
nila,vet,03_11_25,1
nila,ny,03_11_25,1
nila,cf,03_11_25,3
usm,vet,03_11_25,1
usm,ny,03_11_25,1
usm,cf,03_11_25,3
vet,ny,03_11_25,1
vet,cf,03_11_25,3
ny,cf,03_11_25,3
p1690,kh,03_11_25,3
p1690,cont,03_11_25,1
p1690,ne,03_11_25,1
p1690,ny,03_11_25,2
p1690,sedu,03_11_25,1
p1690,cf,03_11_25,3
kh,cont,03_11_25,1
kh,ne,03_11_25,1
kh,ny,03_11_25,2
kh,sedu,03_11_25,1
kh,cf,03_11_25,3
cont,ne,03_11_25,1
cont,ny,03_11_25,1
cont,sedu,03_11_25,1
cont,cf,03_11_25,3
ne,ny,03_11_25,2
ne,sedu,03_11_25,1
ne,cf,03_11_25,3
ny,sedu,03_11_25,1
ny,cf,03_11_25,3
sedu,cf,03_11_25,3
p1691,s2rlm,03_11_25,3
p1691,d,03_11_25,2
p1691,flw,03_11_25,2
p1691,fone,03_11_25,3
p1691,cf,03_11_25,3
s2rlm,d,03_11_25,2
s2rlm,flw,03_11_25,2
s2rlm,fone,03_11_25,2
s2rlm,cf,03_11_25,3
d,flw,03_11_25,2
d,fone,03_11_25,2
d,cf,03_11_25,3
flw,fone,03_11_25,2
flw,cf,03_11_25,3
fone,cf,03_11_25,3
p1692,zm,03_11_25,2
p1692,ny,03_11_25,3
p1692,d,03_11_25,2
p1692,cusi,03_11_25,2
p1692,ancu,03_11_25,2
p1692,comm,03_11_25,3
p1692,cf,03_11_25,3
p1692,s2pa,03_11_25,3
zm,ny,03_11_25,3
zm,d,03_11_25,2
zm,cusi,03_11_25,2
zm,ancu,03_11_25,2
zm,comm,03_11_25,3
zm,cf,03_11_25,3
zm,s2pa,03_11_25,3
ny,d,03_11_25,2
ny,cusi,03_11_25,2
ny,ancu,03_11_25,2
ny,comm,03_11_25,3
ny,cf,03_11_25,3
ny,s2pa,03_11_25,3
d,cusi,03_11_25,2
d,ancu,03_11_25,2
d,comm,03_11_25,2
d,cf,03_11_25,3
d,s2pa,03_11_25,3
cusi,ancu,03_11_25,2
cusi,comm,03_11_25,2
cusi,cf,03_11_25,3
cusi,s2pa,03_11_25,3
ancu,comm,03_11_25,2
ancu,cf,03_11_25,3
ancu,s2pa,03_11_25,3
comm,cf,03_11_25,3
comm,s2pa,03_11_25,3
cf,s2pa,03_11_25,3
p1693,r,03_11_25,3
p1693,d,03_11_25,2
p1693,vir,03_11_25,3
p1693,nj,03_11_25,3
p1693,cf,03_11_25,3
p1693,s2pa,03_11_25,3
r,d,03_11_25,3
r,vir,03_11_25,3
r,nj,03_11_25,3
r,cf,03_11_25,3
r,s2pa,03_11_25,3
d,vir,03_11_25,2
d,nj,03_11_25,2
d,cf,03_11_25,2
d,s2pa,03_11_25,2
vir,nj,03_11_25,2
vir,cf,03_11_25,3
vir,s2pa,03_11_25,3
nj,cf,03_11_25,3
nj,s2pa,03_11_25,3
p1694,mala,03_11_25,3
p1694,le,03_11_25,3
p1694,jafee,03_11_25,2
p1694,cong,03_11_25,3
p1694,ae,03_11_25,3
p1694,cf,03_11_25,3
p1694,s2pa,03_11_25,3
mala,le,03_11_25,3
mala,jafee,03_11_25,2
mala,cong,03_11_25,3
mala,ae,03_11_25,3
mala,cf,03_11_25,3
mala,s2pa,03_11_25,3
le,cong,03_11_25,3
le,ae,03_11_25,3
le,cf,03_11_25,3
le,s2pa,03_11_25,3
cong,ae,03_11_25,3
cong,cf,03_11_25,3
cong,s2pa,03_11_25,3
ae,cf,03_11_25,3
ae,s2pa,03_11_25,3
jafee,cf,03_11_25,2
jafee,s2pa,03_11_25,2
p1695,r,03_11_25,1
p1695,d,03_11_25,2
p1695,americans,03_11_25,3
p1695,nj,03_11_25,3
p1695,vir,03_11_25,3
p1695,gov,03_11_25,3
p1695,attorney,03_11_25,3
r,d,03_11_25,2
r,americans,03_11_25,1
r,nj,03_11_25,1
r,vir,03_11_25,1
r,gov,03_11_25,1
r,attorney,03_11_25,1
d,americans,03_11_25,2
d,nj,03_11_25,2
d,vir,03_11_25,2
d,gov,03_11_25,2
d,attorney,03_11_25,2
americans,nj,03_11_25,3
americans,vir,03_11_25,3
americans,gov,03_11_25,3
americans,attorney,03_11_25,3
nj,vir,03_11_25,3
nj,gov,03_11_25,3
nj,attorney,03_11_25,3
vir,gov,03_11_25,3
vir,attorney,03_11_25,3
gov,attorney,03_11_25,3
p1696,r,03_11_25,1
p1696,d,03_11_25,2
p1696,americans,03_11_25,3
p1696,nj,03_11_25,3
p1696,vir,03_11_25,3
p1696,ms,03_11_25,2
p1696,as,03_11_25,2
p1696,gov,03_11_25,3
p1696,attorney,03_11_25,3
p1696,s2pa,03_11_25,3
r,d,03_11_25,2
r,americans,03_11_25,1
r,nj,03_11_25,1
r,vir,03_11_25,1
r,ms,03_11_25,1
r,as,03_11_25,1
r,gov,03_11_25,1
r,attorney,03_11_25,1
r,s2pa,03_11_25,3
d,americans,03_11_25,2
d,nj,03_11_25,2
d,vir,03_11_25,2
d,ms,03_11_25,2
d,as,03_11_25,2
d,gov,03_11_25,2
d,attorney,03_11_25,2
d,s2pa,03_11_25,3
ms,as,03_11_25,3
ms,nj,03_11_25,3
ms,vir,03_11_25,3
ms,gov,03_11_25,3
ms,attorney,03_11_25,3
ms,s2pa,03_11_25,3
as,nj,03_11_25,3
as,vir,03_11_25,3
as,gov,03_11_25,3
as,attorney,03_11_25,3
as,s2pa,03_11_25,3
nj,vir,03_11_25,3
nj,gov,03_11_25,3
nj,attorney,03_11_25,3
nj,s2pa,03_11_25,3
vir,gov,03_11_25,3
vir,attorney,03_11_25,3
vir,s2pa,03_11_25,3
gov,attorney,03_11_25,3
gov,s2pa,03_11_25,3
attorney,s2pa,03_11_25,3
p1697,r,03_11_25,1
p1697,d,03_11_25,2
p1697,americans,03_11_25,1
p1697,nj,03_11_25,3
p1697,vir,03_11_25,3
p1697,s2pa,03_11_25,3
r,d,03_11_25,2
r,americans,03_11_25,1
r,nj,03_11_25,1
r,vir,03_11_25,1
r,s2pa,03_11_25,3
d,americans,03_11_25,2
d,nj,03_11_25,2
d,vir,03_11_25,2
d,s2pa,03_11_25,3
nj,vir,03_11_25,3
nj,s2pa,03_11_25,3
vir,s2pa,03_11_25,3
americans,s2pa,03_11_25,3
p1698,cf,02_11_25,3
p1698,apf,02_11_25,1
p1698,usm,02_11_25,1
p1698,afarm,02_11_25,1
p1698,atp,02_11_25,1
apf,cf,02_11_25,1
usm,cf,02_11_25,1
afarm,cf,02_11_25,1
atp,cf,02_11_25,1
apf,usm,02_11_25,1
apf,afarm,02_11_25,1
apf,atp,02_11_25,1
usm,afarm,02_11_25,1
usm,atp,02_11_25,1
afarm,atp,02_11_25,1
p1699,d,04_11_25,3
p1699,r,04_11_25,1
p1699,scot,04_11_25,3
p1699,cong,04_11_25,3
p1699,dsen,04_11_25,2
p1699,s2pa,04_11_25,3
d,r,04_11_25,2
d,scot,04_11_25,2
d,cong,04_11_25,2
d,dsen,04_11_25,2
d,s2pa,04_11_25,3
r,scot,04_11_25,1
r,cong,04_11_25,1
r,dsen,04_11_25,1
r,s2pa,04_11_25,3
scot,cong,04_11_25,3
scot,dsen,04_11_25,3
scot,s2pa,04_11_25,3
cong,dsen,04_11_25,3
cong,s2pa,04_11_25,3
dsen,s2pa,04_11_25,3
p1700,jewp,04_11_25,2
p1700,zm,04_11_25,2
p1700,s2pa,04_11_25,3
jewp,zm,04_11_25,2
jewp,s2pa,04_11_25,3
zm,s2pa,04_11_25,2
p1701,r,04_11_25,1
p1701,s2pa,04_11_25,3
p1701,ep,04_11_25,3
r,s2pa,04_11_25,3
r,ep,04_11_25,3
s2pa,ep,04_11_25,3
p1702,jos,04_11_25,2
p1702,msnbc,04_11_25,2
jos,msnbc,04_11_25,2
p1703,jb,04_11_25,2
p1703,d,04_11_25,2
p1703,s2pa,04_11_25,3
jb,s2pa,04_11_25,2
d,s2pa,04_11_25,2
jb,d,04_11_25,2
p1704,cal,04_11_25,3
p1704,r,04_11_25,3
p1704,ef,04_11_25,3
cal,ef,04_11_25,3
r,ef,04_11_25,3
cal,r,04_11_25,3
p1705,tenney,04_11_25,1
p1705,heic,04_11_25,1
p1705,cf,04_11_25,3
p1705,ep,04_11_25,3
tenney,cf,04_11_25,1
tenney,ep,04_11_25,1
heic,cf,04_11_25,3
heic,ep,04_11_25,3
tenney,heic,04_11_25,3
p1706,rwi,04_11_25,1
p1706,hasc,04_11_25,3
p1706,cf,04_11_25,3
p1706,ep,04_11_25,3
rwi,cf,04_11_25,3
rwi,ep,04_11_25,3
hasc,cf,04_11_25,3
hasc,ep,04_11_25,3
rwi,hasc,04_11_25,3
p1707,scot,04_11_25,3
p1707,s2pa,04_11_25,3
p1707,ep,04_11_25,3
scot,s2pa,04_11_25,3
scot,ep,04_11_25,3
p1708,repswi,04_11_25,1
p1708,jgreer,04_11_25,1
p1708,caaa,04_11_25,3
repswi,jgreer,04_11_25,1
p1709,jocon,04_11_25,1
p1709,oj,04_11_25,1
p1709,kol,04_11_25,1
p1709,yesh,04_11_25,1
p1709,suc,04_11_25,3
jocon,oj,04_11_25,1
jocon,kol,04_11_25,1
jocon,yesh,04_11_25,1
jocon,suc,04_11_25,3
oj,kol,04_11_25,1
oj,yesh,04_11_25,1
oj,suc,04_11_25,3
kol,yesh,04_11_25,1
kol,suc,04_11_25,3
yesh,suc,04_11_25,3
p1710,sedu,04_11_25,1
p1710,nasa,04_11_25,1
p1710,ji,04_11_25,1
p1710,s2mi2,04_11_25,1
p1710,s2usmc,04_11_25,1
p1710,liv,04_11_25,1
p1710,mila,04_11_25,1
p1710,aogo,04_11_25,3
sedu,nasa,04_11_25,1
sedu,ji,04_11_25,1
sedu,aogo,04_11_25,3
nasa,ji,04_11_25,1
nasa,aogo,04_11_25,3
ji,s2mi2,04_11_25,1
ji,mila,04_11_25,1
ji,liv,04_11_25,1
ji,aogo,04_11_25,3
s2mi2,mila,04_11_25,1
s2mi2,liv,04_11_25,1
s2mi2,aogo,04_11_25,3
mila,liv,04_11_25,1
mila,aogo,04_11_25,3
liv,aogo,04_11_25,3
p1711,smin,04_11_25,1
p1711,s2cbs,04_11_25,1
p1711,tva,04_11_25,3
smin,s2cbs,04_11_25,1
smin,tva,04_11_25,3
s2cbs,tva,04_11_25,3
p1712,r,04_11_25,1
p1712,ef,04_11_25,3
r,ef,04_11_25,3
p1713,scot,04_11_25,1
p1713,ef,04_11_25,3
scot,ef,04_11_25,3
p1714,amerp,05_11_25,1
p1714,usa,05_11_25,1
p1714,af,05_11_25,3
amerp,usa,05_11_25,1
amerp,af,05_11_25,3
usa,af,05_11_25,3
p1715,chuschu,05_11_25,2
p1715,cong,05_11_25,2
p1715,bbb,05_11_25,3
chuschu,cong,05_11_25,2
chuschu,bbb,05_11_25,3
cong,bbb,05_11_25,3
p1716,d,05_11_25,2
p1716,americans,05_11_25,1
p1716,fg,05_11_25,1
p1716,trav,05_11_25,1
p1716,spc,05_11_25,3
d,americans,05_11_25,2
d,fg,05_11_25,2
d,trav,05_11_25,2
d,spc,05_11_25,3
americans,fg,05_11_25,1
americans,trav,05_11_25,1
americans,spc,05_11_25,3
fg,trav,05_11_25,1
fg,spc,05_11_25,3
trav,spc,05_11_25,3
p1717,d,05_11_25,2
p1717,cong,05_11_25,2
p1717,amerp,05_11_25,1
p1717,illali,05_11_25,2
p1717,spc,05_11_25,3
d,cong,05_11_25,2
d,amerp,05_11_25,2
d,illali,05_11_25,2
d,spc,05_11_25,3
cong,amerp,05_11_25,2
cong,illali,05_11_25,2
cong,spc,05_11_25,2
amerp,illali,05_11_25,1
amerp,spc,05_11_25,2
illali,spc,05_11_25,2
p1718,amerp,05_11_25,1
p1718,s2tp,05_11_25,1
p1718,amw,05_11_25,1
p1718,spc,05_11_25,3
amerp,s2tp,05_11_25,1
amerp,amw,05_11_25,1
amerp,spc,05_11_25,3
s2tp,amw,05_11_25,1
s2tp,spc,05_11_25,3
amw,spc,05_11_25,3
p1719,usa,05_11_25,1
p1719,usm,05_11_25,1
p1719,inf,05_11_25,3
usa,usm,05_11_25,1
usa,inf,05_11_25,1
usm,inf,05_11_25,1
p1720,usa,05_11_25,1
p1720,amerp,05_11_25,1
p1720,ameco,05_11_25,1
p1720,inf,05_11_25,3
usa,amerp,05_11_25,1
usa,ameco,05_11_25,1
usa,inf,05_11_25,1
amerp,ameco,05_11_25,1
amerp,inf,05_11_25,1
ameco,inf,05_11_25,1
p1721,fs,05_11_25,1
p1721,caaa,05_11_25,3
p1721,cmia,05_11_25,1
fs,caaa,05_11_25,1
cmia,caaa,05_11_25,1
p1722,usa,05_11_25,1
p1722,nwt,05_11_25,3
p1722,nas,05_11_25,3
p1722,dow,05_11_25,1
usa,nwt,05_11_25,1
usa,nas,05_11_25,1
usa,dow,05_11_25,1
nwt,dow,05_11_25,1
nas,dow,05_11_25,1
p1723,usa,05_11_25,1
p1723,crpo,05_11_25,1
p1723,nga,05_11_25,1
p1723,rb,05_11_25,3
usa,crpo,05_11_25,1
usa,nga,05_11_25,1
usa,rb,05_11_25,3
crpo,nga,05_11_25,2
crpo,rb,05_11_25,3
nga,rb,05_11_25,2
p1724,asia,05_11_25,3
p1724,usa,05_11_25,1
p1724,iv,05_11_25,3
asia,iv,05_11_25,1
usa,iv,05_11_25,1
p1725,s2st,05_11_25,1
p1725,jpn,05_11_25,1
p1725,pair,05_11_25,3
s2st,jpn,05_11_25,1
s2st,pair,05_11_25,1
jpn,pair,05_11_25,1
p1726,xj,05_11_25,1
p1726,cn,05_11_25,1
p1726,pair,05_11_25,3
xj,cn,05_11_25,1
xj,pair,05_11_25,1
cn,pair,05_11_25,1
p1727,cbob,05_11_25,1
p1727,jsmi,05_11_25,2
p1727,bida,05_11_25,2
p1727,amerp,05_11_25,1
p1727,d,05_11_25,2
p1727,marla,05_11_25,1
p1727,trum,05_11_25,1
p1727,js,05_11_25,3
p1727,boo,05_11_25,3
cbob,js,05_11_25,1
cbob,boo,05_11_25,1
jsmi,js,05_11_25,2
jsmi,boo,05_11_25,2
bida,js,05_11_25,2
bida,boo,05_11_25,2
amerp,js,05_11_25,1
amerp,boo,05_11_25,1
d,js,05_11_25,2
d,boo,05_11_25,2
marla,js,05_11_25,1
marla,boo,05_11_25,1
trum,js,05_11_25,1
trum,boo,05_11_25,1
cbob,jsmi,05_11_25,1
cbob,bida,05_11_25,2
cbob,amerp,05_11_25,1
cbob,d,05_11_25,2
cbob,marla,05_11_25,1
cbob,trum,05_11_25,1
jsmi,bida,05_11_25,2
jsmi,amerp,05_11_25,3
jsmi,d,05_11_25,2
jsmi,marla,05_11_25,3
jsmi,trum,05_11_25,3
bida,amerp,05_11_25,2
bida,d,05_11_25,2
bida,marla,05_11_25,2
bida,trum,05_11_25,2
amerp,d,05_11_25,3
amerp,marla,05_11_25,1
amerp,trum,05_11_25,1
d,marla,05_11_25,3
d,trum,05_11_25,2
marla,trum,05_11_25,1
p1728,pnav,05_11_25,1
p1728,bida,05_11_25,2
p1728,d,05_11_25,2
p1728,amerp,05_11_25,1
p1728,gap,05_11_25,1
p1728,js,05_11_25,3
p1728,boo,05_11_25,3
pnav,js,05_11_25,1
pnav,boo,05_11_25,1
bida,js,05_11_25,2
bida,boo,05_11_25,2
d,js,05_11_25,2
d,boo,05_11_25,2
amerp,js,05_11_25,1
amerp,boo,05_11_25,1
gap,js,05_11_25,1
gap,boo,05_11_25,1
pnav,bida,05_11_25,2
pnav,d,05_11_25,2
pnav,amerp,05_11_25,1
pnav,gap,05_11_25,1
bida,d,05_11_25,2
bida,amerp,05_11_25,2
bida,gap,05_11_25,2
d,amerp,05_11_25,3
d,gap,05_11_25,2
amerp,gap,05_11_25,1
p1729,blou,05_11_25,1
p1729,geo,05_11_25,3
p1729,hist,05_11_25,3
p1729,boo,05_11_25,3
blou,hist,05_11_25,1
blou,boo,05_11_25,1
geo,hist,05_11_25,3
geo,boo,05_11_25,3
blou,geo,05_11_25,1
p1730,s2gc,05_11_25,1
p1730,chi,05_11_25,3
p1730,boo,05_11_25,3
p1730,crm,05_11_25,3
s2gc,boo,05_11_25,1
s2gc,crm,05_11_25,1
chi,boo,05_11_25,3
chi,crm,05_11_25,2
s2gc,clicha,05_11_25,1
p1731,nipa,05_11_25,1
p1731,fbi,05_11_25,3
p1731,boo,05_11_25,3
p1731,js,05_11_25,3
nipa,boo,05_11_25,1
nipa,js,05_11_25,2
fbi,boo,05_11_25,3
fbi,js,05_11_25,2
nipa,fbi,05_11_25,1
p1732,walm,05_11_25,1
p1732,jb,05_11_25,3
p1732,boo,05_11_25,3
p1732,caaa,05_11_25,3
p1732,s2pa,05_11_25,3
walm,caaa,05_11_25,1
walm,s2pa,05_11_25,3
jb,caaa,05_11_25,2
jb,s2pa,05_11_25,2
walm,jb,05_11_25,2
p1733,ngov,05_11_25,3
p1733,chr,05_11_25,3
p1733,s2pa,05_11_25,3
ngov,s2pa,05_11_25,2
chr,s2pa,05_11_25,1
ngov,chr,05_11_25,2
p1734,obamac,05_11_25,3
p1734,s2pa,05_11_25,3
obamac,s2pa,05_11_25,2
p1735,r,05_11_25,3
p1735,cf,05_11_25,3
r,cf,05_11_25,1
p1736,americans,05_11_25,3
p1736,caaa,05_11_25,3
americans,caaa,05_11_25,1
p1737,jb,06_11_25,3
p1737,d,06_11_25,3
p1737,walm,06_11_25,3
p1737,inf,06_11_25,3
jb,inf,06_11_25,2
d,inf,06_11_25,2
walm,inf,06_11_25,1
p1738,d,06_11_25,3
p1738,d,06_11_25,3
p1738,d,06_11_25,3
d,caaa,06_11_25,2
r,caaa,06_11_25,1
p1739,jl,06_11_25,3
p1739,le,06_11_25,3
p1739,usm,06_11_25,3
p1739,vet,06_11_25,3
p1739,americans,06_11_25,3
p1739,ta,06_11_25,3
p1739,sch,06_11_25,3
p1739,ep,06_11_25,3
p1739,sec,06_11_25,3
jl,le,06_11_25,1
jl,usm,06_11_25,1
jl,vet,06_11_25,1
jl,americans,06_11_25,1
jl,ta,06_11_25,1
jl,sch,06_11_25,1
jl,ep,06_11_25,1
jl,sec,06_11_25,1
le,usm,06_11_25,1
le,vet,06_11_25,1
le,sec,06_11_25,1
usm,vet,06_11_25,1
usm,sec,06_11_25,1
vet,sec,06_11_25,1
ta,americans,06_11_25,1
sch,americans,06_11_25,1
ep,americans,06_11_25,1
sec,americans,06_11_25,1
p1740,bbn,06_11_25,1
p1740,isr,06_11_25,1
p1740,kajoto,06_11_25,1
p1740,kaz,06_11_25,1
p1740,count,06_11_25,1
p1740,abac,06_11_25,1
p1740,pair,06_11_25,3
bbn,isr,06_11_25,1
bbn,kajoto,06_11_25,1
bbn,kaz,06_11_25,1
bbn,count,06_11_25,1
isr,kajoto,06_11_25,1
isr,kaz,06_11_25,1
isr,count,06_11_25,1
kajoto,kaz,06_11_25,1
kajoto,count,06_11_25,1
kaz,count,06_11_25,1
bbn,pair,06_11_25,1
isr,pair,06_11_25,1
kajoto,pair,06_11_25,1
kaz,pair,06_11_25,1
count,pair,06_11_25,1
abac,pair,06_11_25,1
p1741,usa,06_11_25,1
p1741,uzb,06_11_25,1
p1741,shmi,06_11_25,1
p1741,amse,06_11_25,1
p1741,pair,06_11_25,3
usa,uzb,06_11_25,1
usa,shmi,06_11_25,1
uzb,shmi,06_11_25,1
usa,pair,06_11_25,1
uzb,pair,06_11_25,1
shmi,pair,06_11_25,1
amse,pair,06_11_25,1
p1742,s2pa,07_11_25,3
p1742,np,07_11_25,2
p1742,americans,07_11_25,2
np,americans,07_11_25,2
np,s2pa,07_11_25,3
americans,s2pa,07_11_25,3
p1743,r,07_11_25,1
p1743,d,07_11_25,2
p1743,s2pa,07_11_25,3
r,d,07_11_25,2
r,s2pa,07_11_25,3
d,s2pa,07_11_25,3
p1744,r,07_11_25,1
p1744,af,07_11_25,3
r,af,07_11_25,3
p1745,doj,07_11_25,3
p1745,afarm,07_11_25,1
p1745,atp,07_11_25,1
p1745,corp,07_11_25,2
p1745,caaa,07_11_25,3
doj,afarm,07_11_25,1
doj,atp,07_11_25,1
doj,corp,07_11_25,3
afarm,atp,07_11_25,1
afarm,corp,07_11_25,2
afarm,caaa,07_11_25,3
atp,corp,07_11_25,3
atp,caaa,07_11_25,3
corp,caaa,07_11_25,3
p1746,s2uss,07_11_25,3
p1746,r,07_11_25,1
p1746,amw,07_11_25,1
p1746,af,07_11_25,3
r,amw,07_11_25,1
r,af,07_11_25,3
amw,af,07_11_25,3
s2uss,r,07_11_25,3
s2uss,amw,07_11_25,3
s2uss,af,07_11_25,3
p1747,g20,07_11_25,2
p1747,afrik,07_11_25,2
p1747,soaf,07_11_25,2
p1747,dutch,07_11_25,3
p1747,french,07_11_25,3
p1747,germ,07_11_25,3
p1747,usoff,07_11_25,1
p1747,cmia,07_11_25,1
p1747,fl,07_11_25,1
p1747,pair,07_11_25,3
g20,afrik,07_11_25,2
g20,soaf,07_11_25,2
g20,dutch,07_11_25,3
g20,french,07_11_25,3
g20,germ,07_11_25,3
g20,usoff,07_11_25,2
g20,cmia,07_11_25,3
g20,fl,07_11_25,3
g20,pair,07_11_25,3
afrik,soaf,07_11_25,3
afrik,dutch,07_11_25,3
afrik,french,07_11_25,3
afrik,germ,07_11_25,3
afrik,usoff,07_11_25,3
afrik,cmia,07_11_25,3
afrik,fl,07_11_25,3
afrik,pair,07_11_25,3
soaf,dutch,07_11_25,3
soaf,french,07_11_25,3
soaf,germ,07_11_25,3
soaf,usoff,07_11_25,3
soaf,cmia,07_11_25,3
soaf,fl,07_11_25,3
soaf,pair,07_11_25,3
dutch,french,07_11_25,3
dutch,germ,07_11_25,3
dutch,usoff,07_11_25,3
dutch,cmia,07_11_25,3
dutch,fl,07_11_25,3
dutch,pair,07_11_25,3
french,germ,07_11_25,3
french,usoff,07_11_25,3
french,cmia,07_11_25,3
french,fl,07_11_25,3
french,pair,07_11_25,3
germ,usoff,07_11_25,3
germ,cmia,07_11_25,3
germ,fl,07_11_25,3
germ,pair,07_11_25,3
usoff,cmia,07_11_25,3
usoff,fl,07_11_25,3
usoff,pair,07_11_25,3
cmia,fl,07_11_25,3
cmia,pair,07_11_25,3
fl,pair,07_11_25,3
p1748,jkenn,07_11_25,1
p1748,rpa,07_11_25,2
p1748,s2mec,07_11_25,2
p1748,cong,07_11_25,3
p1748,spc,07_11_25,3
jkenn,rpa,07_11_25,2
jkenn,s2mec,07_11_25,1
jkenn,cong,07_11_25,1
rpa,s2mec,07_11_25,2
rpa,cong,07_11_25,3
s2mec,cong,07_11_25,3
jkenn,spc,07_11_25,3
rpa,spc,07_11_25,3
s2mec,spc,07_11_25,3
cong,spc,07_11_25,3
p1749,nyt,07_11_25,2
p1749,lkuo,07_11_25,2
p1749,dpi,07_11_25,2
p1749,xj,07_11_25,1
p1749,chn,07_11_25,3
p1749,usa,07_11_25,1
p1749,world,07_11_25,1
p1749,af,07_11_25,3
p1749,fone,07_11_25,3
nyt,lkuo,07_11_25,3
nyt,dpi,07_11_25,3
xj,chn,07_11_25,1
usa,chn,07_11_25,1
usa,world,07_11_25,1
chn,world,07_11_25,1
nyt,fone,07_11_25,2
lkuo,fone,07_11_25,2
dpi,fone,07_11_25,2
xj,af,07_11_25,1
chn,af,07_11_25,3
usa,af,07_11_25,1
world,af,07_11_25,1
p1750,repsen,07_11_25,1
p1750,d,07_11_25,2
p1750,usa,07_11_25,1
p1750,s2lg,07_11_25,3
p1750,af,07_11_25,3
repsen,d,07_11_25,2
repsen,usa,07_11_25,1
d,usa,07_11_25,2
repsen,s2lg,07_11_25,3
d,s2lg,07_11_25,3
usa,s2lg,07_11_25,3
repsen,af,07_11_25,3
d,af,07_11_25,3
usa,af,07_11_25,3
p1751,kajoto,07_11_25,1
p1751,shmi,07_11_25,1
p1751,rahm,07_11_25,1
p1751,jap,07_11_25,1
p1751,berd,07_11_25,1
p1751,kaz,07_11_25,1
p1751,uzb,07_11_25,1
p1751,taj,07_11_25,1
p1751,kyr,07_11_25,1
p1751,turk,07_11_25,1
p1751,army,07_11_25,1
p1751,wh,07_11_25,1
p1751,c51,07_11_25,1
p1751,af,07_11_25,3
p1751,pm,07_11_25,3
kajoto,kaz,07_11_25,1
shmi,uzb,07_11_25,1
rahm,taj,07_11_25,1
jap,kyr,07_11_25,1
berd,turk,07_11_25,1
army,kaz,07_11_25,1
army,uzb,07_11_25,1
army,taj,07_11_25,1
army,kyr,07_11_25,1
army,turk,07_11_25,1
wh,army,07_11_25,1
c51,army,07_11_25,1
c51,kaz,07_11_25,1
c51,uzb,07_11_25,1
c51,taj,07_11_25,1
c51,kyr,07_11_25,1
c51,turk,07_11_25,1
kajoto,af,07_11_25,3
shmi,af,07_11_25,3
rahm,af,07_11_25,3
jap,af,07_11_25,3
berd,af,07_11_25,3
kaz,af,07_11_25,3
uzb,af,07_11_25,3
taj,af,07_11_25,3
kyr,af,07_11_25,3
turk,af,07_11_25,3
army,af,07_11_25,3
wh,af,07_11_25,3
c51,af,07_11_25,3
kajoto,pm,07_11_25,3
shmi,pm,07_11_25,3
rahm,pm,07_11_25,3
jap,pm,07_11_25,3
berd,pm,07_11_25,3
kaz,pm,07_11_25,3
uzb,pm,07_11_25,3
taj,pm,07_11_25,3
kyr,pm,07_11_25,3
turk,pm,07_11_25,3
army,pm,07_11_25,3
wh,pm,07_11_25,3
c51,pm,07_11_25,3
p1752,vr,07_11_25,1
p1752,oh,07_11_25,1
p1752,usa,07_11_25,1
p1752,americans,07_11_25,1
p1752,suc,07_11_25,3
p1752,ta,07_11_25,3
p1752,ep,07_11_25,3
p1752,crm,07_11_25,3
p1752,vet,07_11_25,3
p1752,le,07_11_25,3
p1752,ef,07_11_25,3
p1752,sec,07_11_25,3
vr,oh,07_11_25,1
vr,usa,07_11_25,1
vr,americans,07_11_25,1
vr,vet,07_11_25,1
vr,le,07_11_25,1
vr,sec,07_11_25,1
vr,ef,07_11_25,1
vr,ta,07_11_25,1
vr,ep,07_11_25,1
vr,crm,07_11_25,1
usa,vet,07_11_25,1
usa,le,07_11_25,1
americans,le,07_11_25,1
p1753,d,08_11_25,2
p1753,usa,08_11_25,1
p1753,ameco,08_11_25,1
p1753,inf,08_11_25,3
d,ameco,08_11_25,2
d,usa,08_11_25,2
usa,ameco,08_11_25,1
d,inf,08_11_25,2
usa,inf,08_11_25,1
ameco,inf,08_11_25,1
p1754,r,08_11_25,1
p1754,icomp,08_11_25,2
p1754,amerp,08_11_25,1
p1754,obamac,08_11_25,2
p1754,med,08_11_25,3
r,obamac,08_11_25,2
r,amerp,08_11_25,1
icomp,obamac,08_11_25,2
icomp,amerp,08_11_25,2
obamac,amerp,08_11_25,2
p1755,r,08_11_25,1
p1755,d,08_11_25,2
p1755,s2pa,08_11_25,3
d,s2pa,08_11_25,2
p1756,usn,08_11_25,1
p1756,s2usmc,08_11_25,1
p1756,foxn,08_11_25,3
p1756,ma,08_11_25,3
p1756,usm,08_11_25,1
usn,s2usmc,08_11_25,1
usn,usm,08_11_25,1
s2usmc,usm,08_11_25,1
usn,ma,08_11_25,1
s2usmc,ma,08_11_25,1
usm,ma,08_11_25,1
foxn,ma,08_11_25,3
p1757,obamac,08_11_25,2
p1757,icomp,08_11_25,2
p1757,amerp,08_11_25,1
p1757,med,08_11_25,3
obamac,icomp,08_11_25,2
obamac,amerp,08_11_25,2
icomp,amerp,08_11_25,2
obamac,med,08_11_25,2
icomp,med,08_11_25,2
amerp,med,08_11_25,1
p1758,ml,08_11_25,1
p1758,latr,08_11_25,1
p1758,fone,08_11_25,3
p1758,tva,08_11_25,3
ml,latr,08_11_25,1
ml,fone,08_11_25,1
ml,tva,08_11_25,1
latr,fone,08_11_25,1
latr,tva,08_11_25,1
fone,tva,08_11_25,3
p1759,r,09_11_25,1
p1759,spc,09_11_25,3
r,spc,09_11_25,2
p1760,icomp,09_11_25,2
p1760,amerp,09_11_25,1
p1760,med,09_11_25,3
icomp,amerp,09_11_25,2
icomp,med,09_11_25,2
amerp,med,09_11_25,3
p1761,obamac,09_11_25,3
p1761,med,09_11_25,3
obamac,med,09_11_25,2
p1762,peop,09_11_25,2
p1762,usa,09_11_25,3
p1762,inf,09_11_25,1
p1762,iv,09_11_25,1
peop,inf,09_11_25,3
peop,iv,09_11_25,1
usa,inf,09_11_25,3
usa,iv,09_11_25,1
p1763,usa,09_11_25,1
p1763,scot,09_11_25,2
p1763,cong,09_11_25,1
p1763,s2fc,09_11_25,2
p1763,t,09_11_25,3
p1763,nas,09_11_25,3
usa,t,09_11_25,1
usa,nas,09_11_25,1
scot,t,09_11_25,2
scot,nas,09_11_25,3
cong,t,09_11_25,1
cong,nas,09_11_25,1
s2fc,t,09_11_25,2
s2fc,nas,09_11_25,3
p1764,joco,09_11_25,1
p1764,usa,09_11_25,1
p1764,bela,09_11_25,1
p1764,aluk,09_11_25,1
p1764,lp,09_11_25,3
p1764,nas,09_11_25,3
joco,lp,09_11_25,1
joco,nas,09_11_25,1
usa,lp,09_11_25,1
usa,nas,09_11_25,1
bela,lp,09_11_25,1
bela,nas,09_11_25,1
aluk,lp,09_11_25,1
aluk,nas,09_11_25,1
p1765,amerp,09_11_25,1
p1765,r,09_11_25,1
p1765,d,09_11_25,2
p1765,icomp,09_11_25,2
p1765,obamac,09_11_25,2
p1765,fg,09_11_25,1
p1765,med,09_11_25,3
amerp,med,09_11_25,1
amerp,icomp,09_11_25,1
r,med,09_11_25,1
r,icomp,09_11_25,1
d,med,09_11_25,2
d,icomp,09_11_25,2
icomp,med,09_11_25,2
obamac,med,09_11_25,2
fg,med,09_11_25,1
fg,icomp,09_11_25,1
fg,obamac,09_11_25,1
p1766,d,09_11_25,2
p1766,r,09_11_25,1
p1766,s2ins,09_11_25,2
p1766,americans,09_11_25,1
p1766,obamac,09_11_25,2
p1766,med,09_11_25,3
p1766,bbb,09_11_25,3
p1766,cor,09_11_25,3
p1766,inf,09_11_25,3
d,s2ins,09_11_25,2
d,obamac,09_11_25,2
d,cor,09_11_25,2
s2ins,med,09_11_25,2
r,bbb,09_11_25,1
r,med,09_11_25,1
americans,med,09_11_25,1
d,americans,09_11_25,2
obamac,s2ins,09_11_25,2
p1767,jb,09_11_25,2
p1767,d,09_11_25,2
p1767,rus,09_11_25,3
p1767,ukr,09_11_25,3
p1767,ham,09_11_25,2
p1767,israe,09_11_25,1
p1767,media,09_11_25,2
p1767,bifa,09_11_25,2
p1767,serv,09_11_25,1
p1767,usa,09_11_25,1
p1767,afg,09_11_25,2
p1767,inf,09_11_25,3
p1767,fn,09_11_25,3
p1767,war,09_11_25,3
p1767,ham,09_11_25,3
p1767,isr,09_11_25,3
p1767,rus,09_11_25,3
p1767,ukr,09_11_25,3
p1767,lp,09_11_25,3
p1767,par,09_11_25,3
p1767,le,09_11_25,3
p1767,ep,09_11_25,3
p1767,crm,09_11_25,3
p1767,s2pa,09_11_25,3
jb,d,09_11_25,2
jb,media,09_11_25,2
jb,bifa,09_11_25,2
rus,ukr,09_11_25,3
ham,israe,09_11_25,2
jb,inf,09_11_25,2
jb,ep,09_11_25,2
jb,le,09_11_25,2
jb,par,09_11_25,2
ham,war,09_11_25,2
rus,war,09_11_25,3
ukr,war,09_11_25,3
serv,war,09_11_25,1
usa,inf,09_11_25,2
jb,afg,09_11_25,2
afg,war,09_11_25,3
p1768,brar,09_11_25,3
p1768,s2env,09_11_25,2
p1768,rfb,09_11_25,2
p1768,clicha,09_11_25,3
s2env,rfb,09_11_25,2
brar,rfb,09_11_25,3
s2env,clicha,09_11_25,2
rfb,clicha,09_11_25,2
p1769,d,09_11_25,2
p1769,ef,09_11_25,3
p1769,cf,09_11_25,3
d,ef,09_11_25,2
d,cf,09_11_25,2
p1770,bbc,09_11_25,2
p1770,tida,09_11_25,2
p1770,tel,09_11_25,1
p1770,jour,09_11_25,2
p1770,fn,09_11_25,3
p1770,cor,09_11_25,3
bbc,tida,09_11_25,2
bbc,jour,09_11_25,2
tida,jour,09_11_25,2
tel,cor,09_11_25,1
p1771,fs,09_11_25,1
p1771,cmia,09_11_25,1
p1771,aogo,09_11_25,3
fs,cmia,09_11_25,1
fs,aogo,09_11_25,1
cmia,aogo,09_11_25,1
p1772,s2dhs2,09_11_25,1
p1772,fedag,09_11_25,1
p1772,nas,09_11_25,3
s2dhs2,fedag,09_11_25,1
s2dhs2,nas,09_11_25,1
fedag,nas,09_11_25,1
p1773,lip,10_11_25,1
p1773,mabar,10_11_25,1
p1773,s2pa,10_11_25,3
lip,mabar,10_11_25,1
lip,s2pa,10_11_25,1
mabar,s2pa,10_11_25,2
p1774,s2atc,10_11_25,1
p1774,pat,10_11_25,1
p1774,d,10_11_25,2
p1774,nas,10_11_25,3
p1774,s2pa,10_11_25,3
s2atc,pat,10_11_25,1
s2atc,d,10_11_25,2
s2atc,nas,10_11_25,1
s2atc,s2pa,10_11_25,1
pat,s2atc,10_11_25,1
pat,d,10_11_25,2
pat,nas,10_11_25,1
pat,s2pa,10_11_25,1
d,s2atc,10_11_25,2
d,pat,10_11_25,2
d,nas,10_11_25,2
d,s2pa,10_11_25,2
p1775,amerci,10_11_25,1
p1775,s2fc,10_11_25,3
p1775,usa,10_11_25,1
p1775,ta,10_11_25,3
p1775,inf,10_11_25,3
p1775,t,10_11_25,3
p1775,usa,10_11_25,1
amerci,ta,10_11_25,1
amerci,inf,10_11_25,1
s2fc,ta,10_11_25,3
usa,ta,10_11_25,1
usa,inf,10_11_25,1
p1776,d,10_11_25,2
p1776,oppo,10_11_25,2
p1776,s2fc,10_11_25,3
p1776,scot,10_11_25,2
p1776,usa,10_11_25,1
p1776,ta,10_11_25,3
p1776,inf,10_11_25,3
p1776,nas,10_11_25,3
d,oppo,10_11_25,2
d,s2fc,10_11_25,3
d,scot,10_11_25,2
d,usa,10_11_25,2
d,ta,10_11_25,2
d,inf,10_11_25,2
d,nas,10_11_25,2
oppo,s2fc,10_11_25,3
oppo,scot,10_11_25,2
oppo,usa,10_11_25,2
oppo,ta,10_11_25,2
oppo,inf,10_11_25,2
oppo,nas,10_11_25,2
s2fc,ta,10_11_25,3
scot,ta,10_11_25,2
scot,inf,10_11_25,2
scot,nas,10_11_25,2
usa,ta,10_11_25,1
usa,inf,10_11_25,1
usa,nas,10_11_25,1
p1777,s2usmc,10_11_25,1
p1777,tun,10_11_25,3
p1777,iwo,10_11_25,3
p1777,s2kr2,10_11_25,3
p1777,vie,10_11_25,3
p1777,med,10_11_25,3
p1777,usa,10_11_25,1
p1777,ma,10_11_25,3
p1777,nas,10_11_25,3
s2usmc,tun,10_11_25,3
s2usmc,iwo,10_11_25,3
s2usmc,s2kr2,10_11_25,3
s2usmc,vie,10_11_25,3
s2usmc,med,10_11_25,3
s2usmc,usa,10_11_25,1
s2usmc,ma,10_11_25,1
s2usmc,nas,10_11_25,1
tun,usa,10_11_25,3
iwo,usa,10_11_25,3
s2kr2,usa,10_11_25,3
vie,usa,10_11_25,3
med,usa,10_11_25,3
p1778,np,10_11_25,1
p1778,fbi,10_11_25,3
p1778,boo,10_11_25,3
p1778,js,10_11_25,3
np,boo,10_11_25,1
np,js,10_11_25,2
fbi,boo,10_11_25,3
fbi,js,10_11_25,2
np,fbi,10_11_25,1
p1779,obamac,11_11_25,2
p1779,atp,11_11_25,2
p1779,ef,11_11_25,3
p1779,cf,11_11_25,3
obamac,s2ins,11_11_25,2
obamac,ef,11_11_25,2
obamac,cf,11_11_25,2
atp,ef,11_11_25,2
atp,cf,11_11_25,2
p1780,scot,11_11_25,2
p1780,usa,11_11_25,1
p1780,s2fc,11_11_25,3
p1780,ta,11_11_25,3
p1780,inf,11_11_25,3
p1780,nas,11_11_25,3
scot,ta,11_11_25,2
scot,inf,11_11_25,2
scot,nas,11_11_25,2
usa,ta,11_11_25,1
usa,inf,11_11_25,1
usa,nas,11_11_25,1
s2fc,ta,11_11_25,3
p1781,mmsc,11_11_25,3
p1781,clicha,11_11_25,3
p1781,jtn,11_11_25,3
p1781,crm,11_11_25,3
p1781,mu,11_11_25,3
p1781,ng,11_11_25,3
mmsc,clicha,11_11_25,3
mmsc,crm,11_11_25,3
mmsc,mu,11_11_25,3
clicha,crm,11_11_25,2
clicha,mu,11_11_25,2
clicha,ng,11_11_25,2
jtn,crm,11_11_25,2
jtn,mu,11_11_25,2
jtn,ng,11_11_25,2
p1782,dapa,11_11_25,1
p1782,tex,11_11_25,1
p1782,af,11_11_25,3
p1782,usa,11_11_25,1
p1782,cf,11_11_25,3
p1782,ta,11_11_25,3
p1782,t,11_11_25,3
p1782,sch,11_11_25,3
p1782,nas,11_11_25,3
p1782,ma,11_11_25,3
p1782,sec,11_11_25,3
p1782,inf,11_11_25,3
dapa,tex,11_11_25,1
dapa,af,11_11_25,1
dapa,usa,11_11_25,1
dapa,cf,11_11_25,1
dapa,ta,11_11_25,1
dapa,t,11_11_25,1
dapa,sch,11_11_25,1
dapa,nas,11_11_25,1
dapa,ma,11_11_25,1
dapa,sec,11_11_25,1
dapa,inf,11_11_25,1
tex,af,11_11_25,1
tex,usa,11_11_25,1
tex,cf,11_11_25,1
tex,ta,11_11_25,1
tex,t,11_11_25,1
tex,sch,11_11_25,1
tex,nas,11_11_25,1
tex,ma,11_11_25,1
tex,sec,11_11_25,1
tex,inf,11_11_25,1
af,usa,11_11_25,1
af,cf,11_11_25,1
af,ta,11_11_25,1
af,t,11_11_25,1
af,sch,11_11_25,1
af,nas,11_11_25,1
af,ma,11_11_25,1
af,sec,11_11_25,1
af,inf,11_11_25,1
usa,cf,11_11_25,1
usa,ta,11_11_25,1
usa,t,11_11_25,1
usa,sch,11_11_25,1
usa,nas,11_11_25,1
usa,ma,11_11_25,1
usa,sec,11_11_25,1
usa,inf,11_11_25,1
p1783,dphe,11_11_25,2
p1783,tex,11_11_25,1
p1783,sch,11_11_25,3
p1783,cf,11_11_25,3
dphe,tex,11_11_25,2
dphe,sch,11_11_25,2
dphe,cf,11_11_25,2
tex,sch,11_11_25,1
tex,cf,11_11_25,1
p1784,clicha,12_11_25,1
p1784,illi,12_11_25,1
p1784,s2dhs2,12_11_25,1
p1784,ice,12_11_25,1
p1784,s2fa2,12_11_25,1
p1784,rdlead,12_11_25,2
p1784,crm,12_11_25,3
p1784,nas,12_11_25,3
clicha,illi,12_11_25,1
clicha,s2dhs2,12_11_25,1
clicha,ice,12_11_25,1
clicha,s2fa2,12_11_25,1
clicha,rdlead,12_11_25,2
illi,s2dhs2,12_11_25,1
illi,ice,12_11_25,1
illi,s2fa2,12_11_25,1
illi,rdlead,12_11_25,2
s2dhs2,ice,12_11_25,1
s2dhs2,s2fa2,12_11_25,1
s2dhs2,rdlead,12_11_25,2
ice,s2fa2,12_11_25,1
ice,rdlead,12_11_25,2
s2fa2,rdlead,12_11_25,2
clicha,crm,12_11_25,1
clicha,nas,12_11_25,1
illi,crm,12_11_25,1
illi,nas,12_11_25,1
s2dhs2,crm,12_11_25,1
s2dhs2,nas,12_11_25,1
ice,crm,12_11_25,1
ice,nas,12_11_25,1
s2fa2,crm,12_11_25,1
s2fa2,nas,12_11_25,1
rdlead,crm,12_11_25,2
rdlead,nas,12_11_25,2
p1785,grab,12_11_25,1
p1785,tex,12_11_25,1
p1785,usa,12_11_25,1
p1785,r,12_11_25,1
p1785,usm,12_11_25,1
p1785,vet,12_11_25,1
p1785,afarm,12_11_25,1
p1785,ran,12_11_25,1
p1785,cf,12_11_25,3
p1785,inf,12_11_25,3
p1785,ta,12_11_25,3
p1785,t,12_11_25,3
p1785,sch,12_11_25,3
p1785,ma,12_11_25,3
p1785,le,12_11_25,3
p1785,sec,12_11_25,3
p1785,crm,12_11_25,3
grab,tex,12_11_25,1
grab,usa,12_11_25,1
grab,r,12_11_25,1
grab,usm,12_11_25,1
grab,vet,12_11_25,1
grab,afarm,12_11_25,1
grab,ran,12_11_25,1
grab,cf,12_11_25,1
grab,inf,12_11_25,1
grab,ta,12_11_25,1
grab,t,12_11_25,1
grab,sch,12_11_25,1
grab,ma,12_11_25,1
grab,le,12_11_25,1
grab,sec,12_11_25,1
grab,crm,12_11_25,1
tex,usa,12_11_25,1
tex,r,12_11_25,1
tex,usm,12_11_25,1
tex,vet,12_11_25,1
tex,af,12_11_25,1
tex,ran,12_11_25,1
tex,cf,12_11_25,1
tex,inf,12_11_25,1
tex,ta,12_11_25,1
tex,t,12_11_25,1
tex,sch,12_11_25,1
tex,ma,12_11_25,1
tex,le,12_11_25,1
tex,sec,12_11_25,1
tex,crm,12_11_25,1
usa,r,12_11_25,1
usa,usm,12_11_25,1
usa,vet,12_11_25,1
usa,afarm,12_11_25,1
usa,ran,12_11_25,1
usa,cf,12_11_25,1
usa,inf,12_11_25,1
usa,ta,12_11_25,1
usa,t,12_11_25,1
usa,sch,12_11_25,1
usa,ma,12_11_25,1
usa,le,12_11_25,1
usa,sec,12_11_25,1
usa,crm,12_11_25,1
r,usm,12_11_25,1
r,vet,12_11_25,1
r,afarm,12_11_25,1
r,ran,12_11_25,1
r,cf,12_11_25,1
r,inf,12_11_25,1
r,ta,12_11_25,1
r,t,12_11_25,1
r,sch,12_11_25,1
r,ma,12_11_25,1
r,le,12_11_25,1
r,sec,12_11_25,1
r,crm,12_11_25,1
usm,vet,12_11_25,1
usm,af,12_11_25,1
usm,ran,12_11_25,1
usm,cf,12_11_25,1
usm,inf,12_11_25,1
usm,ta,12_11_25,1
usm,t,12_11_25,1
usm,sch,12_11_25,1
usm,ma,12_11_25,1
usm,le,12_11_25,1
usm,sec,12_11_25,1
usm,crm,12_11_25,1
vet,afarm,12_11_25,1
vet,ran,12_11_25,1
vet,cf,12_11_25,1
vet,inf,12_11_25,1
vet,ta,12_11_25,1
vet,t,12_11_25,1
vet,sch,12_11_25,1
vet,ma,12_11_25,1
vet,le,12_11_25,1
vet,sec,12_11_25,1
vet,crm,12_11_25,1
afarm,ran,12_11_25,1
afarm,cf,12_11_25,1
afarm,inf,12_11_25,1
afarm,ta,12_11_25,1
afarm,t,12_11_25,1
afarm,sch,12_11_25,1
afarm,ma,12_11_25,1
afarm,le,12_11_25,1
afarm,sec,12_11_25,1
afarm,crm,12_11_25,1
ran,cf,12_11_25,1
ran,inf,12_11_25,1
ran,ta,12_11_25,1
ran,t,12_11_25,1
ran,sch,12_11_25,1
ran,ma,12_11_25,1
ran,le,12_11_25,1
ran,sec,12_11_25,1
ran,crm,12_11_25,1
p1786,s2ap,12_11_25,1
p1786,uscak,12_11_25,1
p1786,adolnr,12_11_25,1
p1786,s2usaf,12_11_25,1
p1786,uaa,12_11_25,1
p1786,gonz,12_11_25,1
p1786,alaska,12_11_25,1
p1786,poa,12_11_25,1
p1786,aogo,12_11_25,3
p1786,le,12_11_25,3
p1786,ma,12_11_25,3
p1786,sch,12_11_25,3
s2ap,uscak,12_11_25,1
s2ap,adolnr,12_11_25,1
s2ap,s2usaf,12_11_25,1
s2ap,uaa,12_11_25,1
s2ap,gonz,12_11_25,1
s2ap,alaska,12_11_25,1
s2ap,poa,12_11_25,1
uscak,adolnr,12_11_25,1
uscak,s2usaf,12_11_25,1
uscak,uaa,12_11_25,1
uscak,gonz,12_11_25,1
uscak,alaska,12_11_25,1
uscak,poa,12_11_25,1
adolnr,s2usaf,12_11_25,1
adolnr,uaa,12_11_25,1
adolnr,gonz,12_11_25,1
adolnr,alaska,12_11_25,1
adolnr,poa,12_11_25,1
s2usaf,uaa,12_11_25,1
s2usaf,gonz,12_11_25,1
s2usaf,alaska,12_11_25,1
s2usaf,poa,12_11_25,1
uaa,gonz,12_11_25,1
uaa,alaska,12_11_25,1
uaa,poa,12_11_25,1
gonz,alaska,12_11_25,1
gonz,poa,12_11_25,1
alaska,poa,12_11_25,1
s2ap,aogo,12_11_25,1
s2ap,le,12_11_25,1
s2ap,ma,12_11_25,1
s2ap,sch,12_11_25,1
uscak,aogo,12_11_25,1
uscak,le,12_11_25,1
uscak,ma,12_11_25,1
uscak,sch,12_11_25,1
adolnr,aogo,12_11_25,1
adolnr,le,12_11_25,1
adolnr,ma,12_11_25,1
adolnr,sch,12_11_25,1
s2usaf,aogo,12_11_25,1
s2usaf,le,12_11_25,1
s2usaf,ma,12_11_25,1
s2usaf,sch,12_11_25,1
uaa,aogo,12_11_25,1
uaa,le,12_11_25,1
uaa,ma,12_11_25,1
uaa,sch,12_11_25,1
gonz,aogo,12_11_25,1
gonz,le,12_11_25,1
gonz,ma,12_11_25,1
gonz,sch,12_11_25,1
alaska,aogo,12_11_25,1
alaska,le,12_11_25,1
alaska,ma,12_11_25,1
alaska,sch,12_11_25,1
poa,aogo,12_11_25,1
poa,le,12_11_25,1
poa,ma,12_11_25,1
poa,sch,12_11_25,1
p1787,cfowl,12_11_25,1
p1787,uscar,12_11_25,1
p1787,usatt,12_11_25,1
p1787,ark,12_11_25,1
p1787,park,12_11_25,1
p1787,asu,12_11_25,1
p1787,uark,12_11_25,1
p1787,aogo,12_11_25,3
p1787,le,12_11_25,3
p1787,crm,12_11_25,3
p1787,sch,12_11_25,3
cfowl,uscar,12_11_25,1
cfowl,usatt,12_11_25,1
cfowl,ark,12_11_25,1
cfowl,park,12_11_25,1
cfowl,asu,12_11_25,1
cfowl,uark,12_11_25,1
cfowl,aogo,12_11_25,1
cfowl,le,12_11_25,1
cfowl,crm,12_11_25,1
cfowl,sch,12_11_25,1
uscar,usatt,12_11_25,1
uscar,ark,12_11_25,1
uscar,park,12_11_25,1
uscar,asu,12_11_25,1
uscar,uark,12_11_25,1
uscar,aogo,12_11_25,1
uscar,le,12_11_25,1
uscar,crm,12_11_25,1
uscar,sch,12_11_25,1
usatt,ark,12_11_25,1
usatt,park,12_11_25,1
usatt,asu,12_11_25,1
usatt,uark,12_11_25,1
usatt,aogo,12_11_25,1
usatt,le,12_11_25,1
usatt,crm,12_11_25,1
usatt,sch,12_11_25,1
ark,park,12_11_25,1
ark,asu,12_11_25,1
ark,uark,12_11_25,1
ark,aogo,12_11_25,1
ark,le,12_11_25,1
ark,crm,12_11_25,1
ark,sch,12_11_25,1
park,asu,12_11_25,1
park,uark,12_11_25,1
park,aogo,12_11_25,1
park,le,12_11_25,1
park,crm,12_11_25,1
park,sch,12_11_25,1
asu,uark,12_11_25,1
asu,aogo,12_11_25,1
asu,le,12_11_25,1
asu,crm,12_11_25,1
asu,sch,12_11_25,1
uark,aogo,12_11_25,1
uark,le,12_11_25,1
uark,crm,12_11_25,1
uark,sch,12_11_25,1
p1788,ngan,12_11_25,1
p1788,usdst,12_11_25,1
p1788,usat,12_11_25,1
p1788,rag,12_11_25,1
p1788,s2re,12_11_25,1
p1788,tedc,12_11_25,1
p1788,tex,12_11_25,1
p1788,stra,12_11_25,1
p1788,cost,12_11_25,1
p1788,aogo,12_11_25,3
p1788,le,12_11_25,3
p1788,sec,12_11_25,3
p1788,crm,12_11_25,3
ngan,usdst,12_11_25,1
ngan,usat,12_11_25,1
ngan,rag,12_11_25,1
ngan,s2re,12_11_25,1
ngan,tedc,12_11_25,1
ngan,tex,12_11_25,1
ngan,stra,12_11_25,1
ngan,cost,12_11_25,1
usdst,usat,12_11_25,1
usdst,rag,12_11_25,1
usdst,s2re,12_11_25,1
usdst,tedc,12_11_25,1
usdst,tex,12_11_25,1
usdst,stra,12_11_25,1
usdst,cost,12_11_25,1
usat,rag,12_11_25,1
usat,s2re,12_11_25,1
usat,tedc,12_11_25,1
usat,tex,12_11_25,1
usat,stra,12_11_25,1
usat,cost,12_11_25,1
rag,s2re,12_11_25,1
rag,tedc,12_11_25,1
rag,tex,12_11_25,1
rag,stra,12_11_25,1
rag,cost,12_11_25,1
s2re,tedc,12_11_25,1
s2re,tex,12_11_25,1
s2re,stra,12_11_25,1
s2re,cost,12_11_25,1
tedc,tex,12_11_25,1
tedc,stra,12_11_25,1
tedc,cost,12_11_25,1
tex,stra,12_11_25,1
tex,cost,12_11_25,1
stra,cost,12_11_25,1
ngan,aogo,12_11_25,1
ngan,le,12_11_25,1
ngan,sec,12_11_25,1
ngan,crm,12_11_25,1
usdst,aogo,12_11_25,1
usdst,le,12_11_25,1
usdst,sec,12_11_25,1
usdst,crm,12_11_25,1
usat,aogo,12_11_25,1
usat,le,12_11_25,1
usat,sec,12_11_25,1
usat,crm,12_11_25,1
rag,aogo,12_11_25,1
rag,le,12_11_25,1
rag,sec,12_11_25,1
rag,crm,12_11_25,1
s2re,aogo,12_11_25,1
s2re,le,12_11_25,1
s2re,sec,12_11_25,1
s2re,crm,12_11_25,1
s2tc,aogo,12_11_25,1
s2tc,le,12_11_25,1
s2tc,sec,12_11_25,1
s2tc,crm,12_11_25,1
tex,aogo,12_11_25,1
tex,le,12_11_25,1
tex,sec,12_11_25,1
tex,crm,12_11_25,1
stra,aogo,12_11_25,1
stra,le,12_11_25,1
stra,sec,12_11_25,1
stra,crm,12_11_25,1
cost,aogo,12_11_25,1
cost,le,12_11_25,1
cost,sec,12_11_25,1
cost,crm,12_11_25,1
p1789,d,12_11_25,2
p1789,r,12_11_25,1
p1789,jep,12_11_25,2
p1789,usa,12_11_25,3
p1789,aogo,12_11_25,3
p1789,ef,12_11_25,3
d,r,12_11_25,2
d,jep,12_11_25,2
d,usa,12_11_25,2
d,ef,12_11_25,2
r,d,12_11_25,1
r,jep,12_11_25,1
r,usa,12_11_25,1
r,ef,12_11_25,1
jep,d,12_11_25,2
jep,r,12_11_25,2
jep,usa,12_11_25,2
jep,ef,12_11_25,2
usa,d,12_11_25,2
usa,r,12_11_25,1
usa,jep,12_11_25,2
usa,ef,12_11_25,3
p1790,d,12_11_25,2
p1790,jep,12_11_25,2
p1790,usa,12_11_25,3
p1790,aogo,12_11_25,3
p1790,ef,12_11_25,3
d,jep,12_11_25,2
d,usa,12_11_25,2
d,ef,12_11_25,2
jep,d,12_11_25,2
jep,usa,12_11_25,2
jep,ef,12_11_25,2
usa,d,12_11_25,2
usa,jep,12_11_25,2
usa,ef,12_11_25,3
p1791,d,14_11_25,2
p1791,r,14_11_25,1
p1791,jep,14_11_25,2
p1791,bicl,14_11_25,2
p1791,s2rh,14_11_25,2
p1791,lasu,14_11_25,2
p1791,usa,14_11_25,3
p1791,aogo,14_11_25,3
p1791,ef,14_11_25,3
d,r,14_11_25,2
d,jep,14_11_25,2
d,bicl,14_11_25,2
d,s2rh,14_11_25,2
d,lasu,14_11_25,2
d,usa,14_11_25,2
d,ef,14_11_25,2
r,d,14_11_25,1
r,jep,14_11_25,1
r,bicl,14_11_25,1
r,s2rh,14_11_25,1
r,ls,14_11_25,1
r,usa,14_11_25,1
r,ef,14_11_25,1
jep,d,14_11_25,2
jep,r,14_11_25,2
jep,bicl,14_11_25,2
jep,s2rh,14_11_25,2
jep,lasu,14_11_25,2
jep,usa,14_11_25,2
jep,ef,14_11_25,2
bicl,d,14_11_25,2
bicl,r,14_11_25,2
bicl,jep,14_11_25,2
bicl,s2rh,14_11_25,2
bicl,lasu,14_11_25,2
bicl,usa,14_11_25,2
bicl,ef,14_11_25,2
s2rh,d,14_11_25,2
s2rh,r,14_11_25,2
s2rh,jep,14_11_25,2
s2rh,bicl,14_11_25,2
s2rh,lasu,14_11_25,2
s2rh,usa,14_11_25,2
s2rh,ef,14_11_25,2
lasu,d,14_11_25,2
lasu,r,14_11_25,2
lasu,jep,14_11_25,2
lasu,bicl,14_11_25,2
lasu,s2rh,14_11_25,2
lasu,usa,14_11_25,2
lasu,ef,14_11_25,2
usa,d,14_11_25,3
usa,r,14_11_25,3
usa,jep,14_11_25,3
usa,bicl,14_11_25,3
usa,s2rh,14_11_25,3
usa,lasu,14_11_25,3
usa,ef,14_11_25,3
p1792,d,14_11_25,2
p1792,r,14_11_25,1
p1792,jep,14_11_25,2
p1792,s2bc,14_11_25,2
p1792,ls,14_11_25,2
p1792,s2rh,14_11_25,2
p1792,jpm,14_11_25,3
p1792,doj,14_11_25,1
p1792,pb,14_11_25,1
p1792,fbi,14_11_25,1
p1792,usa,14_11_25,3
p1792,pat,14_11_25,1
p1792,aogo,14_11_25,3
p1792,ef,14_11_25,3
d,r,14_11_25,2
d,jep,14_11_25,2
d,s2bc,14_11_25,2
d,ls,14_11_25,2
d,s2rh,14_11_25,2
d,jpm,14_11_25,3
d,doj,14_11_25,1
d,pb,14_11_25,1
d,fbi,14_11_25,1
d,usa,14_11_25,2
d,pat,14_11_25,1
d,ef,14_11_25,2
r,d,14_11_25,1
r,jep,14_11_25,1
r,s2bc,14_11_25,1
r,ls,14_11_25,1
r,s2rh,14_11_25,1
r,jpm,14_11_25,3
r,doj,14_11_25,1
r,pb,14_11_25,1
r,fbi,14_11_25,1
r,usa,14_11_25,1
r,pat,14_11_25,1
r,ef,14_11_25,1
jep,d,14_11_25,2
jep,r,14_11_25,2
jep,s2bc,14_11_25,2
jep,ls,14_11_25,2
jep,s2rh,14_11_25,2
jep,jpm,14_11_25,3
jep,doj,14_11_25,2
jep,pb,14_11_25,2
jep,fbi,14_11_25,2
jep,usa,14_11_25,2
jep,pat,14_11_25,2
jep,ef,14_11_25,2
s2bc,d,14_11_25,2
s2bc,r,14_11_25,2
s2bc,jep,14_11_25,2
s2bc,ls,14_11_25,2
s2bc,s2rh,14_11_25,2
s2bc,jpm,14_11_25,3
s2bc,doj,14_11_25,1
s2bc,pb,14_11_25,1
s2bc,fbi,14_11_25,1
s2bc,usa,14_11_25,3
s2bc,pat,14_11_25,1
s2bc,ef,14_11_25,2
ls,d,14_11_25,2
ls,r,14_11_25,1
ls,jep,14_11_25,2
ls,s2bc,14_11_25,2
ls,s2rh,14_11_25,2
ls,jpm,14_11_25,3
ls,doj,14_11_25,1
ls,pb,14_11_25,1
ls,fbi,14_11_25,1
ls,usa,14_11_25,3
ls,pat,14_11_25,1
ls,ef,14_11_25,2
s2rh,d,14_11_25,2
s2rh,r,14_11_25,1
s2rh,jep,14_11_25,2
s2rh,s2bc,14_11_25,2
s2rh,ls,14_11_25,2
s2rh,jpm,14_11_25,3
s2rh,doj,14_11_25,1
s2rh,pb,14_11_25,1
s2rh,fbi,14_11_25,1
s2rh,usa,14_11_25,3
s2rh,pat,14_11_25,1
s2rh,ef,14_11_25,2
jpm,d,14_11_25,3
jpm,r,14_11_25,3
jpm,jep,14_11_25,3
jpm,s2bc,14_11_25,3
jpm,ls,14_11_25,3
jpm,s2rh,14_11_25,3
jpm,doj,14_11_25,3
jpm,pb,14_11_25,3
jpm,fbi,14_11_25,3
jpm,usa,14_11_25,3
jpm,pat,14_11_25,3
jpm,ef,14_11_25,3
doj,d,14_11_25,1
doj,r,14_11_25,1
doj,jep,14_11_25,1
doj,s2bc,14_11_25,1
doj,ls,14_11_25,1
doj,s2rh,14_11_25,1
doj,jpm,14_11_25,1
doj,pb,14_11_25,1
doj,fbi,14_11_25,1
doj,usa,14_11_25,3
doj,pat,14_11_25,1
doj,ef,14_11_25,1
pb,d,14_11_25,1
pb,r,14_11_25,1
pb,jep,14_11_25,1
pb,s2bc,14_11_25,1
pb,ls,14_11_25,1
pb,s2rh,14_11_25,1
pb,jpm,14_11_25,1
pb,doj,14_11_25,1
pb,fbi,14_11_25,1
pb,usa,14_11_25,3
pb,pat,14_11_25,1
pb,ef,14_11_25,1
fbi,d,14_11_25,1
fbi,r,14_11_25,1
fbi,jep,14_11_25,1
fbi,s2bc,14_11_25,1
fbi,ls,14_11_25,1
fbi,s2rh,14_11_25,1
fbi,jpm,14_11_25,1
fbi,doj,14_11_25,1
fbi,pb,14_11_25,1
fbi,usa,14_11_25,3
fbi,pat,14_11_25,1
fbi,ef,14_11_25,1
usa,d,14_11_25,3
usa,r,14_11_25,3
usa,jep,14_11_25,3
usa,s2bc,14_11_25,3
usa,ls,14_11_25,3
usa,s2rh,14_11_25,3
usa,jpm,14_11_25,3
usa,doj,14_11_25,3
usa,pb,14_11_25,3
usa,fbi,14_11_25,3
usa,pat,14_11_25,3
usa,ef,14_11_25,3
pat,d,14_11_25,1
pat,r,14_11_25,1
pat,jep,14_11_25,1
pat,s2bc,14_11_25,1
pat,ls,14_11_25,1
pat,s2rh,14_11_25,1
pat,jpm,14_11_25,1
pat,doj,14_11_25,1
pat,pb,14_11_25,1
pat,fbi,14_11_25,1
pat,usa,14_11_25,3
pat,ef,14_11_25,1
p1793,jb,14_11_25,2
p1793,d,14_11_25,2
p1793,trad,14_11_25,1
p1793,americans,14_11_25,1
p1793,inf,14_11_25,3
p1793,ep,14_11_25,3
p1793,o,14_11_25,3
p1793,s2pa,14_11_25,3
jb,inf,14_11_25,2
jb,ep,14_11_25,2
d,o,14_11_25,2
d,s2pa,14_11_25,2
trad,inf,14_11_25,1
trad,ep,14_11_25,1
americans,inf,14_11_25,1
p1794,s2dk,14_11_25,2
p1794,s2ust,14_11_25,3
p1794,agc,14_11_25,3
p1794,aogo,14_11_25,3
s2dk,s2ust,14_11_25,3
s2dk,agc,14_11_25,3
s2ust,agc,14_11_25,3
s2ust,aogo,14_11_25,3
s2dk,aogo,14_11_25,2
p1795,brle,14_11_25,1
p1795,doj,14_11_25,3
p1795,clth,14_11_25,1
p1795,edca,14_11_25,1
p1795,usdcwt,14_11_25,3
p1795,uga,14_11_25,3
p1795,uu,14_11_25,3
p1795,aogo,14_11_25,3
p1795,js,14_11_25,3
p1795,le,14_11_25,3
brle,usdcwt,14_11_25,1
brle,doj,14_11_25,1
brle,clth,14_11_25,1
brle,edca,14_11_25,1
brle,js,14_11_25,1
brle,le,14_11_25,1
doj,js,14_11_25,3
usdcwt,js,14_11_25,3
clth,js,14_11_25,3
edca,js,14_11_25,3
p1796,mben,14_11_25,1
p1796,usdcwm,14_11_25,3
p1796,vuls,14_11_25,3
p1796,pcpao,14_11_25,3
p1796,tcjpc,14_11_25,3
p1796,americans,14_11_25,1
p1796,aogo,14_11_25,3
p1796,js,14_11_25,3
p1796,le,14_11_25,3
mben,usdcwm,14_11_25,1
mben,vuls,14_11_25,1
mben,pcpao,14_11_25,1
mben,tcjpc,14_11_25,1
mben,js,14_11_25,1
mben,le,14_11_25,1
pcpao,le,14_11_25,3
usdcwm,js,14_11_25,3
tcjpc,js,14_11_25,3
americans,js,14_11_25,1
p1797,jo,15_11_25,1
p1797,usdcsi,15_11_25,3
p1797,iumsl,15_11_25,3
p1797,usaoi,15_11_25,3
p1797,aogo,15_11_25,3
p1797,js,15_11_25,3
p1797,le,15_11_25,3
jo,usdcsi,15_11_25,1
jo,iumsl,15_11_25,1
jo,usaoi,15_11_25,1
jo,js,15_11_25,1
jo,le,15_11_25,1
usdcsi,js,15_11_25,3
usaoi,le,15_11_25,3
p1798,twm,15_11_25,3
p1798,r,15_11_25,3
p1798,thom,15_11_25,2
twm,thom,15_11_25,3
thom,r,15_11_25,2
p1799,magr,15_11_25,2
p1799,r,15_11_25,2
p1799,tv,15_11_25,2
p1799,geo,15_11_25,3
p1799,usm,15_11_25,3
p1799,congm,15_11_25,3
p1799,congw,15_11_25,3
p1799,ussen,15_11_25,3
p1799,cab,15_11_25,3
p1799,count,15_11_25,3
p1799,cons,15_11_25,3
p1799,s2pa,15_11_25,3
p1799,o,15_11_25,3
magr,r,15_11_25,2
magr,o,15_11_25,2
magr,s2pa,15_11_25,2
r,o,15_11_25,2
tv,o,15_11_25,2
tv,s2pa,15_11_25,2
p1800,magr,15_11_25,2
p1800,rpa,15_11_25,2
p1800,tm,15_11_25,2
p1800,r,15_11_25,2
p1800,tv,15_11_25,2
p1800,s2pa,15_11_25,3
p1800,o,15_11_25,3
magr,r,15_11_25,2
magr,o,15_11_25,2
magr,s2pa,15_11_25,2
rpa,tm,15_11_25,2
rpa,o,15_11_25,2
tm,o,15_11_25,2
tv,o,15_11_25,2
tv,s2pa,15_11_25,2
p1801,magr,15_11_25,2
p1801,r,15_11_25,2
p1801,s2pa,15_11_25,3
p1801,o,15_11_25,3
magr,r,15_11_25,2
magr,s2pa,15_11_25,2
magr,o,15_11_25,2
p1802,seme,16_11_25,2
p1802,nbc,16_11_25,2
p1802,s2pa,16_11_25,3
seme,nbc,16_11_25,2
seme,s2pa,16_11_25,2
nbc,s2pa,16_11_25,2
p1803,issr,16_11_25,2
p1803,rodb,16_11_25,2
p1803,grgo,16_11_25,2
p1803,r,16_11_25,2
p1803,d,16_11_25,2
p1803,cong,16_11_25,3
p1803,cal,16_11_25,3
p1803,mibr,16_11_25,3
p1803,s2pa,16_11_25,3
p1803,o,16_11_25,3
p1803,pm,16_11_25,3
issr,rodb,16_11_25,2
issr,grgo,16_11_25,2
issr,r,16_11_25,2
issr,s2pa,16_11_25,2
rodb,r,16_11_25,2
rodb,o,16_11_25,2
rodb,s2pa,16_11_25,2
rodb,pm,16_11_25,3
grgo,r,16_11_25,2
grgo,o,16_11_25,2
grgo,s2pa,16_11_25,2
grgo,pm,16_11_25,3
r,o,16_11_25,2
d,o,16_11_25,2
cong,o,16_11_25,3
mibr,o,16_11_25,2
mibr,pm,16_11_25,3
p1804,d,17_11_25,2
p1804,r,17_11_25,1
p1804,s2bc,17_11_25,2
p1804,s2rh,17_11_25,2
p1804,ls,17_11_25,2
p1804,hoc,17_11_25,3
p1804,hrepu,17_11_25,3
p1804,media,17_11_25,2
p1804,jep,17_11_25,2
p1804,usm,17_11_25,3
p1804,americans,17_11_25,1
p1804,s2pa,17_11_25,3
p1804,o,17_11_25,3
p1804,t,17_11_25,3
p1804,inf,17_11_25,3
d,s2bc,17_11_25,2
d,s2rh,17_11_25,2
d,ls,17_11_25,2
d,jep,17_11_25,2
d,s2pa,17_11_25,2
d,o,17_11_25,2
r,hrepu,17_11_25,1
r,americans,17_11_25,1
r,usm,17_11_25,1
r,t,17_11_25,1
r,s2pa,17_11_25,1
r,o,17_11_25,1
hrepu,r,17_11_25,1
hrepu,americans,17_11_25,1
hrepu,usm,17_11_25,1
hrepu,t,17_11_25,1
hrepu,s2pa,17_11_25,3
hoc,s2pa,17_11_25,3
media,d,17_11_25,2
media,s2pa,17_11_25,2
s2bc,s2pa,17_11_25,2
s2bc,o,17_11_25,2
s2bc,t,17_11_25,2
s2bc,inf,17_11_25,2
s2rh,s2pa,17_11_25,2
s2rh,o,17_11_25,2
s2rh,t,17_11_25,2
s2rh,inf,17_11_25,2
ls,s2pa,17_11_25,2
ls,o,17_11_25,2
ls,t,17_11_25,2
ls,inf,17_11_25,2
jep,s2pa,17_11_25,2
jep,o,17_11_25,2
jep,t,17_11_25,2
jep,inf,17_11_25,2
usm,s2pa,17_11_25,1
americans,s2pa,17_11_25,1
p1805,magr,17_11_25,2
p1805,usa,17_11_25,3
p1805,s2pa,17_11_25,3
p1805,o,17_11_25,3
magr,s2pa,17_11_25,2
magr,o,17_11_25,2
usa,s2pa,17_11_25,3
usa,o,17_11_25,3
p1806,etg,17_11_25,1
p1806,americans,17_11_25,1
p1806,usa,17_11_25,1
p1806,cmia,17_11_25,1
p1806,fl,17_11_25,1
p1806,usm,17_11_25,3
p1806,vet,17_11_25,3
p1806,le,17_11_25,3
p1806,ta,17_11_25,3
p1806,caaa,17_11_25,3
etg,americans,17_11_25,1
etg,usa,17_11_25,1
etg,cmia,17_11_25,1
etg,fl,17_11_25,1
etg,usm,17_11_25,1
etg,vet,17_11_25,1
etg,le,17_11_25,1
etg,ta,17_11_25,1
etg,caaa,17_11_25,1
americans,usa,17_11_25,1
americans,cmia,17_11_25,1
americans,fl,17_11_25,1
americans,usm,17_11_25,1
americans,vet,17_11_25,1
americans,le,17_11_25,1
americans,ta,17_11_25,1
americans,caaa,17_11_25,1
usa,cmia,17_11_25,1
usa,fl,17_11_25,1
usa,usm,17_11_25,1
usa,vet,17_11_25,1
usa,le,17_11_25,1
usa,ta,17_11_25,1
usa,caaa,17_11_25,1
cmia,fl,17_11_25,1
cmia,usm,17_11_25,1
cmia,vet,17_11_25,1
cmia,le,17_11_25,1
cmia,ta,17_11_25,1
cmia,caaa,17_11_25,1
fl,usm,17_11_25,1
fl,vet,17_11_25,1
fl,le,17_11_25,1
fl,ta,17_11_25,1
fl,caaa,17_11_25,1
usm,vet,17_11_25,1
usm,le,17_11_25,1
usm,ta,17_11_25,1
usm,caaa,17_11_25,1
vet,le,17_11_25,1
vet,ta,17_11_25,1
vet,caaa,17_11_25,1
p1807,d,17_11_25,2
p1807,rus,17_11_25,2
p1807,jep,17_11_25,2
p1807,s2pa,17_11_25,3
p1807,o,17_11_25,3
p1807,js,17_11_25,3
d,rus,17_11_25,2
d,jep,17_11_25,2
rus,jep,17_11_25,2
d,s2pa,17_11_25,2
d,o,17_11_25,2
d,js,17_11_25,2
rus,s2pa,17_11_25,2
rus,o,17_11_25,2
rus,js,17_11_25,2
jep,s2pa,17_11_25,2
jep,o,17_11_25,2
jep,js,17_11_25,2
p1808,r,17_11_25,1
p1808,hrepu,17_11_25,1
p1808,cong,17_11_25,1
p1808,issr,17_11_25,1
p1808,ushor,17_11_25,1
p1808,d,17_11_25,2
p1808,s2pa,17_11_25,3
p1808,o,17_11_25,3
r,hrepu,17_11_25,1
r,cong,17_11_25,1
r,issr,17_11_25,1
r,ushor,17_11_25,1
r,d,17_11_25,2
hrepu,cong,17_11_25,1
hrepu,issr,17_11_25,1
hrepu,ushor,17_11_25,1
hrepu,d,17_11_25,2
issr,cong,17_11_25,1
issr,d,17_11_25,2
issr,ushor,17_11_25,1
cong,d,17_11_25,2
cong,ushor,17_11_25,1
ushor,d,17_11_25,2
r,s2pa,17_11_25,3
r,o,17_11_25,3
hrepu,s2pa,17_11_25,3
hrepu,o,17_11_25,3
issr,s2pa,17_11_25,3
issr,o,17_11_25,3
cong,s2pa,17_11_25,3
cong,o,17_11_25,3
ushor,s2pa,17_11_25,3
ushor,o,17_11_25,3
d,s2pa,17_11_25,2
d,o,17_11_25,2
p1809,rb,17_11_25,2
p1809,r,17_11_25,1
p1809,d,17_11_25,2
p1809,issr,17_11_25,1
p1809,cong,17_11_25,1
p1809,s2pa,17_11_25,3
p1809,o,17_11_25,3
p1809,cf,17_11_25,3
rb,r,17_11_25,2
rb,d,17_11_25,2
rb,issr,17_11_25,2
rb,cong,17_11_25,2
rb,s2pa,17_11_25,2
rb,o,17_11_25,2
rb,cf,17_11_25,3
r,d,17_11_25,2
r,issr,17_11_25,1
r,cong,17_11_25,1
r,s2pa,17_11_25,3
r,o,17_11_25,3
r,cf,17_11_25,3
d,issr,17_11_25,2
d,cong,17_11_25,2
d,s2pa,17_11_25,2
d,o,17_11_25,2
d,cf,17_11_25,3
issr,cong,17_11_25,1
issr,s2pa,17_11_25,3
issr,o,17_11_25,3
issr,cf,17_11_25,3
cong,s2pa,17_11_25,3
cong,o,17_11_25,3
cong,cf,17_11_25,3
p1810,rb,17_11_25,2
p1810,s2pa,17_11_25,3
p1810,cf,17_11_25,3
rb,s2pa,17_11_25,2
rb,cf,17_11_25,3
p1811,s2sj,17_11_25,1
p1811,r,17_11_25,1
p1811,d,17_11_25,1
p1811,inde,17_11_25,1
p1811,americans,17_11_25,1
p1811,cnn,17_11_25,1
p1811,maga,17_11_25,1
p1811,pat,17_11_25,1
p1811,boo,17_11_25,3
p1811,s2pa,17_11_25,3
s2sj,r,17_11_25,1
s2sj,d,17_11_25,1
s2sj,inde,17_11_25,1
s2sj,americans,17_11_25,1
s2sj,cnn,17_11_25,1
s2sj,maga,17_11_25,1
s2sj,pat,17_11_25,1
s2sj,boo,17_11_25,3
s2sj,s2pa,17_11_25,3
r,d,17_11_25,1
r,inde,17_11_25,1
r,americans,17_11_25,1
r,cnn,17_11_25,1
r,maga,17_11_25,1
r,pat,17_11_25,1
r,boo,17_11_25,3
r,s2pa,17_11_25,3
d,inde,17_11_25,1
d,americans,17_11_25,1
d,cnn,17_11_25,1
d,maga,17_11_25,1
d,pat,17_11_25,1
d,boo,17_11_25,3
d,s2pa,17_11_25,3
inde,americans,17_11_25,1
inde,cnn,17_11_25,1
inde,maga,17_11_25,1
inde,pat,17_11_25,1
inde,boo,17_11_25,3
inde,s2pa,17_11_25,3
americans,cnn,17_11_25,1
americans,maga,17_11_25,1
americans,pat,17_11_25,1
americans,boo,17_11_25,3
americans,s2pa,17_11_25,3
cnn,maga,17_11_25,1
cnn,pat,17_11_25,1
cnn,boo,17_11_25,3
cnn,s2pa,17_11_25,3
maga,pat,17_11_25,1
maga,boo,17_11_25,3
maga,s2pa,17_11_25,3
pat,boo,17_11_25,3
pat,s2pa,17_11_25,3
p1812,unasc,17_11_25,1
p1812,s2bos,17_11_25,1
p1812,chn,17_11_25,1
p1812,rus,17_11_25,1
p1812,fra,17_11_25,1
p1812,uk,17_11_25,1
p1812,alg,17_11_25,1
p1812,dnk,17_11_25,1
p1812,grc,17_11_25,1
p1812,guy,17_11_25,1
p1812,skor,17_11_25,1
p1812,pak,17_11_25,1
p1812,pan,17_11_25,1
p1812,sle,17_11_25,1
p1812,svn,17_11_25,1
p1812,soma,17_11_25,1
p1812,qat,17_11_25,1
p1812,egy,17_11_25,1
p1812,uae,17_11_25,1
p1812,ksa,17_11_25,1
p1812,indo,17_11_25,1
p1812,tur,17_11_25,1
p1812,jor,17_11_25,1
p1812,pair,17_11_25,3
p1812,npp,17_11_25,3
p1812,hist,17_11_25,3
unasc,s2bos,17_11_25,1
unasc,chn,17_11_25,1
unasc,rus,17_11_25,1
unasc,fra,17_11_25,1
unasc,uk,17_11_25,1
unasc,alg,17_11_25,1
unasc,dnk,17_11_25,1
unasc,grc,17_11_25,1
unasc,guy,17_11_25,1
unasc,skor,17_11_25,1
unasc,pak,17_11_25,1
unasc,pan,17_11_25,1
unasc,sle,17_11_25,1
unasc,svn,17_11_25,1
unasc,soma,17_11_25,1
unasc,qat,17_11_25,1
unasc,egy,17_11_25,1
unasc,uae,17_11_25,1
unasc,ksa,17_11_25,1
unasc,indo,17_11_25,1
unasc,tur,17_11_25,1
unasc,jor,17_11_25,1
s2bos,chn,17_11_25,1
s2bos,rus,17_11_25,1
s2bos,fra,17_11_25,1
s2bos,uk,17_11_25,1
s2bos,alg,17_11_25,1
s2bos,dnk,17_11_25,1
s2bos,grc,17_11_25,1
s2bos,guy,17_11_25,1
s2bos,skor,17_11_25,1
s2bos,pak,17_11_25,1
s2bos,pan,17_11_25,1
s2bos,sle,17_11_25,1
s2bos,svn,17_11_25,1
s2bos,soma,17_11_25,1
s2bos,qat,17_11_25,1
s2bos,egy,17_11_25,1
s2bos,uae,17_11_25,1
s2bos,ksa,17_11_25,1
s2bos,indo,17_11_25,1
s2bos,tur,17_11_25,1
s2bos,jor,17_11_25,1
p1813,mbo,18_11_25,1
p1813,r,18_11_25,3
p1813,d,18_11_25,3
p1813,rodb,18_11_25,2
p1813,cong,18_11_25,3
p1813,americans,18_11_25,3
p1813,inrep,18_11_25,1
p1813,cf,18_11_25,3
p1813,s2pa,18_11_25,3
mbo,r,18_11_25,1
mbo,d,18_11_25,1
mbo,rodb,18_11_25,2
mbo,cong,18_11_25,1
mbo,americans,18_11_25,1
mbo,inrep,18_11_25,1
rodb,r,18_11_25,2
rodb,d,18_11_25,2
rodb,cong,18_11_25,2
rodb,inrep,18_11_25,2
r,d,18_11_25,3
r,cong,18_11_25,3
r,inrep,18_11_25,3
d,cong,18_11_25,3
d,inrep,18_11_25,3
americans,cong,18_11_25,3
americans,inrep,18_11_25,3
inrep,cong,18_11_25,1
p1814,med,18_11_25,3
p1814,cong,18_11_25,2
p1814,amerp,18_11_25,1
p1814,icomp,18_11_25,2
cong,med,18_11_25,2
amerp,med,18_11_25,1
icomp,med,18_11_25,2
cong,amerp,18_11_25,2
cong,icomp,18_11_25,2
amerp,icomp,18_11_25,2
p1815,iv,18_11_25,3
p1815,army,18_11_25,2
p1815,c,18_11_25,1
army,iv,18_11_25,2
c,iv,18_11_25,1
army,c,18_11_25,2
p1816,cf,18_11_25,3
p1816,ta,18_11_25,3
p1816,inf,18_11_25,3
p1816,ma,18_11_25,3
p1816,war,18_11_25,3
p1816,r,18_11_25,1
p1816,d,18_11_25,2
p1816,jb,18_11_25,2
p1816,usm,18_11_25,1
p1816,count,18_11_25,1
p1816,s2uss,18_11_25,1
r,cf,18_11_25,1
r,ta,18_11_25,1
r,inf,18_11_25,1
r,ma,18_11_25,1
r,war,18_11_25,1
r,bbb,18_11_25,1
d,cf,18_11_25,2
d,ta,18_11_25,2
d,inf,18_11_25,2
d,ma,18_11_25,2
d,war,18_11_25,2
d,bbb,18_11_25,2
jb,cf,18_11_25,2
jb,ta,18_11_25,2
jb,inf,18_11_25,2
jb,ma,18_11_25,2
jb,war,18_11_25,2
jb,bbb,18_11_25,2
usm,ma,18_11_25,1
usm,war,18_11_25,1
count,cf,18_11_25,1
count,ta,18_11_25,1
count,inf,18_11_25,1
count,ma,18_11_25,1
count,war,18_11_25,1
count,bbb,18_11_25,1
s2uss,cf,18_11_25,1
s2uss,ta,18_11_25,1
s2uss,inf,18_11_25,1
s2uss,ma,18_11_25,1
s2uss,war,18_11_25,1
s2uss,bbb,18_11_25,1
p1817,iv,18_11_25,3
p1817,army,18_11_25,2
p1817,chn,18_11_25,2
p1817,usa,18_11_25,1
p1817,ndaa,18_11_25,1
army,iv,18_11_25,2
chn,iv,18_11_25,2
usa,iv,18_11_25,1
ndaa,iv,18_11_25,1
army,chn,18_11_25,2
army,usa,18_11_25,2
army,ndaa,18_11_25,2
chn,usa,18_11_25,2
chn,ndaa,18_11_25,2
usa,ndaa,18_11_25,1
p1818,nas,19_11_25,3
p1818,sud,19_11_25,2
p1818,docs,19_11_25,1
p1818,ksa,19_11_25,1
p1818,cposa,19_11_25,1
p1818,uae,19_11_25,1
p1818,egy,19_11_25,1
p1818,usa,19_11_25,1
p1818,count,19_11_25,1
sud,nas,19_11_25,2
docs,nas,19_11_25,1
ksa,nas,19_11_25,1
cposa,nas,19_11_25,1
uae,nas,19_11_25,1
egy,nas,19_11_25,1
usa,nas,19_11_25,1
count,nas,19_11_25,1
sud,docs,19_11_25,2
sud,ksa,19_11_25,2
sud,cposa,19_11_25,2
sud,uae,19_11_25,2
sud,egy,19_11_25,2
sud,usa,19_11_25,2
sud,count,19_11_25,2
docs,ksa,19_11_25,1
docs,cposa,19_11_25,1
docs,uae,19_11_25,1
docs,egy,19_11_25,1
docs,usa,19_11_25,1
docs,count,19_11_25,1
ksa,cposa,19_11_25,1
ksa,uae,19_11_25,1
ksa,egy,19_11_25,1
ksa,usa,19_11_25,1
ksa,count,19_11_25,1
cposa,uae,19_11_25,1
cposa,egy,19_11_25,1
cposa,usa,19_11_25,1
cposa,count,19_11_25,1
uae,egy,19_11_25,1
uae,usa,19_11_25,1
uae,count,19_11_25,1
egy,usa,19_11_25,1
egy,count,19_11_25,1
usa,count,19_11_25,1
p1819,cf,20_11_25,3
p1819,ta,20_11_25,3
p1819,inf,20_11_25,3
p1819,ma,20_11_25,3
p1819,war,20_11_25,3
p1819,b,20_11_25,3
p1819,iv,20_11_25,3
p1819,r,20_11_25,1
p1819,d,20_11_25,2
p1819,jb,20_11_25,2
p1819,jep,20_11_25,2
p1819,s2bc,20_11_25,2
p1819,ls,20_11_25,2
p1819,s2rh,20_11_25,2
p1819,hjeff,20_11_25,2
p1819,stpl,20_11_25,2
p1819,mijo,20_11_25,1
p1819,jth,20_11_25,1
p1819,rus,20_11_25,2
p1819,ukr,20_11_25,2
p1819,hor,20_11_25,1
p1819,s2uss,20_11_25,1
p1819,trad,20_11_25,1
r,cf,20_11_25,1
r,ta,20_11_25,1
r,inf,20_11_25,1
r,ma,20_11_25,1
r,war,20_11_25,1
r,b,20_11_25,1
r,iv,20_11_25,1
r,bbb,20_11_25,1
d,cf,20_11_25,2
d,ta,20_11_25,2
d,inf,20_11_25,2
d,ma,20_11_25,2
d,war,20_11_25,2
d,b,20_11_25,2
d,iv,20_11_25,2
d,bbb,20_11_25,2
jb,cf,20_11_25,2
jb,ta,20_11_25,2
jb,inf,20_11_25,2
jb,ma,20_11_25,2
jb,war,20_11_25,2
jb,b,20_11_25,2
jb,iv,20_11_25,2
jb,bbb,20_11_25,2
jep,cf,20_11_25,2
jep,ta,20_11_25,2
jep,inf,20_11_25,2
jep,ma,20_11_25,2
jep,war,20_11_25,2
jep,b,20_11_25,2
jep,iv,20_11_25,2
jep,bbb,20_11_25,2
s2bc,cf,20_11_25,2
s2bc,ta,20_11_25,2
s2bc,inf,20_11_25,2
s2bc,ma,20_11_25,2
s2bc,war,20_11_25,2
s2bc,b,20_11_25,2
s2bc,iv,20_11_25,2
s2bc,bbb,20_11_25,2
ls,cf,20_11_25,2
ls,ta,20_11_25,2
ls,inf,20_11_25,2
ls,ma,20_11_25,2
ls,war,20_11_25,2
ls,b,20_11_25,2
ls,iv,20_11_25,2
ls,bbb,20_11_25,2
s2rh,cf,20_11_25,2
s2rh,ta,20_11_25,2
s2rh,inf,20_11_25,2
s2rh,ma,20_11_25,2
s2rh,war,20_11_25,2
s2rh,b,20_11_25,2
s2rh,iv,20_11_25,2
s2rh,bbb,20_11_25,2
hjeff,cf,20_11_25,2
hjeff,ta,20_11_25,2
hjeff,inf,20_11_25,2
hjeff,ma,20_11_25,2
hjeff,war,20_11_25,2
hjeff,b,20_11_25,2
hjeff,iv,20_11_25,2
hjeff,bbb,20_11_25,2
stpl,cf,20_11_25,2
stpl,ta,20_11_25,2
stpl,inf,20_11_25,2
stpl,ma,20_11_25,2
stpl,war,20_11_25,2
stpl,b,20_11_25,2
stpl,iv,20_11_25,2
stpl,bbb,20_11_25,2
mijo,cf,20_11_25,1
mijo,ta,20_11_25,1
mijo,inf,20_11_25,1
mijo,ma,20_11_25,1
mijo,war,20_11_25,1
mijo,b,20_11_25,1
mijo,iv,20_11_25,1
mijo,bbb,20_11_25,1
jth,cf,20_11_25,1
jth,ta,20_11_25,1
jth,inf,20_11_25,1
jth,ma,20_11_25,1
jth,war,20_11_25,1
jth,b,20_11_25,1
jth,iv,20_11_25,1
jth,bbb,20_11_25,1
trad,cf,20_11_25,1
trad,ta,20_11_25,1
trad,inf,20_11_25,1
trad,ma,20_11_25,1
trad,war,20_11_25,1
trad,b,20_11_25,1
trad,iv,20_11_25,1
trad,bbb,20_11_25,1
rus,cf,20_11_25,2
rus,ta,20_11_25,2
rus,inf,20_11_25,2
rus,ma,20_11_25,2
rus,war,20_11_25,2
rus,b,20_11_25,2
rus,iv,20_11_25,2
rus,bbb,20_11_25,2
ukr,cf,20_11_25,2
ukr,ta,20_11_25,2
ukr,inf,20_11_25,2
ukr,ma,20_11_25,2
ukr,war,20_11_25,2
ukr,b,20_11_25,2
ukr,iv,20_11_25,2
ukr,bbb,20_11_25,2
hor,cf,20_11_25,1
hor,ta,20_11_25,1
hor,inf,20_11_25,1
hor,ma,20_11_25,1
hor,war,20_11_25,1
hor,b,20_11_25,1
hor,iv,20_11_25,1
hor,bbb,20_11_25,1
s2uss,cf,20_11_25,1
s2uss,ta,20_11_25,1
s2uss,inf,20_11_25,1
s2uss,ma,20_11_25,1
s2uss,war,20_11_25,1
s2uss,b,20_11_25,1
s2uss,iv,20_11_25,1
s2uss,bbb,20_11_25,1
p1820,pm,20_11_25,3
p1820,zm,20_11_25,1
zm,pm,20_11_25,1
p1821,soc,20_11_25,3
p1821,ron,20_11_25,1
p1821,wh,20_11_25,1
ron,soc,20_11_25,1
wh,soc,20_11_25,1
ron,wh,20_11_25,1
p1822,fn,20_11_25,3
p1822,tva,20_11_25,3
p1822,abc,20_11_25,2
p1822,jkim,20_11_25,2
p1822,tvsynd,20_11_25,2
abc,fn,20_11_25,2
abc,tva,20_11_25,2
jkim,fn,20_11_25,2
jkim,tva,20_11_25,2
tvsynd,fn,20_11_25,2
tvsynd,tva,20_11_25,2
abc,jkim,20_11_25,2
abc,tvsynd,20_11_25,2
jkim,tvsynd,20_11_25,2
p1823,nas,22_11_25,3
p1823,im,22_11_25,3
p1823,minn,22_11_25,2
p1823,walz,22_11_25,2
p1823,som,22_11_25,2
p1823,trad,22_11_25,1
minn,nas,22_11_25,2
minn,im,22_11_25,2
walz,nas,22_11_25,2
walz,im,22_11_25,2
som,nas,22_11_25,2
som,im,22_11_25,2
trad,nas,22_11_25,1
trad,im,22_11_25,1
minn,walz,22_11_25,2
minn,som,22_11_25,2
walz,som,22_11_25,2
trad,minn,22_11_25,1
trad,walz,22_11_25,1
trad,som,22_11_25,1
p1824,s2pa,22_11_25,3
p1824,magr,22_11_25,2
p1824,tm,22_11_25,2
p1824,rpa,22_11_25,2
p1824,r,22_11_25,1
magr,s2pa,22_11_25,2
tm,s2pa,22_11_25,2
rpa,s2pa,22_11_25,2
r,s2pa,22_11_25,1
magr,tm,22_11_25,2
magr,rpa,22_11_25,2
tm,rpa,22_11_25,2
magr,r,22_11_25,1
tm,r,22_11_25,1
rpa,r,22_11_25,1
p1825,inf,22_11_25,3
p1825,iv,22_11_25,3
p1825,ta,22_11_25,3
p1825,spc,22_11_25,3
p1825,war,22_11_25,3
p1825,nas,22_11_25,3
p1825,jb,22_11_25,2
jb,inf,22_11_25,2
jb,iv,22_11_25,2
jb,ta,22_11_25,2
jb,spc,22_11_25,2
jb,war,22_11_25,2
jb,nas,22_11_25,2
p1826,crm,22_11_25,3
p1826,peop,22_11_25,3
p1826,mbo,22_11_25,2
p1826,jbp,22_11_25,2
p1826,fg,22_11_25,1
p1826,poof,22_11_25,1
p1826,clicha,22_11_25,2
peop,crm,22_11_25,3
mbo,crm,22_11_25,2
jbp,crm,22_11_25,2
fg,crm,22_11_25,1
poof,crm,22_11_25,1
clicha,crm,22_11_25,2
clicha,jbp,22_11_25,2
clicha,poof,22_11_25,1
jbp,fg,22_11_25,2
peop,poof,22_11_25,1
p1827,cap,22_11_25,3
p1827,gk,22_11_25,1
p1827,nema,22_11_25,1
gk,cap,22_11_25,1
nema,cap,22_11_25,1
gk,nema,22_11_25,1
p1828,js,22_11_25,3
p1828,cap,22_11_25,3
p1828,d,22_11_25,2
p1828,usm,22_11_25,2
p1828,lscho,22_11_25,1
d,js,22_11_25,2
d,cap,22_11_25,2
usm,js,22_11_25,2
usm,cap,22_11_25,2
lscho,js,22_11_25,1
lscho,cap,22_11_25,1
d,usm,22_11_25,2
lscho,d,22_11_25,1
lscho,usm,22_11_25,1
p1829,fn,23_11_25,3
p1829,bbc,23_11_25,2
bbc,fn,23_11_25,2
p1830,t,23_11_25,3
p1830,inf,23_11_25,3
p1830,iv,23_11_25,3
p1830,war,23_11_25,3
p1830,jb,23_11_25,2
p1830,lele,23_11_25,2
p1830,koch,23_11_25,2
p1830,count,23_11_25,2
p1830,usa,23_11_25,1
jb,inf,23_11_25,2
jb,t,23_11_25,2
lele,t,23_11_25,2
koch,t,23_11_25,2
count,t,23_11_25,2
count,war,23_11_25,2
usa,t,23_11_25,1
usa,inf,23_11_25,1
usa,iv,23_11_25,1
usa,war,23_11_25,1
lele,koch,23_11_25,2
lele,count,23_11_25,2
koch,count,23_11_25,2
p1831,cap,23_11_25,3
p1831,fn,23_11_25,3
p1831,usm,23_11_25,2
p1831,nene,23_11_25,2
usm,cap,23_11_25,2
usm,fn,23_11_25,2
nene,fn,23_11_25,2
usm,nene,23_11_25,2
p1832,war,23_11_25,3
p1832,pair,23_11_25,3
p1832,rus,23_11_25,2
p1832,ukr,23_11_25,1
p1832,jb,23_11_25,2
p1832,vp,23_11_25,2
p1832,usa,23_11_25,1
p1832,nato,23_11_25,1
p1832,euro,23_11_25,2
rus,war,23_11_25,2
rus,pair,23_11_25,2
ukr,war,23_11_25,1
ukr,pair,23_11_25,1
jb,war,23_11_25,2
jb,pair,23_11_25,2
vp,war,23_11_25,2
vp,pair,23_11_25,2
usa,war,23_11_25,1
usa,pair,23_11_25,1
nato,war,23_11_25,1
nato,pair,23_11_25,1
euro,war,23_11_25,2
euro,pair,23_11_25,2
rus,jb,23_11_25,2
rus,usa,23_11_25,2
rus,ukr,23_11_25,2
rus,vp,23_11_25,2
ukr,usa,23_11_25,1
ukr,nato,23_11_25,1
usa,jb,23_11_25,1
usa,ukr,23_11_25,1
nato,usa,23_11_25,1
vp,jb,23_11_25,2
vp,usa,23_11_25,2
euro,usa,23_11_25,2
euro,rus,23_11_25,2
p1833,ef,23_11_25,3
p1833,tip,23_11_25,1
p1833,copr,23_11_25,3
tip,ef,23_11_25,1
copr,ef,23_11_25,3
tip,copr,23_11_25,1
p1834,fn,23_11_25,3
p1834,abc,23_11_25,2
p1834,nbc,23_11_25,2
p1834,d,23_11_25,2
p1834,nene,23_11_25,2
abc,fn,23_11_25,2
nbc,fn,23_11_25,2
d,fn,23_11_25,2
nene,fn,23_11_25,2
abc,nbc,23_11_25,2
abc,d,23_11_25,2
abc,nene,23_11_25,2
nbc,d,23_11_25,2
nbc,nene,23_11_25,2
d,nene,23_11_25,2
p1835,r,23_11_25,3
p1835,d,23_11_25,3
p1835,ta,23_11_25,3
p1835,rpa,23_11_25,2
p1835,tm,23_11_25,2
p1835,magr,23_11_25,2
r,ta,23_11_25,1
r,rpa,23_11_25,1
r,tm,23_11_25,1
r,magr,23_11_25,1
r,d,23_11_25,1
d,rpa,23_11_25,2
d,tm,23_11_25,2
d,magr,23_11_25,2
rpa,tm,23_11_25,2
rpa,magr,23_11_25,2
tm,magr,23_11_25,2
p1836,fb,24_11_25,3
p1836,nfl,24_11_25,2
nfl,fb,24_11_25,2
p1837,war,24_11_25,3
p1837,pair,24_11_25,3
p1837,rus,24_11_25,3
p1837,ukr,24_11_25,3
p1837,rus,24_11_25,1
p1837,ukr,24_11_25,1
p1837,usa,24_11_25,1
rus,war,24_11_25,1
rus,pair,24_11_25,1
rus,ukr,24_11_25,1
ukr,war,24_11_25,1
ukr,pair,24_11_25,1
ukr,rus,24_11_25,1
usa,war,24_11_25,1
usa,pair,24_11_25,1
usa,rus,24_11_25,1
usa,ukr,24_11_25,1
rus,ukr,24_11_25,1
rus,usa,24_11_25,1
ukr,usa,24_11_25,1
p1838,t,24_11_25,3
p1838,nas,24_11_25,3
p1838,usa,24_11_25,1
p1838,scot,24_11_25,3
usa,t,24_11_25,1
usa,nas,24_11_25,1
usa,scot,24_11_25,1
scot,t,24_11_25,3
scot,nas,24_11_25,3
scot,usa,24_11_25,3
p1839,fb,24_11_25,3
p1839,shs,24_11_25,1
p1839,clev,24_11_25,3
shs,fb,24_11_25,1
shs,clev,24_11_25,1
clev,fb,24_11_25,3
p1840,soc,24_11_25,3
p1840,s2tb2,24_11_25,1
p1840,magr,24_11_25,1
p1840,fofr,24_11_25,3
s2tb2,magr,24_11_25,1
s2tb2,fofr,24_11_25,3
magr,fofr,24_11_25,3
p1841,pair,24_11_25,3
p1841,fy,24_11_25,3
p1841,ukr,24_11_25,3
p1841,rus,24_11_25,3
p1841,xj,24_11_25,1
p1841,chn,24_11_25,1
p1841,usa,24_11_25,1
p1841,skor,24_11_25,1
xj,pair,24_11_25,1
xj,fy,24_11_25,1
xj,ukr,24_11_25,1
xj,rus,24_11_25,1
xj,chn,24_11_25,1
xj,usa,24_11_25,1
xj,skor,24_11_25,1
chn,pair,24_11_25,1
chn,fy,24_11_25,1
chn,ukr,24_11_25,1
chn,rus,24_11_25,1
chn,usa,24_11_25,1
chn,skor,24_11_25,1
usa,pair,24_11_25,1
usa,fy,24_11_25,1
usa,ukr,24_11_25,1
usa,rus,24_11_25,1
usa,chn,24_11_25,1
usa,skor,24_11_25,1
skor,pair,24_11_25,1
skor,fy,24_11_25,1
skor,ukr,24_11_25,1
skor,rus,24_11_25,1
skor,usa,24_11_25,1
skor,chn,24_11_25,1
xj,chn,24_11_25,1
xj,usa,24_11_25,1
xj,skor,24_11_25,1
chn,usa,24_11_25,1
chn,skor,24_11_25,1
usa,skor,24_11_25,1
p1842,r,24_11_25,3
p1842,af,24_11_25,3
p1842,maga,24_11_25,3
p1842,rpa,24_11_25,2
p1842,tm,24_11_25,2
p1842,ky,24_11_25,3
rpa,tm,24_11_25,2
rpa,r,24_11_25,2
rpa,af,24_11_25,2
rpa,maga,24_11_25,2
tm,rpa,24_11_25,2
tm,r,24_11_25,2
tm,af,24_11_25,2
tm,maga,24_11_25,2
r,rpa,24_11_25,1
r,tm,24_11_25,1
r,af,24_11_25,1
r,maga,24_11_25,1
ky,rpa,24_11_25,3
ky,tm,24_11_25,3
ky,r,24_11_25,3
ky,af,24_11_25,3
ky,maga,24_11_25,3
p1843,rus,25_11_25,3
p1843,ukr,25_11_25,3
p1843,b,25_11_25,3
p1843,vp,25_11_25,1
p1843,s2vz,25_11_25,1
p1843,swa,25_11_25,1
p1843,dadr,25_11_25,1
p1843,jdv,25_11_25,1
p1843,maru,25_11_25,1
p1843,phe,25_11_25,1
p1843,swi,25_11_25,1
p1843,usa,25_11_25,1
vp,s2vz,25_11_25,1
vp,swa,25_11_25,1
vp,dadr,25_11_25,1
vp,jdv,25_11_25,1
vp,maru,25_11_25,1
vp,phe,25_11_25,1
vp,swi,25_11_25,1
vp,usa,25_11_25,1
s2vz,swa,25_11_25,1
s2vz,dadr,25_11_25,1
s2vz,jdv,25_11_25,1
s2vz,maru,25_11_25,1
s2vz,phe,25_11_25,1
s2vz,swi,25_11_25,1
s2vz,usa,25_11_25,1
swa,dadr,25_11_25,1
swa,jdv,25_11_25,1
swa,maru,25_11_25,1
swa,phe,25_11_25,1
swa,swi,25_11_25,1
swa,usa,25_11_25,1
dadr,jdv,25_11_25,1
dadr,maru,25_11_25,1
dadr,phe,25_11_25,1
dadr,swi,25_11_25,1
dadr,usa,25_11_25,1
jdv,maru,25_11_25,1
jdv,phe,25_11_25,1
jdv,swi,25_11_25,1
jdv,usa,25_11_25,1
maru,phe,25_11_25,1
maru,swi,25_11_25,1
maru,usa,25_11_25,1
phe,swi,25_11_25,1
phe,usa,25_11_25,1
swi,usa,25_11_25,1
p1844,ef,25_11_25,3
p1844,suc,25_11_25,3
p1844,r,25_11_25,1
p1844,d,25_11_25,2
p1844,insr,25_11_25,1
p1844,inh,25_11_25,1
p1844,ngi,25_11_25,1
p1844,scot,25_11_25,1
p1844,amerp,25_11_25,1
p1844,usm,25_11_25,1
r,d,25_11_25,2
r,insr,25_11_25,1
r,inh,25_11_25,1
r,ngi,25_11_25,1
r,scot,25_11_25,1
r,amerp,25_11_25,1
r,ef,25_11_25,1
r,suc,25_11_25,1
d,r,25_11_25,2
d,amerp,25_11_25,2
d,ef,25_11_25,2
d,suc,25_11_25,2
insr,r,25_11_25,1
insr,ef,25_11_25,1
insr,suc,25_11_25,1
inh,r,25_11_25,1
inh,ef,25_11_25,1
inh,suc,25_11_25,1
ngi,r,25_11_25,1
ngi,ef,25_11_25,1
ngi,suc,25_11_25,1
scot,r,25_11_25,1
amerp,r,25_11_25,1
usm,r,25_11_25,1
p1845,suc,25_11_25,3
p1845,af,25_11_25,3
p1845,jpill,25_11_25,1
p1845,neb,25_11_25,1
p1845,s2to,25_11_25,1
p1845,usm,25_11_25,1
p1845,vet,25_11_25,1
p1845,le,25_11_25,1
p1845,amerp,25_11_25,1
jpill,suc,25_11_25,1
jpill,af,25_11_25,1
jpill,amerp,25_11_25,1
neb,jpill,25_11_25,1
s2to,jpill,25_11_25,1
usm,jpill,25_11_25,1
vet,jpill,25_11_25,1
le,jpill,25_11_25,1
amerp,jpill,25_11_25,1
p1846,suc,26_11_25,3
p1846,af,26_11_25,3
p1846,mve,26_11_25,1
p1846,tn07,26_11_25,1
p1846,amerp,26_11_25,1
mve,suc,26_11_25,1
mve,af,26_11_25,1
mve,amerp,26_11_25,1
tn07,mve,26_11_25,1
amerp,mve,26_11_25,1
p1847,nyt,26_11_25,2
p1847,karo,26_11_25,2
p1847,usa,26_11_25,1
p1847,fn,26_11_25,3
p1847,inf,26_11_25,3
p1847,iv,26_11_25,3
p1847,s2pa,26_11_25,3
nyt,karo,26_11_25,1
nyt,fn,26_11_25,2
karo,s2pa,26_11_25,2
usa,inf,26_11_25,1
usa,iv,26_11_25,1
p1848,s2vc,26_11_25,1
p1848,mabar,26_11_25,1
p1848,tva,26_11_25,3
s2vc,mabar,26_11_25,1
s2vc,tva,26_11_25,1
mabar,tva,26_11_25,1
p1849,dbur,26_11_25,1
p1849,aogo,26_11_25,3
dbur,aogo,26_11_25,1
p1850,fw,26_11_25,2
p1850,nwa,26_11_25,2
p1850,americans,26_11_25,1
p1850,tog,26_11_25,1
p1850,maga,26_11_25,1
p1850,le,26_11_25,3
p1850,js,26_11_25,3
p1850,cor,26_11_25,3
p1850,s2pa,26_11_25,3
fw,nwa,26_11_25,1
fw,le,26_11_25,2
fw,js,26_11_25,2
nwa,le,26_11_25,2
nwa,js,26_11_25,2
le,js,26_11_25,1
americans,s2pa,26_11_25,1
americans,le,26_11_25,1
americans,js,26_11_25,1
tog,s2pa,26_11_25,1
maga,s2pa,26_11_25,1
p1851,usa,26_11_25,1
p1851,sag,26_11_25,2
p1851,nyt,26_11_25,2
p1851,media,26_11_25,2
p1851,afrik,26_11_25,3
p1851,dutch,26_11_25,3
p1851,french,26_11_25,3
p1851,germ,26_11_25,3
p1851,sruse,26_11_25,1
p1851,g20,26_11_25,3
p1851,cmia,26_11_25,3
p1851,fl,26_11_25,3
p1851,wpe,26_11_25,1
usa,g20,26_11_25,1
usa,sag,26_11_25,2
usa,nyt,26_11_25,1
usa,media,26_11_25,1
usa,sruse,26_11_25,1
usa,s2wp2,26_11_25,1
sag,nyt,26_11_25,2
sag,media,26_11_25,2
nyt,media,26_11_25,1
sruse,usa,26_11_25,1
afrik,dutch,26_11_25,3
afrik,french,26_11_25,3
afrik,germ,26_11_25,3
dutch,french,26_11_25,3
dutch,germ,26_11_25,3
french,germ,26_11_25,3
wpe,usa,26_11_25,1
wpe,sag,26_11_25,2
wpe,sruse,26_11_25,1
p1852,nguar,26_11_25,1
p1852,usm,26_11_25,1
p1852,usa,26_11_25,1
p1852,opc,26_11_25,1
p1852,nas,26_11_25,3
p1852,ma,26_11_25,3
p1852,le,26_11_25,3
nguar,usm,26_11_25,1
nguar,le,26_11_25,1
nguar,usa,26_11_25,1
nguar,opc,26_11_25,1
usm,le,26_11_25,1
usm,usa,26_11_25,1
usm,opc,26_11_25,1
le,usa,26_11_25,1
le,opc,26_11_25,1
usa,opc,26_11_25,1
p1853,usa,26_11_25,1
p1853,nimo,26_11_25,2
p1853,cub,26_11_25,2
p1853,nica,26_11_25,2
p1853,ven,26_11_25,2
p1853,tasf,26_11_25,1
p1853,poho,26_11_25,3
p1853,rmon,26_11_25,2
p1853,snas,26_11_25,2
p1853,ho,26_11_25,3
p1853,ven,26_11_25,3
p1853,ho,26_11_25,3
p1853,ic,26_11_25,3
p1853,nacom,26_11_25,3
tasf,rmon,26_11_25,1
tasf,snas,26_11_25,1
rmon,snas,26_11_25,1
nimo,cub,26_11_25,1
nimo,nica,26_11_25,1
nimo,ven,26_11_25,1
tasf,ho,26_11_25,1
rmon,ho,26_11_25,2
snas,ho,26_11_25,2
nimo,ic,26_11_25,2
cub,ic,26_11_25,2
nica,ic,26_11_25,2
ven,ic,26_11_25,2
rmon,nacom,26_11_25,2
snas,nacom,26_11_25,2
p1854,nguar,27_11_25,1
p1854,usm,27_11_25,1
p1854,usa,27_11_25,1
p1854,nas,27_11_25,3
p1854,ma,27_11_25,3
nguar,usm,27_11_25,1
nguar,usa,27_11_25,1
usm,usa,27_11_25,1
nguar,nas,27_11_25,1
nguar,ma,27_11_25,1
usm,nas,27_11_25,1
usm,ma,27_11_25,1
usa,nas,27_11_25,1
usa,ma,27_11_25,1
p1855,fz,27_11_25,1
p1855,gnor,27_11_25,3
p1855,wfgc,27_11_25,3
p1855,gol,27_11_25,3
fz,gn,27_11_25,3
fz,gol,27_11_25,1
gnor,gol,27_11_25,3
wfgc,gol,27_11_25,3
p1856,usa,28_11_25,1
p1856,afg,28_11_25,3
p1856,jb,28_11_25,2
p1856,nas,28_11_25,3
p1856,pair,28_11_25,3
usa,nas,28_11_25,1
usa,pair,28_11_25,1
jb,nas,28_11_25,2
jb,pair,28_11_25,2
afg,nas,28_11_25,3
afg,pair,28_11_25,3
usa,afg,28_11_25,3
usa,jb,28_11_25,2
afg,jb,28_11_25,3
p1857,usa,28_11_25,1
p1857,jb,28_11_25,2
p1857,twc,28_11_25,2
p1857,fona,28_11_25,2
p1857,nas,28_11_25,3
p1857,pair,28_11_25,3
usa,nas,28_11_25,1
usa,pair,28_11_25,1
jb,nas,28_11_25,2
jb,pair,28_11_25,2
twc,nas,28_11_25,2
twc,pair,28_11_25,2
fona,nas,28_11_25,2
fona,pair,28_11_25,2
usa,jb,28_11_25,2
usa,twc,28_11_25,1
usa,fona,28_11_25,1
jb,twc,28_11_25,2
jb,fona,28_11_25,2
twc,fona,28_11_25,2
p1858,usa,28_11_25,1
p1858,walz,28_11_25,2
p1858,io,28_11_25,2
p1858,minn,28_11_25,3
p1858,soga,28_11_25,2
p1858,amerci,28_11_25,1
p1858,fona,28_11_25,2
p1858,nas,28_11_25,3
p1858,pair,28_11_25,3
usa,nas,28_11_25,1
usa,pair,28_11_25,1
walz,nas,28_11_25,2
walz,pair,28_11_25,2
io,nas,28_11_25,2
io,pair,28_11_25,2
minn,nas,28_11_25,3
minn,pair,28_11_25,3
soga,nas,28_11_25,2
soga,pair,28_11_25,2
amerci,nas,28_11_25,1
amerci,pair,28_11_25,1
fona,nas,28_11_25,2
fona,pair,28_11_25,2
usa,walz,28_11_25,2
usa,io,28_11_25,2
usa,fona,28_11_25,1
amerci,usa,28_11_25,1
fona,soga,28_11_25,2
walz,io,28_11_25,2
p1859,ts,28_11_25,1
p1859,usa,28_11_25,1
p1859,boo,28_11_25,3
ts,boo,28_11_25,1
usa,boo,28_11_25,3
ts,usa,28_11_25,1
p1860,jb,28_11_25,2
p1851,usa,28_11_25,1
p1851,d,28_11_25,2
p1851,pair,28_11_25,3
jb,pair,28_11_25,2
usa,pair,28_11_25,1
d,pair,28_11_25,2
jb,usa,28_11_25,2
jb,d,28_11_25,2
p1861,usa,28_11_25,1
p1861,nimo,28_11_25,2
p1861,cub,28_11_25,2
p1861,nica,28_11_25,2
p1861,ven,28_11_25,2
p1861,tasf,28_11_25,1
p1861,poho,28_11_25,3
p1861,rmon,28_11_25,2
p1861,snas,28_11_25,2
p1861,ho,28_11_25,3
p1861,ho,28_11_25,3
p1861,ic,28_11_25,3
p1861,nacom,28_11_25,3
tasf,rmon,28_11_25,1
tasf,snas,28_11_25,1
rmon,snas,28_11_25,1
nimo,cub,28_11_25,1
nimo,nica,28_11_25,1
nimo,ven,28_11_25,1
tasf,ho,28_11_25,1
rmon,ho,28_11_25,2
snas,ho,28_11_25,2
nimo,ic,28_11_25,2
cub,ic,28_11_25,2
nica,ic,28_11_25,2
ven,ic,28_11_25,2
rmon,nacom,28_11_25,2
snas,nacom,28_11_25,2
p1862,usa,28_11_25,1
p1862,tasf,28_11_25,1
p1862,poho,28_11_25,3
p1862,johe,28_11_25,1
p1862,ho,28_11_25,3
p1862,ven,28_11_25,3
p1862,ho,28_11_25,3
tasf,poho,28_11_25,1
tasf,usa,28_11_25,1
tasf,johe,28_11_25,1
tasf,ven,28_11_25,1
johe,usa,28_11_25,1
usa,poho,28_11_25,1
usa,ho,28_11_25,1
usa,ven,28_11_25,1
usa,ho,28_11_25,3
tasf,ho,28_11_25,3
poho,ho,28_11_25,3
johe,ho,28_11_25,3
p1863,usa,29_11_25,1
p1863,scot,29_11_25,2
p1863,usm,29_11_25,1
p1863,t,29_11_25,3
p1863,ta,29_11_25,3
p1863,spc,29_11_25,3
p1863,js,29_11_25,3
t,usa,29_11_25,1
t,ta,29_11_25,1
t,spc,29_11_25,1
t,usm,29_11_25,1
ta,usa,29_11_25,1
ta,spc,29_11_25,1
ta,usm,29_11_25,1
spc,usa,29_11_25,1
spc,usm,29_11_25,1
usm,usa,29_11_25,1
js,usa,29_11_25,2
js,t,29_11_25,2
js,ta,29_11_25,2
p1864,usa,29_11_25,1
p1864,ven,29_11_25,2
p1864,airl,29_11_25,3
p1864,pil,29_11_25,3
p1864,drde,29_11_25,3
p1864,htraf,29_11_25,3
p1864,nas,29_11_25,3
p1864,pair,29_11_25,3
usa,nas,29_11_25,1
usa,pair,29_11_25,1
ven,nas,29_11_25,2
ven,pair,29_11_25,2
airl,nas,29_11_25,3
airl,pair,29_11_25,3
pil,nas,29_11_25,3
pil,pair,29_11_25,3
drde,nas,29_11_25,3
drde,pair,29_11_25,3
htraf,nas,29_11_25,3
htraf,pair,29_11_25,3
usa,ven,29_11_25,2
p1865,usa,29_11_25,1
p1865,r,29_11_25,3
p1865,med,29_11_25,3
p1865,ta,29_11_25,3
p1865,t,29_11_25,3
usa,med,29_11_25,1
usa,ta,29_11_25,1
usa,t,29_11_25,1
r,med,29_11_25,3
r,ta,29_11_25,3
r,t,29_11_25,3
p1866,usa,29_11_25,1
p1866,mbs,29_11_25,1
p1866,ksa,29_11_25,3
p1866,pair,29_11_25,3
mbs,usa,29_11_25,1
mbs,ksa,29_11_25,1
usa,ksa,29_11_25,1
usa,pair,29_11_25,1
p1867,dlea,30_11_25,1
p1867,churt,30_11_25,1
p1867,fone,30_11_25,1
dlea,churt,30_11_25,1
dlea,fone,30_11_25,1
churt,fone,30_11_25,1
p1868,jb,30_11_25,2
p1868,may,30_11_25,2
p1868,kh,30_11_25,2
p1868,usa,30_11_25,1
p1868,s2pa,30_11_25,3
jb,may,30_11_25,2
jb,kh,30_11_25,2
jb,usa,30_11_25,2
jb,s2pa,30_11_25,2
may,kh,30_11_25,2
may,usa,30_11_25,2
may,s2pa,30_11_25,2
kh,usa,30_11_25,2
kh,s2pa,30_11_25,2
usa,s2pa,30_11_25,1
p1869,mve,30_11_25,1
p1869,usa,30_11_25,1
p1869,d,30_11_25,2
p1869,s2pa,30_11_25,3
mve,usa,30_11_25,1
mve,d,30_11_25,2
mve,s2pa,30_11_25,1
usa,d,30_11_25,2
usa,s2pa,30_11_25,1
d,s2pa,30_11_25,2
p1870,baru,30_11_25,1
p1870,gol,30_11_25,3
baru,gol,30_11_25,1
p1871,bida,30_11_25,2
p1871,usa,30_11_25,1
p1871,s2pa,30_11_25,3
bida,usa,30_11_25,2
bida,s2pa,30_11_25,2
usa,s2pa,30_11_25,1
p1872,mve,30_11_25,1
p1872,poto,30_11_25,1
p1872,usa,30_11_25,1
p1872,s2pa,30_11_25,3
mve,poto,30_11_25,1
mve,usa,30_11_25,1
mve,s2pa,30_11_25,1
poto,usa,30_11_25,1
poto,s2pa,30_11_25,1
usa,s2pa,30_11_25,1
p1873,usa,30_11_25,1
p1873,wh,30_11_25,1
p1873,caaa,30_11_25,3
usa,wh,30_11_25,1
usa,caaa,30_11_25,1
wh,caaa,30_11_25,1
p1874,masi,01_12_25,1
p1874,med,01_12_25,3
masi,med,01_12_25,1
p1875,kili,01_12_25,1
p1875,usa,01_12_25,1
p1875,js,01_12_25,3
kili,usa,01_12_25,1
kili,js,01_12_25,1
usa,js,01_12_25,1
p1876,usa,01_12_25,1
p1876,syr,01_12_25,1
p1876,iasr,01_12_25,1
p1876,isr,01_12_25,1
p1876,pair,01_12_25,3
usa,syr,01_12_25,1
usa,iasr,01_12_25,1
usa,isr,01_12_25,1
syr,iasr,01_12_25,1
syr,isr,01_12_25,1
iasr,isr,01_12_25,1
p1877,metr,01_12_25,1
p1877,wh,01_12_25,1
p1877,w,01_12_25,3
metr,wh,01_12_25,1
metr,w,01_12_25,1
wh,w,01_12_25,1
p1878,eh,02_12_25,2
p1878,usa,02_12_25,1
p1878,d,02_12_25,2
p1878,j,02_12_25,2
p1878,scot,02_12_25,3
p1878,js,02_12_25,3
eh,usa,02_12_25,2
eh,d,02_12_25,2
eh,j,02_12_25,2
eh,scot,02_12_25,2
eh,js,02_12_25,2
usa,d,02_12_25,2
usa,j,02_12_25,1
usa,scot,02_12_25,1
usa,js,02_12_25,1
d,j,02_12_25,2
d,scot,02_12_25,2
d,js,02_12_25,2
j,scot,02_12_25,2
j,js,02_12_25,2
scot,js,02_12_25,3
p1879,mve,02_12_25,1
p1879,poto,02_12_25,1
p1879,usa,02_12_25,1
p1879,cf,02_12_25,3
mve,poto,02_12_25,1
mve,usa,02_12_25,1
mve,cf,02_12_25,1
poto,usa,02_12_25,1
poto,cf,02_12_25,1
usa,cf,02_12_25,1
p1880,mkel,02_12_25,2
p1880,upp,02_12_25,2
p1880,usa,02_12_25,1
p1880,suc,02_12_25,3
mkel,upp,02_12_25,2
mkel,usa,02_12_25,2
mkel,suc,02_12_25,2
upp,usa,02_12_25,2
upp,suc,02_12_25,2
usa,suc,02_12_25,1
p1881,s2jh2,02_12_25,1
p1881,jw,02_12_25,1
p1881,usa,02_12_25,1
p1881,fy,02_12_25,3
s2jh2,jw,02_12_25,1
s2jh2,usa,02_12_25,1
s2jh2,fy,02_12_25,1
jw,usa,02_12_25,1
jw,fy,02_12_25,1
usa,fy,02_12_25,1
p1882,tasf,02_12_25,1
p1882,snas,02_12_25,2
p1882,ho,02_12_25,1
p1882,nec,02_12_25,3
p1882,poho,02_12_25,1
p1882,usa,02_12_25,1
p1882,ho,02_12_25,3
tasf,snas,02_12_25,2
tasf,ho,02_12_25,1
tasf,nec,02_12_25,1
tasf,poho,02_12_25,1
tasf,usa,02_12_25,1
tasf,ho,02_12_25,1
snas,ho,02_12_25,2
snas,nec,02_12_25,2
snas,poho,02_12_25,2
snas,usa,02_12_25,2
snas,ho,02_12_25,2
ho,nec,02_12_25,1
ho,poho,02_12_25,1
ho,usa,02_12_25,1
nec,poho,02_12_25,1
nec,usa,02_12_25,1
nec,ho,02_12_25,1
poho,usa,02_12_25,1
poho,ho,02_12_25,1
usa,ho,02_12_25,1
p1883,bj,02_12_25,1
p1883,usa,02_12_25,1
p1883,suc,02_12_25,3
bj,usa,02_12_25,1
bj,suc,02_12_25,1
usa,suc,02_12_25,1
p1884,dal,02_12_25,1
p1884,tex,02_12_25,1
p1884,rego,02_12_25,1
p1884,d,02_12_25,2
p1884,usa,02_12_25,1
p1884,ef,02_12_25,3
dal,tex,02_12_25,1
dal,usa,02_12_25,1
tex,usa,02_12_25,1
rego,usa,02_12_25,1
d,usa,02_12_25,2
dal,ef,02_12_25,1
tex,ef,02_12_25,1
rego,ef,02_12_25,1
d,ef,02_12_25,2
usa,ef,02_12_25,1
p1885,mve,02_12_25,1
p1885,poto,02_12_25,1
p1885,usa,02_12_25,1
p1885,suc,02_12_25,3
mve,poto,02_12_25,1
mve,usa,02_12_25,1
mve,suc,02_12_25,1
poto,usa,02_12_25,1
poto,suc,02_12_25,1
usa,suc,02_12_25,1
p1886,lula,02_12_25,1
p1886,braz,02_12_25,1
p1886,usa,02_12_25,1
p1886,un,02_12_25,3
p1886,count,02_12_25,1
p1886,pair,02_12_25,3
lula,braz,02_12_25,1
lula,usa,02_12_25,1
lula,un,02_12_25,1
lula,count,02_12_25,1
braz,usa,02_12_25,1
braz,un,02_12_25,1
braz,count,02_12_25,1
usa,un,02_12_25,1
usa,count,02_12_25,1
un,count,02_12_25,1
lula,pair,02_12_25,1
braz,pair,02_12_25,1
usa,pair,02_12_25,1
un,pair,02_12_25,1
count,pair,02_12_25,1
p1887,usa,02_12_25,1
p1887,bida,02_12_25,2
p1887,js,02_12_25,3
usa,bida,02_12_25,2
usa,js,02_12_25,1
bida,js,02_12_25,2
p1888,mve,03_12_25,1
p1888,d,03_12_25,2
p1888,r,03_12_25,1
p1888,usa,03_12_25,1
p1888,ten,03_12_25,1
p1888,suc,03_12_25,3
mve,d,03_12_25,2
mve,r,03_12_25,1
mve,usa,03_12_25,1
mve,ten,03_12_25,1
d,r,03_12_25,2
d,usa,03_12_25,2
r,usa,03_12_25,1
ten,usa,03_12_25,1
mve,suc,03_12_25,1
d,suc,03_12_25,2
r,suc,03_12_25,1
usa,suc,03_12_25,1
ten,suc,03_12_25,1
p1889,mve,03_12_25,1
p1889,mvef,03_12_25,1
p1889,usa,03_12_25,1
p1889,ten,03_12_25,1
p1889,suc,03_12_25,3
mve,mvef,03_12_25,1
mve,usa,03_12_25,1
mve,ten,03_12_25,1
mve,mvef,03_12_25,1
mvef,usa,03_12_25,1
mvef,ten,03_12_25,1
usa,ten,03_12_25,1
mve,suc,03_12_25,1
mvef,suc,03_12_25,1
usa,suc,03_12_25,1
ten,suc,03_12_25,1
p1890,jpol,04_12_25,2
p1890,tip,04_12_25,1
p1890,d,04_12_25,2
p1890,colo,04_12_25,1
p1890,usa,04_12_25,1
p1890,ef,04_12_25,3
p1890,s2pa,04_12_25,3
jpol,tip,04_12_25,2
jpol,d,04_12_25,2
jpol,colo,04_12_25,2
jpol,ef,04_12_25,2
jpol,s2pa,04_12_25,2
tip,d,04_12_25,1
tip,colo,04_12_25,1
tip,usa,04_12_25,1
tip,ef,04_12_25,1
tip,s2pa,04_12_25,1
d,colo,04_12_25,2
d,usa,04_12_25,2
d,ef,04_12_25,2
d,s2pa,04_12_25,2
colo,usa,04_12_25,1
colo,ef,04_12_25,1
usa,ef,04_12_25,1
p1891,s2tmc,04_12_25,1
p1891,s2dhs2,04_12_25,1
p1891,usa,04_12_25,1
p1891,s2pa,04_12_25,3
s2tmc,s2dhs2,04_12_25,1
s2tmc,usa,04_12_25,1
s2tmc,s2pa,04_12_25,1
s2dhs2,usa,04_12_25,1
s2dhs2,s2pa,04_12_25,1
usa,s2pa,04_12_25,1
p1892,usa,04_12_25,1
p1892,vot,04_12_25,1
p1892,ef,04_12_25,3
usa,vot,04_12_25,1
usa,ef,04_12_25,1
vot,ef,04_12_25,1
p1893,cgol,04_12_25,2
p1893,usa,04_12_25,1
p1893,tex,04_12_25,1
p1893,suc,04_12_25,3
p1893,usm,04_12_25,3
p1893,vet,04_12_25,3
cgol,usa,04_12_25,2
cgol,tex,04_12_25,2
cgol,suc,04_12_25,2
usa,tex,04_12_25,1
usa,suc,04_12_25,1
tex,suc,04_12_25,1
p1894,nmor,04_12_25,2
p1894,usa,04_12_25,1
p1894,tex,04_12_25,1
p1894,potm,04_12_25,1
p1894,usm,04_12_25,1
p1894,vet,04_12_25,1
p1894,suc,04_12_25,3
nmor,usa,04_12_25,2
nmor,tex,04_12_25,2
nmor,potm,04_12_25,2
nmor,usm,04_12_25,2
nmor,vet,04_12_25,2
nmor,suc,04_12_25,2
usa,tex,04_12_25,1
usa,potm,04_12_25,1
usa,usm,04_12_25,1
usa,vet,04_12_25,1
usa,suc,04_12_25,1
tex,potm,04_12_25,1
tex,usm,04_12_25,1
tex,vet,04_12_25,1
tex,suc,04_12_25,1
potm,usm,04_12_25,1
potm,vet,04_12_25,1
potm,suc,04_12_25,1
usm,vet,04_12_25,1
usm,suc,04_12_25,1
vet,suc,04_12_25,1
p1895,mcl,04_12_25,2
p1895,usa,04_12_25,1
p1895,tex,04_12_25,1
p1895,potc,04_12_25,1
p1895,usm,04_12_25,1
p1895,vet,04_12_25,1
p1895,suc,04_12_25,3
mcl,usa,04_12_25,2
mcl,tex,04_12_25,2
mcl,potc,04_12_25,2
mcl,usm,04_12_25,2
mcl,vet,04_12_25,2
mcl,suc,04_12_25,2
usa,tex,04_12_25,1
usa,potc,04_12_25,1
usa,usm,04_12_25,1
usa,vet,04_12_25,1
usa,suc,04_12_25,1
tex,potc,04_12_25,1
tex,usm,04_12_25,1
tex,vet,04_12_25,1
tex,suc,04_12_25,1
potc,usm,04_12_25,1
potc,vet,04_12_25,1
potc,suc,04_12_25,1
usm,vet,04_12_25,1
usm,suc,04_12_25,1
vet,suc,04_12_25,1
p1896,rweb,04_12_25,2
p1896,usa,04_12_25,1
p1896,tex,04_12_25,1
p1896,pot14,04_12_25,1
p1896,usm,04_12_25,1
p1896,vet,04_12_25,1
p1896,suc,04_12_25,3
rweb,usa,04_12_25,2
rweb,tex,04_12_25,2
rweb,pot14,04_12_25,2
rweb,usm,04_12_25,2
rweb,vet,04_12_25,2
rweb,suc,04_12_25,2
usa,tex,04_12_25,1
usa,pot14,04_12_25,1
usa,usm,04_12_25,1
usa,vet,04_12_25,1
usa,suc,04_12_25,1
tex,pot14,04_12_25,1
tex,usm,04_12_25,1
tex,vet,04_12_25,1
tex,suc,04_12_25,1
pot14,usm,04_12_25,1
pot14,vet,04_12_25,1
pot14,suc,04_12_25,1
usm,vet,04_12_25,1
usm,suc,04_12_25,1
vet,suc,04_12_25,1
p1897,jcar,04_12_25,2
p1897,usa,04_12_25,1
p1897,tex,04_12_25,1
p1897,pot31,04_12_25,1
p1897,usm,04_12_25,1
p1897,vet,04_12_25,1
p1897,suc,04_12_25,3
jcar,usa,04_12_25,2
jcar,tex,04_12_25,2
jcar,pot31,04_12_25,2
jcar,usm,04_12_25,2
jcar,vet,04_12_25,2
jcar,suc,04_12_25,2
usa,tex,04_12_25,1
usa,pot31,04_12_25,1
usa,usm,04_12_25,1
usa,vet,04_12_25,1
usa,suc,04_12_25,1
tex,pot31,04_12_25,1
tex,usm,04_12_25,1
tex,vet,04_12_25,1
tex,suc,04_12_25,1
pot31,usm,04_12_25,1
pot31,vet,04_12_25,1
pot31,suc,04_12_25,1
usm,vet,04_12_25,1
usm,suc,04_12_25,1
vet,suc,04_12_25,1
p1898,jcl,05_12_25,2
p1898,usa,05_12_25,1
p1898,crm,05_12_25,3
jcl,usa,05_12_25,2
jcl,crm,05_12_25,2
usa,crm,05_12_25,1
p1899,as,05_12_25,2
p1899,jab,05_12_25,2
p1899,nbc,05_12_25,1
p1899,usa,05_12_25,1
as,jab,05_12_25,1
as,nbc,05_12_25,2
as,usa,05_12_25,2
jab,nbc,05_12_25,1
jab,usa,05_12_25,2
nbc,usa,05_12_25,1
p1900,awol,05_12_25,2
p1900,usa,05_12_25,1
p1900,usm,05_12_25,1
p1900,awf,05_12_25,1
p1900,ng,05_12_25,3
awol,usa,05_12_25,2
awol,usm,05_12_25,2
awol,awf,05_12_25,2
awol,ng,05_12_25,2
usa,usm,05_12_25,1
usa,awf,05_12_25,1
usa,ng,05_12_25,1
usm,awf,05_12_25,1
usm,ng,05_12_25,1
awf,ng,05_12_25,1
p1901,d,05_12_25,2
p1901,r,05_12_25,1
p1901,usa,05_12_25,1
p1901,scot,05_12_25,1
p1901,j,05_12_25,1
p1901,suc,05_12_25,3
d,r,05_12_25,1
d,usa,05_12_25,2
d,scot,05_12_25,2
d,j,05_12_25,2
d,suc,05_12_25,2
r,usa,05_12_25,1
r,scot,05_12_25,1
r,j,05_12_25,1
r,suc,05_12_25,1
usa,scot,05_12_25,1
usa,j,05_12_25,1
usa,suc,05_12_25,1
scot,j,05_12_25,1
scot,suc,05_12_25,1
j,suc,05_12_25,1
p1902,s2tc,05_12_25,2
p1902,usa,05_12_25,1
p1902,doj,05_12_25,1
p1902,dot,05_12_25,1
p1902,doe,05_12_25,1
p1902,clicha,05_12_25,3
p1902,ep,05_12_25,3
s2tc,usa,05_12_25,2
s2tc,doj,05_12_25,2
s2tc,dot,05_12_25,2
s2tc,doe,05_12_25,2
s2tc,clicha,05_12_25,2
s2tc,ep,05_12_25,2
usa,doj,05_12_25,1
usa,dot,05_12_25,1
usa,doe,05_12_25,1
usa,clicha,05_12_25,1
usa,ep,05_12_25,1
doj,dot,05_12_25,1
doj,doe,05_12_25,1
doj,clicha,05_12_25,1
doj,ep,05_12_25,1
dot,doe,05_12_25,1
dot,clicha,05_12_25,1
dot,ep,05_12_25,1
doe,clicha,05_12_25,1
doe,ep,05_12_25,1
clicha,ep,05_12_25,2
p1903,tohu,06_12_25,2
p1903,s2bs,06_12_25,2
p1903,tiwe,06_12_25,2
p1903,mbo,06_12_25,2
p1903,insen,06_12_25,1
p1903,indi,06_12_25,1
p1903,r,06_12_25,1
p1903,usa,06_12_25,1
p1903,suc,06_12_25,3
tohu,s2bs,06_12_25,1
tohu,walz,06_12_25,1
tohu,mbo,06_12_25,1
tohu,insen,06_12_25,1
tohu,indi,06_12_25,1
tohu,r,06_12_25,1
tohu,usa,06_12_25,1
tohu,suc,06_12_25,2
s2bs,walz,06_12_25,1
s2bs,mbo,06_12_25,1
s2bs,insen,06_12_25,1
s2bs,ind,06_12_25,1
s2bs,r,06_12_25,1
s2bs,usa,06_12_25,1
s2bs,suc,06_12_25,2
tiwe,mbo,06_12_25,1
tiwe,insen,06_12_25,1
tiwe,indi,06_12_25,1
tiwe,r,06_12_25,1
tiwe,usa,06_12_25,1
tiwe,suc,06_12_25,2
mbo,insen,06_12_25,1
mbo,indi,06_12_25,1
mbo,r,06_12_25,1
mbo,usa,06_12_25,1
mbo,suc,06_12_25,2
insen,ind,06_12_25,1
insen,r,06_12_25,1
insen,usa,06_12_25,1
insen,suc,06_12_25,1
indi,r,06_12_25,1
indi,usa,06_12_25,1
indi,suc,06_12_25,1
r,usa,06_12_25,1
r,suc,06_12_25,1
usa,suc,06_12_25,1
p1904,cdc,06_12_25,2
p1904,dohhs,06_12_25,1
p1904,rfkj,06_12_25,2
p1904,usa,06_12_25,1
p1904,c,06_12_25,1
p1904,ep,06_12_25,3
p1904,med,06_12_25,3
cdc,dohhs,06_12_25,1
cdc,rfkj,06_12_25,2
cdc,usa,06_12_25,1
cdc,c,06_12_25,1
cdc,ep,06_12_25,2
cdc,med,06_12_25,2
dohhs,rfkj,06_12_25,1
dohhs,usa,06_12_25,1
dohhs,c,06_12_25,1
dohhs,ep,06_12_25,1
dohhs,med,06_12_25,1
rfkj,usa,06_12_25,1
rfkj,c,06_12_25,1
rfkj,ep,06_12_25,2
rfkj,med,06_12_25,2
usa,c,06_12_25,1
usa,ep,06_12_25,1
usa,med,06_12_25,1
p1905,fifa,06_12_25,1
p1905,soc,06_12_25,3
p1905,fpp,06_12_25,3
fifa,soc,06_12_25,2
fifa,fpp,06_12_25,2
p1906,jajo,06_12_25,2
p1906,usa,06_12_25,1
p1906,med,06_12_25,3
p1906,boo,06_12_25,3
jajo,usa,06_12_25,1
jajo,med,06_12_25,2
jajo,boo,06_12_25,2
usa,med,06_12_25,1
usa,boo,06_12_25,1
p1907,pesc,06_12_25,2
p1907,fofr,06_12_25,1
p1907,usa,06_12_25,1
p1907,inf,06_12_25,3
p1907,ep,06_12_25,3
pesc,fofr,06_12_25,2
pesc,usa,06_12_25,1
pesc,inf,06_12_25,2
pesc,ep,06_12_25,2
fofr,usa,06_12_25,1
fofr,inf,06_12_25,2
fofr,ep,06_12_25,2
usa,inf,06_12_25,1
usa,ep,06_12_25,1
p1908,caco,06_12_25,2
p1908,cnn,06_12_25,1
p1908,usa,06_12_25,1
caco,cnn,06_12_25,2
caco,usa,06_12_25,1
cnn,usa,06_12_25,1
p1909,ron,06_12_25,1
p1909,wh,06_12_25,1
p1909,usa,06_12_25,1
p1909,soc,06_12_25,3
ron,wh,06_12_25,1
ron,usa,06_12_25,1
ron,soc,06_12_25,2
wh,usa,06_12_25,1
wh,soc,06_12_25,1
usa,soc,06_12_25,1
p1910,s2dhs2,06_12_25,1
p1910,ice,06_12_25,1
p1910,d,06_12_25,2
p1910,crm,06_12_25,3
s2dhs2,ice,06_12_25,1
s2dhs2,d,06_12_25,1
s2dhs2,crm,06_12_25,1
ice,d,06_12_25,1
ice,crm,06_12_25,1
d,crm,06_12_25,1
p1911,cos,06_12_25,1
p1911,j,06_12_25,1
p1911,sre,06_12_25,1
p1911,soc,06_12_25,3
cos,j,06_12_25,1
cos,sre,06_12_25,1
cos,soc,06_12_25,2
j,sre,06_12_25,1
j,soc,06_12_25,1
sre,soc,06_12_25,1
p1912,rocl,06_12_25,2
p1912,s2nr,06_12_25,1
p1912,bhof,06_12_25,1
p1912,doj,06_12_25,1
p1912,bo,06_12_25,1
p1912,soc,06_12_25,3
rocl,s2nr,06_12_25,1
rocl,bhof,06_12_25,2
rocl,doj,06_12_25,1
rocl,soc,06_12_25,2
s2nr,bhof,06_12_25,1
s2nr,soc,06_12_25,2
bhof,soc,06_12_25,1
doj,bo,06_12_25,1
doj,soc,06_12_25,1
bo,soc,06_12_25,1
p1913,char,06_12_25,1
p1913,norc,06_12_25,1
p1913,d,06_12_25,2
p1913,ilmi,06_12_25,1
p1913,crm,06_12_25,3
char,norc,06_12_25,1
char,d,06_12_25,1
char,ilmi,06_12_25,1
char,crm,06_12_25,1
norc,d,06_12_25,1
norc,ilmi,06_12_25,1
norc,crm,06_12_25,1
d,ilmi,06_12_25,1
d,crm,06_12_25,1
ilmi,crm,06_12_25,1
p1914,hcu,07_12_25,2
p1914,icu,07_12_25,1
p1914,bida,07_12_25,2
p1914,cfa,07_12_25,1
p1914,d,07_12_25,2
p1914,tex,07_12_25,1
p1914,povo,07_12_25,1
p1914,js,07_12_25,3
hcu,icu,07_12_25,1
hcu,cfa,07_12_25,1
hcu,d,07_12_25,1
hcu,tex,07_12_25,1
hcu,js,07_12_25,1
icu,cfa,07_12_25,1
icu,js,07_12_25,1
bida,d,07_12_25,1
bida,js,07_12_25,1
d,js,07_12_25,1
tex,js,07_12_25,1
povo,js,07_12_25,1
cfa,js,07_12_25,1
p1915,cmia,07_12_25,1
p1915,togo,07_12_25,2
p1915,r,07_12_25,1
p1915,suc,07_12_25,3
cmia,togo,07_12_25,1
cmia,r,07_12_25,1
cmia,suc,07_12_25,1
togo,r,07_12_25,1
togo,suc,07_12_25,2
r,suc,07_12_25,1
p1916,s2rc,07_12_25,2
p1916,mlb,07_12_25,1
p1916,ba,07_12_25,3
s2rc,mlb,07_12_25,1
s2rc,ba,07_12_25,2
mlb,ba,07_12_25,1
p1917,usa,07_12_25,1
p1917,scot,07_12_25,1
p1917,s2fc,07_12_25,1
p1917,ep,07_12_25,3
usa,scot,07_12_25,1
usa,s2fc,07_12_25,1
usa,ep,07_12_25,1
scot,ep,07_12_25,1
s2fc,ep,07_12_25,1
p1918,usa,08_12_25,1
p1918,army,08_12_25,1
p1918,aic,08_12_25,1
p1918,ep,08_12_25,3
usa,army,08_12_25,1
usa,aic,08_12_25,1
usa,ep,08_12_25,1
army,aic,08_12_25,1
army,ep,08_12_25,1
aic,ep,08_12_25,1
p1919,magr,08_12_25,2
p1919,ls,08_12_25,2
p1919,smin,08_12_25,2
p1919,para,08_12_25,1
p1919,hubi,08_12_25,1
ls,smin,08_12_25,1
smin,para,08_12_25,1
p1920,xj,08_12_25,1
p1920,chn,08_12_25,1
p1920,usa,08_12_25,1
p1920,nvda,08_12_25,1
p1920,amd,08_12_25,1
p1920,int,08_12_25,1
p1920,bida,08_12_25,2
p1920,atp,08_12_25,1
p1920,amercomp,08_12_25,1
p1920,ep,08_12_25,3
p1920,doco,08_12_25,1
p1920,iv,08_12_25,3
p1920,bida,08_12_25,2
p1920,nas,08_12_25,3
nas,chn,08_12_25,1
nas,usa,08_12_25,1
chn,usa,08_12_25,1
xj,chn,08_12_25,1
usa,nvda,08_12_25,1
usa,amd,08_12_25,1
usa,int,08_12_25,1
usa,atp,08_12_25,1
usa,amercomp,08_12_25,1
chn,nvda,08_12_25,1
amercomp,nvda,08_12_25,1
amercomp,amd,08_12_25,1
amercomp,int,08_12_25,1
atp,ep,08_12_25,1
amercomp,ep,08_12_25,1
nvda,ep,08_12_25,1
amd,ep,08_12_25,1
int,ep,08_12_25,1
bida,ep,08_12_25,1
atp,iv,08_12_25,1
amercomp,iv,08_12_25,1
nvda,iv,08_12_25,1
amd,iv,08_12_25,1
int,iv,08_12_25,1
doco,iv,08_12_25,1
bida,iv,08_12_25,1
p1921,mex,08_12_25,2
p1921,usa,08_12_25,1
p1921,tex,08_12_25,1
p1921,afarm,08_12_25,1
p1921,t,08_12_25,3
mex,usa,08_12_25,1
usa,tex,08_12_25,1
tex,afarm,08_12_25,1
mex,t,08_12_25,2
usa,t,08_12_25,1
p1922,usa,09_12_25,1
p1922,scot,09_12_25,1
p1922,euro,09_12_25,1
p1922,chn,09_12_25,1
p1922,t,09_12_25,3
usa,scot,09_12_25,1
euro,chn,09_12_25,1
usa,t,09_12_25,1
euro,t,09_12_25,1
chn,t,09_12_25,1
scot,t,09_12_25,1
p1923,usa,09_12_25,1
p1923,t,09_12_25,3
usa,t,09_12_25,1
p1924,wrmmc,10_12_25,1
p1924,docs,10_12_25,1
p1924,usm,10_12_25,1
p1924,eco,10_12_25,3
wrmmc,docs,10_12_25,1
docs,eco,10_12_25,1
usm,eco,10_12_25,1
wrmmc,eco,10_12_25,1
p1925,chki,10_12_25,2
p1925,boo,10_12_25,3
chki,boo,10_12_25,1
p1926,usa,10_12_25,1
p1926,fg,10_12_25,1
p1926,amercomp,10_12_25,1
p1926,amerp,10_12_25,1
p1926,im,10_12_25,3
usa,fg,10_12_25,1
usa,amercomp,10_12_25,1
usa,amerp,10_12_25,1
fg,amerp,10_12_25,1
amercomp,amerp,10_12_25,1
usa,im,10_12_25,1
p1927,pberg,11_12_25,2
p1927,spage,11_12_25,1
p1927,s2tb2,11_12_25,1
p1927,vf,11_12_25,1
p1927,amcd,11_12_25,1
p1927,drou,11_12_25,1
p1927,norc,11_12_25,1
p1927,usa,11_12_25,1
p1927,suc,11_12_25,3
pberg,s2tb2,11_12_25,1
pberg,vf,11_12_25,1
pberg,amcd,11_12_25,1
pberg,drou,11_12_25,1
norc,pberg,11_12_25,1
usa,norc,11_12_25,1
p1928,rb,11_12_25,2
p1928,mdan,11_12_25,1
p1928,jbanks,11_12_25,1
p1928,cams,11_12_25,1
p1928,hjeff,11_12_25,1
p1928,np,11_12_25,1
p1928,chuschu,11_12_25,1
p1928,jb,11_12_25,1
p1928,kh,11_12_25,1
p1928,io,11_12_25,1
p1928,hor,11_12_25,1
p1928,ind,11_12_25,1
p1928,usa,11_12_25,1
p1928,r,11_12_25,1
p1928,d,11_12_25,1
p1928,s2pa,11_12_25,3
p1928,suc,11_12_25,3
rb,suc,11_12_25,1
mdan,suc,11_12_25,1
jbanks,suc,11_12_25,1
cams,suc,11_12_25,1
hjeff,suc,11_12_25,1
np,suc,11_12_25,1
chuschu,suc,11_12_25,1
jb,s2pa,11_12_25,1
kh,s2pa,11_12_25,1
io,s2pa,11_12_25,1
hor,s2pa,11_12_25,1
p1929,jth,11_12_25,1
p1929,s2cg,11_12_25,1
p1929,dsen,11_12_25,1
p1929,j,11_12_25,1
p1929,s2uss,11_12_25,1
p1929,r,11_12_25,1
p1929,d,11_12_25,1
p1929,s2pa,11_12_25,3
p1929,suc,11_12_25,3
jth,suc,11_12_25,1
s2cg,suc,11_12_25,1
dsen,s2pa,11_12_25,1
p1930,ameco,11_12_25,3
p1930,eco,11_12_25,3
ameco,eco,11_12_25,3
p1931,bida,11_12_25,2
p1931,usa,11_12_25,1
p1931,inf,11_12_25,3
p1931,ep,11_12_25,3
bida,usa,11_12_25,2
bida,inf,11_12_25,2
bida,ep,11_12_25,2
usa,inf,11_12_25,1
usa,ep,11_12_25,1
p1932,wsj,11_12_25,2
p1932,chn,11_12_25,1
p1932,usa,11_12_25,1
p1932,ep,11_12_25,3
chn,usa,11_12_25,1
chn,ep,11_12_25,1
usa,ep,11_12_25,1
wsj,chn,11_12_25,2
wsj,ep,11_12_25,2
p1933,d,12_12_25,3
p1933,tip,12_12_25,3
p1933,atp,12_12_25,2
p1933,colo,12_12_25,2
p1933,usa,12_12_25,1
p1933,crm,12_12_25,3
p1933,ef,12_12_25,3
p1933,s2pa,12_12_25,3
tip,colo,12_12_25,3
tip,crm,12_12_25,3
tip,ef,12_12_25,3
tip,s2pa,12_12_25,3
d,tip,12_12_25,3
d,atp,12_12_25,2
d,crm,12_12_25,3
d,ef,12_12_25,3
d,s2pa,12_12_25,3
atp,crm,12_12_25,2
p1934,anut,12_12_25,3
p1934,hman,12_12_25,3
p1934,aib,12_12_25,3
p1934,tha,12_12_25,2
p1934,cam,12_12_25,2
p1934,mal,12_12_25,2
p1934,usa,12_12_25,2
p1934,pair,12_12_25,3
p1934,war,12_12_25,3
anut,hman,12_12_25,3
anut,aib,12_12_25,3
anut,tha,12_12_25,3
anut,cam,12_12_25,3
anut,usa,12_12_25,2
hman,aib,12_12_25,3
hman,tha,12_12_25,3
hman,cam,12_12_25,3
hman,usa,12_12_25,2
aib,mal,12_12_25,3
aib,usa,12_12_25,2
tha,cam,12_12_25,3
tha,usa,12_12_25,2
cam,usa,12_12_25,2
anut,pair,12_12_25,3
hman,pair,12_12_25,3
aib,pair,12_12_25,3
tha,pair,12_12_25,2
cam,pair,12_12_25,2
usa,pair,12_12_25,2
anut,war,12_12_25,3
hman,war,12_12_25,3
aib,war,12_12_25,3
tha,war,12_12_25,3
cam,war,12_12_25,3
usa,war,12_12_25,3
p1935,rb,13_12_25,3
p1935,insen,13_12_25,3
p1935,hor,13_12_25,2
p1935,ind,13_12_25,2
p1935,r,13_12_25,2
p1935,usa,13_12_25,2
p1935,s2pa,13_12_25,3
p1935,suc,13_12_25,3
rb,insen,13_12_25,3
rb,hor,13_12_25,2
rb,ind,13_12_25,2
rb,r,13_12_25,2
insen,hor,13_12_25,3
insen,ind,13_12_25,2
insen,r,13_12_25,2
hor,ind,13_12_25,2
hor,r,13_12_25,2
ind,r,13_12_25,2
rb,s2pa,13_12_25,3
insen,suc,13_12_25,3
p1936,s2al,13_12_25,3
p1936,rr,13_12_25,2
p1936,usa,13_12_25,2
p1936,ep,13_12_25,3
p1936,t,13_12_25,3
s2al,rr,13_12_25,2
s2al,usa,13_12_25,2
s2al,ep,13_12_25,3
s2al,t,13_12_25,3
rr,usa,13_12_25,2
usa,ep,13_12_25,2
usa,t,13_12_25,2
p1937,syr,13_12_25,3
p1937,usa,13_12_25,3
p1937,iasr,13_12_25,3
p1937,pat,13_12_25,3
p1937,s2sol,13_12_25,3
p1937,usm,13_12_25,3
p1937,s2civ,13_12_25,3
p1937,isis,13_12_25,3
p1937,nas,13_12_25,3
syr,usa,13_12_25,3
syr,iasr,13_12_25,3
syr,pat,13_12_25,3
syr,s2sol,13_12_25,3
syr,usm,13_12_25,3
syr,s2civ,13_12_25,3
syr,isis,13_12_25,3
syr,nas,13_12_25,3
usa,iasr,13_12_25,3
usa,pat,13_12_25,3
usa,s2sol,13_12_25,3
usa,usm,13_12_25,3
usa,s2civ,13_12_25,3
usa,isis,13_12_25,3
usa,nas,13_12_25,3
iasr,pat,13_12_25,3
iasr,s2sol,13_12_25,3
iasr,usm,13_12_25,3
iasr,s2civ,13_12_25,3
iasr,isis,13_12_25,3
iasr,nas,13_12_25,3
pat,s2sol,13_12_25,3
pat,usm,13_12_25,3
pat,s2civ,13_12_25,3
pat,isis,13_12_25,3
pat,nas,13_12_25,3
s2sol,usm,13_12_25,3
s2sol,s2civ,13_12_25,3
s2sol,isis,13_12_25,3
s2sol,nas,13_12_25,3
usm,s2civ,13_12_25,3
usm,isis,13_12_25,3
usm,nas,13_12_25,3
s2civ,isis,13_12_25,3
s2civ,nas,13_12_25,3
isis,nas,13_12_25,3
p1938,bru,13_12_25,3
p1938,rhi,13_12_25,3
p1938,fbi,13_12_25,1
p1938,vic,13_12_25,1
p1938,favi,13_12_25,3
p1938,sus,13_12_25,2
p1938,crm,13_12_25,3
bru,rhi,13_12_25,3
bru,fbi,13_12_25,1
bru,vic,13_12_25,1
bru,favi,13_12_25,3
bru,sus,13_12_25,2
bru,crm,13_12_25,3
rhi,fbi,13_12_25,1
rhi,vic,13_12_25,1
rhi,favi,13_12_25,3
rhi,sus,13_12_25,2
rhi,crm,13_12_25,3
fbi,vic,13_12_25,1
fbi,favi,13_12_25,3
fbi,sus,13_12_25,2
fbi,crm,13_12_25,3
vic,favi,13_12_25,3
vic,sus,13_12_25,2
vic,crm,13_12_25,3
favi,sus,13_12_25,2
favi,crm,13_12_25,3
sus,crm,13_12_25,2
p1939,bup,14_12_25,1
p1939,sus,14_12_25,2
p1939,crm,14_12_25,3
bup,sus,14_12_25,2
bup,crm,14_12_25,3
sus,crm,14_12_25,3
p1940,ror,15_12_25,2
p1940,s2mic,15_12_25,2
p1940,trad,15_12_25,3
p1940,hol,15_12_25,3
p1940,crm,15_12_25,3
ror,s2mic,15_12_25,2
ror,trad,15_12_25,3
ror,hol,15_12_25,3
ror,crm,15_12_25,2
s2mic,trad,15_12_25,3
s2mic,hol,15_12_25,3
s2mic,crm,15_12_25,2
trad,hol,15_12_25,3
trad,crm,15_12_25,3
hol,crm,15_12_25,3
p1941,usa,16_12_25,1
p1941,wh,16_12_25,3
p1941,tva,16_12_25,3
usa,wh,16_12_25,3
usa,tva,16_12_25,1
wh,tva,16_12_25,3
p1942,smin,16_12_25,2
p1942,s2cbs,16_12_25,2
p1942,s2pa,16_12_25,3
smin,s2cbs,16_12_25,3
smin,s2pa,16_12_25,2
s2cbs,s2pa,16_12_25,2
p1943,usa,17_12_25,1
p1943,scot,17_12_25,3
p1943,t,17_12_25,3
p1943,nas,17_12_25,3
p1943,ng,17_12_25,3
usa,scot,17_12_25,3
usa,t,17_12_25,1
usa,nas,17_12_25,1
usa,ng,17_12_25,3
scot,t,17_12_25,3
scot,nas,17_12_25,3
scot,ng,17_12_25,3
t,nas,17_12_25,3
t,ng,17_12_25,3
nas,ng,17_12_25,3
p1944,nimo,17_12_25,2
p1944,ven,17_12_25,2
p1944,army,17_12_25,1
p1944,americans,17_12_25,1
p1944,bida,17_12_25,2
p1944,cr,17_12_25,2
p1944,terr,17_12_25,2
p1944,ven,17_12_25,3
p1944,war,17_12_25,3
p1944,crm,17_12_25,3
p1944,cr,17_12_25,3
nimo,ven,17_12_25,2
nimo,cr,17_12_25,2
nimo,terr,17_12_25,2
bida,cr,17_12_25,2
bida,nimo,17_12_25,2
army,americans,17_12_25,1
cr,crm,17_12_25,2
terr,crm,17_12_25,2
ven,war,17_12_25,2
p1945,ted,17_12_25,1
p1945,nbu,17_12_25,1
p1945,americans,17_12_25,1
p1945,fg,17_12_25,1
p1945,s2dhs2,17_12_25,1
p1945,aogo,17_12_25,3
p1945,cor,17_12_25,3
p1945,le,17_12_25,3
p1945,js,17_12_25,3
p1945,s2pa,17_12_25,3
ted,nbu,17_12_25,1
ted,americans,17_12_25,1
ted,fg,17_12_25,1
ted,s2dhs2,17_12_25,1
ted,aogo,17_12_25,3
ted,cor,17_12_25,3
ted,le,17_12_25,3
ted,js,17_12_25,3
ted,s2pa,17_12_25,3
nbu,americans,17_12_25,1
nbu,fg,17_12_25,1
nbu,s2dhs2,17_12_25,1
nbu,aogo,17_12_25,3
nbu,cor,17_12_25,3
nbu,le,17_12_25,3
nbu,js,17_12_25,3
nbu,s2pa,17_12_25,3
americans,fg,17_12_25,1
americans,s2dhs2,17_12_25,1
americans,aogo,17_12_25,3
americans,cor,17_12_25,3
americans,le,17_12_25,3
americans,js,17_12_25,3
americans,s2pa,17_12_25,3
fg,s2dhs2,17_12_25,1
fg,aogo,17_12_25,3
fg,cor,17_12_25,3
fg,le,17_12_25,3
fg,js,17_12_25,3
fg,s2pa,17_12_25,3
s2dhs2,aogo,17_12_25,3
s2dhs2,cor,17_12_25,3
s2dhs2,le,17_12_25,3
s2dhs2,js,17_12_25,3
s2dhs2,s2pa,17_12_25,3
p1946,anba,17_12_25,1
p1946,cze,17_12_25,1
p1946,americans,17_12_25,1
p1946,fg,17_12_25,1
p1946,pair,17_12_25,3
anba,cze,17_12_25,1
anba,americans,17_12_25,1
anba,fg,17_12_25,1
anba,pair,17_12_25,3
cze,americans,17_12_25,1
cze,fg,17_12_25,1
cze,pair,17_12_25,3
americans,fg,17_12_25,1
americans,pair,17_12_25,3
fg,pair,17_12_25,3
p1947,ham,17_12_25,2
p1947,gaz,17_12_25,3
ham,gaz,17_12_25,3
p1948,fbi,17_12_25,2
p1948,ml,17_12_25,2
p1948,lp,17_12_25,3
fbi,ml,17_12_25,2
fbi,lp,17_12_25,3
ml,lp,17_12_25,3
p1949,s2rwa,17_12_25,2
p1949,krwe,17_12_25,2
p1949,nbc,17_12_25,2
p1949,abc,17_12_25,2
p1949,s2tp,17_12_25,2
p1949,s2pa,17_12_25,3
s2rwa,krwe,17_12_25,2
s2rwa,nbc,17_12_25,2
s2rwa,abc,17_12_25,2
s2rwa,s2tp,17_12_25,2
s2rwa,s2pa,17_12_25,3
krwe,nbc,17_12_25,2
krwe,abc,17_12_25,2
krwe,s2tp,17_12_25,2
krwe,s2pa,17_12_25,3
nbc,abc,17_12_25,2
nbc,s2tp,17_12_25,2
nbc,s2pa,17_12_25,3
abc,s2tp,17_12_25,2
abc,s2pa,17_12_25,3
s2tp,s2pa,17_12_25,3
p1950,s2pl2,18_12_25,1
p1950,s2md,18_12_25,2
p1950,md2,18_12_25,1
p1950,americans,18_12_25,1
p1950,usm,18_12_25,1
p1950,vet,18_12_25,1
p1950,suc,18_12_25,3
s2pl2,s2md,18_12_25,2
s2pl2,md2,18_12_25,1
s2pl2,americans,18_12_25,1
s2pl2,usm,18_12_25,1
s2pl2,vet,18_12_25,1
s2pl2,suc,18_12_25,3
s2md,md2,18_12_25,2
s2md,americans,18_12_25,2
s2md,usm,18_12_25,2
s2md,vet,18_12_25,2
s2md,suc,18_12_25,3
md2,americans,18_12_25,1
md2,usm,18_12_25,1
md2,vet,18_12_25,1
md2,suc,18_12_25,3
americans,usm,18_12_25,1
americans,vet,18_12_25,1
americans,suc,18_12_25,3
usm,vet,18_12_25,1
usm,suc,18_12_25,3
vet,suc,18_12_25,3
p1951,s2kl,18_12_25,1
p1951,ca13,18_12_25,1
p1951,americans,18_12_25,1
p1951,s2usmc,18_12_25,1
p1951,usm,18_12_25,1
p1951,vet,18_12_25,1
p1951,suc,18_12_25,3
s2kl,ca13,18_12_25,1
s2kl,americans,18_12_25,1
s2kl,s2usmc,18_12_25,1
s2kl,usm,18_12_25,1
s2kl,vet,18_12_25,1
s2kl,suc,18_12_25,3
ca13,americans,18_12_25,1
ca13,s2usmc,18_12_25,1
ca13,usm,18_12_25,1
ca13,vet,18_12_25,1
ca13,suc,18_12_25,3
americans,ma,18_12_25,1
americans,usm,18_12_25,1
americans,vet,18_12_25,1
americans,suc,18_12_25,3
ma,usm,18_12_25,1
ma,vet,18_12_25,1
ma,suc,18_12_25,3
usm,vet,18_12_25,1
usm,suc,18_12_25,3
vet,suc,18_12_25,3
p1952,mve,18_12_25,1
p1952,suc,18_12_25,3
p1952,usm,18_12_25,1
mve,suc,18_12_25,1
mve,usm,18_12_25,1
p1953,togo,18_12_25,1
p1953,tx23,18_12_25,1
p1953,americans,18_12_25,1
p1953,usm,18_12_25,1
p1953,vet,18_12_25,1
p1953,suc,18_12_25,3
togo,tx23,18_12_25,1
togo,americans,18_12_25,1
togo,usm,18_12_25,1
togo,vet,18_12_25,1
togo,suc,18_12_25,3
tx23,americans,18_12_25,1
tx23,usm,18_12_25,1
tx23,vet,18_12_25,1
tx23,suc,18_12_25,3
americans,usm,18_12_25,1
americans,vet,18_12_25,1
americans,suc,18_12_25,3
usm,vet,18_12_25,1
usm,suc,18_12_25,3
vet,suc,18_12_25,3
p1954,efl,18_12_25,1
p1954,tx34,18_12_25,1
p1954,americans,18_12_25,1
p1954,usm,18_12_25,1
p1954,vet,18_12_25,1
p1954,le,18_12_25,1
p1954,suc,18_12_25,3
efl,tx34,18_12_25,1
efl,americans,18_12_25,1
efl,usm,18_12_25,1
efl,vet,18_12_25,1
efl,le,18_12_25,1
efl,suc,18_12_25,3
tx34,americans,18_12_25,1
tx34,usm,18_12_25,1
tx34,vet,18_12_25,1
tx34,le,18_12_25,1
tx34,suc,18_12_25,3
americans,usm,18_12_25,1
americans,vet,18_12_25,1
americans,le,18_12_25,1
americans,suc,18_12_25,3
usm,vet,18_12_25,1
usm,le,18_12_25,1
usm,suc,18_12_25,3
vet,le,18_12_25,1
vet,suc,18_12_25,3
le,suc,18_12_25,3
p1955,s2cg,18_12_25,1
p1955,tx10,18_12_25,1
p1955,americans,18_12_25,1
p1955,le,18_12_25,1
p1955,usm,18_12_25,1
p1955,vet,18_12_25,1
p1955,suc,18_12_25,3
s2cg,tx10,18_12_25,1
s2cg,americans,18_12_25,1
s2cg,le,18_12_25,1
s2cg,usm,18_12_25,1
s2cg,vet,18_12_25,1
s2cg,suc,18_12_25,3
tx10,americans,18_12_25,1
tx10,le,18_12_25,1
tx10,usm,18_12_25,1
tx10,vet,18_12_25,1
tx10,suc,18_12_25,3
americans,le,18_12_25,1
americans,usm,18_12_25,1
americans,vet,18_12_25,1
americans,suc,18_12_25,3
le,usm,18_12_25,1
le,vet,18_12_25,1
le,suc,18_12_25,3
usm,vet,18_12_25,1
usm,suc,18_12_25,3
vet,suc,18_12_25,3
p1956,norc,19_12_25,1
p1956,rmec,19_12_25,1
p1956,suc,19_12_25,3
norc,rmec,19_12_25,1
norc,suc,19_12_25,3
rmec,suc,19_12_25,3
p1957,d,19_12_25,2
p1957,cong,19_12_25,3
p1957,he,19_12_25,3
p1957,o,19_12_25,3
d,cong,19_12_25,2
he,d,19_12_25,2
he,cong,19_12_25,3
d,o,19_12_25,3
cong,o,19_12_25,3
he,o,19_12_25,3
p1958,fg,19_12_25,3
p1958,caaa,19_12_25,3
fg,caaa,19_12_25,3
p1959,ljb,19_12_25,1
p1959,caaa,19_12_25,3
ljb,caaa,19_12_25,3
p1960,roma,19_12_25,1
p1960,kans,19_12_25,1
p1960,clicha,19_12_25,3
roma,kans,19_12_25,1
roma,clicha,19_12_25,3
kans,clicha,19_12_25,3
p1961,es,19_12_25,1
p1961,ny,19_12_25,1
p1961,suc,19_12_25,3
es,ny,19_12_25,1
es,suc,19_12_25,3
ny,suc,19_12_25,3
p1962,isis,19_12_25,2
p1962,usa,19_12_25,1
p1962,syrg,19_12_25,1
p1962,americans,19_12_25,1
p1962,pat,19_12_25,1
p1962,war,19_12_25,3
p1962,nas,19_12_25,3
usa,isis,19_12_25,2
syrg,isis,19_12_25,2
americans,isis,19_12_25,2
pat,isis,19_12_25,2
usa,americans,19_12_25,1
usa,pat,19_12_25,1
americans,pat,19_12_25,1
usa,syrg,19_12_25,1
isis,war,19_12_25,2
usa,war,19_12_25,1
syrg,war,19_12_25,1
americans,nas,19_12_25,1
pat,nas,19_12_25,1
usa,nas,19_12_25,1
isis,nas,19_12_25,2
syrg,nas,19_12_25,1
p1963,s2em2,20_12_25,1
p1963,fobu,20_12_25,1
p1963,tva,20_12_25,3
s2em2,fobu,20_12_25,1
s2em2,tva,20_12_25,3
fobu,tva,20_12_25,3
p1964,minn,20_12_25,1
p1964,som,20_12_25,2
p1964,crm,20_12_25,3
som,minn,20_12_25,2
minn,crm,20_12_25,3
som,crm,20_12_25,2
p1965,toem,20_12_25,1
p1965,hor,20_12_25,1
p1965,norc,20_12_25,1
p1965,rmec,20_12_25,1
p1965,marla,20_12_25,1
p1965,americans,20_12_25,1
p1965,usm,20_12_25,1
p1965,vet,20_12_25,1
p1965,suc,20_12_25,3
toem,hor,20_12_25,1
toem,americans,20_12_25,1
toem,usm,20_12_25,1
toem,vet,20_12_25,1
toem,suc,20_12_25,3
hor,americans,20_12_25,1
hor,usm,20_12_25,1
hor,vet,20_12_25,1
hor,suc,20_12_25,3
norc,rmec,20_12_25,1
norc,suc,20_12_25,3
rmec,suc,20_12_25,3
marla,suc,20_12_25,3
americans,usm,20_12_25,1
americans,vet,20_12_25,1
americans,suc,20_12_25,3
usm,vet,20_12_25,1
usm,suc,20_12_25,3
vet,suc,20_12_25,3
p1966,grgi,20_12_25,1
p1966,mon,20_12_25,1
p1966,clicha,20_12_25,3
grgi,mon,20_12_25,1
grgi,clicha,20_12_25,3
mon,clicha,20_12_25,3
p1967,norc,20_12_25,1
p1967,mw,20_12_25,1
p1967,s2rc,20_12_25,2
p1967,r,20_12_25,1
p1967,d,20_12_25,2
p1967,wh,20_12_25,1
p1967,japa,20_12_25,1
p1967,anjo,20_12_25,1
p1967,suc,20_12_25,3
p1967,med,20_12_25,3
mw,norc,20_12_25,1
s2rc,norc,20_12_25,2
mw,r,20_12_25,1
s2rc,d,20_12_25,2
r,d,20_12_25,2
wh,med,20_12_25,1
mw,suc,20_12_25,3
s2rc,suc,20_12_25,3
r,suc,20_12_25,3
d,suc,20_12_25,3
wh,med,20_12_25,3
japa,anjo,20_12_25,1
p1968,s2bb,20_12_25,1
p1968,nce,20_12_25,1
p1968,ice,20_12_25,1
p1968,bp,20_12_25,1
p1968,usm,20_12_25,1
p1968,vet,20_12_25,1
p1968,ny,20_12_25,1
p1968,suc,20_12_25,3
s2bb,nce,20_12_25,1
s2bb,ice,20_12_25,1
s2bb,bp,20_12_25,1
s2bb,usm,20_12_25,1
s2bb,vet,20_12_25,1
s2bb,ny,20_12_25,1
nce,ice,20_12_25,1
nce,bp,20_12_25,1
nce,usm,20_12_25,1
nce,vet,20_12_25,1
nce,ny,20_12_25,1
ice,bp,20_12_25,1
ice,usm,20_12_25,1
ice,vet,20_12_25,1
ice,ny,20_12_25,1
bp,usm,20_12_25,1
bp,vet,20_12_25,1
bp,ny,20_12_25,1
usm,vet,20_12_25,1
usm,ny,20_12_25,1
vet,ny,20_12_25,1
s2bb,suc,20_12_25,3
nce,suc,20_12_25,3
ice,suc,20_12_25,3
bp,suc,20_12_25,3
usm,suc,20_12_25,3
vet,suc,20_12_25,3
ny,suc,20_12_25,3
p1969,jela,22_12_25,1
p1969,usa,22_12_25,1
p1969,grl,22_12_25,1
p1969,pair,22_12_25,3
jela,usa,22_12_25,1
jela,grl,22_12_25,1
jela,pair,22_12_25,3
usa,grl,22_12_25,1
usa,pair,22_12_25,3
grl,pair,22_12_25,3
p1970,ama,23_12_25,1
p1970,breb,23_12_25,1
p1970,s2jmi,23_12_25,1
p1970,rob,23_12_25,1
p1970,suc,23_12_25,3
ama,breb,23_12_25,1
ama,s2jmi,23_12_25,1
ama,rob,23_12_25,1
ama,suc,23_12_25,3
breb,s2jmi,23_12_25,1
breb,rob,23_12_25,1
breb,suc,23_12_25,3
s2jmi,rob,23_12_25,1
s2jmi,suc,23_12_25,3
rob,suc,23_12_25,3
p1971,nyt,23_12_25,2
p1971,nas,23_12_25,3
p1971,americans,23_12_25,3
nyt,nas,23_12_25,2
nyt,americans,23_12_25,2
nas,americans,23_12_25,3
p1972,t,23_12_25,1
p1972,usa,23_12_25,1
p1972,nas,23_12_25,1
p1972,scot,23_12_25,1
t,usa,23_12_25,1
t,nas,23_12_25,1
t,scot,23_12_25,1
usa,nas,23_12_25,1
usa,scot,23_12_25,1
nas,scot,23_12_25,1
p1973,t,23_12_25,3
p1973,nas,23_12_25,3
p1973,scot,23_12_25,3
p1973,kajoto,23_12_25,1
p1973,s2sm,23_12_25,1
p1973,kaz,23_12_25,1
p1973,uzb,23_12_25,1
p1973,usa,23_12_25,1
p1973,g20,23_12_25,1
p1973,cmia,23_12_25,1
p1973,pair,23_12_25,3
kajoto,kaz,23_12_25,1
s2sm,uzb,23_12_25,1
kajoto,usa,23_12_25,1
s2sm,usa,23_12_25,1
kaz,usa,23_12_25,1
uzb,usa,23_12_25,1
g20,usa,23_12_25,1
g20,cmia,23_12_25,1
kajoto,pair,23_12_25,3
s2sm,pair,23_12_25,3
kaz,pair,23_12_25,3
uzb,pair,23_12_25,3
usa,pair,23_12_25,3
g20,pair,23_12_25,3
cmia,pair,23_12_25,3
p1974,tkeh,23_12_25,1
p1974,s2cbs,23_12_25,1
p1974,para,23_12_25,1
p1974,sys,23_12_25,1
p1974,mcra,23_12_25,1
p1974,kiss,23_12_25,1
p1974,gest,23_12_25,1
p1974,gga,23_12_25,1
p1974,hono,23_12_25,3
tkeh,s2cbs,23_12_25,1
tkeh,para,23_12_25,1
tkeh,sys,23_12_25,1
tkeh,mcra,23_12_25,1
tkeh,kiss,23_12_25,1
tkeh,gest,23_12_25,1
tkeh,gga,23_12_25,1
sys,hono,23_12_25,3
mcra,hono,23_12_25,3
kiss,hono,23_12_25,3
gest,hono,23_12_25,3
gga,hono,23_12_25,3
tkeh,hono,23_12_25,3
p1975,s2be,23_12_25,2
p1975,usa,23_12_25,1
p1975,fg,23_12_25,1
p1975,t,23_12_25,3
p1975,inf,23_12_25,3
p1975,iv,23_12_25,3
p1975,bbb,23_12_25,3
s2be,usa,23_12_25,2
s2be,fg,23_12_25,2
s2be,t,23_12_25,2
s2be,inf,23_12_25,2
s2be,iv,23_12_25,2
s2be,bbb,23_12_25,2
usa,t,23_12_25,1
usa,inf,23_12_25,1
usa,iv,23_12_25,1
usa,bbb,23_12_25,1
fg,t,23_12_25,1
fg,inf,23_12_25,1
fg,iv,23_12_25,1
fg,bbb,23_12_25,1
p1976,usa,23_12_25,1
p1976,fedc,23_12_25,2
p1976,inf,23_12_25,3
p1976,iv,23_12_25,3
usa,fedc,23_12_25,2
usa,inf,23_12_25,1
usa,iv,23_12_25,1
fedc,inf,23_12_25,2
fedc,iv,23_12_25,2
p1977,hh,23_12_25,1
p1977,wy,23_12_25,1
p1977,usa,23_12_25,1
p1977,americans,23_12_25,1
p1977,usm,23_12_25,1
p1977,vet,23_12_25,1
p1977,suc,23_12_25,3
hh,wy,23_12_25,1
hh,usa,23_12_25,1
hh,americans,23_12_25,1
hh,usm,23_12_25,1
hh,vet,23_12_25,1
wy,usa,23_12_25,1
usa,americans,23_12_25,1
usm,vet,23_12_25,1
hh,suc,23_12_25,3
wy,suc,23_12_25,3
usa,suc,23_12_25,3
americans,suc,23_12_25,3
usm,suc,23_12_25,3
vet,suc,23_12_25,3
p1978,scol,24_12_25,2
p1978,s2cbs,24_12_25,2
scol,s2cbs,24_12_25,2
p1979,s2cbs,24_12_25,2
p1979,abc,24_12_25,2
p1979,nbc,24_12_25,2
s2cbs,abc,24_12_25,2
s2cbs,nbc,24_12_25,2
abc,nbc,24_12_25,2
p1980,nne,24_12_25,2
p1980,r,24_12_25,1
p1980,maga,24_12_25,1
nne,r,24_12_25,2
nne,maga,24_12_25,2
p1981,d,25_12_25,2
p1981,usa,25_12_25,1
p1981,fg,25_12_25,1
p1981,t,25_12_25,3
p1981,inf,25_12_25,3
p1981,iv,25_12_25,3
p1981,nas,25_12_25,3
p1981,americans,25_12_25,1
d,usa,25_12_25,2
d,fg,25_12_25,2
d,t,25_12_25,2
d,inf,25_12_25,2
d,iv,25_12_25,2
d,nas,25_12_25,2
d,americans,25_12_25,2
usa,t,25_12_25,1
usa,inf,25_12_25,1
usa,iv,25_12_25,1
usa,nas,25_12_25,1
usa,americans,25_12_25,1
fg,t,25_12_25,1
fg,inf,25_12_25,1
fg,iv,25_12_25,1
fg,nas,25_12_25,1
fg,americans,25_12_25,1
p1982,usa,25_12_25,1
p1982,isis,25_12_25,2
p1982,usm,25_12_25,1
p1982,vet,25_12_25,1
p1982,chr,25_12_25,1
p1982,nga,25_12_25,1
p1982,dow,25_12_25,1
p1982,nas,25_12_25,3
usa,isis,25_12_25,2
usa,usm,25_12_25,1
usa,vet,25_12_25,1
usa,chr,25_12_25,1
usa,nga,25_12_25,1
usa,dow,25_12_25,1
isis,usm,25_12_25,2
isis,vet,25_12_25,2
isis,chr,25_12_25,2
isis,nga,25_12_25,2
isis,dow,25_12_25,2
usm,vet,25_12_25,1
usm,chr,25_12_25,1
usm,nga,25_12_25,1
usm,dow,25_12_25,1
vet,chr,25_12_25,1
vet,nga,25_12_25,1
vet,dow,25_12_25,1
chr,nga,25_12_25,1
chr,dow,25_12_25,1
nga,dow,25_12_25,1
usa,nas,25_12_25,1
isis,nas,25_12_25,2
usm,nas,25_12_25,1
vet,nas,25_12_25,1
chr,nas,25_12_25,1
nga,nas,25_12_25,1
dow,nas,25_12_25,1
p1983,d,26_12_25,2
p1983,r,26_12_25,1
p1983,d,26_12_25,2
p1983,jep,26_12_25,2
p1983,rus,26_12_25,2
p1983,nyt,26_12_25,2
p1983,amerp,26_12_25,1
d,r,26_12_25,2
d,jep,26_12_25,2
d,rus,26_12_25,2
d,nyt,26_12_25,2
d,amerp,26_12_25,2
r,d,26_12_25,2
r,jep,26_12_25,1
r,rus,26_12_25,1
r,nyt,26_12_25,2
r,amerp,26_12_25,1
d,jep,26_12_25,2
d,rus,26_12_25,2
d,nyt,26_12_25,2
d,amerp,26_12_25,2
jep,rus,26_12_25,2
jep,nyt,26_12_25,2
jep,amerp,26_12_25,1
rus,nyt,26_12_25,2
rus,amerp,26_12_25,1
nyt,amerp,26_12_25,1
p1984,usa,27_12_25,1
p1984,sbo,27_12_25,1
p1984,peop,27_12_25,1
usa,sbo,27_12_25,1
usa,peop,27_12_25,1
sbo,peop,27_12_25,1
p1985,t,27_12_25,1
p1985,nas,27_12_25,1
p1985,usa,27_12_25,1
t,nas,27_12_25,1
t,usa,27_12_25,1
nas,usa,27_12_25,1
p1986,tha,28_12_25,1
p1986,cam,28_12_25,1
p1986,un,28_12_25,3
p1986,usa,28_12_25,1
p1986,rus,28_12_25,2
p1986,ukr,28_12_25,2
p1986,war,28_12_25,3
p1986,rus,28_12_25,3
p1986,ukr,28_12_25,3
tha,cam,28_12_25,1
tha,un,28_12_25,3
tha,usa,28_12_25,1
tha,rus,28_12_25,2
tha,ukr,28_12_25,2
cam,un,28_12_25,1
cam,usa,28_12_25,1
cam,rus,28_12_25,2
cam,ukr,28_12_25,2
un,usa,28_12_25,1
un,rus,28_12_25,3
un,ukr,28_12_25,3
usa,rus,28_12_25,2
usa,ukr,28_12_25,2
rus,ukr,28_12_25,2
tha,war,28_12_25,1
cam,war,28_12_25,1
un,war,28_12_25,3
usa,war,28_12_25,2
rus,war,28_12_25,2
ukr,war,28_12_25,2
tha,rus,28_12_25,2
cam,rus,28_12_25,2
un,rus,28_12_25,2
usa,rus,28_12_25,2
ukr,rus,28_12_25,2
tha,ukr,28_12_25,2
cam,ukr,28_12_25,2
un,ukr,28_12_25,2
usa,ukr,28_12_25,2
rus,ukr,28_12_25,2
p1987,vp,28_12_25,1
p1987,s2vz,28_12_25,1
p1987,rus,28_12_25,2
p1987,ukr,28_12_25,2
p1987,marla,28_12_25,1
p1987,p,28_12_25,1
p1987,war,28_12_25,3
p1987,rus,28_12_25,3
p1987,ukr,28_12_25,3
vp,war,28_12_25,3
vp,rus,28_12_25,3
vp,ukr,28_12_25,3
s2vz,war,28_12_25,3
s2vz,rus,28_12_25,3
s2vz,ukr,28_12_25,3
rus,war,28_12_25,3
rus,ukr,28_12_25,3
ukr,war,28_12_25,3
ukr,rus,28_12_25,3
vp,s2vz,28_12_25,2
vp,rus,28_12_25,2
vp,ukr,28_12_25,2
s2vz,rus,28_12_25,2
s2vz,ukr,28_12_25,2
rus,ukr,28_12_25,2
p1988,usa,31_12_25,1
p1988,inf,31_12_25,3
p1988,usm,31_12_25,3
p1988,eco,31_12_25,3
p1988,americans,31_12_25,1
usa,inf,31_12_25,3
usa,usm,31_12_25,3
usa,eco,31_12_25,3
usa,americans,31_12_25,3
inf,usm,31_12_25,3
inf,eco,31_12_25,3
inf,americans,31_12_25,3
usm,eco,31_12_25,3
usm,americans,31_12_25,3
eco,americans,31_12_25,3
p1989,s2pp,31_12_25,1
p1989,bp,31_12_25,1
p1989,ice,31_12_25,1
p1989,la,31_12_25,1
p1989,kaba,31_12_25,1
p1989,hisp,31_12_25,1
p1989,suc,31_12_25,3
p1989,ng,31_12_25,3
p1989,s2pp,31_12_25,1
p1989,bp,31_12_25,1
p1989,ice,31_12_25,1
p1989,la,31_12_25,1
p1989,kaba,31_12_25,1
p1989,hisp,31_12_25,1
p1989,suc,31_12_25,3
p1989,ng,31_12_25,3
s2pp,bp,31_12_25,1
s2pp,ice,31_12_25,1
s2pp,la,31_12_25,1
s2pp,kaba,31_12_25,2
s2pp,hisp,31_12_25,1
s2pp,suc,31_12_25,3
s2pp,ng,31_12_25,3
bp,ice,31_12_25,1
bp,la,31_12_25,3
bp,kaba,31_12_25,3
bp,hisp,31_12_25,3
bp,suc,31_12_25,3
bp,ng,31_12_25,3
ice,la,31_12_25,3
ice,kaba,31_12_25,3
ice,hisp,31_12_25,3
ice,suc,31_12_25,3
ice,ng,31_12_25,3
la,kaba,31_12_25,3
la,hisp,31_12_25,3
la,suc,31_12_25,3
la,ng,31_12_25,3
kaba,hisp,31_12_25,3
kaba,suc,31_12_25,3
kaba,ng,31_12_25,3
hisp,suc,31_12_25,3
hisp,ng,31_12_25,3
p1990,cal,31_12_25,1
p1990,colo,31_12_25,1
p1990,peop,31_12_25,1
p1990,suc,31_12_25,3
cal,colo,31_12_25,3
cal,peop,31_12_25,3
cal,suc,31_12_25,3
colo,peop,31_12_25,3
colo,suc,31_12_25,3
peop,suc,31_12_25,3
p1991,walz,31_12_25,2
p1991,minn,31_12_25,3
p1991,s2pa,31_12_25,3
walz,minn,31_12_25,3
walz,s2pa,31_12_25,2
p1992,cal,31_12_25,2
p1992,minn,31_12_25,2
p1992,s2pa,31_12_25,3
cal,minn,31_12_25,3
cal,s2pa,31_12_25,3
minn,s2pa,31_12_25,3
p1993,minn,31_12_25,1
p1993,soma,31_12_25,1
p1993,io,31_12_25,1
p1993,usa,31_12_25,1
p1993,s2pa,31_12_25,3
minn,soma,31_12_25,3
minn,io,31_12_25,3
minn,usa,31_12_25,3
minn,s2pa,31_12_25,3
soma,io,31_12_25,3
soma,usa,31_12_25,3
soma,s2pa,31_12_25,3
io,usa,31_12_25,3
io,s2pa,31_12_25,3
usa,s2pa,31_12_25,3
p1994,tip,31_12_25,1
p1994,colo,31_12_25,1
p1994,d,31_12_25,1
p1994,r,31_12_25,1
p1994,s2da,31_12_25,1
p1994,s2pa,31_12_25,3
tip,colo,31_12_25,3
tip,d,31_12_25,3
tip,r,31_12_25,3
tip,s2da,31_12_25,3
colo,d,31_12_25,3
colo,r,31_12_25,3
colo,s2da,31_12_25,3
d,r,31_12_25,3
d,s2da,31_12_25,3
r,s2da,31_12_25,3
tip,s2pa,31_12_25,3
colo,s2pa,31_12_25,3
d,s2pa,31_12_25,3
r,s2pa,31_12_25,3
s2da,s2pa,31_12_25,3
p1995,usa,31_12_25,1
p1995,chn,31_12_25,1
p1995,t,31_12_25,1
p1995,iv,31_12_25,1
p1995,suc,31_12_25,3
usa,chn,31_12_25,3
usa,t,31_12_25,3
usa,iv,31_12_25,3
usa,suc,31_12_25,3
chn,t,31_12_25,3
chn,iv,31_12_25,3
chn,suc,31_12_25,3
t,iv,31_12_25,3
t,suc,31_12_25,3
iv,suc,31_12_25,3
p1996,r,31_12_25,1
p1996,icomp,31_12_25,1
p1996,peop,31_12_25,1
p1996,iv,31_12_25,3
r,icomp,31_12_25,3
r,peop,31_12_25,3
r,suc,31_12_25,3
icomp,peop,31_12_25,3
icomp,iv,31_12_25,3
peop,iv,31_12_25,3
p1997,d,31_12_25,1
p1997,r,31_12_25,1
p1997,americans,31_12_25,1
p1997,s2pa,31_12_25,3
d,r,31_12_25,3
d,americans,31_12_25,3
d,s2pa,31_12_25,3
r,americans,31_12_25,3
r,s2pa,31_12_25,3
americans,s2pa,31_12_25,3
p1998,ng,31_12_25,3
p1998,la,31_12_25,1
p1998,clicha,31_12_25,1
p1998,por,31_12_25,1
p1998,fg,31_12_25,1
p1998,d,31_12_25,1
p1998,pat,31_12_25,1
p1998,suc,31_12_25,3
ng,la,31_12_25,3
ng,clicha,31_12_25,3
ng,por,31_12_25,3
ng,fg,31_12_25,3
ng,d,31_12_25,3
ng,pat,31_12_25,3
la,clicha,31_12_25,3
la,por,31_12_25,3
la,fg,31_12_25,3
la,d,31_12_25,3
la,pat,31_12_25,3
clicha,por,31_12_25,3
clicha,fg,31_12_25,3
clicha,d,31_12_25,3
clicha,pat,31_12_25,3
por,fg,31_12_25,3
por,d,31_12_25,3
por,pat,31_12_25,3
fg,d,31_12_25,3
fg,pat,31_12_25,3
d,pat,31_12_25,3
ng,suc,31_12_25,3
la,suc,31_12_25,3
clicha,suc,31_12_25,3
por,suc,31_12_25,3
fg,suc,31_12_25,3
d,suc,31_12_25,3
pat,suc,31_12_25,3
p1999,gcl,31_12_25,1
p1999,acl,31_12_25,1
p1999,fra,31_12_25,1
p1999,walz,31_12_25,1
p1999,gn,31_12_25,1
p1999,kh,31_12_25,1
p1999,d,31_12_25,1
p1999,s2pa,31_12_25,3
gcl,acl,31_12_25,3
gcl,fra,31_12_25,3
gcl,walz,31_12_25,3
gcl,gn,31_12_25,3
gcl,kh,31_12_25,3
gcl,d,31_12_25,3
gcl,s2pa,31_12_25,3
acl,fra,31_12_25,3
acl,walz,31_12_25,3
acl,gn,31_12_25,3
acl,kh,31_12_25,3
acl,d,31_12_25,3
acl,s2pa,31_12_25,3
fra,walz,31_12_25,3
fra,gn,31_12_25,3
fra,kh,31_12_25,3
fra,d,31_12_25,3
fra,s2pa,31_12_25,3
walz,gn,31_12_25,3
walz,kh,31_12_25,3
walz,d,31_12_25,3
walz,s2pa,31_12_25,3
gn,kh,31_12_25,3
gn,d,31_12_25,3
gn,s2pa,31_12_25,3
kh,d,31_12_25,3
kh,s2pa,31_12_25,3
d,s2pa,31_12_25,3
p2000,kn,31_01_26,1
p2000,dohs,31_01_26,1
p2000,bp,31_01_26,1
p2000,s2lg2,31_01_26,2
p2000,lopo,31_01_26,2
p2000,s2pr3,31_01_26,2
p2000,rio,31_01_26,2
p2000,s2ins2,31_01_26,2
p2000,ice,31_01_26,1
p2000,le,31_01_26,3
p2000,nas,31_01_26,3
p2000,cr,31_01_26,2
p2000,fg,31_01_26,1
p2000,usm,31_01_26,1
kn,dohs,31_01_26,1
kn,ice,31_01_26,1
kn,le,31_01_26,3
dohs,ice,31_01_26,1
dohs,bp,31_01_26,1
ice,le,31_01_26,3
ice,fg,31_01_26,1
bp,le,31_01_26,3
bp,fg,31_01_26,3
usm,nas,31_01_26,3
usm,fg,31_01_26,1
s2pr3,cr,31_01_26,2
rio,cr,31_01_26,2
s2ins2,cr,31_01_26,2
s2pr3,le,31_01_26,2
rio,le,31_01_26,2
s2ins2,le,31_01_26,2
s2pr3,fg,31_01_26,2
rio,fg,31_01_26,2
s2ins2,fg,31_01_26,2
s2lg2,fg,31_01_26,3
s2lg2,le,31_01_26,3
lopo,le,31_01_26,3
lopo,fg,31_01_26,2
d,cr,31_01_26,2
p2000,d,31_01_26,3
p2001,d,31_01_26,2
p2001,suc,31_01_26,3
p2001,lw,31_01_26,1
p2001,vit,31_01_26,1
p2001,dapa,31_01_26,1
p2001,r,31_01_26,1
vit,lw,31_01_26,3
d,lw,31_01_26,2
dapa,r,31_01_26,1
d,lw,31_01_26,2
lw,suc,31_01_26,3
dapa,suc,31_01_26,3
p2002,bida,31_01_26,2
p2002,io,31_01_26,2
p2002,d,31_01_26,2
p2002,walz,31_01_26,2
p2002,pos,31_01_26,2
p2002,ef,31_01_26,3
p2002,pa,31_01_26,3
p2002,d,31_01_26,3
p2002,cor,31_01_26,3
io,pos,31_01_26,2
bida,ef,31_01_26,2
bida,cor,31_01_26,2
io,pa,31_01_26,2
pos,pa,31_01_26,2
p2002,gom,31_01_26,2
gom,walz,31_01_26,2
d,ef,31_01_26,2
walz,pa,31_01_26,2
walz,cor,31_01_26,2
p2003,nas,31_01_26,3
p2003,toho,31_01_26,1
toho,nas,31_01_26,1
p2004,kn,31_01_26,1
p2004,dohs,31_01_26,1
p2004,r,31_01_26,1
p2004,d,31_01_26,2
p2004,ice,31_01_26,3
p2004,bida,31_01_26,2
p2004,le,31_01_26,3
p2004,cr,31_01_26,3
p2004,rll,31_01_26,2
p2004,nas,31_01_26,3
kn,le,31_01_26,1
kn,ice,31_01_26,1
kn,nas,31_01_26,1
kn,dohs,31_01_26,1
dohs,ice,31_01_26,1
dohs,le,31_01_26,1
rll,cr,31_01_26,2
rll,kn,31_01_26,2
d,cr,31_01_26,2
r,le,31_01_26,1
r,nas,31_01_26,1
r,kn,31_01_26,1
bida,cr,31_01_26,2
bida,nas,31_01_26,2
p2005,cel,31_01_26,3
p2005,tv,31_01_26,3
p2005,meli,31_01_26,1
meli,tv,31_01_26,1
meli,cel,31_01_26,1
p2005,w,31_01_26,3
w,meli,31_01_26,1
p2006,lw,31_01_26,1
p2006,vit,31_01_26,1
p2006,dapa,31_01_26,1
p2006,d,31_01_26,2
p2006,suc,31_01_26,3
p2006,r,31_01_26,1
p2006,tex,31_01_26,1
p2006,af,31_01_26,3
vit,af,31_01_26,1
lw,af,31_01_26,1
lw,r,31_01_26,1
lw,tex,31_01_26,1
tex,usa,31_01_26,1
lw,usa,31_01_26,1
dapa,suc,31_01_26,1
dapa,r,31_01_26,1
dapa,lw,31_01_26,1
vit,af,31_01_26,1
vit,lw,31_01_26,1
d,lw,31_01_26,2
d,suc,31_01_26,2
p2007,bls,31_01_26,2
p2007,bm,31_01_26,1
p2007,tcoea,31_01_26,1
p2007,s2ab,31_01_26,2
p2007,s2pol,31_01_26,2
p2007,amerfam,31_01_26,2
p2007,cor,31_01_26,3
bls,cor,31_01_26,2
bls,s2ab,31_01_26,2
bls,s2pol,31_01_26,2
bls,amerfam,31_01_26,2
bls,bm,31_01_26,1
tcoea,bm,31_01_26,1
p2007,inf,31_01_26,3
inf,s2ab,31_01_26,2
inf,s2pol,31_01_26,2
inf,amerfam,31_01_26,2
aogo,bm,31_01_26,1
p2007,aogo,31_01_26,1
p2008,aogo,30_01_26,3
p2008,s2frs,30_01_26,1
p2008,s2rr,30_01_26,1
p2008,s2cw2,30_01_26,1
s2cw2,aogo,30_01_26,1
s2frs,aogo,30_01_26,1
s2rr,aogo,30_01_26,1
s2cw2,s2frs,30_01_26,1
s2rr,s2frs,30_01_26,1
p2009,aogo,30_01_26,3
p2009,s2kh,30_01_26,1
p2009,wh,30_01_26,1
s2kh,aogo,30_01_26,1
wh,aogo,30_01_26,1
s2kh,wh,30_01_26,1
s2kh,fedr,30_01_26,1
p2009,fedr,30_01_26,3
fedr,aogo,30_01_26,1
s2kh,aogo,30_01_26,1
p2010,aogo,30_01_26,3
p2010,s2kw,30_01_26,1
p2010,s2frs,30_01_26,1
p2010,hoi,30_01_26,1
p2010,sgsob,30_01_26,1
p2010,su,30_01_26,1
p2010,hls,30_01_26,1
p2010,dfollc,30_01_26,1
p2010,s2boe,30_01_26,1
p2010,potuk,30_01_26,1
p2010,got,30_01_26,1
p2010,whnec,30_01_26,1
p2010,msco,30_01_26,1
s2kw,s2frs,30_01_26,1
s2kw,hoi,30_01_26,1
s2kw,sgsob,30_01_26,1
s2kw,su,30_01_26,1
s2kw,hls,30_01_26,1
s2kw,dfollc,30_01_26,1
s2kw,s2boe,30_01_26,1
s2kw,potuk,30_01_26,1
s2kw,got,30_01_26,1
s2kw,whnec,30_01_26,1
s2kw,msco,30_01_26,1
s2kw,aogo,30_01_26,1
s2frs,aogo,30_01_26,1
hoi,aogo,30_01_26,1
sgsob,aogo,30_01_26,1
su,aogo,30_01_26,1
hls,aogo,30_01_26,1
dfollc,aogo,30_01_26,1
s2boe,aogo,30_01_26,1
potuk,aogo,30_01_26,1
got,aogo,30_01_26,1
whnec,aogo,30_01_26,1
msco,aogo,30_01_26,1
p2011,suc,30_01_26,3
p2011,lw,30_01_26,1
p2011,r,30_01_26,3
p2011,tex,30_01_26,3
lw,suc,30_01_26,1
lw,r,30_01_26,1
lw,tex,30_01_26,1
suc,r,30_01_26,1
suc,tex,30_01_26,1
p2012,ice,30_01_26,3
p2012,alpr,30_01_26,2
p2012,s2iceoff,30_01_26,1
ice,alpr,30_01_26,2
ice,s2iceoff,30_01_26,1
alpr,s2iceoff,30_01_26,2
p2013,t,30_01_26,3
p2013,can,30_01_26,2
p2013,gulf,30_01_26,1
p2013,boglex,30_01_26,2
p2013,usa,30_01_26,1
t,can,30_01_26,2
t,gulf,30_01_26,1
t,boglex,30_01_26,2
t,usa,30_01_26,1
can,gulf,30_01_26,2
can,boglex,30_01_26,1
can,usa,30_01_26,2
gulf,usa,30_01_26,1
p2014,caaa,30_01_26,3
p2014,r,30_01_26,3
p2014,d,30_01_26,3
p2014,dohs,30_01_26,1
p2014,cogu,30_01_26,1
p2014,cong,30_01_26,1
r,caaa,30_01_26,1
d,caaa,30_01_26,1
dohs,caaa,30_01_26,1
cogu,caaa,30_01_26,1
cong,caaa,30_01_26,1
r,d,30_01_26,1
r,cong,30_01_26,1
d,cong,30_01_26,1
cong,dohs,30_01_26,1
dohs,cogu,30_01_26,1
r,dohs,30_01_26,1
d,dohs,30_01_26,1
p2015,pair,29_01_26,3
p2015,csh,29_01_26,1
p2015,mex,29_01_26,1
p2015,usa,29_01_26,1
pair,csh,29_01_26,1
pair,mex,29_01_26,1
pair,usa,29_01_26,1
csh,mex,29_01_26,1
mex,usa,29_01_26,1
csh,usa,29_01_26,1
p2016,inf,29_01_26,3
p2016,t,29_01_26,3
p2016,nas,29_01_26,3
p2016,jp,29_01_26,2
p2016,fedr,29_01_26,2
p2016,usa,29_01_26,1
jp,inf,29_01_26,2
jp,t,29_01_26,2
jp,nas,29_01_26,2
fedr,inf,29_01_26,2
fedr,t,29_01_26,2
usa,inf,29_01_26,1
usa,t,29_01_26,1
usa,nas,29_01_26,1
jp,fedr,29_01_26,3
jp,usa,29_01_26,2
fedr,usa,29_01_26,2
usa,inf,29_01_26,1
usa,t,29_01_26,1
usa,nas,29_01_26,1
p2017,aogo,28_01_26,3
p2017,cor,28_01_26,3
p2017,cmcd,28_01_26,1
p2017,doj,28_01_26,1
p2017,nfed,28_01_26,1
p2017,amerp,28_01_26,1
p2017,minn,28_01_26,2
p2017,cal,28_01_26,2
cmcd,aogo,28_01_26,1
cmcd,cor,28_01_26,1
doj,aogo,28_01_26,1
nfed,aogo,28_01_26,1
doj,cor,28_01_26,1
nfed,cor,28_01_26,1
minn,cor,28_01_26,2
cal,cor,28_01_26,2
amerp,cor,28_01_26,1
cmcd,doj,28_01_26,1
cmcd,nfed,28_01_26,1
cmcd,amerp,28_01_26,1
doj,amerp,28_01_26,1
nfed,amerp,28_01_26,1
minn,cal,28_01_26,2
p2018,iv,28_01_26,3
p2018,sp500,28_01_26,1
iv,sp500,28_01_26,1
p2019,le,28_01_26,3
p2019,ice,28_01_26,3
p2019,jacfre,28_01_26,2
p2019,fedil,28_01_26,1
p2019,mipo,28_01_26,2
jacfre,ice,28_01_26,2
jacfre,le,28_01_26,2
mipo,ice,28_01_26,2
mipo,le,28_01_26,2
fedil,le,28_01_26,1
jacfre,mipo,28_01_26,3
jacfre,fedil,28_01_26,2
mipo,fedil,28_01_26,2
p2020,fball,28_01_26,3
p2020,bibe,28_01_26,1
p2020,pfhof,28_01_26,2
fball,bibe,28_01_26,1
fball,pfhof,28_01_26,2
bibe,pfhof,28_01_26,2
p2021,irn,28_01_26,2
p2021,ven,28_01_26,2
p2021,pair,28_01_26,3
p2021,nas,28_01_26,3
p2021,abli,28_01_26,1
irn,nas,28_01_26,2
irn,pair,28_01_26,2
ven,pair,28_01_26,2
abli,nas,28_01_26,1
abli,irn,28_01_26,2
irn,ven,28_01_26,3
p2022,suc,28_01_26,3
p2022,le,28_01_26,3
p2022,ta,28_01_26,3
p2022,af,28_01_26,3
p2022,nas,28_01_26,3
p2022,ep,28_01_26,3
p2022,sec,28_01_26,3
p2022,commofpen,28_01_26,1
p2022,staga,28_01_26,1
staga,suc,28_01_26,1
staga,le,28_01_26,1
staga,ta,28_01_26,1
staga,af,28_01_26,1
staga,nas,28_01_26,1
staga,ep,28_01_26,1
staga,sec,28_01_26,1
commofpen,suc,28_01_26,1
staga,commofpen,28_01_26,1
p2023,suc,28_01_26,3
p2023,af,28_01_26,3
p2023,ta,28_01_26,3
p2023,ep,28_01_26,3
p2023,nas,28_01_26,3
p2023,sec,28_01_26,3
p2023,le,28_01_26,3
p2023,toti,28_01_26,1
p2023,wisc,28_01_26,1
suc,toti,28_01_26,1
af,toti,28_01_26,1
ta,toti,28_01_26,1
ep,toti,28_01_26,1
nas,toti,28_01_26,1
sec,toti,28_01_26,1
le,toti,28_01_26,1
suc,wisc,28_01_26,1
toti,wisc,28_01_26,1
p2024,suc,28_01_26,3
p2024,af,28_01_26,3
p2024,ta,28_01_26,3
p2024,ep,28_01_26,3
p2024,nas,28_01_26,3
p2024,sec,28_01_26,3
p2024,usm,28_01_26,1
p2024,s2mial,28_01_26,1
p2024,sedu,28_01_26,1
p2024,racadu,28_01_26,1
p2024,fone,28_01_26,1
p2024,w7cd,28_01_26,1
s2mial,suc,28_01_26,1
s2mial,af,28_01_26,1
s2mial,ta,28_01_26,1
s2mial,ep,28_01_26,1
s2mial,nas,28_01_26,1
s2mial,sec,28_01_26,1
sedu,af,28_01_26,1
racadu,af,28_01_26,1
usm,nas,28_01_26,1
sedu,racadu,28_01_26,1
racadu,fone,28_01_26,1
s2mial,w7cd,28_01_26,1
s2mial,usm,28_01_26,1
p2025,suc,28_01_26,3
p2025,af,28_01_26,3
p2025,ta,28_01_26,3
p2025,ep,28_01_26,3
p2025,sec,28_01_26,3
p2025,jeel,28_01_26,1
p2025,erbas,28_01_26,2
p2025,rodb,28_01_26,2
p2025,krri,28_01_26,2
p2025,s2ushor,28_01_26,1
p2025,pat,28_01_26,1
p2025,indi,28_01_26,1
p2025,d,28_01_26,2
p2025,r,28_01_26,1
p2025,i39sd,28_01_26,1
suc,jeel,28_01_26,1
af,jeel,28_01_26,1
ta,jeel,28_01_26,1
ep,jeel,28_01_26,1
sec,jeel,28_01_26,1
erbas,suc,28_01_26,2
krri,suc,28_01_26,2
rodb,suc,28_01_26,2
d,suc,28_01_26,2
jeel,r,28_01_26,1
erbas,d,28_01_26,2
krri,d,28_01_26,2
rodb,d,28_01_26,2
d,s2ushor,28_01_26,2
jeel,indi,28_01_26,1
jeel,i39sd,28_01_26,1
erbas,indi,28_01_26,3
krri,indi,28_01_26,2
p2026,suc,28_01_26,3
p2026,ta,28_01_26,3
p2026,ep,28_01_26,3
p2026,sec,28_01_26,3
p2026,brwi,28_01_26,1
p2026,grgo,28_01_26,2
p2026,hjeff,28_01_26,2
p2026,cong,28_01_26,2
p2026,d,28_01_26,2
p2026,r,28_01_26,1
p2026,io,28_01_26,2
p2026,s2ushor,28_01_26,2
p2026,indi,28_01_26,1
brwi,suc,28_01_26,1
brwi,ta,28_01_26,1
brwi,ep,28_01_26,1
brwi,sec,28_01_26,1
grgo,suc,28_01_26,2
d,suc,28_01_26,2
r,suc,28_01_26,1
grgo,d,28_01_26,2
grgo,hjeff,28_01_26,2
grgo,io,28_01_26,2
hjeff,s2ushor,28_01_26,3
io,s2ushor,28_01_26,3
brwi,indi,28_01_26,1
grgo,indi,28_01_26,2
r,indi,28_01_26,1
p2027,suc,28_01_26,3
p2027,ta,28_01_26,3
p2027,ep,28_01_26,3
p2027,sec,28_01_26,3
p2027,paco,28_01_26,1
p2027,spde,28_01_26,2
p2027,d,28_01_26,2
p2027,r,28_01_26,1
p2027,cong,28_01_26,2
p2027,indi,28_01_26,1
paco,suc,28_01_26,1
paco,ta,28_01_26,1
paco,ep,28_01_26,1
paco,sec,28_01_26,1
spde,suc,28_01_26,2
d,suc,28_01_26,2
r,suc,28_01_26,1
spde,d,28_01_26,2
d,cong,28_01_26,2
paco,r,28_01_26,1
spde,indi,28_01_26,2
paco,indi,28_01_26,1
p2028,suc,28_01_26,3
p2028,ta,28_01_26,3
p2028,ep,28_01_26,3
p2028,sec,28_01_26,3
p2028,jomi,28_01_26,1
p2028,iw,28_01_26,1
p2028,usdofaud,28_01_26,1
p2028,d,28_01_26,3
p2028,cong,28_01_26,1
p2028,usm,28_01_26,1
jomi,suc,28_01_26,1
jomi,ta,28_01_26,1
jomi,ep,28_01_26,1
jomi,sec,28_01_26,1
jomi,io,28_01_26,1
jomi,usdofaud,28_01_26,1
jomi,cong,28_01_26,1
jomi,usm,28_01_26,1
p2029,pair,27_01_26,3
p2029,nas,27_01_26,3
p2029,irq,27_01_26,2
p2029,nalm,27_01_26,2
p2029,usa,27_01_26,1
nalm,irq,27_01_26,2
nalm,pair,27_01_26,2
irq,pair,27_01_26,2
irq,nas,27_01_26,2
usa,pair,27_01_26,1
usa,nas,27_01_26,1
usa,nalm,27_01_26,2
usa,irq,27_01_26,2
p2030,suc,27_01_26,3
p2030,af,27_01_26,3
p2030,ta,27_01_26,3
p2030,ep,27_01_26,3
p2030,sec,27_01_26,3
p2030,d,27_01_26,2
p2030,r,27_01_26,1
p2030,trpo,27_01_26,1
p2030,jibu,27_01_26,2
p2030,cong,27_01_26,2
p2030,s2ushor,27_01_26,2
p2030,indi,27_01_26,1
trpo,suc,27_01_26,1
trpo,af,27_01_26,1
trpo,ta,27_01_26,1
trpo,ep,27_01_26,1
trpo,sec,27_01_26,1
jibu,suc,27_01_26,2
d,suc,27_01_26,2
jibu,d,27_01_26,2
d,cong,27_01_26,2
d,s2ushor,27_01_26,2
trpo,indi,27_01_26,1
jibu,indi,27_01_26,2
p2031,ice,26_01_26,3
p2031,jacfre,26_01_26,1
p2031,toho,26_01_26,1
p2031,mipo,26_01_26,1
jacfre,ice,26_01_26,1
toho,ice,26_01_26,1
jacfre,toho,26_01_26,1
jacfre,mipo,26_01_26,3
toho,mipo,26_01_26,3
p2032,pair,26_01_26,3
p2032,ven,26_01_26,1
pair,ven,26_01_26,1
p2033,t,26_01_26,3
p2033,pair,26_01_26,3
p2033,skor,26_01_26,2
p2033,kole,26_01_26,2
p2033,s2lee,26_01_26,3
p2033,usa,26_01_26,1
skor,t,26_01_26,2
skor,pair,26_01_26,2
kole,pair,26_01_26,2
s2lee,pair,26_01_26,3
usa,t,26_01_26,1
usa,pair,26_01_26,1
usa,skor,26_01_26,2
usa,kole,26_01_26,2
usa,s2lee,26_01_26,1
kole,s2lee,26_01_26,3
p2034,suc,26_01_26,3
p2034,endor,26_01_26,3
p2034,ta,26_01_26,3
p2034,ep,26_01_26,3
p2034,sec,26_01_26,3
p2034,mida,26_01_26,1
p2034,grwa,26_01_26,2
p2034,d,26_01_26,2
p2034,r,26_01_26,1
p2034,cong,26_01_26,2
p2034,s2ushor,26_01_26,2
p2034,indi,26_01_26,1
mida,endor,26_01_26,1
mida,suc,26_01_26,1
mida,ta,26_01_26,1
mida,ep,26_01_26,1
mida,sec,26_01_26,1
grwa,suc,26_01_26,2
d,suc,26_01_26,2
grwa,d,26_01_26,2
d,cong,26_01_26,2
d,s2ushor,26_01_26,2
mida,r,26_01_26,1
mida,indi,26_01_26,1
grwa,indi,26_01_26,2
p2035,suc,26_01_26,3
p2035,ta,26_01_26,3
p2035,ep,26_01_26,3
p2035,sec,26_01_26,3
p2035,ven,26_01_26,2
p2035,isr,26_01_26,1
p2035,ky,26_01_26,1
p2035,edga,26_01_26,1
p2035,thom,26_01_26,2
p2035,nimo,26_01_26,2
p2035,r,26_01_26,1
p2035,d,26_01_26,2
p2035,cong,26_01_26,2
edga,suc,26_01_26,1
edga,ta,26_01_26,1
edga,ep,26_01_26,1
edga,sec,26_01_26,1
edga,ven,26_01_26,1
thom,suc,26_01_26,2
thom,isr,26_01_26,2
d,suc,26_01_26,2
edga,thom,26_01_26,2
thom,r,26_01_26,2
thom,d,26_01_26,2
nimo,ven,26_01_26,2
edga,r,26_01_26,1
edga,cong,26_01_26,1
edga,ky,26_01_26,1
thom,ky,26_01_26,2
p2036,caaa,26_01_26,3
p2036,tkc,26_01_26,1
caaa,tkc,26_01_26,1
p2037,tva,26_01_26,3
p2037,w,26_01_26,3
p2037,metr,26_01_26,1
p2037,metr,26_01_26,1
tva,metr,26_01_26,1
w,metr,26_01_26,1
p2038,ice,26_01_26,3
p2038,le,26_01_26,3
p2038,walz,26_01_26,1
p2038,toho,26_01_26,1
p2038,minn,26_01_26,1
p2038,wash,26_01_26,1
p2038,ten,26_01_26,1
p2038,loui,26_01_26,1
walz,ice,26_01_26,1
walz,le,26_01_26,1
toho,ice,26_01_26,1
toho,le,26_01_26,1
walz,toho,26_01_26,1
walz,minn,26_01_26,1
toho,minn,26_01_26,1
walz,wash,26_01_26,1
walz,ten,26_01_26,1
walz,loui,26_01_26,1
p2039,ice,26_01_26,3
p2039,cor,26_01_26,3
p2039,js,26_01_26,3
p2039,toho,26_01_26,1
p2039,io,26_01_26,2
p2039,soma,26_01_26,2
p2039,minn,26_01_26,2
p2039,doj,26_01_26,1
p2039,cong,26_01_26,1
toho,ice,26_01_26,1
toho,le,26_01_26,1
io,soma,26_01_26,2
io,cor,26_01_26,2
io,js,26_01_26,2
doj,js,26_01_26,1
cong,js,26_01_26,1
toho,minn,26_01_26,1
io,doj,26_01_26,2
cong,io,26_01_26,2
io,minn,26_01_26,2
p2040,fn,26_01_26,3
p2040,mc,26_01_26,3
p2040,nyt,26_01_26,2
p2040,abc,26_01_26,2
p2040,s2nbc,26_01_26,2
p2040,cbs,26_01_26,2
p2040,cnn,26_01_26,2
p2040,msnbc,26_01_26,2
p2040,wsj,26_01_26,2
p2040,fone,26_01_26,2
fn,nyt,26_01_26,2
fn,abc,26_01_26,2
fn,s2nbc,26_01_26,2
fn,cbs,26_01_26,2
fn,chn,26_01_26,2
fn,msnbc,26_01_26,2
mc,fone,26_01_26,2
mc,wsj,26_01_26,2
p2041,fball,26_01_26,3
p2041,nfl,26_01_26,2
fball,nfl,26_01_26,2
p2042,ice,26_01_26,3
p2042,le,26_01_26,3
p2042,cr,26_01_26,3
p2042,jb,26_01_26,2
p2042,d,26_01_26,2
p2042,r,26_01_26,1
p2042,lopo,26_01_26,1
p2042,tex,26_01_26,1
p2042,fl,26_01_26,1
p2042,ten,26_01_26,1
p2042,loui,26_01_26,1
jb,d,26_01_26,2
jb,ice,26_01_26,2
d,ice,26_01_26,2
d,le,26_01_26,2
r,ice,26_01_26,1
r,le,26_01_26,1
ice,le,26_01_26,1
ice,cr,26_01_26,1
ice,lopo,26_01_26,1
d,r,26_01_26,2
ice,tex,26_01_26,1
ice,fl,26_01_26,1
ice,ten,26_01_26,1
ice,loui,26_01_26,1
p2043,ice,26_01_26,3
p2043,le,26_01_26,3
p2043,cr,26_01_26,3
p2043,walz,26_01_26,2
p2043,jacfre,26_01_26,2
p2043,d,26_01_26,2
p2043,r,26_01_26,1
p2043,cong,26_01_26,1
p2043,ten,26_01_26,1
p2043,fg,26_01_26,1
p2043,wash,26_01_26,1
walz,le,26_01_26,2
walz,ice,26_01_26,2
jacfre,le,26_01_26,2
jacfre,ice,26_01_26,2
d,ice,26_01_26,2
r,ice,26_01_26,1
r,le,26_01_26,1
ice,le,26_01_26,1
ice,wash,26_01_26,1
p2044,cor,26_01_26,3
p2044,minn,26_01_26,2
p2044,d,26_01_26,2
cor,minn,26_01_26,2
cor,d,26_01_26,2
minn,d,26_01_26,2
p2045,pair,26_01_26,3
p2045,chn,26_01_26,1
p2045,can,26_01_26,2
p2045,icehock,26_01_26,3
pair,chn,26_01_26,1
pair,can,26_01_26,2
can,icehock,26_01_26,2
chn,can,26_01_26,2
p2046,t,26_01_26,3
p2046,pair,26_01_26,
p2046,chn,26_01_26,2
p2046,can,26_01_26,2
p2046,usa,26_01_26,1
pair,chn,26_01_26,2
pair,can,26_01_26,2
t,usa,26_01_26,1
chn,can,26_01_26,2
can,usa,26_01_26,1
chn,usa,26_01_26,2
p2047,ma,25_01_26,3
p2047,cor,25_01_26,3
p2047,s2jaco,25_01_26,1
p2047,mabar,25_01_26,1
p2047,jasm,25_01_26,2
p2047,minn,25_01_26,2
s2jaco,ma,25_01_26,1
s2jaco,cor,25_01_26,1
mabar,ma,25_01_26,1
jasm,cor,25_01_26,2
s2jaco,mabar,25_01_26,1
s2jaco,jasm,25_01_26,2
s2jaco,minn,25_01_26,3
jasm,minn,25_01_26,2
p2048,caaa,25_01_26,3
p2048,caaa,25_01_26,3
p2048,dod,25_01_26,3
p2048,usss,25_01_26,3
p2048,wh,25_01_26,3
p2048,nthp,25_01_26,2
caaa,dod,25_01_26,3
caaa,usss,25_01_26,3
caaa,wh,25_01_26,1
nthp,wh,25_01_26,2
dod,usss,25_01_26,1
p2049,ice,25_01_26,3
p2049,jofah,25_01_26,1
p2049,fone,25_01_26,1
p2049,minn,25_01_26,2
ice,jofah,25_01_26,1
jofah,fone,25_01_26,1
minn,jofah,25_01_26,1
p2050,s2emerg2,24_01_26,3
p2050,ten,24_01_26,1
p2050,geo,24_01_26,1
p2050,indi,24_01_26,1
p2050,loui,24_01_26,1
p2050,ky,24_01_26,1
p2050,norc,24_01_26,1
p2050,md,24_01_26,1
p2050,ark,24_01_26,1
p2050,vir,24_01_26,1
p2050,miss,24_01_26,1
p2050,fema,24_01_26,1
p2050,usa,24_01_26,1
s2emerg2,ten,24_01_26,1
s2emerg2,geo,24_01_26,1
s2emerg2,indi,24_01_26,1
s2emerg2,loui,24_01_26,1
s2emerg2,ky,24_01_26,1
s2emerg2,norc,24_01_26,1
s2emerg2,md,24_01_26,1
s2emerg2,ark,24_01_26,1
s2emerg2,vir,24_01_26,1
s2emerg2,miss,24_01_26,1
usa,fema,24_01_26,1
p2051,cor,24_01_26,3
p2051,minn,24_01_26,2
p2051,cal,24_01_26,2
p2051,d,24_01_26,2
cor,minn,24_01_26,2
cor,cal,24_01_26,2
cor,d,24_01_26,2
minn,d,24_01_26,2
cal,d,24_01_26,2
minn,cal,24_01_26,2
p2052,cor,24_01_26,3
p2052,minn,24_01_26,2
minn,cor,24_01_26,2
p2053,cor,24_01_26,3
p2053,cr,24_01_26,3
p2053,ice,24_01_26,3
p2053,fone,24_01_26,3
p2053,minn,24_01_26,2
p2053,ice,24_01_26,1
p2053,io,24_01_26,2
p2053,d,24_01_26,2
p2053,walz,24_01_26,2
p2053,jacfre,24_01_26,2
minn,cor,24_01_26,2
minn,cr,24_01_26,2
io,cor,24_01_26,2
io,fone,24_01_26,2
d,cr,24_01_26,2
d,cor,24_01_26,2
walz,ice,24_01_26,2
jacfre,ice,24_01_26,2
ice,cr,24_01_26,1
p2054,pair,24_01_26,3
p2055,souk,24_01_26,1
p2055,afg,24_01_26,2
p2055,ukm,24_01_26,1
p2055,usa,24_01_26,1
usa,ukm,24_01_26,1
usa,pair,24_01_26,1
ukm,pair,24_01_26,1
souk,usa,24_01_26,1
souk,ukm,24_01_26,1
usa,afg,24_01_26,2
souk,afg,24_01_26,2
p2055,pair,24_01_26,3
p2055,chn,24_01_26,2
p2055,can,24_01_26,2
chn,can,24_01_26,2
pair,can,24_01_26,2
pair,chn,24_01_26,2
p2056,s2emerg2,24_01_26,3
p2056,fema,24_01_26,1
p2056,soucar,24_01_26,1
p2056,vir,24_01_26,1
fema,s2emerg2,24_01_26,1
soucar,s2emerg2,24_01_26,1
vir,s2emerg2,24_01_26,1
p2057,t,24_01_26,3
p2057,pmca,24_01_26,2
p2057,chn,24_01_26,2
p2057,can,24_01_26,2
pmca,chn,24_01_26,2
chn,can,24_01_26,2
can,t,24_01_26,2
chn,t,24_01_26,2
p2058,pair,24_01_26,3
p2058,ial,24_01_26,1
p2058,npa,24_01_26,1
p2058,jdv,24_01_26,1
p2058,aze,24_01_26,1
p2058,arme,24_01_26,1
ial,pair,24_01_26,1
npa,pair,24_01_26,1
aze,pair,24_01_26,1
arme,pair,24_01_26,1
jdv,aze,24_01_26,1
jdv,arme,24_01_26,1
p2059,s2emerg2,24_01_26,3
p2059,fema,24_01_26,1
p2059,usa,24_01_26,1
p2059,trad,24_01_26,1
fema,s2emerg2,24_01_26,1
usa,s2emerg2,24_01_26,1
trad,s2emerg2,24_01_26,1
p2060,endor,23_01_26,3
p2060,af,23_01_26,3
p2060,ta,23_01_26,3
p2060,ep,23_01_26,3
p2060,le,23_01_26,3
p2060,cr,23_01_26,3
p2060,sec,23_01_26,3
p2060,mijo,23_01_26,1
p2060,s2ushor,23_01_26,1
p2060,loui,23_01_26,1
mijo,endor,23_01_26,1
mijo,af,23_01_26,1
mijo,ta,23_01_26,1
mijo,ep,23_01_26,1
mijo,le,23_01_26,1
mijo,cr,23_01_26,1
mijo,sec,23_01_26,1
mijo,s2ushor,23_01_26,1
mijo,loui,23_01_26,1
p2061,endor,23_01_26,3
p2061,af,23_01_26,3
p2061,ta,23_01_26,3
p2061,ep,23_01_26,3
p2061,le,23_01_26,3
p2061,cr,23_01_26,3
p2061,sec,23_01_26,3
p2061,stsc,23_01_26,1
stsc,endor,23_01_26,1
stsc,af,23_01_26,1
stsc,ta,23_01_26,1
stsc,ep,23_01_26,1
stsc,le,23_01_26,1
stsc,cr,23_01_26,1
stsc,sec,23_01_26,1
p2062,af,23_01_26,3
p2062,endor,23_01_26,3
p2062,ta,23_01_26,3
p2062,ep,23_01_26,3
p2062,le,23_01_26,3
p2062,cr,23_01_26,3
p2062,sec,23_01_26,3
p2062,toem,23_01_26,1
p2062,minn,23_01_26,1
p2062,s2ushor,23_01_26,1
toem,endor,23_01_26,1
toem,af,23_01_26,1
toem,ta,23_01_26,1
toem,ep,23_01_26,1
toem,le,23_01_26,1
toem,cr,23_01_26,1
toem,sec,23_01_26,1
toem,minn,23_01_26,1
toem,s2ushor,23_01_26,1
p2063,af,24_01_26,3
p2063,endor,24_01_26,3
p2063,ta,24_01_26,3
p2063,ep,24_01_26,3
p2063,le,24_01_26,3
p2063,cr,24_01_26,3
p2063,sec,24_01_26,3
p2063,mifi,24_01_26,1
p2063,minn,24_01_26,1
p2063,s2ushor,24_01_26,1
mifi,endor,24_01_26,1
mifi,af,24_01_26,1
mifi,ta,24_01_26,1
mifi,ep,24_01_26,1
mifi,le,24_01_26,1
mifi,cr,24_01_26,1
mifi,sec,24_01_26,1
mifi,minn,24_01_26,1
mifi,s2ushor,24_01_26,1
p2064,ic,24_01_26,3
p2064,gm,24_01_26,1
p2064,busuv,24_01_26,1
p2064,chn,24_01_26,2
p2064,usa,24_01_26,1
gm,chn,24_01_26,2
gm,usa,24_01_26,1
busuv,chn,24_01_26,2
busuv,usa,24_01_26,1
p2065,ic,24_01_26,3
p2065,usa,24_01_26,1
p2065,uk,24_01_26,1
usa,uk,24_01_26,1
p2066,suc,24_01_26,3
p2066,o,24_01_26,3
p2066,ut,24_01_26,1
p2066,r,24_01_26,1
p2066,magasup,24_01_26,1
p2066,judg,24_01_26,2
p2066,ufrg,24_01_26,1
p2066,leac,24_01_26,2
r,suc,24_01_26,1
magasup,suc,24_01_26,1
judg,o,24_01_26,2
ut,r,24_01_26,1
ufrg,ut,24_01_26,1
leac,o,,
p2067,af,23_01_26,3
p2067,endor,23_01_26,3
p2067,ta,23_01_26,3
p2067,ep,23_01_26,3
p2067,le,23_01_26,3
p2067,cr,23_01_26,3
p2067,sec,23_01_26,3
p2067,mijo,23_01_26,1
p2067,loui,23_01_26,1
p2067,s2ushor,23_01_26,1
mijo,endor,23_01_26,1
mijo,af,23_01_26,1
mijo,ta,23_01_26,1
mijo,ep,23_01_26,1
mijo,le,23_01_26,1
mijo,cr,23_01_26,1
mijo,sec,23_01_26,1
mijo,loui,23_01_26,1
mijo,s2ushor,23_01_26,1
p2068,af,23_01_26,3
p2068,endor,23_01_26,3
p2068,ta,23_01_26,3
p2068,ep,23_01_26,3
p2068,le,23_01_26,3
p2068,cr,23_01_26,3
p2068,sec,23_01_26,3
p2068,stsc,23_01_26,1
p2068,loui,23_01_26,1
p2068,s2ushor,23_01_26,1
stsc,endor,23_01_26,1
stsc,af,23_01_26,1
stsc,ta,23_01_26,1
stsc,ep,23_01_26,1
stsc,le,23_01_26,1
stsc,cr,23_01_26,1
stsc,sec,23_01_26,1
stsc,loui,23_01_26,1
stsc,s2ushor,23_01_26,1
p2069,af,23_01_26,3
p2069,endor,23_01_26,3
p2069,ta,23_01_26,3
p2069,ep,23_01_26,3
p2069,le,23_01_26,3
p2069,cr,23_01_26,3
p2069,sec,23_01_26,3
p2069,toem,23_01_26,1
p2069,minn,23_01_26,1
p2069,s2ushor,23_01_26,1
toem,endor,23_01_26,1
toem,af,23_01_26,1
toem,ta,23_01_26,1
toem,ep,23_01_26,1
toem,le,23_01_26,1
toem,cr,23_01_26,1
toem,sec,23_01_26,1
toem,minn,23_01_26,1
toem,s2ushor,23_01_26,1
p2070,af,23_01_26,3
p2070,endor,23_01_26,3
p2070,ta,23_01_26,3
p2070,ep,23_01_26,3
p2070,le,23_01_26,3
p2070,cr,23_01_26,3
p2070,sec,23_01_26,3
p2070,jasm,23_01_26,1
p2070,mis,23_01_26,1
p2070,hwc,23_01_26,1
jasm,endor,23_01_26,1
jasm,af,23_01_26,1
jasm,ta,23_01_26,1
jasm,ep,23_01_26,1
jasm,le,23_01_26,1
jasm,cr,23_01_26,1
jasm,sec,23_01_26,1
jasm,mis,23_01_26,1
jasm,hwc,23_01_26,1
p2071,endor,23_01_26,3
p2071,ta,23_01_26,3
p2071,ep,23_01_26,3
p2071,le,23_01_26,3
p2071,cr,23_01_26,3
p2071,sec,23_01_26,3
p2071,mifl,23_01_26,1
p2071,neb,23_01_26,1
p2071,s2ushor,23_01_26,1
mifl,endor,23_01_26,1
mifl,ta,23_01_26,1
mifl,ep,23_01_26,1
mifl,le,23_01_26,1
mifl,cr,23_01_26,1
mifl,sec,23_01_26,1
mifl,neb,23_01_26,1
mifl,s2ushor,23_01_26,1
p2072,af,23_01_26,3
p2072,endor,23_01_26,3
p2072,ta,23_01_26,3
p2072,ep,23_01_26,3
p2072,le,23_01_26,3
p2072,sec,23_01_26,3
p2072,nila,23_01_26,1
p2072,ny,23_01_26,1
p2072,nyrsc,23_01_26,1
p2072,s2ushor,23_01_26,1
nila,endor,23_01_26,1
nila,af,23_01_26,1
nila,ta,23_01_26,1
nila,ep,23_01_26,1
nila,le,23_01_26,1
nila,sec,23_01_26,1
nila,ny,23_01_26,1
nila,nyrsc,23_01_26,1
nila,s2ushor,23_01_26,1
p2073,af,23_01_26,3
p2073,endor,23_01_26,3
p2073,ta,23_01_26,3
p2073,ep,23_01_26,3
p2073,le,23_01_26,3
p2073,cr,23_01_26,3
p2073,sec,23_01_26,3
p2073,frhi,23_01_26,1
p2073,ark,23_01_26,1
p2073,hfsc,23_01_26,1
p2073,s2ushor,23_01_26,1
frhi,endor,23_01_26,1
frhi,af,23_01_26,1
frhi,ta,23_01_26,1
frhi,ep,23_01_26,1
frhi,le,23_01_26,1
frhi,cr,23_01_26,1
frhi,sec,23_01_26,1
frhi,ark,23_01_26,1
frhi,hfsc,23_01_26,1
frhi,s2ushor,23_01_26,1
p2074,endor,23_01_26,3
p2074,ta,23_01_26,3
p2074,ep,23_01_26,3
p2074,le,23_01_26,3
p2074,cr,23_01_26,3
p2074,sec,23_01_26,3
p2074,nas,23_01_26,3
p2074,brgu,23_01_26,1
p2074,ky,23_01_26,1
p2074,hecc,23_01_26,1
p2074,s2ushor,23_01_26,1
brgu,endor,23_01_26,1
brgu,ta,23_01_26,1
brgu,ep,23_01_26,1
brgu,le,23_01_26,1
brgu,cr,23_01_26,1
brgu,sec,23_01_26,1
brgu,nas,23_01_26,1
brgu,ky,23_01_26,1
brgu,hecc,23_01_26,1
brgu,s2ushor,23_01_26,1
p2075,af,23_01_26,3
p2075,endor,23_01_26,3
p2075,ta,23_01_26,3
p2075,ep,23_01_26,3
p2075,le,23_01_26,3
p2075,cr,23_01_26,3
p2075,sec,23_01_26,3
p2075,nas,23_01_26,3
p2075,brja,23_01_26,1
p2075,geo,23_01_26,1
p2075,whpd,23_01_26,1
p2075,s2ushor,23_01_26,1
brja,endor,23_01_26,1
brja,af,23_01_26,1
brja,ta,23_01_26,1
brja,ep,23_01_26,1
brja,le,23_01_26,1
brja,cr,23_01_26,1
brja,sec,23_01_26,1
brja,nas,23_01_26,1
brja,geo,23_01_26,1
brja,s2ushor,23_01_26,1
p2076,endor,23_01_26,3
p2076,ta,23_01_26,3
p2076,ep,23_01_26,3
p2076,le,23_01_26,3
p2076,cr,23_01_26,3
p2076,sec,23_01_26,3
p2076,nas,23_01_26,3
p2076,jaob,23_01_26,1
p2076,cal,23_01_26,1
p2076,s2ushor,23_01_26,1
jaob,endor,23_01_26,1
jaob,ta,23_01_26,1
jaob,ep,23_01_26,1
jaob,le,23_01_26,1
jaob,cr,23_01_26,1
jaob,sec,23_01_26,1
jaob,nas,23_01_26,1
jaob,cal,23_01_26,1
jaob,s2ushor,23_01_26,1
p2077,af,23_01_26,3
p2077,endor,23_01_26,3
p2077,ta,23_01_26,3
p2077,ep,23_01_26,3
p2077,le,23_01_26,3
p2077,cr,23_01_26,3
p2077,sec,23_01_26,3
p2077,nas,23_01_26,3
p2077,ma,23_01_26,3
p2077,rimc,23_01_26,1
p2077,geo,23_01_26,1
p2077,s2ushor,23_01_26,1
rimc,endor,23_01_26,1
rimc,af,23_01_26,1
rimc,ta,23_01_26,1
rimc,ep,23_01_26,1
rimc,le,23_01_26,1
rimc,cr,23_01_26,1
rimc,sec,23_01_26,1
rimc,nas,23_01_26,1
rimc,ma,23_01_26,1
rimc,geo,23_01_26,1
rimc,s2ushor,23_01_26,1
p2078,endor,23_01_26,3
p2078,ta,23_01_26,3
p2078,ep,23_01_26,3
p2078,le,23_01_26,3
p2078,cr,23_01_26,3
p2078,sec,23_01_26,3
p2078,nas,23_01_26,3
p2078,auss,23_01_26,1
p2078,geo,23_01_26,1
p2078,hac,23_01_26,1
p2078,s2ushor,23_01_26,1
auss,endor,23_01_26,1
auss,ta,23_01_26,1
auss,ep,23_01_26,1
auss,le,23_01_26,1
auss,cr,23_01_26,1
auss,sec,23_01_26,1
auss,nas,23_01_26,1
auss,geo,23_01_26,1
auss,hac,23_01_26,1
auss,s2ushor,23_01_26,1
p2079,endor,23_01_26,3
p2079,ta,23_01_26,3
p2079,ep,23_01_26,3
p2079,le,23_01_26,3
p2079,cr,23_01_26,3
p2079,sec,23_01_26,3
p2079,nas,23_01_26,3
p2079,rial,23_01_26,1
p2079,geo,23_01_26,1
p2079,hecc,23_01_26,1
p2079,s2ushor,23_01_26,1
rial,endor,23_01_26,1
rial,ta,23_01_26,1
rial,ep,23_01_26,1
rial,le,23_01_26,1
rial,cr,23_01_26,1
rial,sec,23_01_26,1
rial,nas,23_01_26,1
rial,geo,23_01_26,1
rial,hecc,23_01_26,1
rial,s2ushor,23_01_26,1
p2080,endor,23_01_26,3
p2080,ta,23_01_26,3
p2080,ep,23_01_26,3
p2080,le,23_01_26,3
p2080,cr,23_01_26,3
p2080,sec,23_01_26,3
p2080,nas,23_01_26,3
p2080,jiba,23_01_26,1
p2080,indi,23_01_26,1
p2080,s2ushor,23_01_26,1
jiba,endor,23_01_26,1
jiba,ta,23_01_26,1
jiba,ep,23_01_26,1
jiba,le,23_01_26,1
jiba,cr,23_01_26,1
jiba,sec,23_01_26,1
jiba,nas,23_01_26,1
jiba,indi,23_01_26,1
jiba,s2ushor,23_01_26,1
p2081,endor,23_01_26,3
p2081,ta,23_01_26,3
p2081,ep,23_01_26,3
p2081,le,23_01_26,3
p2081,cr,23_01_26,3
p2081,sec,23_01_26,3
p2081,nas,23_01_26,3
p2081,visp,23_01_26,1
p2081,indi,23_01_26,1
p2081,s2ushor,23_01_26,1
visp,endor,23_01_26,1
visp,ta,23_01_26,1
visp,ep,23_01_26,1
visp,le,23_01_26,1
visp,cr,23_01_26,1
visp,sec,23_01_26,1
visp,nas,23_01_26,1
visp,indi,23_01_26,1
visp,s2ushor,23_01_26,1
p2082,af,23_01_26,3
p2082,endor,23_01_26,3
p2082,ta,23_01_26,3
p2082,ep,23_01_26,3
p2082,le,23_01_26,3
p2082,cr,23_01_26,3
p2082,sec,23_01_26,3
p2082,nas,23_01_26,3
p2082,jesh,23_01_26,1
p2082,indi,23_01_26,1
p2082,s2ushor,23_01_26,1
jesh,endor,23_01_26,1
jesh,af,23_01_26,1
jesh,ta,23_01_26,1
jesh,ep,23_01_26,1
jesh,le,23_01_26,1
jesh,cr,23_01_26,1
jesh,sec,23_01_26,1
jesh,nas,23_01_26,1
jesh,indi,23_01_26,1
jesh,s2ushor,23_01_26,1
p2083,af,23_01_26,3
p2083,endor,23_01_26,3
p2083,ta,23_01_26,3
p2083,ep,23_01_26,3
p2083,le,23_01_26,3
p2083,sec,23_01_26,3
p2083,nas,23_01_26,3
p2083,erho,23_01_26,1
p2083,indi,23_01_26,1
p2083,hrc,23_01_26,1
p2083,s2ushor,23_01_26,1
erho,endor,23_01_26,1
erho,af,23_01_26,1
erho,ta,23_01_26,1
erho,ep,23_01_26,1
erho,le,23_01_26,1
erho,sec,23_01_26,1
erho,nas,23_01_26,1
erho,indi,23_01_26,1
erho,hrc,23_01_26,1
erho,s2ushor,23_01_26,1
p2084,endor,23_01_26,3
p2084,ta,23_01_26,3
p2084,ep,23_01_26,3
p2084,le,23_01_26,3
p2084,cr,23_01_26,3
p2084,sec,23_01_26,3
p2084,nas,23_01_26,3
p2084,clhi,23_01_26,1
p2084,loui,23_01_26,1
p2084,s2ushor,23_01_26,1
clhi,endor,23_01_26,1
clhi,ta,23_01_26,1
clhi,ep,23_01_26,1
clhi,le,23_01_26,1
clhi,cr,23_01_26,1
clhi,sec,23_01_26,1
clhi,nas,23_01_26,1
clhi,loui,23_01_26,1
clhi,s2ushor,23_01_26,1
p2085,af,23_01_26,3
p2085,endor,23_01_26,3
p2085,ta,23_01_26,3
p2085,ep,23_01_26,3
p2085,le,23_01_26,3
p2085,cr,23_01_26,3
p2085,sec,23_01_26,3
p2085,nas,23_01_26,3
p2085,tomc,23_01_26,1
p2085,cal,23_01_26,1
p2085,hbc,23_01_26,1
p2085,s2ushor,23_01_26,1
tomc,endor,23_01_26,1
tomc,af,23_01_26,1
tomc,ta,23_01_26,1
tomc,ep,23_01_26,1
tomc,le,23_01_26,1
tomc,cr,23_01_26,1
tomc,sec,23_01_26,1
tomc,nas,23_01_26,1
tomc,cal,23_01_26,1
tomc,hbc,23_01_26,1
tomc,s2ushor,23_01_26,1
p2086,af,23_01_26,3
p2086,endor,23_01_26,3
p2086,ta,23_01_26,3
p2086,ep,23_01_26,3
p2086,le,23_01_26,3
p2086,sec,23_01_26,3
p2086,nas,23_01_26,3
p2086,dais,23_01_26,1
p2086,cal,23_01_26,1
p2086,s2ushor,23_01_26,1
dais,endor,23_01_26,1
dais,af,23_01_26,1
dais,ta,23_01_26,1
dais,ep,23_01_26,1
dais,le,23_01_26,1
dais,sec,23_01_26,1
dais,nas,23_01_26,1
dais,cal,23_01_26,1
dais,s2ushor,23_01_26,1
p2087,af,23_01_26,3
p2087,endor,23_01_26,3
p2087,ta,23_01_26,3
p2087,ep,23_01_26,3
p2087,le,23_01_26,3
p2087,cr,23_01_26,3
p2087,sec,23_01_26,3
p2087,nas,23_01_26,3
p2087,apl,23_01_26,1
p2087,fl,23_01_26,1
p2087,s2ushor,23_01_26,1
apl,endor,23_01_26,1
apl,af,23_01_26,1
apl,ta,23_01_26,1
apl,ep,23_01_26,1
apl,le,23_01_26,1
apl,cr,23_01_26,1
apl,sec,23_01_26,1
apl,nas,23_01_26,1
apl,fl,23_01_26,1
apl,s2ushor,23_01_26,1
p2088,rb,23_01_26,3
p2088,ack,23_01_26,3
p2088,s2boo,23_01_26,3
p2088,chki,23_01_26,1
p2088,bookck,23_01_26,1
chki,rb,23_01_26,1
chki,bookck,23_01_26,1
chki,ack,23_01_26,1
p2089,pair,23_01_26,3
p2089,nas,23_01_26,3
p2089,cor,23_01_26,3
p2089,can,23_01_26,2
p2089,grl,23_01_26,2
p2089,chn,23_01_26,2
p2089,gd,23_01_26,1
pair,can,23_01_26,2
pair,chn,23_01_26,2
nas,gd,23_01_26,1
can,chn,23_01_26,2
can,grl,23_01_26,2
gd,grl,23_01_26,1
gd,can,23_01_26,1
chn,cor,23_01_26,1
p2090,tva,23_01_26,3
p2090,metr,23_01_26,1
p2090,metr,23_01_26,1
metr,tva,23_01_26,1
tva,metr,23_01_26,1
p2090,w,23_01_26,3
metr,w,23_01_26,1
p2091,cor,23_01_26,3
p2091,pair,23_01_26,3
p2091,chuschu,23_01_26,2
p2091,ny,23_01_26,1
p2091,gapr,23_01_26,1
chuschu,ny,23_01_26,1
chuschu,gapr,23_01_26,2
chuschu,cor,23_01_26,2
chuschu,pair,23_01_26,2
p2092,envins,23_01_26,3
p2092,cor,23_01_26,3
p2092,envins,23_01_26,2
envins,cor,23_01_26,1
p2093,pair,23_01_26,3
p2093,nas,23_01_26,3
p2093,nato,23_01_26,1
p2093,grl,23_01_26,1
p2093,davos,23_01_26,1
p2093,s2bos,23_01_26,1
nato,pair,23_01_26,1
nato,nas,23_01_26,1
nato,grl,23_01_26,1
grl,pair,23_01_26,1
grl,nas,23_01_26,1
davos,pair,23_01_26,1
s2bos,pair,23_01_26,1
grl,nato,23_01_26,1
p2094,pair,23_01_26,3
p2094,cor,23_01_26,3
p2094,tito,23_01_26,1
p2094,jdv,23_01_26,1
p2094,xj,23_01_26,1
p2094,chn,23_01_26,1
p2094,usa,23_01_26,1
tito,usa,23_01_26,1
jdv,usa,23_01_26,1
xj,chn,23_01_26,1
xj,pair,23_01_26,1
chn,pair,23_01_26,1
usa,pair,23_01_26,1
xj,usa,23_01_26,1
p2095,pair,23_01_26,3
p2095,cor,23_01_26,3
p2095,pmca,23_01_26,2
p2095,can,23_01_26,2
p2095,s2bos,23_01_26,1
p2095,usa,23_01_26,1
pmca,can,23_01_26,1
pmca,pair,23_01_26,1
can,pair,23_01_26,1
s2bos,pair,23_01_26,1
s2bos,can,23_01_26,1
usa,pair,23_01_26,1
pmca,s2bos,23_01_26,2
p2096,pair,23_01_26,3
p2096,nas,23_01_26,3
p2096,le,23_01_26,3
p2096,nato,23_01_26,1
p2096,usa,23_01_26,1
p2096,sbo,23_01_26,2
p2096,bp,23_01_26,1
nato,pair,23_01_26,1
nato,nas,23_01_26,1
nato,usa,23_01_26,1
sbo,le,23_01_26,1
bp,le,23_01_26,1
usa,pair,23_01_26,1
usa,nas,23_01_26,1
p2097,cor,23_01_26,3
p2097,pair,23_01_26,3
p2097,cr,23_01_26,3
p2097,gn,23_01_26,2
p2097,cal,23_01_26,2
p2097,davos,23_01_26,1
p2097,safr,23_01_26,1
p2097,la,23_01_26,1
p2097,pnw,23_01_26,1
gn,cal,23_01_26,2
gn,cor,23_01_26,2
gn,cr,23_01_26,2
gn,davos,23_01_26,2
gn,safr,23_01_26,2
cal,cr,23_01_26,2
safr,cal,23_01_26,1
la,cal,23_01_26,1
gn,pnw,23_01_26,2
p2098,cor,23_01_26,3
p2098,jp,23_01_26,2
p2098,fedr,23_01_26,2
jp,fedr,23_01_26,2
jp,cor,23_01_26,2
fedr,cor,23_01_26,2
p2099,endor,23_01_26,3
p2099,eco,23_01_26,3
p2099,ta,23_01_26,3
p2099,ep,23_01_26,3
p2099,le,23_01_26,3
p2099,cr,23_01_26,3
p2099,sec,23_01_26,3
p2099,nas,23_01_26,3
p2099,fball,23_01_26,3
p2099,totu,23_01_26,1
p2099,alabama,23_01_26,1
p2099,s2uss,23_01_26,1
totu,endor,23_01_26,1
totu,eco,23_01_26,1
totu,ta,23_01_26,1
totu,ep,23_01_26,1
totu,le,23_01_26,1
totu,cr,23_01_26,1
totu,sec,23_01_26,1
totu,nas,23_01_26,1
totu,alabama,23_01_26,1
totu,s2uss,23_01_26,1
alabama,eco,23_01_26,1
s2uss,eco,23_01_26,1
fball,totu,23_01_26,1
p2100,pair,23_01_26,3
p2100,eco,23_01_26,3
p2100,tito,23_01_26,1
p2100,jdv,23_01_26,1
p2100,xj,23_01_26,1
p2100,chn,23_01_26,1
p2100,usa,23_01_26,1
tito,eco,23_01_26,1
tito,usa,23_01_26,1
jdv,usa,23_01_26,1
xj,chn,23_01_26,1
xj,usa,23_01_26,1
xj,pair,23_01_26,1
chn,pair,23_01_26,1
usa,pair,23_01_26,1
jdv,pair,23_01_26,1
p2101,pair,23_01_26,3
p2101,cor,23_01_26,3
p2101,pmca,23_01_26,2
p2101,can,23_01_26,2
p2101,s2bos,23_01_26,1
p2101,usa,23_01_26,1
pmca,can,23_01_26,1
pmca,s2bos,23_01_26,2
pmca,pair,23_01_26,1
can,pair,23_01_26,1
s2bos,pair,23_01_26,1
s2bos,can,23_01_26,1
usa,pair,23_01_26,1
p2102,pair,23_01_26,3
p2102,nas,23_01_26,3
p2102,le,23_01_26,3
p2102,s2im,23_01_26,2
p2102,nato,23_01_26,1
p2102,usa,23_01_26,1
p2102,sbo,23_01_26,2
p2102,bp,23_01_26,1
nato,pair,23_01_26,1
nato,nas,23_01_26,1
nato,usa,23_01_26,1
nato,sbo,23_01_26,1
usa,pair,23_01_26,1
usa,nas,23_01_26,1
usa,sbo,23_01_26,1
sbo,s2im,23_01_26,2
sbo,le,23_01_26,1
bp,le,23_01_26,1
bp,s2im,23_01_26,2
bp,sbo,23_01_26,1
p2103,cor,23_01_26,3
p2103,pair,23_01_26,3
p2103,cr,23_01_26,3
p2103,gn,23_01_26,2
p2103,cal,23_01_26,2
p2103,davos,23_01_26,1
p2103,safr,23_01_26,1
p2103,la,23_01_26,1
p2103,pnw,23_01_26,1
gn,cal,23_01_26,1
gn,davos,23_01_26,2
gn,cor,23_01_26,2
gn,cr,23_01_26,2
cal,cr,23_01_26,1
davos,pair,23_01_26,1
safr,cal,23_01_26,1
la,cal,23_01_26,1
la,safr,23_01_26,1
p2104,eco,23_01_26,3
p2104,cor,23_01_26,3
p2104,jp,23_01_26,2
p2104,fedr,23_01_26,2
jp,fedr,23_01_26,2
jp,eco,23_01_26,2
jp,cor,23_01_26,2
fedr,eco,23_01_26,2
fedr,cor,23_01_26,2
p2105,endor,23_01_26,3
p2105,eco,23_01_26,3
p2105,ta,23_01_26,3
p2105,ep,23_01_26,3
p2105,le,23_01_26,3
p2105,cr,23_01_26,3
p2105,sec,23_01_26,3
p2105,nas,23_01_26,3
p2105,af,23_01_26,3
p2105,jowa,23_01_26,1
p2105,alabama,23_01_26,1
jowa,endor,23_01_26,1
jowa,eco,23_01_26,1
jowa,ta,23_01_26,1
jowa,ep,23_01_26,1
jowa,le,23_01_26,1
jowa,cr,23_01_26,1
jowa,sec,23_01_26,1
jowa,nas,23_01_26,1
jowa,af,23_01_26,1
jowa,alabama,23_01_26,1
p2106,endor,23_01_26,3
p2106,eco,23_01_26,3
p2106,ta,23_01_26,3
p2106,ep,23_01_26,3
p2106,le,23_01_26,3
p2106,cr,23_01_26,3
p2106,sec,23_01_26,3
p2106,nas,23_01_26,3
p2106,af,23_01_26,3
p2106,cor,23_01_26,3
p2106,blfi,23_01_26,1
p2106,trho,23_01_26,2
p2106,indi,23_01_26,1
p2106,cong,23_01_26,1
p2106,bluf,23_01_26,1
blfi,endor,23_01_26,1
blfi,eco,23_01_26,1
blfi,ta,23_01_26,1
blfi,ep,23_01_26,1
blfi,le,23_01_26,1
blfi,cr,23_01_26,1
blfi,sec,23_01_26,1
blfi,nas,23_01_26,1
blfi,af,23_01_26,1
blfi,indi,23_01_26,1
blfi,bluf,23_01_26,1
trho,indi,23_01_26,2
trho,cor,23_01_26,2
indi,cong,23_01_26,1
bluf,indi,23_01_26,1
p2107,eco,23_01_26,3
p2107,pair,23_01_26,3
p2107,cor,23_01_26,3
p2107,af,23_01_26,3
p2107,t,23_01_26,3
p2107,chn,23_01_26,2
p2107,usa,23_01_26,1
chn,pair,23_01_26,2
chn,eco,23_01_26,2
usa,eco,23_01_26,1
usa,pair,23_01_26,1
usa,t,23_01_26,1
chn,t,23_01_26,2
usa,chn,23_01_26,2
p2108,cor,22_01_26,3
p2108,cr,22_01_26,3
p2108,iv,22_01_26,3
p2108,io,22_01_26,2
io,cor,22_01_26,2
io,cr,22_01_26,2
io,iv,22_01_26,2
p2109,eco,22_01_26,1
p2109,usa,22_01_26,1
eco,usa,22_01_26,1
p2110,cor,22_01_26,3
p2110,cr,22_01_26,3
p2110,jsmi,22_01_26,2
jsmi,cor,22_01_26,2
jsmi,cr,22_01_26,2
p2111,eco,22_01_26,3
p2111,usa,22_01_26,1
p2111,woex,22_01_26,1
p2111,fl,22_01_26,1
p2111,cmia,22_01_26,1
p2111,maru,22_01_26,1
p2111,s2fifa,22_01_26,1
p2111,laoly,22_01_26,1
p2111,g20,22_01_26,1
p2111,g7,22_01_26,1
maru,usa,22_01_26,1
fl,usa,22_01_26,1
cmia,fl,22_01_26,1
s2fifa,usa,22_01_26,1
laoly,usa,22_01_26,1
g20,usa,22_01_26,1
g7,usa,22_01_26,1
usa,woex,22_01_26,1
cmia,woex,22_01_26,1
woex,eco,22_01_26,1
maru,eco,22_01_26,1
p2112,pair,22_01_26,3
p2112,nas,22_01_26,3
p2112,davos,22_01_26,1
p2112,grl,22_01_26,1
p2112,s2bos,22_01_26,1
p2112,usa,22_01_26,1
davos,pair,22_01_26,1
grl,pair,22_01_26,1
grl,usa,22_01_26,1
s2bos,pair,22_01_26,1
s2bos,usa,22_01_26,1
usa,nas,22_01_26,1
p2113,cor,22_01_26,3
p2113,cr,22_01_26,3
p2113,js,22_01_26,3
p2113,pa,22_01_26,3
p2113,o,22_01_26,3
p2113,jasm,22_01_26,2
p2113,d,22_01_26,2
p2113,attorney,22_01_26,2
jasm,cor,22_01_26,2
jasm,cr,22_01_26,2
jasm,js,22_01_26,2
jasm,pa,22_01_26,2
d,o,22_01_26,2
d,cor,22_01_26,2
attorney,js,22_01_26,2
p2114,ef,22_01_26,3
p2114,mc,22_01_26,3
p2114,fn,22_01_26,3
p2114,p,22_01_26,3
p2114,nyt,22_01_26,2
p2114,abc,22_01_26,2
p2114,s2nbc,22_01_26,2
p2114,cbs,22_01_26,2
p2114,cnn,22_01_26,2
p2114,msnbc,22_01_26,2
p2114,fone,22_01_26,2
p2114,wsj,22_01_26,2
nyt,fn,22_01_26,2
abc,fn,22_01_26,2
s2nbc,fn,22_01_26,2
cbs,fn,22_01_26,2
cnn,fn,22_01_26,2
msnbc,fn,22_01_26,2
wsj,fn,22_01_26,2
fone,mc,22_01_26,2
nyt,mc,22_01_26,2
abc,mc,22_01_26,2
s2nbc,mc,22_01_26,2
cbs,mc,22_01_26,2
cnn,mc,22_01_26,2
msnbc,mc,22_01_26,2
wsj,mc,22_01_26,2
fone,mc,22_01_26,2
nyt,p,22_01_26,2
abc,p,22_01_26,2
s2nbc,p,22_01_26,2
cbs,p,22_01_26,2
cnn,p,22_01_26,2
msnbc,p,22_01_26,2
wsj,p,22_01_26,2
fone,p,22_01_26,2
nyt,ef,22_01_26,2
abc,ef,22_01_26,2
s2nbc,ef,22_01_26,2
cbs,ef,22_01_26,2
cnn,ef,22_01_26,2
msnbc,ef,22_01_26,2
wsj,ef,22_01_26,2
fone,ef,22_01_26,2
p2115,mc,22_01_26,3
p2115,fn,22_01_26,3
p2115,heca,22_01_26,3
p2115,eco,22_01_26,3
p2115,usa,22_01_26,1
p2115,p,22_01_26,2
p2115,eco,22_01_26,2
p2115,nyt,22_01_26,2
p2115,d,22_01_26,2
heca,d,22_01_26,2
nyt,fn,22_01_26,2
nyt,p,22_01_26,2
d,eco,22_01_26,2
eco,usa,,1
p2116,mc,22_01_26,3
p2116,fn,22_01_26,3
p2116,lopo,22_01_26,2
p2116,nyt,22_01_26,2
p2116,s2ts,22_01_26,2
p2116,d,22_01_26,2
nyt,s2ts,22_01_26,1
s2ts,d,22_01_26,2
nyt,mc,22_01_26,2
nyt,fn,22_01_26,2
s2ts,mc,22_01_26,2
s2ts,fn,22_01_26,2
p2117,mc,22_01_26,3
p2117,tva,22_01_26,3
p2117,p,22_01_26,3
p2117,fcc,22_01_26,2
p2117,tv,22_01_26,2
p2117,jkl,22_01_26,2
p2117,lat,22_01_26,1
fcc,tv,22_01_26,2
fcc,jkl,22_01_26,2
tv,tva,22_01_26,2
jkl,tva,22_01_26,2
lat,p,22_01_26,2
p2118,pair,21_01_26,3
p2118,t,21_01_26,2
p2118,grl,21_01_26,3
p2118,marrut,21_01_26,1
p2118,nato,21_01_26,1
p2118,grl,21_01_26,1
p2118,arctic,21_01_26,2
p2118,jdv,21_01_26,1
p2118,maru,21_01_26,1
p2118,swa,21_01_26,1
marrut,nato,21_01_26,1
nato,grl,21_01_26,3
grl,arctic,21_01_26,2
jdv,maru,21_01_26,1
jdv,swa,21_01_26,1
maru,swa,21_01_26,1
pair,nato,21_01_26,3
pair,grl,21_01_26,1
t,nato,21_01_26,2
usa,nato,21_01_26,1
usa,grl,21_01_26,1
p2119,cap,21_01_26,3
p2119,le,21_01_26,3
p2119,o,21_01_26,3
p2119,jb,21_01_26,2
p2119,fbi,21_01_26,2
p2119,sedhun,21_01_26,2
jb,fbi,21_01_26,1
fbi,sedhun,21_01_26,1
sedhun,cap,21_01_26,1
fbi,cap,21_01_26,1
jb,o,21_01_26,1
fbi,le,21_01_26,1
p2120,pm,21_01_26,3
p2120,pair,21_01_26,3
p2120,davos,21_01_26,1
p2120,am,21_01_26,1
am,davos,21_01_26,1
pm,davos,21_01_26,1
pair,am,21_01_26,1
p2121,tva,21_01_26,3
p2121,p,21_01_26,3
p2121,kapa,21_01_26,1
p2121,nena,21_01_26,1
p2121,davos,21_01_26,1
kapa,nena,21_01_26,1
nena,p,21_01_26,1
kapa,p,21_01_26,1
kapa,tva,21_01_26,1
p2122,pair,20_01_26,3
p2122,nas,20_01_26,3
p2122,nato,20_01_26,1
nato,pair,20_01_26,1
nato,nas,20_01_26,1
p2123,cr,20_01_26,3
p2123,o,20_01_26,3
p2123,le,20_01_26,3
p2123,jb,20_01_26,2
jb,o,20_01_26,2
jb,cr,20_01_26,2
jb,le,20_01_26,2
p2124,cr,20_01_26,3
p2124,ice,20_01_26,3
p2124,dohs,20_01_26,1
p2124,minn,20_01_26,2
ice,dohs,20_01_26,1
ice,cr,20_01_26,1
dohs,cr,20_01_26,1
minn,cr,20_01_26,2
p2125,nas,20_01_26,3
p2125,pair,20_01_26,3
p2125,uk,20_01_26,2
p2125,nato,20_01_26,2
p2125,dgo,20_01_26,2
p2125,mus,20_01_26,2
p2125,chn,20_01_26,2
p2125,rus,20_01_26,2
p2125,usa,20_01_26,1
p2125,grl,20_01_26,1
p2125,dnk,20_01_26,1
p2125,eu,20_01_26,1
nas,uk,20_01_26,2
nas,nato,20_01_26,2
nas,usa,20_01_26,1
nas,grl,20_01_26,2
pair,nato,20_01_26,1
pair,dnk,20_01_26,1
pair,eu,20_01_26,1
pair,usa,20_01_26,1
uk,dgo,20_01_26,2
uk,mus,20_01_26,2
nato,dgo,20_01_26,2
chn,rus,20_01_26,1
usa,chn,20_01_26,2
usa,rus,20_01_26,2
dnk,grl,20_01_26,1
eu,dnk,20_01_26,1
p2126,cor,20_01_26,3
p2126,walz,20_01_26,2
p2126,io,20_01_26,2
cor,walz,20_01_26,2
cor,io,20_01_26,2
walz,io,20_01_26,1
p2127,pair,20_01_26,3
p2127,nas,20_01_26,3
p2127,pm,20_01_26,3
p2127,marrut,20_01_26,1
p2127,nato,20_01_26,1
p2127,grl,20_01_26,1
p2127,usa,20_01_26,1
p2127,davos,20_01_26,1
p2127,swis,20_01_26,1
pair,marrut,20_01_26,1
pair,nato,20_01_26,1
pair,usa,20_01_26,1
nas,grl,20_01_26,1
nas,usa,20_01_26,1
pm,marrut,20_01_26,1
pm,nato,20_01_26,1
pm,davos,20_01_26,1
pm,swis,20_01_26,1
nato,usa,20_01_26,1
usa,grl,20_01_26,1
davos,swis,20_01_26,1
p2128,eco,20_01_26,3
p2128,usa,20_01_26,1
eco,usa,20_01_26,1
p2129,nas,20_01_26,3
p2129,pos,20_01_26,1
p2129,usa,20_01_26,1
usa,nas,20_01_26,1
usa,pos,20_01_26,1
nas,pos,20_01_26,1
p2130,usa,19_01_26,1
p2131,tva,19_01_26,3
p2131,rs,19_01_26,1
p2131,wc,19_01_26,1
p2131,s2wcs,19_01_26,1
rs,wc,19_01_26,1
rs,s2wcs,19_01_26,1
wc,s2wcs,19_01_26,1
tva,rs,19_01_26,1
tva,wc,19_01_26,1
tva,s2wcs,19_01_26,1
p2132,ice,19_01_26,3
p2132,cr,19_01_26,3
p2132,mu,19_01_26,3
p2132,cor,19_01_26,3
p2132,mc,19_01_26,3
p2132,minn,19_01_26,2
p2132,jb,19_01_26,2
p2132,obp,19_01_26,2
p2132,mp,19_01_26,2
ice,cr,19_01_26,1
ice,mu,19_01_26,1
jb,cr,19_01_26,2
jb,mu,19_01_26,2
jb,obp,19_01_26,2
mc,ice,19_01_26,2
minn,mc,19_01_26,2
minn,mp,19_01_26,2
cor,mp,19_01_26,2
p2133,cor,19_01_26,3
p2133,mico,19_01_26,2
p2133,ny,19_01_26,2
cor,mico,19_01_26,2
cor,ny,19_01_26,2
mico,ny,19_01_26,2
p2134,ef,19_01_26,3
p2134,r,19_01_26,1
p2134,d,19_01_26,2
p2134,s2som,19_01_26,2
r,ef,19_01_26,1
d,ef,19_01_26,2
r,d,19_01_26,2
p2135,eco,19_01_26,3
p2135,nyse,19_01_26,2
p2135,dal,19_01_26,2
p2135,ny,19_01_26,2
p2135,zm,19_01_26,3
eco,nyse,19_01_26,2
eco,dal,19_01_26,3
eco,nyc,19_01_26,3
nyse,dal,19_01_26,2
nyse,ny,19_01_26,2
dal,ny,19_01_26,2
ny,zm,19_01_26,3
p2136,pair,19_01_26,3
p2136,nato,19_01_26,1
p2136,dnk,19_01_26,2
p2136,rus,19_01_26,2
p2136,grl,19_01_26,1
nato,pair,19_01_26,1
dnk,pair,19_01_26,2
rus,pair,19_01_26,2
grl,pair,19_01_26,1
nato,dnk,19_01_26,2
rus,grl,19_01_26,2
dnk,rus,19_01_26,2
dnk,grl,19_01_26,2
p2137,cor,19_01_26,3
p2137,io,19_01_26,2
p2137,s2som,19_01_26,2
p2137,minn,19_01_26,2
p2137,usa,19_01_26,1
p2137,soma,19_01_26,2
cor,io,19_01_26,2
io,s2som,19_01_26,2
io,usa,19_01_26,2
s2som,minn,19_01_26,2
usa,soma,19_01_26,2
io,soma,19_01_26,2
p2138,s2boo,19_01_26,3
p2138,s2pesc,19_01_26,1
p2138,usa,19_01_26,2
s2boo,s2pesc,19_01_26,1
usa,s2pesc,19_01_26,1
p2139,ice,19_01_26,3
p2139,bp,19_01_26,1
ice,bp,19_01_26,1
p2140,endor,19_01_26,3
p2140,dabo,19_01_26,1
endor,dabo,19_01_26,1
p2141,ice,18_01_26,3
p2141,cr,18_01_26,3
p2141,mu,18_01_26,3
p2141,io,18_01_26,2
p2141,minn,18_01_26,2
p2141,s2dr,18_01_26,2
p2141,usa,18_01_26,1
usa,ice,18_01_26,1
cr,ice,18_01_26,1
minn,ice,18_01_26,2
minn,s2dr,18_01_26,2
usa,io,18_01_26,2
p2142,endor,18_01_26,3
p2142,dil,18_01_26,1
p2142,tisc,18_01_26,1
p2142,latr,18_01_26,1
endor,tisc,18_01_26,1
endor,latr,18_01_26,1
dil,latr,18_01_26,1
p2143,ice,18_01_26,3
p2143,cr,18_01_26,3
p2143,obp,18_01_26,2
p2143,jb,18_01_26,2
p2143,minn,18_01_26,2
obp,jb,18_01_26,2
obp,cr,18_01_26,2
cr,minn,18_01_26,2
cr,ice,18_01_26,1
minn,ice,18_01_26,1
p2144,endor,18_01_26,3
p2144,jifa,18_01_26,1
endor,jifa,18_01_26,1
p2145,t,17_01_26,3
p2145,pair,17_01_26,3
p2145,nas,17_01_26,3
p2145,dnk,17_01_26,2
p2145,eu,17_01_26,2
p2145,chn,17_01_26,2
p2145,rus,17_01_26,2
p2145,grl,17_01_26,1
p2145,usa,17_01_26,1
p2145,nor,17_01_26,2
p2145,swe,17_01_26,2
p2145,fra,17_01_26,2
p2145,ger,17_01_26,2
p2145,uk,17_01_26,2
p2145,nld,17_01_26,2
p2145,fi,17_01_26,2
p2145,can,17_01_26,1
t,dnk,17_01_26,2
t,nor,17_01_26,2
t,swe,17_01_26,2
t,fra,17_01_26,2
t,ger,17_01_26,2
t,uk,17_01_26,2
t,nld,17_01_26,2
t,fi,17_01_26,2
pair,dnk,17_01_26,2
pair,eu,17_01_26,2
pair,nor,17_01_26,2
pair,swe,17_01_26,2
pair,fra,17_01_26,2
pair,ger,17_01_26,2
pair,uk,17_01_26,2
pair,nld,17_01_26,2
pair,fi,17_01_26,2
pair,grl,17_01_26,1
pair,usa,17_01_26,1
nas,usa,17_01_26,1
nas,grl,17_01_26,1
nas,chn,17_01_26,2
nas,rus,17_01_26,2
dnk,grl,17_01_26,2
chn,grl,17_01_26,2
rus,grl,17_01_26,2
usa,grl,17_01_26,1
usa,chn,17_01_26,2
usa,rus,17_01_26,2
dnk,usa,17_01_26,2
eu,usa,17_01_26,2
nor,usa,17_01_26,2
swe,usa,17_01_26,2
fra,usa,17_01_26,2
ger,usa,17_01_26,2
uk,usa,17_01_26,2
nld,usa,17_01_26,2
fi,usa,17_01_26,2
usa,can,17_01_26,1
p2146,pair,17_01_26,3
p2146,damc,17_01_26,1
p2146,rodb,17_01_26,2
p2146,usa,17_01_26,1
p2146,indi,17_01_26,2
p2146,r,17_01_26,1
pair,damc,17_01_26,1
pair,rodb,17_01_26,2
damc,rodb,17_01_26,2
rodb,r,17_01_26,2
rodb,usa,17_01_26,2
rodb,indi,17_01_26,1
p2147,endor,18_01_26,3
p2147,af,18_01_26,3
p2147,eco,18_01_26,3
p2147,ta,18_01_26,3
p2147,ep,18_01_26,3
p2147,sec,18_01_26,3
p2147,le,18_01_26,3
p2147,nas,18_01_26,3
p2147,jlet,18_01_26,1
p2147,usa,18_01_26,1
p2147,loui,18_01_26,1
p2147,cr,18_01_26,3
endor,jlet,18_01_26,1
loui,jlet,18_01_26,1
af,jlet,18_01_26,1
eco,usa,18_01_26,1
ta,usa,18_01_26,1
ep,usa,18_01_26,1
sec,usa,18_01_26,1
le,usa,18_01_26,1
nas,usa,18_01_26,1
jlet,usa,18_01_26,1
jlet,eco,18_01_26,1
jlet,ta,18_01_26,1
jlet,ep,18_01_26,1
jlet,le,18_01_26,1
jlet,cr,18_01_26,1
usa,le,18_01_26,1
usa,cr,18_01_26,1
p2148,endor,18_01_26,3
p2148,af,18_01_26,3
p2148,eco,18_01_26,3
p2148,ta,18_01_26,3
p2148,ep,18_01_26,3
p2148,sec,18_01_26,3
p2148,le,18_01_26,3
p2148,nas,18_01_26,3
p2148,cr,18_01_26,3
p2148,bmoo,18_01_26,1
p2148,usa,18_01_26,1
p2148,alabama,18_01_26,1
endor,bmoo,18_01_26,1
af,bmoo,18_01_26,1
eco,usa,18_01_26,1
ta,usa,18_01_26,1
ep,usa,18_01_26,1
sec,usa,18_01_26,1
le,usa,18_01_26,1
nas,usa,18_01_26,1
bmoo,usa,18_01_26,1
cr,usa,18_01_26,1
alabama,bmoo,18_01_26,1
eco,bmoo,18_01_26,1
ta,bmoo,18_01_26,1
ep,bmoo,18_01_26,1
le,bmoo,18_01_26,
cr,bmoo,18_01_26,
p2149,ma,18_01_26,3
p2149,tva,18_01_26,3
p2149,s2army,18_01_26,1
p2149,usn,18_01_26,1
ma,s2army,18_01_26,1
ma,usn,18_01_26,1
s2army,usn,18_01_26,1
tva,s2army,18_01_26,1
tva,usn,18_01_26,1
p2150,o,17_01_26,3
p2150,jb,17_01_26,2
p2150,d,17_01_26,2
o,jb,17_01_26,2
o,d,17_01_26,2
p2151,t,17_01_26,3
p2151,pair,17_01_26,3
p2151,nas,17_01_26,3
p2151,grl,17_01_26,2
p2151,dnk,17_01_26,2
p2151,eu,17_01_26,2
p2151,chn,17_01_26,2
p2151,rus,17_01_26,2
p2151,nor,17_01_26,2
p2151,swe,17_01_26,2
p2151,fra,17_01_26,2
p2151,ger,17_01_26,2
p2151,uk,17_01_26,2
p2151,nld,17_01_26,2
p2151,fi,17_01_26,2
p2151,can,17_01_26,1
t,dnk,17_01_26,2
t,nor,17_01_26,2
t,swe,17_01_26,2
t,fra,17_01_26,2
t,ger,17_01_26,2
t,uk,17_01_26,2
t,nld,17_01_26,2
t,fi,17_01_26,2
nas,grl,17_01_26,1
pair,dnk,17_01_26,2
pair,eu,17_01_26,2
pair,chn,17_01_26,2
pair,rus,17_01_26,2
pair,nor,17_01_26,2
pair,swe,17_01_26,2
pair,fra,17_01_26,2
pair,ger,17_01_26,2
pair,uk,17_01_26,2
pair,nld,17_01_26,2
pair,fi,17_01_26,2
dnk,grl,17_01_26,2
chn,grl,17_01_26,2
rus,grl,17_01_26,2
dnk,eu,17_01_26,1
nor,eu,17_01_26,1
swe,eu,17_01_26,1
fra,eu,17_01_26,1
ger,eu,17_01_26,1
nld,eu,17_01_26,1
fi,eu,17_01_26,1
uk,eu,17_01_26,2
chn,rus,17_01_26,1
p2152,fn,17_01_26,3
p2152,wsj,17_01_26,2
p2152,jadi,17_01_26,3
p2152,s2jpm,17_01_26,3
p2152,ef,17_01_26,2
p2152,sect,17_01_26,3
p2152,sb,17_01_26,3
sb,sect,17_01_26,1
fn,wsj,17_01_26,2
jadi,s2jpm,17_01_26,1
wsj,s2jpm,17_01_26,1
jadi,sect,17_01_26,3
p2153,fn,17_01_26,3
p2153,mor,17_01_26,2
p2153,cnn,17_01_26,2
fn,cnn,17_01_26,2
cnn,mor,17_01_26,2
p2154,le,17_01_26,3
p2154,usa,17_01_26,1
p2154,d,17_01_26,2
p2154,ny,17_01_26,1
p2154,nyc,17_01_26,1
p2154,judg,17_01_26,1
le,d,17_01_26,2
d,usa,17_01_26,2
le,usa,17_01_26,1
le,judg,17_01_26,1
le,nyc,17_01_26,1
nyc,judg,17_01_26,1
d,nyc,17_01_26,2
d,judg,17_01_26,2
nyc,ny,17_01_26,1
usa,nyc,17_01_26,1
d,ny,17_01_26,2
p2155,pair,16_01_26,3
p2155,irn,16_01_26,1
pair,irn,16_01_26,1
p2156,nas,16_01_26,3
p2156,jacfre,16_01_26,2
p2156,walz,16_01_26,2
p2156,minn,16_01_26,2
nas,minn,16_01_26,2
nas,jacfre,16_01_26,2
nas,walz,16_01_26,2
walz,jacfre,16_01_26,2
minn,walz,16_01_26,2
minn,jacfre,16_01_26,2
p2157,heca,16_01_26,3
p2157,usa,16_01_26,1
usa,heca,16_01_26,1
p2158,asw,01_01_26,1
p2158,d,01_01_26,2
p2158,maga,01_01_26,1
p2158,s2boo,01_01_26,1
asw,s2boo,01_01_26,1
s2boo,d,01_01_26,2
p2159,adc,01_01_26,1
p2159,fone,01_01_26,1
p2159,trad,01_01_26,1
p2159,jb,01_01_26,2
p2159,usa,01_01_26,3
p2159,cr,01_01_26,2
adc,fone,01_01_26,1
trad,usa,01_01_26,1
jb,usa,01_01_26,2
jb,cr,01_01_26,2
trad,cr,01_01_26,1
p2160,irn,02_01_26,2
p2160,usa,02_01_26,1
p2160,s2pr3,02_01_26,1
irn,s2pr3,02_01_26,2
usa,s2pr3,02_01_26,1
usa,irn,02_01_26,3
p2161,wh,02_01_26,1
p2161,ce,02_01_26,3
wh,ce,02_01_26,1
p2162,anti,02_01_26,2
p2162,ucb,02_01_26,2
p2162,uni,02_01_26,2
ucb,uni,02_01_26,3
anti,ucb,02_01_26,3
p2163,gec,02_01_26,2
p2163,wt,02_01_26,2
p2163,s2be2,02_01_26,3
gec,wt,02_01_26,3
gec,s2be2,02_01_26,2
wt,s2be2,02_01_26,2
p2164,usa,02_01_26,3
p2164,t,02_01_26,1
p2164,nas,02_01_26,1
t,usa,02_01_26,1
t,nas,02_01_26,1
usa,nas,02_01_26,3
p2165,usa,03_01_26,3
p2165,ven,03_01_26,2
p2165,nimo,03_01_26,2
p2165,wfe,03_01_26,2
p2165,le,03_01_26,1
usa,ven,03_01_26,2
usa,nimo,03_01_26,2
usa,wfe,03_01_26,2
usa,le,03_01_26,1
ven,nimo,03_01_26,3
ven,wfe,03_01_26,3
nimo,wfe,03_01_26,3
p2166,bo,03_01_26,3
p2166,irn,03_01_26,3
bo,irn,03_01_26,2
p2167,ven,03_01_26,3
p2167,dws,03_01_26,3
dws,ven,03_01_26,1
p2168,usa,03_01_26,1
p2168,scot,03_01_26,1
p2168,fn,03_01_26,2
p2168,t,03_01_26,3
p2168,nas,03_01_26,3
p2168,mc,03_01_26,3
t,usa,03_01_26,1
t,nas,03_01_26,1
usa,nas,03_01_26,3
scot,t,03_01_26,1
fn,t,03_01_26,2
mc,t,03_01_26,2
mc,fn,03_01_26,3
p2169,thom,05_01_26,2
p2169,edga,05_01_26,1
p2169,maga,05_01_26,1
p2169,d,05_01_26,2
p2169,ven,05_01_26,2
p2169,nimo,05_01_26,2
p2169,cf,05_01_26,3
p2169,sec,05_01_26,3
p2169,ta,05_01_26,3
p2169,sbo,05_01_26,3
edga,sbo,05_01_26,1
edga,thom,05_01_26,2
thom,d,05_01_26,2
edga,maga,05_01_26,1
edga,ven,05_01_26,1
ven,nimo,05_01_26,3
cf,maga,05_01_26,1
ta,edga,05_01_26,1
sec,edga,05_01_26,1
p2170,ty,05_01_26,2
p2170,med,05_01_26,3
ty,c,05_01_26,2
med,c,05_01_26,3
s2vac,c,05_01_26,2
p2171,walz,05_01_26,2
p2171,io,05_01_26,2
p2171,gn,05_01_26,2
p2171,jbp,05_01_26,2
p2171,kaho,05_01_26,2
p2171,minn,05_01_26,2
p2171,cor,05_01_26,3
p2171,ta,05_01_26,3
walz,io,05_01_26,2
walz,minn,05_01_26,2
io,minn,05_01_26,2
walz,cor,05_01_26,2
io,cor,05_01_26,2
cor,ta,05_01_26,3
p2172,usa,05_01_26,1
p2172,trad,05_01_26,1
p2172,rfkj,05_01_26,1
p2172,cdc,05_01_26,1
p2172,fda,05_01_26,1
p2172,cms,05_01_26,1
p2172,nih,05_01_26,1
p2172,amerp,05_01_26,1
p2172,med,05_01_26,3
p2172,c,05_01_26,3
p2172,s2vac,05_01_26,3
trad,usa,05_01_26,1
s2vac,c,05_01_26,3
trad,cdc,05_01_26,1
trad,fda,05_01_26,1
trad,cms,05_01_26,1
trad,nih,05_01_26,1
usa,c,05_01_26,1
med,c,05_01_26,3
p2173,usa,05_01_26,3
p2173,s2bs2,05_01_26,1
p2173,cor,05_01_26,3
p2173,spc,05_01_26,3
usa,s2bs2,05_01_26,2
s2bs2,cor,05_01_26,2
cor,spc,05_01_26,3
p2174,usa,06_01_26,3
p2174,scot,06_01_26,1
p2174,t,06_01_26,3
p2174,nas,06_01_26,3
t,usa,06_01_26,1
t,nas,06_01_26,1
usa,nas,06_01_26,1
scot,t,06_01_26,3
p2175,cal,06_01_26,2
p2175,gn,06_01_26,2
p2175,cor,06_01_26,3
gn,cal,06_01_26,2
gn,cor,06_01_26,2
cal,cor,06_01_26,2
p2176,wh,06_01_26,1
p2176,hrepu,06_01_26,1
p2176,tkc,06_01_26,1
p2176,maga,06_01_26,1
p2176,usa,06_01_26,3
hrepu,maga,06_01_26,1
tkc,hrepu,06_01_26,1
usa,maga,06_01_26,1
p2177,jafee,06_01_26,1
p2177,gsw,06_01_26,1
p2177,maga,06_01_26,1
p2177,az,06_01_26,1
p2177,suc,06_01_26,3
p2177,ta,06_01_26,3
p2177,sec,06_01_26,3
p2177,nas,06_01_26,3
jafee,maga,06_01_26,1
gsw,maga,06_01_26,1
jafee,az,06_01_26,1
gsw,az,06_01_26,1
ta,jafee,06_01_26,1
ta,gsw,06_01_26,1
sec,jafee,06_01_26,1
sec,gsw,06_01_26,1
nas,jafee,06_01_26,1
nas,gsw,06_01_26,1
p2178,amk,06_01_26,1
p2178,maga,06_01_26,1
p2178,wash,06_01_26,1
p2178,suc,06_01_26,3
p2178,ta,06_01_26,3
p2178,sec,06_01_26,3
p2178,nas,06_01_26,3
p2178,cr,06_01_26,3
amk,cr,06_01_26,1
amk,maga,06_01_26,1
amk,wash,06_01_26,1
ta,amk,06_01_26,1
sec,amk,06_01_26,1
nas,amk,06_01_26,1
p2179,s2tt2,06_01_26,1
p2179,hcu,06_01_26,2
p2179,d,06_01_26,2
p2179,d,06_01_26,2
p2179,maga,06_01_26,1
p2179,tex,06_01_26,1
p2179,suc,06_01_26,3
p2179,par,06_01_26,3
p2179,lp,06_01_26,3
s2tt2,maga,06_01_26,1
hcu,d,06_01_26,2
hcu,d,06_01_26,2
par,hcu,06_01_26,3
lp,hcu,06_01_26,2
p2180,par,06_01_26,3
p2180,sec,06_01_26,3
p2180,lp,06_01_26,3
p2180,s2sba,06_01_26,3
hcu,sbo,06_01_26,1
bida,hcu,06_01_26,2
rldt,bida,06_01_26,3
par,hcu,06_01_26,3
sec,hcu,06_01_26,2
sec,s2tt2,06_01_26,1
lp,hcu,06_01_26,2
p2181,s2sba,06_01_26,1
p2181,maga,06_01_26,1
p2181,fl,06_01_26,1
p2181,suc,06_01_26,3
p2181,ta,06_01_26,3
p2181,sec,06_01_26,3
p2181,nas,06_01_26,3
s2sba,maga,06_01_26,1
s2sba,fl,06_01_26,1
ta,s2sba,06_01_26,1
sec,s2sba,06_01_26,1
nas,s2sba,06_01_26,1
p2182,s2jm,06_01_26,1
p2182,s2mw2,06_01_26,1
p2182,maga,06_01_26,1
p2182,fl,06_01_26,1
p2182,suc,06_01_26,3
p2182,ta,06_01_26,3
p2182,sec,06_01_26,3
p2182,elec,06_01_26,3
p2182,usm,06_01_26,3
s2jm,usm,06_01_26,1
s2jm,maga,06_01_26,1
s2mw2,maga,06_01_26,1
s2jm,fl,06_01_26,1
elec,s2jm,06_01_26,1
ta,s2jm,06_01_26,1
sec,s2jm,06_01_26,1
p2183,s2ad,06_01_26,1
p2183,usdcwtx,06_01_26,3
p2183,tex,06_01_26,3
p2183,tcr,06_01_26,3
p2183,judg,06_01_26,3
p2183,le,06_01_26,3
s2ad,usdcwtx,06_01_26,1
s2ad,tex,06_01_26,1
s2ad,le,06_01_26,1
tcr,s2ad,06_01_26,1
judg,s2ad,06_01_26,3
p2184,cwo,06_01_26,1
p2184,usdcwtx,06_01_26,3
p2184,tex,06_01_26,3
p2184,judg,06_01_26,3
p2184,le,06_01_26,3
cwo,usdcwtx,06_01_26,1
cwo,tex,06_01_26,1
cwo,le,06_01_26,1
judg,cwo,06_01_26,1
p2185,josh,06_01_26,1
p2185,usdcar,06_01_26,1
p2185,ark,06_01_26,3
p2185,judg,06_01_26,3
p2185,le,06_01_26,3
josh,usdcar,06_01_26,1
josh,ark,06_01_26,1
josh,le,06_01_26,1
judg,josh,06_01_26,1
p2186,asj,06_01_26,1
p2186,hdl,06_01_26,1
p2186,edla,06_01_26,1
p2186,fmac,06_01_26,3
asj,hdl,06_01_26,1
asj,edla,06_01_26,1
p2187,ven,06_01_26,1
p2187,usa,06_01_26,1
p2187,cwri,06_01_26,1
p2187,oil,06_01_26,3
oil,usa,06_01_26,1
oil,ven,06_01_26,1
ven,usa,06_01_26,1
usa,cwri,06_01_26,1
p2188,johar,07_01_26,1
p2188,cel,07_01_26,3
cel,johar,07_01_26,1
p2189,nato,07_01_26,2
p2189,usa,07_01_26,1
p2189,rus,07_01_26,3
p2189,ukr,07_01_26,3
p2189,chn,07_01_26,3
p2189,nas,07_01_26,3
usa,nato,07_01_26,3
rus,ukr,07_01_26,2
chn,nato,07_01_26,2
p2190,s2dl,07_01_26,1
p2190,usa,07_01_26,1
p2191,jb,07_01_26,2
p2191,d,07_01_26,2
p2191,usa,07_01_26,1
p2191,cong,07_01_26,1
p2191,eco,07_01_26,3
p2191,ad,07_01_26,3
jb,ad,07_01_26,2
d,ad,07_01_26,2
d,cong,07_01_26,1
jb,d,07_01_26,3
p2192,usm,07_01_26,1
p2192,defind,07_01_26,1
p2192,usa,07_01_26,1
p2192,nas,07_01_26,3
defind,usm,07_01_26,1
usa,usm,07_01_26,1
p2193,ice,07_01_26,3
p2193,le,07_01_26,1
p2193,d,07_01_26,2
p2193,mipo,07_01_26,1
p2193,le,07_01_26,3
d,le,07_01_26,2
ice,le,07_01_26,1
p2194,ray,07_01_26,2
p2194,dow,07_01_26,1
p2194,usm,07_01_26,1
p2194,usa,07_01_26,3
p2194,nas,07_01_26,3
ray,usm,07_01_26,2
dow,ray,07_01_26,2
usa,usm,07_01_26,1
p2195,milb,07_01_26,1
p2195,usm,07_01_26,3
milb,usm,07_01_26,1
p2196,usm,07_01_26,3
p2196,t,07_01_26,1
usm,t,07_01_26,1
p2197,ven,07_01_26,3
p2197,ampr,07_01_26,3
p2197,agr,07_01_26,1
p2197,med,07_01_26,1
p2197,eme,07_01_26,1
p2197,usa,07_01_26,1
ven,ampr,07_01_26,1
ampr,agr,07_01_26,1
ampr,med,07_01_26,1
ampr,eme,07_01_26,1
p2198,gp,07_01_26,1
p2198,maru,07_01_26,3
p2198,col,07_01_26,3
p2198,wh,07_01_26,3
gp,maru,07_01_26,3
maru,wh,07_01_26,3
gp,col,07_01_26,1
p2199,nipa,08_01_26,3
p2199,js,08_01_26,3
nipa,js,08_01_26,1
p2200,cr,08_01_26,3
p2200,soma,08_01_26,2
cr,soma,08_01_26,2
p2201,r,08_01_26,3
p2201,d,08_01_26,3
p2201,suco,08_01_26,2
p2201,limu,08_01_26,2
p2201,rpa,08_01_26,2
p2201,johaw,08_01_26,2
p2201,toyo,08_01_26,2
p2201,sen,08_01_26,1
p2201,usa,08_01_26,3
p2201,nas,08_01_26,3
suco,sen,08_01_26,2
limu,sen,08_01_26,2
rpa,sen,08_01_26,2
johaw,sen,08_01_26,2
toyo,sen,08_01_26,2
r,sen,08_01_26,2
d,sen,08_01_26,2
p2202,int,08_01_26,1
p2202,lbt,08_01_26,3
p2202,usa,08_01_26,1
p2202,eco,08_01_26,3
int,usa,08_01_26,1
lbt,int,08_01_26,1
p2203,jb,08_01_26,2
p2203,s2hm,08_01_26,2
p2203,fnma,08_01_26,1
p2203,fmac,08_01_26,3
p2203,usa,08_01_26,3
p2203,usm,08_01_26,3
p2203,afg,08_01_26,2
p2203,cong,08_01_26,3
p2203,eco,08_01_26,3
p2203,inf,08_01_26,3
p2203,obp,08_01_26,2
p2203,cr,08_01_26,3
jb,afg,08_01_26,2
s2hm,jb,08_01_26,2
fnma,fmac,08_01_26,1
fnma,usa,08_01_26,1
fmac,usa,08_01_26,1
jb,usm,08_01_26,2
jb,afg,08_01_26,2
jb,obp,08_01_26,2
p2204,usa,08_01_26,1
p2204,d,08_01_26,2
p2204,scot,08_01_26,3
p2204,ta,08_01_26,3
p2204,eco,08_01_26,3
p2204,nas,08_01_26,3
p2204,s2td,08_01_26,1
p2204,gdp,08_01_26,3
ta,usa,08_01_26,1
eco,usa,08_01_26,1
ta,eco,08_01_26,1
nas,usa,08_01_26,1
scot,ta,08_01_26,3
usa,s2td,08_01_26,1
usa,gdp,08_01_26,1
d,gdp,08_01_26,2
p2205,cal,08_01_26,3
p2205,gn,08_01_26,2
p2205,s2may,08_01_26,3
p2205,usa,08_01_26,3
gn,cal,08_01_26,1
s2may,cal,08_01_26,1
gn,s2may,08_01_26,2
p2206,sh,08_01_26,3
p2206,s2i,08_01_26,3
p2206,fone,08_01_26,3
sh,s2i,08_01_26,3
fnma,sh,08_01_26,3
p2207,ven,09_01_26,3
p2207,usa,09_01_26,3
p2207,big,09_01_26,3
p2207,wh,09_01_26,3
p2207,polpri,09_01_26,3
p2207,pair,09_01_26,3
ven,usa,09_01_26,1
big,usa,09_01_26,3
polpri,ven,09_01_26,1
p2208,gp,09_01_26,3
p2208,col,09_01_26,3
p2208,usa,09_01_26,3
p2208,s2dr,09_01_26,2
p2208,pm,09_01_26,3
gp,col,09_01_26,3
col,usa,09_01_26,1
col,s2dr,09_01_26,2
s2dr,usa,09_01_26,2
p2209,owc,09_01_26,3
p2209,wh,09_01_26,3
p2209,cwri,09_01_26,3
p2209,dbur,09_01_26,3
p2209,ven,09_01_26,3
p2209,amerp,09_01_26,3
p2209,s2dr,09_01_26,3
p2209,pm,09_01_26,3
p2209,cr,09_01_26,3
p2209,oil,09_01_26,3
s2dr,pm,09_01_26,2
owc,ven,09_01_26,3
s2dr,cr,09_01_26,2
pm,wh,09_01_26,3
p2210,usa,09_01_26,3
p2210,ven,09_01_26,3
p2210,iata,09_01_26,3
p2210,s2ed,09_01_26,3
p2210,oil,09_01_26,3
oil,ven,09_01_26,1
oil,usa,09_01_26,1
s2ed,ven,09_01_26,1
s2ed,usa,09_01_26,1
iata,usa,09_01_26,1
iata,ven,09_01_26,3
p2211,ala,09_01_26,1
p2211,s2sm2,09_01_26,1
p2211,teb,09_01_26,1
p2211,usa,09_01_26,3
p2211,t,09_01_26,1
p2211,af,09_01_26,1
p2211,s2boo,09_01_26,3
t,af,09_01_26,1
ala,s2sm2,09_01_26,1
t,usa,09_01_26,1
p2212,s2md2,09_01_26,1
p2212,wy,09_01_26,3
p2212,afarm,09_01_26,3
p2212,usm,09_01_26,3
p2212,vet,09_01_26,3
p2212,le,09_01_26,3
p2212,sec,09_01_26,3
p2212,ta,09_01_26,3
p2212,elec,09_01_26,3
sec,ta,09_01_26,1
s2md2,wy,09_01_26,1
s2md2,afarm,09_01_26,1
s2md2,ta,09_01_26,1
s2md2,vet,09_01_26,1
s2md2,usm,09_01_26,1
s2md2,elec,09_01_26,1
s2md2,sec,09_01_26,1
s2md2,le,09_01_26,1
p2213,ccco,09_01_26,2
p2213,s2emerg2,09_01_26,3
p2213,bida,09_01_26,2
p2213,usa,09_01_26,3
p2213,fi,09_01_26,3
p2213,amerp,09_01_26,3
trad,amerp,09_01_26,1
bida,amerp,09_01_26,2
p2214,fnma,09_01_26,3
p2214,fmac,09_01_26,3
p2214,jb,09_01_26,2
p2214,amerfam,09_01_26,1
p2214,usa,09_01_26,3
p2214,eco,09_01_26,3
fnma,fmac,09_01_26,3
fnma,amerfam,09_01_26,1
fmac,amerfam,09_01_26,1
mor,amerfam,09_01_26,1
mor,fnma,09_01_26,1
mor,fmac,09_01_26,1
p2215,grja,10_01_26,1
p2215,walz,10_01_26,3
p2215,ef,10_01_26,3
ef,walz,10_01_26,2
p2216,grja,10_01_26,3
p2216,nimo,10_01_26,3
p2216,ven,10_01_26,3
nimo,grja,10_01_26,1
p2217,jsmi,10_01_26,2
p2217,cr,10_01_26,3
p2218,js,10_01_26,3
p2218,pb,10_01_26,3
js,pb,10_01_26,3
js,jb,10_01_26,2
js,bo,10_01_26,2
pb,jb,10_01_26,2
pb,bo,10_01_26,2
jsmi,cr,10_01_26,2
p2219,ven,10_01_26,3
p2219,usa,10_01_26,3
usa,ven,10_01_26,1
p2220,irn,10_01_26,3
p2211,usa,10_01_26,3
irn,usa,10_01_26,1
p2221,johar,10_01_26,3
p2221,nyfg,10_01_26,3
p2221,fball,10_01_26,3
johar,nyfg,10_01_26,1
fball,nyfg,10_01_26,3
fball,johar,10_01_26,3
p2222,usa,10_01_26,1
p2223,s2boo,10_01_26,3
p2223,masi,10_01_26,1
masi,s2boo,10_01_26,1
p2224,uk,10_01_26,3
p2224,irne,10_01_26,3
p2224,rio,10_01_26,3
p2224,irn,10_01_26,3
irne,rio,10_01_26,2
uk,irne,10_01_26,1
rev,irn,10_01_26,3
p2225,s2jm,10_01_26,1
p2225,s2mw2,10_01_26,1
p2225,fl,10_01_26,1
p2225,eco,10_01_26,1
p2225,ta,10_01_26,1
p2225,s2mw2,10_01_26,1
p2225,elec,10_01_26,1
p2225,usm,10_01_26,1
p2225,sec,10_01_26,1
p2225,af,10_01_26,1
p2225,cel,10_01_26,3
s2jm,cel,10_01_26,3
s2jm,s2mw2,10_01_26,1
s2jm,fl,10_01_26,1
s2jm,eco,10_01_26,1
s2jm,ta,10_01_26,1
s2jm,s2mw2,10_01_26,1
s2jm,elec,10_01_26,1
s2jm,usm,10_01_26,1
s2jm,sec,10_01_26,1
s2jm,af,10_01_26,1
p2226,ven,10_01_26,3
p2226,usa,10_01_26,3
p2226,polpri,10_01_26,3
ven,usa,10_01_26,3
ven,polpri,10_01_26,1
usa,polpri,10_01_26,1
p2227,cub,11_01_26,2
p2227,ven,11_01_26,3
p2227,usa,11_01_26,1
p2227,usm,11_01_26,1
p2227,oil,11_01_26,3
cub,ven,11_01_26,2
cub,usa,11_01_26,2
cub,usm,11_01_26,2
cub,oil,11_01_26,2
ven,usa,11_01_26,1
ven,usm,11_01_26,1
ven,oil,11_01_26,3
usa,usm,11_01_26,1
p2228,dpm,12_01_26,1
p2228,meta,12_01_26,1
p2228,mz,12_01_26,1
p2228,cel,12_01_26,3
dpm,meta,12_01_26,1
dpm,mz,12_01_26,1
meta,mz,12_01_26,1
dpm,cel,12_01_26,3
p2229,usa,12_01_26,1
p2229,scot,12_01_26,3
p2229,t,12_01_26,1
usa,scot,12_01_26,3
usa,t,12_01_26,1
scot,t,12_01_26,2
p2230,fbi,12_01_26,2
p2230,bo,12_01_26,2
p2230,rll,12_01_26,2
bo,rll,12_01_26,2
fbi,bo,12_01_26,2
p2231,usa,12_01_26,3
p2231,irn,12_01_26,3
p2231,t,12_01_26,1
usa,irn,12_01_26,2
usa,t,12_01_26,1
irn,t,12_01_26,2
p2232,ny,12_01_26,1
p2232,man,12_01_26,1
p2232,s2cp2,12_01_26,2
p2232,s2inf,12_01_26,3
ny,s2inf,12_01_26,2
ny,man,12_01_26,3
ny,s2cp2,12_01_26,2
man,s2inf,12_01_26,2
man,s2cp2,12_01_26,2
s2cp2,s2inf,12_01_26,2
p2233,jb,12_01_26,2
p2233,usa,12_01_26,3
p2233,s2tech,12_01_26,3
p2233,micr,12_01_26,1
p2233,ai,12_01_26,1
p2233,s2dc2,12_01_26,3
p2233,util,12_01_26,2
p2233,amerp,12_01_26,3
amerp,s2tech,12_01_26,1
jb,usa,12_01_26,2
s2tech,micr,12_01_26,1
s2tech,ai,12_01_26,1
s2tech,s2dc2,12_01_26,3
s2tech,util,12_01_26,2
micr,ai,12_01_26,1
micr,s2dc2,12_01_26,3
micr,util,12_01_26,2
ai,s2dc2,12_01_26,3
ai,util,12_01_26,2
ai,usa,12_01_26,1
s2dc2,util,12_01_26,2
p2234,r,12_01_26,3
p2235,roma,12_01_26,3
r,roma,12_01_26,1
p2235,amerp,13_01_26,1
p2235,ice,13_01_26,1
p2235,jb,13_01_26,2
p2235,d,13_01_26,2
p2235,cr,13_01_26,3
p2235,mu,13_01_26,3
p2235,ice,13_01_26,1
p2235,minn,13_01_26,2
p2235,obp,13_01_26,2
ice,cr,13_01_26,1
jb,cr,13_01_26,2
d,cr,13_01_26,2
amerp,ice,13_01_26,1
amerp,jb,13_01_26,2
amerp,d,13_01_26,2
ice,jb,13_01_26,2
ice,d,13_01_26,2
jb,d,13_01_26,3
minn,mu,13_01_26,2
minn,d,13_01_26,2
jb,obp,13_01_26,2
p2236,jp,13_01_26,2
p2236,usa,13_01_26,3
p2236,inf,13_01_26,1
p2236,t,13_01_26,3
jp,inf,13_01_26,2
jp,usa,13_01_26,2
usa,inf,13_01_26,1
usa,t,13_01_26,1
jp,t,13_01_26,2
p2237,irn,13_01_26,3
p2237,pair,13_01_26,3
p2237,s2pr3,13_01_26,3
irn,s2pr3,13_01_26,1
irn,pair,13_01_26,2
p2238,sca,13_01_26,1
p2238,s2dea2,13_01_26,3
sca,s2dea2,13_01_26,2
p2239,io,13_01_26,2
p2239,walz,13_01_26,2
p2239,sb,13_01_26,1
p2239,atp,13_01_26,1
p2239,d,13_01_26,2
p2239,cor,13_01_26,3
p2239,elec,13_01_26,3
elec,walz,13_01_26,1
io,cor,13_01_26,2
walz,cor,13_01_26,2
sb,cor,13_01_26,1
d,cor,13_01_26,2
atp,cor,13_01_26,1
io,walz,13_01_26,2
io,sb,13_01_26,2
walz,sb,13_01_26,2
p2240,usa,13_01_26,1
p2240,inf,13_01_26,3
p2240,iv,13_01_26,3
usa,inf,13_01_26,1
usa,iv,13_01_26,1
inf,iv,13_01_26,1
p2241,usa,14_01_26,3
p2241,grl,14_01_26,3
p2241,nas,14_01_26,3
p2241,nato,14_01_26,3
p2241,rus,14_01_26,3
p2241,chn,14_01_26,3
usa,nato,14_01_26,2
rus,nas,14_01_26,2
chn,nas,14_01_26,2
grl,nas,14_01_26,2
p2241,fg,14_01_26,2
p2242,usa,14_01_26,3
p2242,sanctuary,14_01_26,3
p2242,cr,14_01_26,3
fg,usa,14_01_26,1
sanctuary,cr,14_01_26,2
p2243,nato,14_01_26,3
p2243,dnk,14_01_26,3
p2244,usa,14_01_26,1
p2244,ven,14_01_26,1
p2244,dro,14_01_26,1
p2244,oil,14_01_26,3
p2244,miner,14_01_26,3
p2244,trade,14_01_26,3
p2244,nas,14_01_26,3
dro,ven,14_01_26,2
usa,ven,14_01_26,2
oil,ven,14_01_26,2
miner,ven,14_01_26,2
trade,usa,14_01_26,2
nato,dnk,14_01_26,2
p2245,ice,15_01_26,3
p2245,minn,15_01_26,2
p2245,judg,15_01_26,3
p2245,le,15_01_26,3
p2245,cor,15_01_26,2
ice,cor,15_01_26,1
le,cor,15_01_26,1
ice,minn,15_01_26,2
minn,cor,15_01_26,2
p2246,minn,15_01_26,2
p2246,mp,15_01_26,1
p2246,agit,15_01_26,1
p2246,s2ins2,15_01_26,1
p2246,ice,15_01_26,3
p2246,insact,15_01_26,2
agit,ice,15_01_26,1
s2ins2,ice,15_01_26,1
mp,minn,15_01_26,2
mp,cor,15_01_26,2
p2247,eco,15_01_26,3
p2247,usa,15_01_26,3
p2247,t,15_01_26,3
t,eco,15_01_26,1
usa,t,15_01_26,1
eco,usa,15_01_26,1
p2248,s2bos,15_01_26,1
p2249,swa,15_01_26,2
p2249,gaz20,15_01_26,2
p2249,demil,15_01_26,3
p2249,un,15_01_26,3
p2249,palgov,15_01_26,3
p2249,egy,15_01_26,1
p2249,tur,15_01_26,2
p2249,qat,15_01_26,2
p2249,ham,15_01_26,1
p2249,isr,15_01_26,2
p2249,s2bos,15_01_26,1
s2aid,gaz,15_01_26,3
qat,gaz,15_01_26,1
egy,gaz,15_01_26,1
tur,gaz,15_01_26,1
demil,ham,15_01_26,3
demil,egy,15_01_26,1
demil,qat,15_01_26,1
demil,tur,15_01_26,1
usa,gaz20,15_01_26,1
p2250,mcm,15_01_26,3
p2250,ven,15_01_26,3
p2250,npp,15_01_26,
mcm,ven,15_01_26,1
npp,mcm,15_01_26,1
keebra,p1242,23_08_25,1