id,name,date,month,sex,party,topcategory,link
cf,campaign fundraising,,,,,1,
ef,election fraud,,,,,1,
suc,surrogate campaigning,,,,,1,
af,America First,,,,,1,
dam,downsyndrrom awareness month,,,,,2,
fy,Fentanyl,,,,,2,
ty,Tylenol,,,,,2,
if,inflation,,,,,3,
iv,investments,,,,,3,
sc,spending cuts,,,,,3,
cor,corruption,,,,,8,
doge,DOGE,,,,,3,
js,justice system,,,,,4,
par,pardon,,,,,4,
le,law enforcement,,,,,4,
sec,second amendment,,,,,4,
fos,freedom of speech,,,,,4,
lp,legal proceedings,,,,,4,
sch,school system,,,,,5,
uni,universities,,,,,5,
ta,taxes,,,,,6,
caaa,corporate and administrative announcements,,,,,6,
ng,national guards,,,,,7,
nwt,nuclear weapons testing,,,,,7,
ma,Marine,,,,,7,
mu,murderer,,,,,8,
cr,criminals,,,,,8,
rl,radical left,,,,,9,
fk,fake news,,,,,10,
mc,media criticism,,,,,10,
u,Univision,,,,,10,
p,press,,,,,10,
tva,TV appearances,,,,,10,
t,tariffs,,,,,11,
ttb,TikTok Ban,,,,,11,
eu,European Union,,,,,11,
afd,Alternative für Deutschland,,,,,11,
ham,Hamas,,,,,11,
pair,political alliances & international relations,,,,,11,
pm,political meetings,,,,,11,
ic,international comparison,,,,,11,
un,United Nations,,,,,11,
aogo,appointment of government officials,,,,,12,
bbb,Big Beautiful Bill,,,,,12,
o,opposition,,,,,12,
ack,Attentat auf Charlie Kirk,,,,,12,
d,democrats ,,,,,12,
ice,ICE,,,,,12,
isr,Israel,,,,,13,
rus,Russia,,,,,13,
ukr,Ukraine,,,,,13,
gaz,Gaza Stripe,,,,,13,
tha,Thailand,,,,,13,
kam,Kambodscha,,,,,13,
grl,Greenland,,,,,13,
irn,Iran,,,,,13,
ven,Venezuela,,,,,13,
cap,capitol riot ,,,,,13,
b,Blutbad (Bloodbath in Bezug auf Russland/Ukraine),,,,,13,
g,Golf,,,,,14,
ba,Basketball,,,,,14,
wt,wind turbines,,,,,15,
cc,climate change,,,,,15,
ep,energy policy,,,,,15,
rb,religious beliefs,,,,,16,
jew,jews,,,,,16,
npp,nobel peace price,,,,,19,
fpp,FIFA Peace Prize,,,,,19,
pa,personal attacks,,,,,9,
nas,national security,,,,,7,
me,medication,,,,,2,
w,wife,,,,,18,
c,children,,,,,18,
usdod,Departement of Defense,,,,,7,
b,border,,,,,11,
i,Impeachment,,,,,11,
gh,german history,,,,,17,
scj,supreme court justices,,,,,12,
con,constitution,,,,,12,
rol,rule of law,,,,,12,
wgs,woens and girls sports,,,,,14,
1_05_25 bis 15_05_25,,,,,,,
,,,,,,,
p1,post1,01_05_2025,may25,,,6,https://truthsocial.com/@realDonaldTrump/posts/114432954072144063
jh,Jensen Haug,01_05_2025,may25,2,3,,
n,NVIDIA,01_05_2025,may25,,,,
us,United States,01_05_2025,may25,,,,
p2,post2,01_05_2025,may25,,,6,https://truthsocial.com/@realDonaldTrump/posts/114432976140064253
h,Hyundai,01_05_2025,may25,,,6,
cc,CMA CGM,01_05_2025,may25,,,6,
was,Worldwide Amazon Stores,01_05_2025,may25,,,6,
vgl,Venture Global LNG,01_05_2025,may25,,,6,
s,Siemens,01_05_2025,may25,,,6,
pw,Pratt Whitney,01_05_2025,may25,,,6,
cc,Chobani,01_05_2025,may25,,,6,
bg,Bel Group,01_05_2025,may25,,,6,
se,Schneider Electric,01_05_2025,may25,,,6,
jj,Johnson Johnson,01_05_2025,may25,,,6,
el,Eli Lilly,01_05_2025,may25,,,6,
n,Novartis,01_05_2025,may25,,,6,
g,Genentech,01_05_2025,may25,,,6,
a,AbbVie,01_05_2025,may25,,,6,
tfs,Therm Fisher Scientific,01_05_2025,may25,,,6,
al,Abbott Laboratories,01_05_2025,may25,,,6,
iv,investments,01_05_2025,may25,,,6,
gea,GE Aerospace,01_05_2025,may25,,,6,
usa,United States of America,01_05_2025,may25,,,6,
i,IBM,01_05_2025,may25,,,6,
p3,Post 3,01_05_2025,may25,,,"12,13,7",https://truthsocial.com/@realDonaldTrump/posts/114433942825461076
mw,Mike Waltz,01_05_2025,may25,2,2,13,
mr,Marco Rubio,01_05_2025,may25,2,2,13,
usa,United States of America,01_05_2025,may25,,,12,
un,United Nations,01_05_2025,may25,,,13,
sd,State Department,01_05_2025,may25,,,13,
nas,National Security,01_05_2025,may25,,,7,
p4,Post 4,01_05_2025,may25,,,11,https://truthsocial.com/@realDonaldTrump/posts/114433959082847679
ses,secondary sanctions,01_05_2025,may25,,,6,
irn,Iran,01_05_2025,may25,,,11,
usa,United States of America,01_05_2025,may25,,,6,
pp,petrochemical products,01_05_2025,may25,,,6,
p5,Post 5,01_05_2025,may25,,,"5, 1",https://truthsocial.com/@realDonaldTrump/posts/114435073705713456
ua,University of Alabama,01_05_2025,may25,,,5,
uni,universities,01_05_2025,may25,,,5,
ca,commencement address,01_05_2025,may25,,,1,
,,,,,,,
p6,post6,01_05_2025,may25,,,"7, 11",https://truthsocial.com/@realDonaldTrump/posts/114435902192931017
ww2,world war 2,01_05_2025,may25,,,7,
ww1,world war 1,01_05_2025,may25,,,7,
allies,allied countries,01_05_2025,may25,,,7,
nh,national holiday,01_05_2025,may25,,,11,
,,,,,,,
p7,post7,01_05_2025,may25,,,"11, 12",https://truthsocial.com/@realDonaldTrump/posts/114436142904738936
d,Democrats,01_05_2025,may25,,1,12,
r,Republicans,01_05_2025,may25,,2,12,
us_congress,US Congress,01_05_2025,may25,,,12,
as,Adam Schiff,01_05_2025,may25,2,1,12,
iran,Iran,01_05_2025,may25,,,11,
isr,Israel,01_05_2025,may25,,,11,
rus,Russia,01_05_2025,may25,,,11,
ukr,Ukraine,01_05_2025,may25,,,11,
pa,personal attacks,01_05_2025,may25,,,11,
if,inflation,01_05_2025,may25,,,7,
b,border,01_05_2025,may25,,,11,
ipt,impeachment,01_05_2025,may25,,,11,
,,,,,,,
,,,,,,,
p8,Post 8,01_05_2025,may25,,,17,https://truthsocial.com/@realDonaldTrump/posts/114436165701323476
bs,Betty Schwartz,01_05_2025,may25,1,2,17,
fm,Fred Marcus,01_05_2025,may25,2,,17,
rpl,Rabbi Pinchos Lipschutz,01_05_2025,may25,2,,17,
sr,Sid Rosenberg,01_05_2025,may25,2,,17,
aa,Ariel Abergel,01_05_2025,may25,1,,17,
bf,Barbara Feingold,01_05_2025,may25,1,,17,
aw,Alex Witkoff,01_05_2025,may25,2,,17,
rg,Robert Garson,01_05_2025,may25,2,,17,
ushmc,United States Holocaust Memorial Council,01_05_2025,may25,,,17,
gh,german history,01_05_2025,may25,,,17,
,,,,,,,
p9,post 9,01_05_2025,may25,,,,https://truthsocial.com/@realDonaldTrump/posts/114436168298983317
wh,Whitney Hermandorfer,01_05_2025,may25,1,2,12,
usca6,United States Court of Appeals for the Sixth Circuit,01_05_2025,may25,,,12,
tu,Tennessee,01_05_2025,may25,,,12,
pwb,Princeton University Women's Basketball Team,01_05_2025,may25,,,14,
sa,Justice Samuel Alito,01_05_2025,may25,2,3,12,
gws,Girls’ and Women’s Sports,01_05_2025,may25,,,14,
scj,Supreme Court Justices,01_05_2025,may25,,,12,
con,constitution,01_05_2025,may25,,,12,
rol,rule of law,01_05_2025,may25,,,12,
,,,,,,,
p10,post 10,02_05_2025,may25,,,12,https://truthsocial.com/@realDonaldTrump/posts/114437989795464761
h,harvard,02_05_2025,may25,,,12,
ta,taxes,02_05_2025,may25,,,12,
,,,,,,,
p11,Post 11,02_05_2025,may25,,,6,https://truthsocial.com/@realDonaldTrump/posts/114438304481024140
gas,Gasoline,02_05_2025,may25,,,6,
groceries,Groceries,02_05_2025,may25,,,6,
eggs,Eggs,02_05_2025,may25,,,6,
energy,Energy,02_05_2025,may25,,,6,
mortgage,Mortgage rates,02_05_2025,may25,,,6,
employment,Employment,02_05_2025,may25,,,6,
tariffs,Tariffs,02_05_2025,may25,,,6,
fed,Federal Reserve,02_05_2025,may25,,,6,
if,inflation,02_05_2025,may25,,,6,
,,,may25,,,,
p12,post12,02_05_2025,may25,,,7,https://truthsocial.com/@realDonaldTrump/posts/114438330555648164
ua,university of alabama,02_05_2025,may25,,,7,
,,,may25,,,,
,,,may25,,,,
,,,may25,,,,
,,,may25,,,,
,,,may25,,,,
p13,post13,03_05_2025,may25,,,"8, 12",https://truthsocial.com/@realDonaldTrump/posts/114442321106427795
judges,Judges,03_05_2025,may25,,,8,
usa,United States of America,03_05_2025,may25,,,12,
crm,Criminals,03_05_2025,may25,,,8,
mur,Murderers,03_05_2025,may25,,,8,
dep,deportation,03_05_2025,may25,,,12,
,,,,,,,
p14,post14,04_05_2025,may25,,,,https://truthsocial.com/@realDonaldTrump/posts/114450707221467337
d,democrats,04_05_2025,may25,,2,12,
,,,,,,,
p15,post15,04_05_2025,may25,,,,https://truthsocial.com/@realDonaldTrump/posts/114450726968071164
dt,donald trump,04_05_2025,may25,2,2,9,
,,,,,,,
p16,Post 16,04_05_2025,may25,,,12,https://truthsocial.com/@realDonaldTrump/posts/114451970991645838
jc,Joe Concha,04_05_2025,may25,2,,12,
book,The Greatest Comeback Ever: Inside Trump’s Big Beautiful Campaign,04_05_2025,may25,,,12,
campaign,Political Campaign,04_05_2025,may25,,,12,
media,News Media,04_05_2025,may25,,,4,
usa,United States of America,04_05_2025,may25,,,12,
,,,,,,,
p17,Post 17,04_05_2025,may25,,,4,https://truthsocial.com/@realDonaldTrump/posts/114451972448301240
hk,Howie Kurtz,04_05_2025,may25,2,,4,
cnn,CNN,04_05_2025,may25,,,4,
msnbc,MSNBC,04_05_2025,may25,,,4,
media,News Media,04_05_2025,may25,,,4,
bd,Ben Domenech,04_05_2025,may25,2,,4,
,,,,,,,
p18,Post 18,04_05_2025,may25,,,,https://truthsocial.com/@realDonaldTrump/posts/114452025916969327
alc,Alcatraz,04_05_2025,may25,,,8,
bop,Bureau of Prisons,04_05_2025,may25,,,12,
doj,Department of Justice,04_05_2025,may25,,,12,
fbi,Federal Bureau of Investigation,04_05_2025,may25,,,12,
dhs,Department of Homeland Security,04_05_2025,may25,,,12,
judges,Judges,04_05_2025,may25,,,12,
usa,United States of America,04_05_2025,may25,,,12,
crm,Criminal Offenders,04_05_2025,may25,,,8,
,,,,,,,
p19,Post 19,04_05_2025,may25,,,10,https://truthsocial.com/@realDonaldTrump/posts/114452117143235155
film,American Movie Industry,04_05_2025,may25,,,10,
hollywood,Hollywood,04_05_2025,may25,,,10,
usa,United States of America,04_05_2025,may25,,,10,
foreign,Foreign Countries,04_05_2025,may25,,,10,
doc,Department of Commerce,04_05_2025,may25,,,10,
ustr,United States Trade Representative,04_05_2025,may25,,,10,
tariffs,Tariffs,04_05_2025,may25,,,10,
nas,national security,04_05_2025,may25,,,12,
,,,,,,,
p20,Post 20,04_05_2025,may25,,,10,https://truthsocial.com/@realDonaldTrump/posts/114452877224020351
kr,Karl Rove,04_05_2025,may25,2,1,10,
fn,Fox News,04_05_2025,may25,,,10,
,,,,,,,
,,,,,,,
p21,Post 21,05_05_2025,may25,,,11,https://truthsocial.com/@realDonaldTrump/posts/114455860282159313
re,Recep Erdoğan,05_05_2025,may25,2,,11,
turkey,Turkey,05_05_2025,may25,,,11,
russia,Russia,05_05_2025,may25,,,11,
ukraine,Ukraine,05_05_2025,may25,,,11,
syria,Syria,05_05_2025,may25,,,11,
gaza,Gaza,05_05_2025,may25,,,11,
usa,United States of America,05_05_2025,may25,,,11,
ab,Andrew Brunson,05_05_2025,may25,2,,11,
wru,War Russia/Ukraine,05_05_2025,may25,,,11,
wdc,Washington D.C.,05_05_2025,may25,,,11,
,,,,,,,
p22,Post 22,05_05_2025,may25,,,14,https://truthsocial.com/@realDonaldTrump/posts/114456520145752092
nfl,National Football League,05_05_2025,may25,,,14,
dc,"Washington, D.C.",05_05_2025,may25,,,14,
,,,,,,,
p23,Post23,05_05_2025,may25,,,,https://truthsocial.com/@realDonaldTrump/posts/114456568203695294
maga,Make America Great Again,05_05_2025,may25,,,,
camp,Campaign Promises,05_05_2025,may25,,,,
el,Elections, 05_05_2025,may25,,,,
gov,U.S. Government,05_05_2025,may25,,,,
us,United States,05_05_2025,may25,,,,
,,,,,,,
p24,Post 24,5_05_2025,may25,,,,https://truthsocial.com/@realDonaldTrump/posts/114457666559426766
usa,United States of America,5_05_2025,may25,,,11,
ww1,World War I,5_05_2025,may25,,,17,
ww2,World War II,5_05_2025,may25,,,17,
all,Allies,5_05_2025,may25,,,11,
hol,National Holiday,5_05_2025,may25,,,12,
af,America First,5_05_2025,may25,,,11,
pair,political alliances & international relations,5_05_2025,may25,,,11,
ic,international comparison,5_05_2025,may25,,,11,
caaa,corporate and administrative announcements,5_05_2025,may25,,,12,
nas,national security,5_05_2025,may25,,,7,
maga,Make America Great Again,5_05_2025,may25,,,1,
,,,,,,,
p25,Post 25,5_05_2025,may25,,,,https://truthsocial.com/@realDonaldTrump/posts/114457992767716636
pw,Phil Weiser,5_05_2025,may25,2,1,4,
tp,Tina Peters,5_05_2025,may25,1,2,4,
doj,Department of Justice,5_05_2025,may25,,,4,
dp,Democrat Party,5_05_2025,may25,,,1,
ms13,MS-13,5_05_2025,may25,,,13,
co,Colorado,5_05_2025,may25,,,12,
rl,radical left,5_05_2025,may25,,,9,
d,democrats,5_05_2025,may25,,,1,
ef,election fraud,5_05_2025,may25,,,1,
lp,legal proceedings,5_05_2025,may25,,,4,
js,justice system,5_05_2025,may25,,,4,
crm,criminals,5_05_2025,may25,,,8,
mu,murderer,5_05_2025,may25,,,8,
nas,national security,5_05_2025,may25,,,7,
pa,personal attacks,5_05_2025,may25,,,9,
ill,illegals,5_05_2025,may25,,,,
,,,,,,,
p26,Post 26,5_05_2025,may25,,,,https://truthsocial.com/@realDonaldTrump/posts/114457993936599790
em,Ed Martin,5_05_2025,may25,2,1,12,
rfk,Robert F. Kennedy Jr.,5_05_2025,may25,2,3,12,
dojdc,U.S. Attorney District of Columbia,5_05_2025,may25,,,2,
rs,Republican Senators,5_05_2025,may25,2,2,4,
joe,Joe Biden,5_05_2025,may25,2,1,1,
aogo,appointment of government officials,5_05_2025,may25,,,12,
me,medication,5_05_2025,may25,,,2,
af,America First,5_05_2025,may25,,,11,
maga,Make America Great Again,5_05_2025,may25,,,1,
,,,,,,,
p27,Post 27,5_05_2025,may25,,,,https://truthsocial.com/@realDonaldTrump/posts/114458023850536968
nfl,NFL,5_05_2025,may25,,,14,
draft,NFL Draft 2027,5_05_2025,may25,,,14,
dc,Washington D.C.,5_05_2025,may25,,,12,
nm,National Mall,5_05_2025,may25,,,12,
ba,Basketball,5_05_2025,may25,,,14,
caaa,corporate and administrative announcements,5_05_2025,may25,,,12,
af,America First,5_05_2025,may25,,,11,
,,,,,,,
p28,Post 28,5_05_2025,may25,,,,https://truthsocial.com/@realDonaldTrump/posts/114458094742048024
eo,Executive Order,5_05_2025,may25,,,12,
gof,gain-of-function research,5_05_2025,may25,,,12,
me,medication,5_05_2025,may25,,,2,
nas,national security,5_05_2025,may25,,,7,
caaa,corporate and administrative announcements,5_05_2025,may25,,,12,
,,,,,,,
p29,Post 29,5_05_2025,may25,,,,https://truthsocial.com/@realDonaldTrump/posts/114458100604424846
rfk,Robert F. Kennedy Jr.,5_05_2025,may25,2,3,2,
joe,Joe Biden,5_05_2025,may25,2,1,1,
sc,spending cuts,5_05_2025,may25,,,3,
cor,corruption,5_05_2025,may25,,,4,
me,medication,5_05_2025,may25,,,2,
d,democrats,5_05_2025,may25,,,1,
,,,,,,,
p30,Post 30,6_05_2025,may25,,,,https://truthsocial.com/@realDonaldTrump/posts/114461575736468146
mc,Mark Carney,6_05_2025,may25,2,3,11,
can,Canada,6_05_2025,may25,,,11,
usa,United States of America,6_05_2025,may25,,,11,
pair,political alliances & international relations,6_05_2025,may25,,,11,
ic,international comparison,6_05_2025,may25,,,11,
t,tariffs,6_05_2025,may25,,,6,
ep,energy policy,6_05_2025,may25,,,6,
nas,national security,6_05_2025,may25,,,7,
af,America First,6_05_2025,may25,,,11,
,,,,,,,
p31,Post 31,6_05_2025,may25,,,,https://truthsocial.com/@realDonaldTrump/posts/114462513304037389
ag,Andrew Giuliani,6_05_2025,may25,2,2,12,
cc,Carlos Cordeiro,6_05_2025,may25,2,3,12,
fifa,FIFA,6_05_2025,may25,,,14,
usf,United States Soccer Federation,6_05_2025,may25,,,14,
ptf,President’s Task Force 2026 FIFA World Cup,6_05_2025,may25,,,12,
aogo,appointment of government officials,6_05_2025,may25,,,12,
ba,Basketball,6_05_2025,may25,,,14,
pair,political alliances & international relations,6_05_2025,may25,,,11,
caaa,corporate and administrative announcements,6_05_2025,may25,,,12,
,,,,,,,
p32,Post 32,6_05_2025,may25,,,,https://truthsocial.com/@realDonaldTrump/posts/114462867354665095
jd,Joshua Divine,6_05_2025,may25,2,,12,
mo,Missouri,6_05_2025,may25,,,4,
ct,Clarence Thomas,6_05_2025,may25,2,,4,
jh,Josh Hawley,6_05_2025,may25,,,4,
js,justice system,6_05_2025,may25,,,4,
aogo,appointment of government officials,6_05_2025,may25,,,12,
af,America First,6_05_2025,may25,,,12,
rol,rule of law,6_05_2025,may25,,,12,
,,,,,,12,
,,,,,,,
p33,Post 33,6_05_2025,may25,,,,https://truthsocial.com/@realDonaldTrump/posts/114462868084205660
zb,Zachary Bluestone,6_05_2025,may25,2,3,4,
usao,United States Attorney’s Office,6_05_2025,may25,,,4,
ge,Georgetown,6_05_2025,may25,,,5,
ox,Oxford,6_05_2025,may25,,,5,
ha,Harvard,6_05_2025,may25,,,5,
js,justice system,6_05_2025,may25,,,4,
cr,criminals,6_05_2025,may25,,,8,
le,law enforcement,6_05_2025,may25,,,4,
aogo,appointment of government officials,6_05_2025,may25,,,12,
usdc,United States District Court,6_05_2025,may25,,,12,
edom,Eastern District of Missouri,6_05_2025,may25,,,12,
,,,,,,,
p34,Post 34,6_05_2025,may25,,,,https://truthsocial.com/@realDonaldTrump/posts/114462868808829711
ml,Maria Lanahan,6_05_2025,may25,1,3,4,
pds,Principal Deputy Solicitor General,6_05_2025,may25,,,4,
go,Gonzaga,6_05_2025,may25,,,5,
uc,University of Chicago,6_05_2025,may25,,,5,
js,justice system,6_05_2025,may25,,,4,
le,law enforcement,6_05_2025,may25,,,4,
edom,Eastern District of Missouri,6_05_2025,may25,,,12,
j,judge,6_05_2025,may25,,,4,
p,patriot,6_05_2025,may25,,,,
p35,Post35,6_05_2025,may25,,,,https://truthsocial.com/@realDonaldTrump/posts/114462869560496665
cs,Cristian Stevens,6_05_2025,may25,2,3,4,
mcoa,Missouri Court of Appeals,6_05_2025,may25,,,4,
mago,Missouri Attorney General’s Office,6_05_2025,may25,,,4,
usao,U.S. Attorney’s Office St. Louis,6_05_2025,may25,,,4,
js,justice system,6_05_2025,may25,,,4,
le,law enforcement,6_05_2025,may25,,,4,
aogo,appointment of government officials,6_05_2025,may25,,,12,
p,patriot,6_05_2025,may25,,,12,
edom,Eastern District of Missouri,6_05_2025,may25,,,12,
cr,criminals,6_05_2025,may25,,,8,
,,,may25,,,,
p36,Post 36,6_05_2025,may25,,,,https://truthsocial.com/@realDonaldTrump/posts/114462869802626948
eoc,Edward Aloysius O’Connell,6_05_2025,may25,2,3,4,
scdc,Superior Court of the District of Columbia,6_05_2025,may25,,,4,
usadc,Office of the United States Attorney for the District of Columbia,6_05_2025,may25,,,4,
js,justice system,6_05_2025,may25,,,4,
le,law enforcement,6_05_2025,may25,,,4,
aogo,appointment of government officials,6_05_2025,may25,,,12,
cd,crime & drugs,6_05_2025,may25,,,1,
,,,,,,,
p37,Post 37,6_05_2025,may25,,,,https://truthsocial.com/@realDonaldTrump/posts/114463309556144556
bb,Bruce Blakeman,6_05_2025,may25,2,1,12,
nce,Nassau County Executive,6_05_2025,may25,,,12,
ny,New York,6_05_2025,may25,,,12,
el,elections,6_05_2025,may25,,,12,
ec,economy,6_05_2025,may25,,,6,
le,law enforcement,6_05_2025,may25,,,4,
im,immigration,6_05_2025,may25,,,12,
cvr,civil rights,6_05_2025,may25,,,12,
maga,Make America Great Again,6_05_2025,may25,,,1,
ta,taxes,6_05_2025,may25,,,6,
m,migration,6_05_2025,may25,,,12,
sec,second amendment,6_05_2025,may25,,,4,
nas,national security,6_05_2025,may25,,,12,
,,,,,,,
p38,Post 38,6_05_2025,may25,,,,https://truthsocial.com/@realDonaldTrump/posts/114463589898854957
bhmc,Board of the Holocaust Memorial Council,6_05_2025,may25,,,17,
sf,Siggy Flicker,6_05_2025,may25,,,12,
tf,Tila Falic,6_05_2025,may25,,,12,
jz,Jackie Zeckman,6_05_2025,may25,,,12,
rns,Rabbi Nate Segal,6_05_2025,may25,,,12,
jb,Jonathan Burkan,6_05_2025,may25,,,12,
ll,Lee Lipton,6_05_2025,may25,,,12,
bs,Betty Schwartz,6_05_2025,may25,,,12,
fm,Fred Marcus,6_05_2025,may25,,,12,
rpl,Rabbi Pinchos Lipschutz,6_05_2025,may25,,,12,
sr,Sid Rosenberg,6_05_2025,may25,,,12,
aa,Ariel Abergel,6_05_2025,may25,,,12,
bf,Barbara Feingold,6_05_2025,may25,,,12,
aw,Alex Witkoff,6_05_2025,may25,,,12,
rg,Robert Garson,6_05_2025,may25,,,12,
aogo,appointment of government officials,6_05_2025,may25,,,12,
fp,foreign policy,6_05_2025,may25,,,8,
,,,,,,,
p39,Post 39,6_05_2025,may25,,,,https://truthsocial.com/@realDonaldTrump/posts/114463623151906341
mlaw,Mike Lawler,6_05_2025,may25,2,1,,
ny17,New York’s 17th Congressional District,6_05_2025,may25,,,2,
ny,New York,6_05_2025,may25,,,2,
el,elections,6_05_2025,may25,,,2,
im,immigration,6_05_2025,may25,,,7,
ec,economy,6_05_2025,may25,,,3,
en,energy,6_05_2025,may25,,,11,
le,law enforcement,6_05_2025,may25,,,4,
cvr,civil rights,6_05_2025,may25,,,6,
,,,,,,,
p40,Post 40,6_05_2025,may25,,,,https://truthsocial.com/@realDonaldTrump/posts/114464206114299371
whftf,White House FIFA Task Force,6_05_2025,may25,,,14,
fifa,FIFA,6_05_2025,may25,,,14,
cwc25,2025 Club World Cup,6_05_2025,may25,,,14,
wc26,2026 World Cup,6_05_2025,may25,,,14,
fpp,FIFA Peace Prize,6_05_2025,may25,,,14,
caaa,corporate and administrative announcements,6_05_2025,may25,,,12,
pm,political meetings,6_05_2025,may25,,,12,
,,,,,,,
p41,Post 41,6_05_2025,may25,,,,https://truthsocial.com/@realDonaldTrump/posts/114466802601303034
lj,Lawrence Jones,6_05_2025,may25,2,3,10,
faf,Fox & Friends,6_05_2025,may25,,,10,
mc,media criticism,6_05_2025,may25,,,10,
tva,TV appearances,6_05_2025,may25,,,10,
p,press,6_05_2025,may25,,,10,
,,,,,,,
p42,Post 42,6_05_2025,may25,,,,https://truthsocial.com/@realDonaldTrump/posts/114466820318104255
kmh,Kamala Harris,6_05_2025,may25,1,2,10,
cbs,CBS,6_05_2025,may25,,,10,
param,Paramount,6_05_2025,may25,,,10,
fcc,Federal Communications Commission,6_05_2025,may25,,,12,
emmy,Emmys,6_05_2025,may25,,,19,
ef,election fraud,6_05_2025,may25,,,1,
mc,media criticism,6_05_2025,may25,,,10,
fk,fake news,6_05_2025,may25,,,10,
lp,legal proceedings,6_05_2025,may25,,,4,
d,democrats,6_05_2025,may25,,,1,
aa,Academy Awards,6_05_2025,may25,,,19,
,,,,,,,
p43,Post 43,6_05_2025,may25,,,,https://truthsocial.com/@realDonaldTrump/posts/114468174830884590
vdww2,Victory Day for World War II,6_05_2025,may25,,,17,
ww2,World War II,6_05_2025,may25,,,17,
hist,history,6_05_2025,may25,,,17,
caaa,corporate and administrative announcements,6_05_2025,may25,,,12,
,,,,,,,
p44,Post 44,,may25,,,,https://truthsocial.com/@realDonaldTrump/posts/114468257803426979
dp,David Perdue,,may25,2,1,11,
china,China,,may25,,,11,
amb,Ambassador to China,,may25,,,11,
aogo,appointment of government officials,,may25,,,12,
pair,political alliances & international relations,,may25,,,11,
ic,international comparison,,may25,,,11,
,,,,,,,
p45,Post 45,,may25,,,,https://truthsocial.com/@realDonaldTrump/posts/114468502752133916
cm,Dr. Casey Means,,may25,1,3,,
sg,Surgeon General of the United States,,may25,,,,
dohhs,Department of Health and Human Services,,may25,,,,
rfkj,Robert F. Kennedy Jr.,,may25,2,1,,
jn,Dr. Janette Nesheiwat,,may25,1,3,,
aogo,appointment of government officials,,may25,,,,
me,medication,,may25,,,,
,,,,,,,
p46,Post 46,,may25,,,,https://truthsocial.com/@realDonaldTrump/posts/114468755257430424
tobbb,The One Big Beautiful Bill,,may25,,,6,
ta,taxes,,may25,,,6,
if,inflation,,may25,,,6,
af,America First,,may25,,,6,
maga,make America great again,,may25,,,6,
,,,,,,,
p47,Post 47,,may25,,,,https://truthsocial.com/@realDonaldTrump/posts/114469488580251681
td,trade deal,,may25,,,7,
eco,economy,,may25,,,7,
af,America First,,may25,,,7,
,,,,,,,
p48,Post 48,8_05_2025,may25,,,,https://truthsocial.com/@realDonaldTrump/posts/114471661029075259
td,trade deal,8_05_2025,may25,,,7,
af,America First,8_05_2025,may25,,,7,
uk,United Kingdom,8_05_2025,may25,,,7,
usa,United States of America,8_05_2025,may25,,,7,
,,,,,,,
p49,Post49,8_05_2025,may25,,,,https://truthsocial.com/@realDonaldTrump/posts/114471687266303772
af,America First,8_05_2025,may25,,,1,
,,,,,,,
p50,Post 50,8_05_2025,may25,,,,https://truthsocial.com/@realDonaldTrump/posts/114471750357100883
if,inflation,8_05_2025,may25,,,6,
en,energy,8_05_2025,may25,,,6,
ta,tariffs,8_05_2025,may25,,,6,
,,,,,,,
p51,Post 51,8_05_2025,may25,,,,https://truthsocial.com/@realDonaldTrump/posts/114471776222344399
pm,political meetings,8_05_2025,may25,,,12,
ba,Biden Administration,8_05_2025,may25,2,2,12,
pa,personal attacks,8_05_2025,may25,,,12,
,,,,,,,
p52,Post 52,8_05_2025,may25,,,,https://truthsocial.com/@realDonaldTrump/posts/114472802068018414
uk,United Kingdom,8_05_2025,may25,,,11,
t,Tariffs,8_05_2025,may25,,,6,
pm,political meetings,8_05_2025,may25,,,6,
nas,national security,8_05_2025,may25,,,11,
ranch,Ranchers,8_05_2025,may25,,,6,
farmers,Farmers,8_05_2025,may25,,,6,
producers,Producers,8_05_2025,may25,,,6,
td,trade deal,8_05_2025,may25,,,6,
uk,UNited Kingdom,8_05_2025,may25,,,11,
,,,,,,,
p53,Post 53,8_05_2025,may25,,,,https://truthsocial.com/@realDonaldTrump/posts/114473380014194441
crfp,Cardinal Robert Francis Prevost,8_05_2025,may25,2,3,16,
pl,Pope Leo XIV,8_05_2025,may25,2,3,16,
rb,religious beliefs,8_05_2025,may25,,,16,
aogo,appointment of government officials,8_05_2025,may25,,,12,
,,,,,,,
p54,Post 54,8_05_2025,may25,,,,https://truthsocial.com/@realDonaldTrump/posts/114474136573150113
hl,Howard Lutnick,8_05_2025,may25,2,1,12,
caaa,corporate and administrative announcements,8_05_2025,may25,,,12,
ta,taxes,8_05_2025,may25,,,3,
pm,political meetings,8_05_2025,may25,,,12,
,,,,,,,
p55,Post 55,8_05_2025,may25,,,,https://truthsocial.com/@realDonaldTrump/posts/114474136794655068
rus,Russia,8_05_2025,may25,,,11,
ukr,Ukraine,8_05_2025,may25,,,11,
eu,European Union,8_05_2025,may25,,,11,
pair,political alliances & international relations,8_05_2025,may25,,,11,
pm,political meetings,8_05_2025,may25,,,11,
,,,,,,,
p56,Post 56,8_05_2025,may25,,,,https://truthsocial.com/@realDonaldTrump/posts/114474417554010988
uk,United Kingdom,8_05_2025,may25,,,11,
f,farmers,8_05_2025,may25,,,11,
r,ranchers,8_05_2025,may25,,,6,
pm,political meetings,8_05_2025,may25,,,6,
t,tariffs,8_05_2025,may25,,,11,
,,,,,,,
p57,Post 57,8_05_2025,may25,,,,https://truthsocial.com/@realDonaldTrump/posts/114474464809294039
mb,Mike Bost,8_05_2025,may25,2,1,1,
mil,military,8_05_2025,may25,,,1,
va,veterans affairs,8_05_2025,may25,,,15,
lc,law enforcement & crime,8_05_2025,may25,,,15,
sb,secure border,8_05_2025,may25,,,12,
ta,taxes,8_05_2025,may25,,,12,
en,energy,8_05_2025,may25,,,6,
sa,Second Amendment,8_05_2025,may25,,,12,
af,America First,8_05_2025,may25,,,1,
,,,,,,,
p58,Post 58,8_05_2025,may25,,,,https://truthsocial.com/@realDonaldTrump/posts/114474465286880800
zn,Zach Nunn,8_05_2025,may25,2,1,1,
eco,economy,8_05_2025,may25,,,1,
ta,taxes,8_05_2025,may25,,,6,
f,farmers,8_05_2025,may25,,,6,
sb,secure border,8_05_2025,may25,,,12,
mil,military,8_05_2025,may25,,,15,
va,veterans affairs,8_05_2025,may25,,,15,
pts,peace through strength,8_05_2025,may25,,,11,
sa,Second Amendment,8_05_2025,may25,,,12,
,,,,,,,
p59,Post 59,8_05_2025,may25,,,1,https://truthsocial.com/@realDonaldTrump/posts/114474466584246331
jk,Jen Kiggans,8_05_2025,may25,2,1,1,
mil,military,8_05_2025,may25,,,15,
va,veterans affairs,8_05_2025,may25,,,15,
pts,peace through strength,8_05_2025,may25,,,11,
sb,secure border,8_05_2025,may25,,,12,
eco,economy,8_05_2025,may25,,,6,
en,energy,8_05_2025,may25,,,6,
sa,Second Amendment,8_05_2025,may25,,,12,
,,,,,,,
p60,Post 60,8_05_2025,may25,,,1,https://truthsocial.com/@realDonaldTrump/posts/114474467319531911
nb,Nick Begich,8_05_2025,may25,2,1,1,
af,America First,8_05_2025,may25,,,1,
eco,economy,8_05_2025,may25,,,6,
ta,taxes,8_05_2025,may25,,,6,
gw,government waste,8_05_2025,may25,,,12,
sb,secure border,8_05_2025,may25,,,12,
mc,migrant crime,8_05_2025,may25,,,14,
id,illegal drugs,8_05_2025,may25,,,15,
mil,military,8_05_2025,may25,,,15,
va,veterans affairs,8_05_2025,may25,,,15,
en,energy,8_05_2025,may25,,,6,
sa,Second Amendment,8_05_2025,may25,,,12,
,,,,,,,
p61,Post 61,8_05_2025,may25,,,1,https://truthsocial.com/@realDonaldTrump/posts/114474468098464790
rb,Rob Bresnahan,8_05_2025,may25,,,1,
eco,economy,8_05_2025,may25,,,6,
ta,taxes,8_05_2025,may25,,,6,
gw,government waste,8_05_2025,may25,,,12,
sb,secure border,8_05_2025,may25,,,12,
mc,migrant crime,8_05_2025,may25,,,14,
mil,military,8_05_2025,may25,,,15,
va,veterans affairs,8_05_2025,may25,,,15,
sa,Second Amendment,8_05_2025,may25,,,12,
,,,,,,,
p62,Post 62,8_05_2025,may25,,,1,https://truthsocial.com/@realDonaldTrump/posts/114474468725706522
tb,Tom Barrett,8_05_2025,may25,,,1,
eco,economy,8_05_2025,may25,,,6,
ta,taxes,8_05_2025,may25,,,6,
sb,secure border,8_05_2025,may25,,,12,
lc,law enforcement,8_05_2025,may25,,,14,
mil,military,8_05_2025,may25,,,15,
va,veterans affairs,8_05_2025,may25,,,15,
sa,Second Amendment,8_05_2025,may25,,,12,
pts,peace through strength,8_05_2025,may25,,,11,
,,,,,,,
p63,Post 63,8_05_2025,may25,,,1,https://truthsocial.com/@realDonaldTrump/posts/114474469364898946
tk,Tom Kean,8_05_2025,may25,,,1,
af,America First,8_05_2025,may25,,,1,
sb,secure border,8_05_2025,may25,,,12,
lc,law enforcement & crime,8_05_2025,may25,,,14,
eco,economy,8_05_2025,may25,,,6,
ta,taxes,8_05_2025,may25,,,6,
sbiz,small business,8_05_2025,may25,,,6,
en,energy,8_05_2025,may25,,,6,
mil,military,8_05_2025,may25,,,15,
va,veterans affairs,8_05_2025,may25,,,15,
sa,Second Amendment,8_05_2025,may25,,,12,
,,,,,,,
p64,Post 64,8_05_2025,may25,,,1,https://truthsocial.com/@realDonaldTrump/posts/114474470016240455
rm,Ryan Mackenzie,8_05_2025,may25,,,1,
af,America First,8_05_2025,may25,,,1,
eco,economy,8_05_2025,may25,,,6,
ta,taxes,8_05_2025,may25,,,6,
sb,secure border,8_05_2025,may25,,,12,
mil,military,8_05_2025,may25,,,15,
va,veterans affairs,8_05_2025,may25,,,15,
en,energy,8_05_2025,may25,,,6,
sa,Second Amendment,8_05_2025,may25,,,12,
,,,,,,,
p65,Post 65,8_05_2025,may25,,,1,https://truthsocial.com/@realDonaldTrump/posts/114474470666888173
ra,Robert Axson,8_05_2025,may25,2,1,1,
ml,Mike Lee,8_05_2025,may25,2,1,1,
sc,Spencer Cox,8_05_2025,may25,2,1,1,
rp,Republican Party,8_05_2025,may25,,,1,
aogo,appointment of government officials,8_05_2025,may25,,,19,
,,,,,,,
p66,Post 66,8_05_2025,may25,,,1,
jm,Julianne Murray,8_05_2025,may25,1,1,1,
rp,Republican Party,8_05_2025,may25,,,1,
af,America First,8_05_2025,may25,,,1,
se,secure elections,8_05_2025,may25,,,12,
,,,,,,,
p67,Post 67,8_05_2025,may25,,,1,https://truthsocial.com/@realDonaldTrump/posts/114474472453521323
jmck,Josh McKoon,8_05_2025,may25,2,1,1,
rp,Republican Party,8_05_2025,may25,,,1,
af,America First,8_05_2025,may25,,,1,
win,victories,8_05_2025,may25,,,12,
,,,,,,,
p68,Post 68,8_05_2025,may25,,,1,https://truthsocial.com/@realDonaldTrump/posts/114474472707126728
jsim,Jason Simmons,8_05_2025,may25,2,1,1,
rp_nc,North Carolina Republican Party,8_05_2025,may25,,,1,
af,America First,8_05_2025,may25,,,1,
win,victories,8_05_2025,may25,,,12,
,,,,,,,
p69,Post 69,8_05_2025,may25,,,1,https://truthsocial.com/@realDonaldTrump/posts/114474584669905764
jp,Jeanine Pirro,8_05_2025,may25,,,4,
dc_usatt,"United States Attorney, D.C.",8_05_2025,may25,,,4,
foxnews,Fox News,8_05_2025,may25,,,10,
five,The Five,8_05_2025,may25,,,10,
js,justice system,8_05_2025,may25,,,4,
dv,domestic violence,8_05_2025,may25,,,4,
hist,history,8_05_2025,may25,,,17,
,,,,,,,
p70,Post 70,8_05_2025,may25,,,1,https://truthsocial.com/@realDonaldTrump/posts/114474760680232575
em,Ed Martin,8_05_2025,may25,2,1,4,
doj,Department of Justice,8_05_2025,may25,,,4,
wdg,Weaponization Working Group,8_05_2025,may25,,,4,
ad_ag,Associate Deputy Attorney General,8_05_2025,may25,,,4,
pa,Pardon Attorney,8_05_2025,may25,2,1,4,
js,justice system,8_05_2025,may25,,,4,
,,,,,,,
p71,Post 71,9_05_2025,may25,,,11,https://truthsocial.com/@realDonaldTrump/posts/114477610338144415
china,China,9_05_2025,may25,,,11,
usa,USA,9_05_2025,may25,,,11,
pm,political meetings,9_05_2025,may25,,,11,
pair,political alliances & international relations,9_05_2025,may25,,,11,
nas,national security,9_05_2025,may25,,,12,
,,,,,,,
p72,Post 72,9_05_2025,may25,,,12,https://truthsocial.com/@realDonaldTrump/posts/114477628854583525
china,China,9_05_2025,may25,,,6,
t,Tariffs,9_05_2025,may25,,,6,
nas,national security,9_05_2025,may25,,,12,
,,,,,,,
p73,Post 73,9_05_2025,may25,,,12,https://truthsocial.com/@realDonaldTrump/posts/114477701321152097
rl,radical left,9_05_2025,may25,,,12,
d,democrats,9_05_2025,may25,,,12,
ta,taxes,9_05_2025,9_05_2025,,,3,
,,,,,,,
p74,Post 74,9_05_2025,may25,,,12,https://truthsocial.com/@realDonaldTrump/posts/114477930037382424
t,tariffs,9_05_2025,may25,,,3,
,,,,,,,
p75,Post 75,9_05_2025,may25,,,6,https://truthsocial.com/@realDonaldTrump/posts/114478129470076553
if,inflation,9_05_2025,may25,,,6,
fk,fake news,9_05_2025,may25,,,10,
,,,,,,,
p76,Post 76,9_05_2025,may25,,,10,https://truthsocial.com/@realDonaldTrump/posts/114478160839858570
mc,media criticism,9_05_2025,may25,,,10,
d,democrats,9_05_2025,may25,,,1,
,,,,,,,
p77,Post 77,9_05_2025,may25,,,10,https://truthsocial.com/@realDonaldTrump/posts/114478777761818193
kp,Keith Poole,9_05_2025,may25,1,1,10,
nyp,New York Post,9_05_2025,may25,,,10,
wsj,Wall Street Journal,9_05_2025,may25,,,10,
china,China,9_05_2025,may25,,,11,
,,,,,,,
p78,Post 78,9_05_2025,may25,,,10,https://truthsocial.com/@realDonaldTrump/posts/114478780390671313
sr,Stephanie Ruhle,9_05_2025,may25,1,2,10,
msdnc,MSDNC,9_05_2025,may25,,,10,
ba,British Airways,9_05_2025,may25,,,6,
uk,United Kingdom,9_05_2025,may25,,,11,
br,Brian Roberts,9_05_2025,may25,,,6,
ta,tariffs,9_05_2025,may25,,,6,
,,,,,,,
p79,Post 79,9_05_2025,may25,,,1,
apl,Anna Paulina Luna,9_05_2025,may25,1,1,7,
mil,Military/Veterans,9_05_2025,may25,,,6,
ta,Taxes,9_05_2025,may25,,,6,
sec,Second Amendment,9_05_2025,may25,,,12,
af,America First,9_05_2025,may25,,,1,
ep,Energy Policy,9_05_2025,may25,,,6,
,,,,,,,
p80,Post 80,9_05_2025,may25,,,1,https://truthsocial.com/@realDonaldTrump/posts/114480045872688080
jj,John Joyce,9_05_2025,may25,2,2,7,
mil,Military/Veterans,9_05_2025,may25,,,6,
sec,Second Amendment,9_05_2025,may25,,,12,
af,America First,9_05_2025,may25,,,1,
ep,Energy Policy,9_05_2025,may25,,,6,
,,,,,,,
p81,Post 81,9_05_2025,may25,,,,https://truthsocial.com/@realDonaldTrump/posts/114480047403137321
tw,Tim Walberg,9_05_2025,may25,2,1,1,
edu,Education Policy,9_05_2025,may25,,,5,
pr,Parental Rights,9_05_2025,may25,,,5,
mil,Military/Veterans,9_05_2025,may25,,,7,
sec,Second Amendment,9_05_2025,may25,,,6,
ep,Energy Policy,9_05_2025,may25,,,6,
,,,,,,,
p82,Post 82,9_05_2025,may25,,,,https://truthsocial.com/@realDonaldTrump/posts/114480048117794658
vf,Virginia Foxx,9_05_2025,may25,1,2,1,
af,America First,9_05_2025,may25,,,12,
ta,Taxes,9_05_2025,may25,,,6,
mil,Military/Veterans,9_05_2025,may25,,,7,
sec,Second Amendment,9_05_2025,may25,,,6,
eco,Economy,9_05_2025,may25,,,6,
,,,,,,,
p83,Post 83,9_05_2025,may25,,,,https://truthsocial.com/@realDonaldTrump/posts/114480048504802354
rm,Riley Moore,9_05_2025,may25,2,1,1,
af,America First,9_05_2025,may25,,,12,
eco,Economy,9_05_2025,may25,,,6,
ta,Taxes,9_05_2025,may25,,,6,
rol,Rule of Law,9_05_2025,may25,,,4,
mil,Military/Veterans,9_05_2025,may25,,,7,
sec,Second Amendment,9_05_2025,may25,,,6,
,,,,,,,
p84,Post 84,9_05_2025,may25,,,,https://truthsocial.com/@realDonaldTrump/posts/114480087342467417
cm,Carol Miller,9_05_2025,may25,1,2,1,
af,America First,9_05_2025,may25,,,12,
eco,Economy,9_05_2025,may25,,,6,
ta,Taxes,9_05_2025,may25,,,6,
reg,Regulations,9_05_2025,may25,,,6,
mil,Military/Veterans,9_05_2025,may25,,,7,
ep,Energy Policy,9_05_2025,may25,,,6,
sec,Second Amendment,9_05_2025,may25,,,6,
,,,,,,,
p85,Post 85,9_05_2025,may25,,,2,https://truthsocial.com/@realDonaldTrump/posts/114480839195032975
eo,Executive Order,9_05_2025,may25,,,2,
im,Immigration,9_05_2025,may25,,,2,
dp,Deportation,9_05_2025,may25,,,12,
nas,National Security,9_05_2025,may25,,,12,
il,illegal,9_05_2025,may25,,,12,
,,,,,,,
p86,Post 86,10_05_2025,may25,,,11,https://truthsocial.com/@realDonaldTrump/posts/114483405683675564
usa,United States,10_05_2025,may25,,,11,
ind,India,10_05_2025,may25,,,11,
pak,Pakistan,10_05_2025,may25,,,11,
cf,Ceasefire,10_05_2025,may25,,,11,
ir,International Relations,10_05_2025,may25,,,11,
,,,,,,,
p87,Post 87,10_05_2025,may25,,,1,https://truthsocial.com/@realDonaldTrump/posts/114484265663388527
sj,Scott Jennings,10_05_2025,may25,,,8,
boo,books,10_05_2025,may25,,,12,
maga,MAGA,10_05_2025,may25,,,10,
cnn,CNN,10_05_2025,may25,,,10,
fn,Fake News,10_05_2025,may25,,,10,
,,,,,,,
p88,post88,10_05_2025,may25,,,,https://truthsocial.com/@realDonaldTrump/posts/114486066663976973
china,China,10_05_2025,may25,,,11,
us,United States,10_05_2025,may25,,,11,
pair,political alliances & international relations,10_05_2025,may25,,,11,
,,,,,,,
p89,post89,10_05_2025,may25,,,,https://truthsocial.com/@realDonaldTrump/posts/114487190752990599
india,India,10_05_2025,may25,,,11,
pakistan,Pakistan,10_05_2025,may25,,,11,
us,United States,10_05_2025,may25,,2,11,
pair,political alliances & international relations,10_05_2025,may25,,,11,
,,,,,,,
p90,post90,11_05_2025,may25,,,11,https://truthsocial.com/@realDonaldTrump/posts/114487210304050642
russia,Russia,11_05_2025,may25,,,11,
ukraine,Ukraine,11_05_2025,may25,,,11,
us,United States,11_05_2025,may25,,,11,
pair,political alliances & international relations,11_05_2025,may25,,,11,
b,Bloodbath ,11_05_2025,may25,,,8,
,,,,,,,
p91,post91,11_05_2025,may25,,,,https://truthsocial.com/@realDonaldTrump/posts/114489425158423737
techbros,Tech Bros,11_05_2025,may25,,,10,
creators,Creators,11_05_2025,may25,,,10,
caaa,corporate and administrative announcements,11_05_2025,may25,,,10,
,,,,,,,
p92,post92,11_05_2025,may25,,,11,https://truthsocial.com/@realDonaldTrump/posts/114490093180275292
vp,Vladimir Putin,11_05_2025,may25,2,3,11,
ukraine,Ukraine,11_05_2025,may25,,,11,
us,United States,11_05_2025,may25,,,11,
eu_leaders,European Leaders,11_05_2025,may25,,,11,
pair,political alliances & international relations,11_05_2025,may25,,,11,
b,Bloodbath ,11_05_2025,may25,,,11,
,,,,,,,
p93,post93,11_05_2025,may25,,,8,https://truthsocial.com/@realDonaldTrump/posts/114490277514269016
illegal_aliens,Illegal Aliens,11_05_2025,may25,,,8,
court_system,Court System / Supreme Court,11_05_2025,may25,,,12,
lawyers,Lawyers,11_05_2025,may25,,,12,
us,United States,11_05_2025,may25,,,12,
cm,Crime,11_05_2025,may25,,,8,
maga,MAKE AMERICA GREAT AGAIN,11_05_2025,may25,,,12,
,,,,,,,
p94,post94,11_05_2025,may25,,,,https://truthsocial.com/@realDonaldTrump/posts/114490604608562822
democrats,Democrats,11_05_2025,may25,,,12,
us,United States,11_05_2025,may25,,,12,
tp,Tariff Policy,11_05_2025,may25,,,6,
t,Tariffs,11_05_2025,may25,,,6,
maga,MAKE AMERICA GREAT AGAIN,11_05_2025,may25,,,12,
,,,,,,,
p95,post95,11_05_2025,may25,,,6,https://truthsocial.com/@realDonaldTrump/posts/114491534347862682
pharmaceutical_companies,Pharmaceutical Companies,11_05_2025,may25,,,2,
drug_companies,Drug Companies,11_05_2025,may25,,,2,
democrats,Democrats,11_05_2025,may25,,,3,
republicans,Republicans / GOP,11_05_2025,may25,,,1,
us,United States,11_05_2025,may25,,,2,
me,medication,11_05_2025,may25,,,6,
maga,MAKE AMERICA GREAT AGAIN,11_05_2025,may25,,,12,
,,,,,,,
p96,post96,11_05_2025,may25,,11,,https://truthsocial.com/@realDonaldTrump/posts/114491594957458207
edan_alexander,Edan Alexander,11_05_2025,may25,1,2,11,
us,United States,11_05_2025,may25,2,2,11,
qatar,Qatar,11_05_2025,may25,,11,,
egypt,Egypt,11_05_2025,may25,,11,,
pair,political alliances & international relations,11_05_2025,may25,,11,,
,,,,,,,
p97,post97,11_05_2025,may25,,,10,https://truthsocial.com/@realDonaldTrump/posts/114491949696762931
martha_raditz,Martha Raditz,11_05_2025,may25,1,1,2,
abc,ABC / Slopadopolus Show,11_05_2025,may25,,,2,
pl,Pope Leo,11_05_2025,may25,2,3,3,
bob_iger,Bob Iger,11_05_2025,may25,2,1,3,
maga,MAKE AMERICA GREAT AGAIN,11_05_2025,may25,,,3,
mc,Media Criticism,11_05_2025,may25,,,10,
,,,,,,,
p98,post98,11_05_2025,may25,,12,,https://truthsocial.com/@realDonaldTrump/posts/114492082555622686
defense_department,Defense Department,11_05_2025,may25,,1,7,
democrats,Democrats,11_05_2025,may25,,2,12,
af1,Air Force One / 747 Aircraft,11_05_2025,may25,,1,7,
maga,MAKE AMERICA GREAT AGAIN,11_05_2025,may25,,3,1,
caaa,Corporate and Administrative Announcements,11_05_2025,may25,,12,12,
,,,,,,,
p99,post99,12_05_2025,may25,,,,https://truthsocial.com/@realDonaldTrump/posts/114494359849751984
edan_alexander,Edan Alexander,12_05_2025,may25,2,3,13,
ham,Hamas,12_05_2025,may25,,,13,
pair,political alliances & international relations,12_05_2025,may25,,,12,
,,,,,,,
p100,post100,12_05_2025,may25,,,,https://truthsocial.com/@realDonaldTrump/posts/114494372667836601
me,medication,12_05_2025,may25,,,2,
pharmaceutical_companies,pharmaceutical companies,12_05_2025,may25,,,2,
drug_companies,drug companies,12_05_2025,may25,,,2,
ep,energy policy,12_05_2025,may25,,,2,
if,inflation,12_05_2025,may25,,,2,
,,,,,,,
p101,post101,12_05_2025,may25,,,13,https://truthsocial.com/@realDonaldTrump/posts/114495777170382544
edan_alexander,Edan Alexander,12_05_2025,may25,2,3,13,
pair,political alliances & international relations,12_05_2025,may25,,,13,
,,,,,,,
p102,post102,12_05_2025,may25,,,,https://truthsocial.com/@realDonaldTrump/posts/114495789264464415
sec_kennedy,Secretary Kennedy,12_05_2025,may25,2,1,12,
o,Opposition,12_05_2025,may25,,,12,
suc,Surrogate campaigning,12_05_2025,may25,,,12,
,,,,,,,
p103,post103,12_05_2025,may25,,,,https://truthsocial.com/@realDonaldTrump/posts/114495805003498315
jay_bhattacharya,Dr. Jay Bhattacharya,12_05_2025,may25,1,1,12,
me,medication,12_05_2025,may25,,,2,
pharmaceutical_companies,Pharmaceutical Companies,12_05_2025,may25,,,2,
drug_companies,Drug Companies,12_05_2025,may25,,,2,
,,,,,,,
p104,post104,12_05_2025,may25,,,12,https://truthsocial.com/@realDonaldTrump/posts/114495819579444373
pharmaceutical_companies,Pharmaceutical Companies,12_05_2025,may25,,,12,
me,medication,12_05_2025,may25,,,12,
,,,,,,,
p105,post105,12_05_2025,may25,,,12,https://truthsocial.com/@realDonaldTrump/posts/114495828046526222
me,medication,12_05_2025,may25,,,12,
pharmaceutical_companies,Pharmaceutical Companies,12_05_2025,may25,,,12,
drug_companies,Drug Companies,12_05_2025,may25,,,12,
,,,,,,,
p106,post106,12_05_2025,may25,,,12,https://truthsocial.com/@realDonaldTrump/posts/114495946485549840
rs,Republican Senators,12_05_2025,may25,,,12,
jason_smith,Jason Smith,12_05_2025,may25,1,,12,
brett_guthrie,Brett Guthrie,12_05_2025,may25,1,,12,
gt_thompson,"Glenn ""GT"" Thompson",12_05_2025,may25,1,,12,
o,Democrats / Opposition,12_05_2025,may25,,,12,
me,Medication / Drug Prices,12_05_2025,may25,,,2,
pharmaceutical_companies,Pharmaceutical Companies,12_05_2025,may25,,,2,
drug_companies,Drug Companies,12_05_2025,may25,,,2,
t,Tariffs / Money,12_05_2025,may25,,,6,
caaa,"GREAT, BIG, BEAUTIFUL BILL",12_05_2025,may25,,,12,
maga,MAKE AMERICA GREAT AGAIN,12_05_2025,may25,,,1,
suc,Surrogate campaigning,12_05_2025,may25,,,12,
,,,,,,,
p107,post107,12_05_2025,may25,,,12,https://truthsocial.com/@realDonaldTrump/posts/114496851630865496
me,Medication / Prescription Drugs,12_05_2025,may25,,,12,
pharmaceutical_companies,Pharmaceutical Companies,12_05_2025,may25,,,12,
drug_companies,Drug Companies,12_05_2025,may25,,,12,
,,,,,,,
p108,post108,12_05_2025,may25,,,,https://truthsocial.com/@realDonaldTrump/posts/114496961305632019
mu,Murderers,12_05_2025,may25,,,8,
cr,Criminals,12_05_2025,may25,,,8,
rl,Radical Left Judges / Politicians,12_05_2025,may25,,,12,
le,Supreme Court / Law Enforcement,12_05_2025,may25,,,12,
,,,,,,,
p109,post109,12_05_2025,may25,,12,,https://truthsocial.com/@realDonaldTrump/posts/114497218878772156
jack_ciattarelli,Jack Ciattarelli,12_05_2025,may25,1,,12,
maga,MAKE AMERICA GREAT AGAIN,12_05_2025,may25,,,12,
rs,Republican Leaders,12_05_2025,may25,,,12,
rl,Radical Left Democrats,12_05_2025,may25,,,12,
mu,Murderers,12_05_2025,may25,,,8,
cr,Criminals,12_05_2025,may25,,,8,
ma,Military / Vets,12_05_2025,may25,,,7,
ep,Gasoline / Oil / Energy,12_05_2025,may25,,,12,
sec,Second Amendment,12_05_2025,may25,,,12,
ta,Taxes / Economy,12_05_2025,may25,,,6,
suc,Surrogate campaigning,12_05_2025,may25,,,12,
,,,,,,,
p110,post110,12_05_2025,may25,,4,,
le,Law Enforcement / Police Officers,12_05_2025,may25,,1,4,
,,,,,,,
p111,post111,12_05_2025,may25,,,,https://truthsocial.com/@realDonaldTrump/posts/114498083205032077
joe_concha,Joe Concha,12_05_2025,may25,2,3,10,
boo,Book / Publication,12_05_2025,may25,,,10,
fk,Fake News,12_05_2025,may25,,,10,
mc,Media Criticism,12_05_2025,may25,,,10,
p112,post112,12_05_2025,may25,,,,https://truthsocial.com/@realDonaldTrump/posts/114498087289429724
me,Medication / Prescription Drugs,12_05_2025,may25,,,2,
pharmaceutical_companies,Pharmaceutical Companies,12_05_2025,may25,,,2,
drug_companies,Drug Companies,12_05_2025,may25,,,2,
,,,,,,,
p113,post113,13_05_2025,may25,,,,https://truthsocial.com/@realDonaldTrump/posts/114501759958997511
caaa,Corporate Announcements,13_05_2025,may25,,,6,
ep,Gasoline / Energy / Groceries,13_05_2025,may25,,,6,
if,Inflation,13_05_2025,may25,,,6,
fed,FED,13_05_2025,may25,,,6,
,,,,,,,
p114,post114,13_05_2025,may25,,,,https://truthsocial.com/@realDonaldTrump/posts/114501781259201749
sean_hannity,Sean Hannity,13_05_2025,may25,1,,10,
p,Press / Media,13_05_2025,may25,,,10,
tva,TV appearances,13_05_2025,may25,,,10,
,,,,,,,
p115,post115,13_05_2025,may25,,,,https://truthsocial.com/@realDonaldTrump/posts/114503203859060399
usaf,United States Air Force,13_05_2025,may25,,,7,
dod,Department of Defense,13_05_2025,may25,,,7,
qatar,Qatar,13_05_2025,may25,,,7,
boeing,Boeing,13_05_2025,may25,,,7,
mil,Military,13_05_2025,may25,,,7,
tax,Taxpayers,13_05_2025,may25,,,7,
gov,Government,13_05_2025,may25,,,7,
maga,MAGA,13_05_2025,may25,,,7,
,,,,,,,
p116,post116,14_05_2025,may25,,,,https://truthsocial.com/@realDonaldTrump/posts/114507421112399589
wh,White House,14_05_2025,may25,,,11,
riy,Riyadh,14_05_2025,may25,,,11,
abu,Abu Dhabi,14_05_2025,may25,,,11,
me,Middle East,14_05_2025,may25,,,11,
neo,Neocons,14_05_2025,may25,,,11,
libnp,Liberal Nonprofits,14_05_2025,may25,,,11,
regp,People of the Region,14_05_2025,may25,,,11,
,,,,,,,
p117,post117,15_05_2025,may25,,,,https://truthsocial.com/@realDonaldTrump/posts/114511710554568353
scotus,Supreme Court,15_05_2025,may25,,,12,
usa,United States of America,15_05_2025,may25,,,12,
bc,Birthright Citizenship,15_05_2025,may25,,,12,
cartel,Drug Cartels,15_05_2025,may25,,,12,
ill,Illegal Immigration,15_05_2025,may25,,,12,
pc,Political Correctness,15_05_2025,may25,,,12,
cw,Civil War,15_05_2025,may25,,,17,
cong,Congress,15_05_2025,may25,,,17,
bos,Babies of Slaves,15_05_2025,may25,,,17,
,,,,,,,
p118,post118,15_05_2025,may25,,,,https://truthsocial.com/@realDonaldTrump/posts/114511762010659631
cw,Civil War,15_05_2025,may25,,,17,
cip,Current Immigration Policy,15_05_2025,may25,,,17,
bc,Birthright Citizenship,15_05_2025,may25,,,17,
,,,,,,,
p119,post119,16_05_2025,may25,,,,https://truthsocial.com/@realDonaldTrump/posts/114515613065520300
rl,Radical Left,16_05_2025,may25,,,12,
scotus,Supreme Court,16_05_2025,may25,,,12,
elec,Election,16_05_2025,may25,,,12,
people,The People,16_05_2025,may25,,,12,
maga,MAGA,16_05_2025,may25,,,12,
pa,Personal Attacks,16_05_2025,may25,,,12,
,,,,,,,
p120,post120,16_05_2025,may25,,,6,https://truthsocial.com/@realDonaldTrump/posts/114516603030095775
sa,Saudi Arabia,16_05_2025,may25,,,6,
qatar,Qatar,16_05_2025,may25,,,6,
uae,United Arab Emirates,16_05_2025,may25,,,6,
majco,Major Companies,16_05_2025,may25,,,6,
usa,United States of America,16_05_2025,may25,,,6,
,,,,,,,
p121,post121,16_05_2025,may25,,,,https://truthsocial.com/@realDonaldTrump/posts/114517718765768352
ts,Taylor Swift,16_05_2025,may25,1,3,9,
pa,Personal Attacks,16_05_2025,may25,,,9,
maga,MAGA,16_05_2025,may25,,,9,
,,,,,,,
p122,post122,16_05_2025,may25,,,12,https://truthsocial.com/@realDonaldTrump/posts/114517773720445162
rl,Radical Left,16_05_2025,may25,,,12,
scotus,Supreme Court,16_05_2025,may25,,,12,
pa,Personal Attacks,16_05_2025,may25,,,12,
people,The Public,16_05_2025,may25,,,12,
usa,United States of America,16_05_2025,may25,,,12,
,,,,,,,
p123,post123,16_05_2025,may25,,,9,https://truthsocial.com/@realDonaldTrump/posts/114517896576879203
bs,Bruce Springsteen,16_05_2025,may25,2,2,9,
biden,Crooked Joe Biden,16_05_2025,may25,2,2,9,
rl,Radical Left,16_05_2025,may25,,,10,
pa,Personal Attacks,16_05_2025,may25,,,10,
usa,United States of America,16_05_2025,may25,,,10,
maga,MAGA,16_05_2025,may25,,,10,
,,,,,,,
p124,post124,16_05_2025,may25,,,,https://truthsocial.com/@realDonaldTrump/posts/114517897638237566
r,Republicans,16_05_2025,may25,,,6,
bbb,"The One, Big Beautiful Bill",16_05_2025,may25,,,6,
amer_need,Americans in Need,16_05_2025,may25,,,6,
ia,Illegal Aliens,16_05_2025,may25,,,6,
dems,Democrats,16_05_2025,may25,,,6,
gs,Grandstanders,16_05_2025,may25,,,6,
biden,Joe Biden,16_05_2025,may25,2,2,6,
ta,Taxes,16_05_2025,may25,,,6,
,,,,,,,
p125,post125,16_05_2025,may25,,,,https://truthsocial.com/@realDonaldTrump/posts/114518115625400272
smc,Shelley Moore Capito,16_05_2025,may25,1,1,12,
wv,West Virginia,16_05_2025,may25,,,12,
amer,Americans / The People,16_05_2025,may25,,,12,
sen_env,Senate Environment & Public Works Committee,16_05_2025,may25,,,12,
mil_vets,Military / Veterans,16_05_2025,may25,,,12,
ep,Energy Policy,16_05_2025,may25,,,12,
sec,Second Amendment,16_05_2025,may25,,,12,
,,,,,,,
p126,post126,16_05_2025,may25,,,https://truthsocial.com/@realDonaldTrump/posts/114519155449905842,
mm,Markwayne Mullin,16_05_2025,may25,2,,12,
ok,Oklahoma,16_05_2025,may25,,,12,
amer,Americans ,16_05_2025,may25,,,12,
mil_vets,Military / Veterans,16_05_2025,may25,,,7,
ep,Energy Policy,16_05_2025,may25,,,6,
sec,Second Amendment,16_05_2025,may25,,,12,
farm_ranch,Farmers / Ranchers,16_05_2025,may25,,,6,
tribal,Tribal Communities,16_05_2025,may25,,,12,
warren,Elizabeth Warren,16_05_2025,may25,1,1,12,
m,Migrants,16_05_2025,may25,,,8,
cr,Criminals,16_05_2025,may25,,,8,
maga,MAGA,16_05_2025,may25,,,12,
af,America First,16_05_2025,may25,,,12,
border,Southern Border,16_05_2025,may25,,,12,
,,,,,,,
p127,post127,16_05_2025,may25,,,,https://truthsocial.com/@realDonaldTrump/posts/114519753109701350
alito,Justice Alito,16_05_2025,may25,2,1,12,
thomas,Justice Thomas,16_05_2025,may25,2,1,12,
mu,Murderers,16_05_2025,may25,,,12,
cr,Criminals,16_05_2025,may25,,,12,
dd,Drug Dealers,16_05_2025,may25,,,12,
gm,Gang Members,16_05_2025,may25,,,12,
mi,Mentally Insane,16_05_2025,may25,,,12,
biden,Joe Biden,16_05_2025,may25,2,2,12,
ia,Illegal / Criminal Aliens,16_05_2025,may25,,,12,
scotus,Supreme Court,16_05_2025,may25,,,,
,,,,,,,
p128,post128,16_05_2025,may25,,,11,https://truthsocial.com/@realDonaldTrump/posts/114519933006186542
me,Middle East,16_05_2025,may25,,,11,
,,,,,,,
p129,post129,16_05_2025,may25,,,11,https://truthsocial.com/@realDonaldTrump/posts/114519952063614449
syr,Syria,16_05_2025,may25,,,11,
,,,,,,,
p130,post130,16_05_2025,may25,,,,https://truthsocial.com/@realDonaldTrump/posts/114519965289784767
usaf,United States Air Force,16_05_2025,may25,,,7,
boeing,Air Force One,16_05_2025,may25,,,7,
pres,President,16_05_2025,may25,,,7,
,,,,,,,
p131,post131,17_05_2025,may25,,,,https://truthsocial.com/@realDonaldTrump/posts/114523195208653918
maga,MAGA,17_05_2025,may25,,,12,
rl,Radical Left Democrats,17_05_2025,may25,,,12,
comey,James Comey,17_05_2025,may25,2,2,12,
obama,Barack Obama,17_05_2025,may25,2,2,12,
biden,Joe Biden,17_05_2025,may25,2,2,12,
autopen,Autopen,17_05_2025,may25,,,12,
elec2020,2020 Presidential Election,17_05_2025,may25,,,12,
unselect_committee,Unselect Committee of Political Thugs,17_05_2025,may25,,,12,
,,,,,,,
p132,post132,17_05_2025,may25,,,,https://truthsocial.com/@realDonaldTrump/posts/114523638623110397
walmart,Walmart,17_05_2025,may25,,,6,
chn,China,17_05_2025,may25,,,6,
t,Tariffs,17_05_2025,may25,,,6,
,,,,,,,
p133,post133,17_05_2025,may25,,,11,https://truthsocial.com/@realDonaldTrump/posts/114523762104941397
putin,Vladimir Putin,17_05_2025,may25,1,,11,
zelenskyy,Volodymyr Zelenskyy,17_05_2025,may25,1,,11,
nato,NATO,17_05_2025,may25,,,11,
b,Bloodbath,17_05_2025,may25,,,11,
rus,Russia,17_05_2025,may25,,,11,
ukr,Ukraine,17_05_2025,may25,,,11,
tr,Trade,17_05_2025,may25,,,11,
,,,,,,,
p134,post134,17_05_2025,may25,,,,https://truthsocial.com/@realDonaldTrump/posts/114523811882470999
powell,Jerome Powell,17_05_2025,may25,2,2,6,
fed,The Fed,17_05_2025,may25,,,6,
tr,Rates,17_05_2025,may25,,,6,
,,,,,,,
p135,post135,17_05_2025,may25,,,,https://truthsocial.com/@realDonaldTrump/posts/114526479593964662
qatar,Qatar,17_05_2025,may25,,,7,
boeing,Boeing,17_05_2025,may25,,,7,
abc,ABC Fake News,17_05_2025,may25,,,10,
usa,United States,17_05_2025,may25,,,7,
usaf,United States Air Force,17_05_2025,may25,,,7,
dod,Defense Department,17_05_2025,may25,,10,7,
bi,Bob Iger,17_05_2025,may25,,,10,
pa,Personal Attacks,17_05_2025,may25,,,9,
,,,,,,,
p136,post136,18_05_2025,may25,,,,https://truthsocial.com/@realDonaldTrump/posts/114530973523345791
biden,Joe Biden,18_05_2025,may25,2,,2,
jill,Jill Biden,18_05_2025,may25,2,2,2,
melania,Melania Trump,18_05_2025,may25,1,1,2,
,,,,,,,
p137,post137,19_05_2025,may25,,,,https://truthsocial.com/@realDonaldTrump/posts/114532867603994760
harris,Kamala Harris,19_05_2025,may25,1,2,4,
bs,Bruce Springsteen,19_05_2025,may25,2,2,4,
beyonce,Beyoncé,19_05_2025,may25,,,4,
oprah,Oprah,19_05_2025,may25,,,4,
bono,Bono,19_05_2025,may25,,,4,
ef,Election fraud,19_05_2025,may25,,,4,
,,,,,,,
p138,post138,19_05_2025,may25,,,,https://truthsocial.com/@realDonaldTrump/posts/114534665591178846
harris,Kamala Harris,19_05_2025,may25,1,2,4,
beyonce,Beyoncé,19_05_2025,may25,1,2,4,
springsteen,Bruce Springsteen,19_05_2025,may25,2,2,4,
oprah,Oprah,19_05_2025,may25,1,3,4,
bono,Bono,19_05_2025,may25,2,3,4,
ef,Election fraud,19_05_2025,may25,,4,4,
,,,,,,,
p139,post139,19_05_2025,may25,,11,,https://truthsocial.com/@realDonaldTrump/posts/114535693441367601
putin,Vladimir Putin,19_05_2025,may25,2,3,11,
zelenskyy,Volodymyr Zelenskyy,19_05_2025,may25,2,3,11,
uleyen,Ursula von der Leyen,19_05_2025,may25,1,3,11,
macron,Emmanuel Macron,19_05_2025,may25,2,3,11,
meloni,Giorgia Meloni,19_05_2025,may25,1,3,11,
merz,Friedrich Merz,19_05_2025,may25,2,3,11,
stubb,Alexander Stubb,19_05_2025,may25,2,3,11,
pl,Pope Leo,19_05_2025,may25,2,3,11,
rus,Russia,19_05_2025,may25,,,11,
ukr,Ukraine,19_05_2025,may25,,,11,
eu,European Commission,19_05_2025,may25,,,11,
fr,France,19_05_2025,may25,,,11,
it,Italy,19_05_2025,may25,,,11,
de,Germany,19_05_2025,may25,,,11,
fi,Finland,19_05_2025,may25,,,11,
vatican,Vatican,19_05_2025,may25,,,11,
tr,Trade,19_05_2025,may25,,,11,
pair,Political alliances & international relations,19_05_2025,may25,,,11,
,,,,,,,
p140,post140,19_05_2025,may25,,,,https://truthsocial.com/@realDonaldTrump/posts/114536543500030486
ai,AI Image Generation,19_05_2025,may25,,,12,
tid,Take It Down Act,19_05_2025,may25,,,12,
w,Women,19_05_2025,may25,1,,12,
,,,,,,,
p141,post141,20_05_2025,may25,,,,https://truthsocial.com/@realDonaldTrump/posts/114540150008777841
rm,Roger Marshall,20_05_2025,may25,2,2,12,
mb,Maria Bartiromo,20_05_2025,may25,1,3,10,
fb,Fox Business,20_05_2025,may25,,,10,
ks,Kansas,20_05_2025,may25,,,12,
,,,,,,,
p142,post142,20_05_2025,may25,,,,https://truthsocial.com/@realDonaldTrump/posts/114541915757167539
jb,Joe Biden,20_05_2025,may25,2,1,12,
ob,Open Borders,20_05_2025,may25,,,12,
cr,Criminals,20_05_2025,may25,,,12,
dd,Drug Dealers,20_05_2025,may25,,,12,
gm,Gang Members,20_05_2025,may25,,,12,
mi,Mentally Insane,20_05_2025,may25,,,12,
m,Migrants,20_05_2025,may25,,,12,
aut,Autopen,20_05_2025,may25,,,12,
,,,,,,,
p143,post143,20_05_2025,may25,,,12,https://truthsocial.com/@realDonaldTrump/posts/114541917095503331
congress,Congress,20_05_2025,may25,,,12,
spectrum,Spectrum,20_05_2025,may25,,,12,
wifi,WiFi,20_05_2025,may25,,,12,
g5,5G,20_05_2025,may25,,,12,
g6,6G,20_05_2025,may25,,,12,
,,,,,,,
p144,post144,20_05_2025,may25,,,,https://truthsocial.com/@realDonaldTrump/posts/114542709133462503
dn,Darryl Nirenberg,20_05_2025,may25,1,1,11,
rom,Romania,20_05_2025,may25,,,11,
af,America First,20_05_2025,may25,,,11,
mil,Military,20_05_2025,may25,,,11,
econ,Economic Interests,20_05_2025,may25,,,11,
sec,Security Interests,20_05_2025,may25,,,11,
,,,,,,,
p145,post145,21_05_2025,may25,,,,https://truthsocial.com/@realDonaldTrump/posts/114548257487682819
fn,Fannie Mae,21_05_2025,may25,1,,6,
fm,Freddie Mac,21_05_2025,may25,2,,6,
sb,Scott Bessent,21_05_2025,may25,2,,6,
hl,Howard Lutnick,21_05_2025,may25,2,,6,
wp,William Pulte,21_05_2025,may25,2,,6,
cash,Cash,21_05_2025,may25,,,6,
,,,,,,,
p146,post146,21_05_2025,may25,,8,,https://truthsocial.com/@realDonaldTrump/posts/114549529250052858
dc_killings,D.C. Killings,21_05_2025,may25,,8,,
jews,Jews,21_05_2025,may25,,16,,
families,Families of victims,21_05_2025,may25,,18,,
radical_left,Radical Left,21_05_2025,may25,,3,,
,,,,,,,
p147,post147,22_05_2025,may25,,1,,https://truthsocial.com/@realDonaldTrump/posts/114551462787614405
bbb,"The One, Big, Beautiful Bill",22_05_2025,may25,,1,,
mj,Mike Johnson,22_05_2025,may25,2,2,1,
house,House of Representatives,22_05_2025,may25,,1,,
senate,United States Senate,22_05_2025,may25,,1,,
r,Republicans,22_05_2025,may25,,1,,
d,Democrats,22_05_2025,may25,,1,,
tax,Taxes,22_05_2025,may25,,1,,
border,Border Security,22_05_2025,may25,,12,,
ice,ICE,22_05_2025,may25,,12,,
bp,Border Patrol,22_05_2025,may25,,12,,
ob,Open Borders,22_05_2025,may25,,12,,
cr,Criminals,22_05_2025,may25,,8,,
gd,Golden Dome,22_05_2025,may25,,7,,
tsa,Trump Savings Accounts,22_05_2025,may25,,6,,
,,,,,,,
p148,post148,22_05_2025,may25,,8,,https://truthsocial.com/@realDonaldTrump/posts/114552682280589564
federal_judge,Federal Judge (Boston),22_05_2025,may25,,4,,
criminals,Violent Criminals,22_05_2025,may25,m,8,,
south_sudan,South Sudan,22_05_2025,may25,,13,,
djibouti,Djibouti,22_05_2025,may25,,13,,
supreme_court,Supreme Court of the United States,22_05_2025,may25,,4,,
radical_left,Radical Left,22_05_2025,may25,,2,,
ice_officers,ICE Officers,22_05_2025,may25,m,12,,
,,,,,,,
p149,post149,22_05_2025,may25,,2,,https://truthsocial.com/@realDonaldTrump/posts/114552899639158114
republicans,Republicans,22_05_2025,may25,,rep,2,
florida,Florida,22_05_2025,may25,,13,,
democrats,Democrats,22_05_2025,may25,,dem,2,
miami_dade,Miami-Dade County,22_05_2025,may25,,13,,
republican_party_fl,Republican Party of Florida,22_05_2025,may25,,rep,2,
trump,Trump,22_05_2025,may25,m,rep,2,
,,,,,,,
p150,post150,22_05_2025,may25,,10,,https://truthsocial.com/@realDonaldTrump/posts/114553573338999017
crypto_dinner,Crypto Dinner,22_05_2025,may25,,10,,
loudoun_county,"Loudoun County, Virginia",22_05_2025,may25,,13,,
usa,United States of America,22_05_2025,may25,,1,,
crypto,Cryptocurrency,22_05_2025,may25,,10,,
bitcoin,Bitcoin,22_05_2025,may25,,10,,
,,,,,,,
p151,post151,22_05_2025,may25,,1,,https://truthsocial.com/@realDonaldTrump/posts/114553874373379109
bernie_navarro,Bernie Navarro,22_05_2025,may25,m,5,,
peru,Republic of Peru,22_05_2025,may25,,13,,
usa,United States of America,22_05_2025,may25,,1,,
miami_dade_college,Miami Dade College,22_05_2025,may25,,11,,
university_miami,University of Miami,22_05_2025,may25,,11,,
harvard_university,Harvard University,22_05_2025,may25,,11,,
,,,,,,,
p152,post152,23_05_2025,may25,,6,,https://truthsocial.com/@realDonaldTrump/posts/114556494480941887
russia,Russia,23_05_2025,may25,,13,,
ukraine,Ukraine,23_05_2025,may25,,13,,
prisoner_swap,Prisoner Swap,23_05_2025,may25,,6,,
,,,,,,,
p153,post153,23_05_2025,may25,,6,,https://truthsocial.com/@realDonaldTrump/posts/114556558074574515
united_states,United States of America,23_05_2025,may25,,1,,
united_kingdom,United Kingdom,23_05_2025,may25,,13,,
windmills,Windmills,23_05_2025,may25,,14,,
north_sea,North Sea,23_05_2025,may25,,13,,
aberdeen,Aberdeen,23_05_2025,may25,,13,,
oil_drilling,Oil Drilling,23_05_2025,may25,,10,,
tax_system,U.K. Tax System,23_05_2025,may25,,9,,
,,,,,,,
p154,post154,23_05_2025,may25,,9,,https://truthsocial.com/@realDonaldTrump/posts/114556874484491575
tim_cook,Tim Cook,23_05_2025,may25,,5,,
apple,Apple Inc.,23_05_2025,may25,,10,,
iphone,iPhone,23_05_2025,may25,,10,,
united_states,United States of America,23_05_2025,may25,,1,,
india,India,23_05_2025,may25,,13,,
tariff,Tariff (25%),23_05_2025,may25,,9,,
,,,,,,,
p155,post155,23_05_2025,may25,,9,,https://truthsocial.com/@realDonaldTrump/posts/114556968834547173
eu,European Union,23_05_2025,may25,,20,,
trade,Trade,23_05_2025,may25,,9,,
tariff,Tariff (50%),23_05_2025,may25,,9,,
united_states,United States of America,23_05_2025,may25,,1,,
american_companies,American Companies,23_05_2025,may25,,10,,
,,,,,,,
p156,post156,23_05_2025,may25,,9,,https://truthsocial.com/@realDonaldTrump/posts/114558783827880495
us_steel,US Steel,23_05_2025,may25,,10,,
nippon_steel,Nippon Steel,23_05_2025,may25,,10,,
tariff,Tariffs,23_05_2025,may25,,9,,
united_states,United States of America,23_05_2025,may25,,1,,
pennsylvania,Pennsylvania,23_05_2025,may25,,10,,
economy,Economy,23_05_2025,may25,,10,,
,,,,,,,
p157,post157,23_05_2025,may25,,9,,https://truthsocial.com/@realDonaldTrump/posts/114558786117625961
us_army,US Army,23_05_2025,may25,,10,,
parade,Parade,23_05_2025,may25,,10,,
united_states,United States of America,23_05_2025,may25,,1,,
washington_dc,Washington D.C.,23_05_2025,may25,,10,,
,,,,,,,
p158,post158,24_05_2025,may25,,9,,https://truthsocial.com/@realDonaldTrump/posts/114563539540146112
second_lieutenants,Second Lieutenants,24_05_2025,may25,,10,,
us_military,U.S. Military,24_05_2025,may25,,10,,
,,,,,,,
p159,post159,25_05_2025,may25,,9,,https://truthsocial.com/@realDonaldTrump/posts/114566671392866950
harvard,Harvard University,25_05_2025,may25,,10,,
foreign_students,Foreign Students / Foreign Lands,25_05_2025,may25,,10,,
,,,,,,,
p160,post160,25_05_2025,may25,,9,,https://truthsocial.com/@realDonaldTrump/posts/114570775887793036
ursula_von_der_leyen,Ursula von der Leyen,25_05_2025,may25,,10,,
eu,European Union,25_05_2025,may25,,10,,
tr,Trade,25_05_2025,may25,,10,,
,,,,,,,
p161,post161,25_05_2025,may26,,9,,https://truthsocial.com/@realDonaldTrump/posts/114570966776768541
b_steil,Bryan Steil,25_05_2025,may26,,10,,
af,America First,25_05_2025,may26,,10,,
border,Southern Border,25_05_2025,may26,,10,,
,,,,,,,
p162,post162,25_05_2025,may26,,9,,https://truthsocial.com/@realDonaldTrump/posts/114570967137329867
g_reschenthaler,Guy Reschenthaler,25_05_2025,may26,,10,,
af,America First,25_05_2025,may26,,10,,
border,Southern Border,25_05_2025,may26,,10,,
ta,Taxes,25_05_2025,may26,,10,,
ma,Military/Veterans,25_05_2025,may26,,10,,
miusa,Made in the U.S.A.,25_05_2025,may26,,10,,
,,,,,,,
p163,post163,25_05_2025,may26,,9,,https://truthsocial.com/@realDonaldTrump/posts/114570968024837869
t_downing,Troy Downing,25_05_2025,may26,,10,,
ep,Energy DOMINANCE,25_05_2025,may26,,10,,
pts,Peace Through Strength,25_05_2025,may26,,10,,
border,Southern Border,25_05_2025,may26,,10,,
ma,Military/Veterans,25_05_2025,may26,,10,,
,,,,,,,
p164,post164,25_05_2025,may26,,9,,https://truthsocial.com/@realDonaldTrump/posts/114570969019320314
a_garbarino,Andrew Garbarino,25_05_2025,may26,,10,,
ep,Energy DOMINANCE,25_05_2025,may26,,10,,
border,Southern Border,25_05_2025,may26,,10,,
ma,Military/Veterans,25_05_2025,may26,,10,,
,,,,,,,
p165,post165,25_05_2025,may26,,9,,https://truthsocial.com/@realDonaldTrump/posts/114571147521146559
c_travis,Clay Travis,25_05_2025,may26,,10,,
boo,Books,25_05_2025,may26,,10,,
maga,MAGA,25_05_2025,may26,,10,,
,,,,,,,
p166,post166,25_05_2025,may26,,9,,https://truthsocial.com/@realDonaldTrump/posts/114571149026549724
j_concha,Joe Concha,25_05_2025,may26,,10,,
boo,Books,25_05_2025,may26,,10,,
fk,Fake News,25_05_2025,may26,,10,,
maga,MAGA,25_05_2025,may26,,10,,
,,,,,,,
p167,post167,25_05_2025,may25,,,,https://truthsocial.com/@realDonaldTrump/posts/114571369956761390
putin,Vladimir Putin,25_05_2025,may25,2,3,11,
rus,Russia,25_05_2025,may25,,,11,
zel,Volodymyr Zelenskyy,25_05_2025,may25,2,3,11,
ukr,Ukraine,25_05_2025,may25,,,11,
war,War,25_05_2025,may25,,,11,
drones,Missiles/Drones,25_05_2025,may25,,,11,
civilians,Civilians,25_05_2025,may25,,,11,
biden,Joe Biden,25_05_2025,may25,2,2,11,
,,,,,,,
p168,post168,26_05_2025,may25,,,,https://truthsocial.com/@realDonaldTrump/posts/114573871728757682
rl,Radical Left,26_05_2025,may25,,,12,
migrants,Migrants,26_05_2025,may25,,,12,
criminals,Criminals,26_05_2025,may25,,,12,
mentally_insane,Mentally Insane,26_05_2025,may25,,,12,
murderers,Murderers,26_05_2025,may25,,,12,
drug_dealers,Drug Dealers,26_05_2025,may25,,,12,
rapists,Rapists,26_05_2025,may25,,,12,
gang_members,Gang Members,26_05_2025,may25,,,12,
prisoners,Released Prisoners,26_05_2025,may25,,,12,
judges,Judges,26_05_2025,may25,,,12,
supcourt,United States Supreme Court,26_05_2025,may25,,,12,
usa,United States,26_05_2025,may25,,,12,
biden,Joe Biden,26_05_2025,may25,2,2,12,
,,,,,,,
p169,Post 169,26_05_2025,may25,,,6,https://truthsocial.com/@realDonaldTrump/posts/114573960971600808
usa,United States of America,26_05_2025,may25,,,6,
countries,Countries from all over the World,26_05_2025,may25,,,6,
pair,political alliances & international relations,26_05_2025,may25,,,6,
maga,make america great again,26_05_2025,may25,,,6,
af,america first,26_05_2025,may25,,,6,
td,treade deals,26_05_2025,may25,,,6,
,,,,,,,
p170,Post 170,26_05_2025,may25,,,6,https://truthsocial.com/@realDonaldTrump/posts/114574087342675789
amer,Americans,26_05_2025,may25,,,6,
iv,investments,26_05_2025,may25,,,6,
sc,spending cuts,26_05_2025,may25,,,6,
if,inflation,26_05_2025,may25,,,6,
pf,Plants & Factories,26_05_2025,may25,,,6,
af,America First,26_05_2025,may25,,,1,
,,,,,,,
p171,Post 171,26_05_2025,may25,,,6,https://truthsocial.com/@realDonaldTrump/posts/114574126417705588
harv,Harvard,26_05_2025,may25,,,5,
ts,Trade Schools,26_05_2025,may25,,,5,
af,America First,26_05_2025,may25,,,1,
caaa,Corporate/Admin Ann.,26_05_2025,may25,,,6,
,,,,,,,
p172,Post 172,26_05_2025,may25,,,12,https://truthsocial.com/@realDonaldTrump/posts/114574185207174304
harv,Harvard,26_05_2025,may25,,,6,
gov,Government,26_05_2025,may25,,,12,
jud,Judge,26_05_2025,may25,,,12,
af,America First,26_05_2025,may25,,,1,
,,,,,,,
p173,Post 173,26_05_2025,may25,,,7,https://truthsocial.com/@realDonaldTrump/posts/114574280556211991
anc,Arlington National Cemetery,26_05_2025,may25,,,7,
amer,Americans,26_05_2025,may25,,,6,
ma,Military,26_05_2025,may25,,,7,
af,America First,26_05_2025,may25,,,1,
,,,,,,,
p174,Post 174,26_05_2025,may25,,,12,https://truthsocial.com/@realDonaldTrump/posts/114575749717831050
sj,Scott Jenkins,26_05_2025,may25,,,9,
pj,Patricia Jenkins,26_05_2025,may25,,,9,
rb,Robert Ballou,26_05_2025,may25,,,12,
doj,Biden DOJ,26_05_2025,may25,,,12,
courts,Federal/City/State Courts,26_05_2025,may25,,,12,
af,America First,26_05_2025,may25,,,1,
,,,,,,,
p175,Post 175,27_05_2025,may25,,,12,https://truthsocial.com/@realDonaldTrump/posts/114579949187402607
gn,Gavin Newscum,27_05_2025,may25,2,2,12,
cali,California,27_05_2025,may25,,,12,
fa,Federal Authorities,27_05_2025,may25,,,12,
la,Local Authorities,27_05_2025,may25,,,12,
ath,Transitioned Male Athlete,27_05_2025,may25,,,9,
af,America First,27_05_2025,may25,,,1,
sp,Sports,27_05_2025,may25,,,14,
rl,Radical Left,27_05_2025,may25,,,12,
,,,,,,,
p176,Post 176,27_05_2025,may25,,,6,https://truthsocial.com/@realDonaldTrump/posts/114580018376822663
eu,European Union,27_05_2025,may25,,,6,
chn,China,27_05_2025,may25,,,6,
amer,Americans,27_05_2025,may25,,,6,
t,Tariffs,27_05_2025,may25,,,6,
af,America First,27_05_2025,may25,,,1,
,,,,,,,
p177,Post 177,27_05_2025,may25,,,11,https://truthsocial.com/@realDonaldTrump/posts/114580564427808609
rus,Russia,27_05_2025,may25,,,11,
put,Vladimir Putin,27_05_2025,may25,2,3,11,
af,America First,27_05_2025,may25,,,1,
,,,,,,,
p178,Post 178,27_05_2025,may25,,,12,https://truthsocial.com/@realDonaldTrump/posts/114581050750543458
usb,United States Border Patrol,27_05_2025,may25,,,12,
biden,President Biden,27_05_2025,may25,2,2,12,
dems,Democrats,27_05_2025,may25,,2,12,
af,America First,27_05_2025,may25,,,1,
,,,,,,,
p179,Post 179,27_05_2025,may25,,,11,https://truthsocial.com/@realDonaldTrump/posts/114581970051938528
can,Canada,27_05_2025,may25,,,11,
amer,Americans,27_05_2025,may25,,,11,
af,America First,27_05_2025,may25,,,1,
,,,,,,,
p180,Post 180,27_05_2025,may25,,,12,https://truthsocial.com/@realDonaldTrump/posts/114582050209637823
maine,Maine,27_05_2025,may25,,,12,
fish,Fishing Industry,27_05_2025,may25,,,6,
can,Canada,27_05_2025,may25,,,11,
obama,Obama ,27_05_2025,may25,2,1,12,
biden,Biden ,27_05_2025,may25,2,2,12,
env,Environmentalists,27_05_2025,may25,,,15,
lumber,Lumberjacks / voters,27_05_2025,may25,,,9,
af,America First,27_05_2025,may25,,,1,
,,,,,,,
p181,Post 181,27_05_2025,may25,,,12,https://truthsocial.com/@realDonaldTrump/posts/114582051233743955
alaska,Alaska,27_05_2025,may25,,,6,
biden,Biden,27_05_2025,may25,2,2,12,
kmh,Kamala Harris,27_05_2025,may25,2,1,12,
pol_leaders,Political Leaders,27_05_2025,may25,,,12,
af,America First,27_05_2025,may25,,,1,
,,,,,,,
p182,Post 182,27_05_2025,may25,,,12,https://truthsocial.com/@realDonaldTrump/posts/114582052493616430
autopen,AUTOPEN,27_05_2025,may25,,,12,
biden,Biden,27_05_2025,may25,2,1,12,
im,Immigration / Open Borders,27_05_2025,may25,,,12,
sp,Sports / Men in Women’s Sports,27_05_2025,may25,,,14,
af,America First,27_05_2025,may25,,,1,
,,,,,,,
p183,Post 183,27_05_2025,may25,,,6,https://truthsocial.com/@realDonaldTrump/posts/114582141732207441
fannie,Fannie Mae,27_05_2025,may25,,,6,
freddie,Freddie Mac,27_05_2025,may25,,,6,
usgov,U.S. Government,27_05_2025,may25,,,12,
amer,Americans,27_05_2025,may25,,,6,
af,America First,27_05_2025,may25,,,1,
maga,,27_05_2025,may25,,,1,
,,,,,,,
184,Post 184,28_05_2025,may25,,,11,https://truthsocial.com/@realDonaldTrump/posts/114586960080176462
barrack,Tom Barrack,28_05_2025,may25,2,,11,
amer,Americans,28_05_2025,may25,,,11,
syr,Syria,28_05_2025,may25,,,11,
tur,Turkey,28_05_2025,may25,,,11,
radicalism,Radicalism,28_05_2025,may25,,,12,
af,America First,28_05_2025,may25,,,1,
nas,National Security,28_05_2025,may25,,,12,
,,,,,,,
p185,Post 185,28_05_2025,may25,,,12,https://truthsocial.com/@realDonaldTrump/posts/114587010981213926
bove,Emil Bove,28_05_2025,may25,2,,12,
uscourt3,"US Court of Appeals, 3rd Circuit",28_05_2025,may25,,,12,
georgetown,Georgetown Law,28_05_2025,may25,,,12,
sdny,Southern District of NY,28_05_2025,may25,,,12,
tinu,Terrorism & Intl Narcotics Unit,28_05_2025,may25,,,12,
af,America First,28_05_2025,may25,,,1,
rol,Rule of Law,28_05_2025,may25,,,12,
nas,National Security,28_05_2025,may25,,,12,
,,,,,,,
p186,Post 186,28_05_2025,may25,,,12,https://truthsocial.com/@realDonaldTrump/posts/114587447106051612
kd,Kyle Dudek,28_05_2025,may25,2,,12,
usdct_fl,"US District Court, Middle FL",28_05_2025,may25,,,12,
rol,Rule of Law,28_05_2025,may25,,,12,
im,Immigration,28_05_2025,may25,,,8,
le,Law Enforcement ,28_05_2025,may25,,,4,
af,America First,28_05_2025,may25,,,1,
cm,crime,28_05_2025,may25,,,8,
,,,,,,,
p187,Post 187,28_05_2025,may25,,,12,https://truthsocial.com/@realDonaldTrump/posts/114587447392412802
moe,Anne-Leigh Gaylord Moe,28_05_2025,may25,3,,12,
usdct_fl,"US District Court, Middle FL",28_05_2025,may25,,,12,
fl2court,FL 2nd District Court of Appeals,28_05_2025,may25,,,12,
fl13court,FL 13th Judicial Circuit Court,28_05_2025,may25,,,12,
rol,Rule of Law / Law and Order,28_05_2025,may25,,,12,
im,Immigration / Illegals,28_05_2025,may25,,,12,
cm,Crime,28_05_2025,may25,,,4,
amer,Americans,28_05_2025,may25,,,11,
af,America First,28_05_2025,may25,,,1,
,,,,,,,
p188,Post 188,28_05_2025,may25,,,12,https://truthsocial.com/@realDonaldTrump/posts/114587448932259485
guard,John Guard,28_05_2025,may25,2,1,12,
usdct_fl,"US District Court, Middle FL",28_05_2025,may25,,,12,
fsu,Florida State University,28_05_2025,may25,,,12,
tulane,Tulane University School of Law,28_05_2025,may25,,,12,
cdag,State Chief Deputy Attorney Gen,28_05_2025,may25,,,12,
asstusa,"Assistant US Attorney, Middle FL",28_05_2025,may25,,,12,
rol,Rule of Law,28_05_2025,may25,,,12,
af,America First,28_05_2025,may25,,,1,
,,,,,,,
p189,Post 189,28_05_2025,may25,,,12,https://truthsocial.com/@realDonaldTrump/posts/114587449190015002
pratt,Jordan E. Pratt,28_05_2025,may25,2,1,12,
usdct_fl,"US District Court, Middle FL",28_05_2025,may25,,,12,
fl5court,FL 5th District Court of Appeal,28_05_2025,may25,,,12,
us_sba,US Small Business Administration,28_05_2025,may25,,,12,
olp,"Office of Legal Policy, US DOJ",28_05_2025,may25,,,12,
dsg_fl,"Deputy Solicitor General, FL AG",28_05_2025,may25,,,12,
rol,Rule of Law,28_05_2025,may25,,,12,
af,America First,28_05_2025,may25,,,1,
,,,,,,,
p190,Post 190,28_05_2025,may25,,,12,https://truthsocial.com/@realDonaldTrump/posts/114587450000198620
artau,Ed Artau,28_05_2025,may25,2,2,12,
usdct_sfl,"US District Court, Southern FL",28_05_2025,may25,,,12,
fl4court,FL 4th District Court of Appeal,28_05_2025,may25,,,12,
fl15court,FL 15th Judicial Circuit Court,28_05_2025,may25,,,12,
sfwmd,South FL Water Management Dist,28_05_2025,may25,,,12,
rol,Rule of Law / Law and Order,28_05_2025,may25,,,12,
cs,Common Sense,28_05_2025,may25,,,12,
af,America First,28_05_2025,may25,,,1,
,,,,,,,
p191,Post 191,28_05_2025,may25,,,12,https://truthsocial.com/@realDonaldTrump/posts/114588267526398401
pulitzer,Pulitzer Prize Board,28_05_2025,may25,,,19,
nyt,New York Times,28_05_2025,may25,,,10,
washcomp,Washington Compost,28_05_2025,may25,,,10,
flappcourt,Florida Appellate Court,28_05_2025,may25,,,12,
fnm,Fake News Media,28_05_2025,may25,,,10,
amer,Americans,28_05_2025,may25,,,11,
rus,Russia,28_05_2025,may25,,,11,
rol,Rule of Law,28_05_2025,may25,,,12,
cm,Crime / Corruption,28_05_2025,may25,,,4,
,,,,,,,
p192,Post 192,29_05_2025,may25,,,12,https://truthsocial.com/@realDonaldTrump/posts/114593467159196179
ingrassia,Paul Ingrassia,29_05_2025,may25,2,,12,
osc,US Office of Special Counsel,29_05_2025,may25,,,12,
whls_hs,"White House Liaison, Homeland",29_05_2025,may25,,,12,
cornell,Cornell Law School,29_05_2025,may25,,,5,
fordham,Fordham University,29_05_2025,may25,,,5,
rol,Rule of Law,29_05_2025,may25,,,12,
af,America First,29_05_2025,may25,,,1,
,,,,,,,
p193,Post 193,29_05_2025,may25,,,12,https://truthsocial.com/@realDonaldTrump/posts/114593880455063168
uscit,US Court of International Trade,29_05_2025,may25,,,4,
federalcircuit,"US Court of Appeals, Federal Circuit",29_05_2025,may25,,,4,
scotus,US Supreme Court,29_05_2025,may25,,,4,
congress,US Congress,29_05_2025,may25,,,12,
rl,Radical Left Judges,29_05_2025,may25,,,4,
fed_soc,The Federalist Society,29_05_2025,may25,,,12,
leo,Leonard Leo,29_05_2025,may25,2,,12,
usa,United States of America,29_05_2025,may25,,,12,
invest,Trillions of Dollars / Investments,29_05_2025,may25,,,6,
,,,,,,,
p194,Post 194,29_05_2025,may25,,,12,https://truthsocial.com/@realDonaldTrump/posts/114593895018014960
musk,Elon Musk,29_05_2025,may25,2,,12,
wh,White House,29_05_2025,may25,,,12,
p,Press / Media,29_05_2025,may25,,,10,
af,America First,29_05_2025,may25,,,1,
,,,,,,,
p195,Post 195,30_05_2025,may25,,,12,https://truthsocial.com/@realDonaldTrump/posts/114596705340367716
chn,China,30_05_2025,may25,,,11,
usa,United States of America,30_05_2025,may25,,,12,
t,Tariffs,30_05_2025,may25,,,6,
invest,Investments / Factories,30_05_2025,may25,,,6,
af,America First,30_05_2025,may25,,,1,
,,,,,,,
p196,Post 196,30_05_2025,may25,,,12,https://truthsocial.com/@realDonaldTrump/posts/114597726905289988
cbo,Congressional Budget Office,30_05_2025,may25,,,12,
dems,Democrats,30_05_2025,may25,,,12,
usa,United States of America,30_05_2025,may25,,,12,
gw,growth,30_05_2025,may25,,,6,
ta,Taxes,30_05_2025,may25,,,6,
af,America First,30_05_2025,may25,,,1,
,,,,,,,
p197,Post 197,30_05_2025,may25,,,12,https://truthsocial.com/@realDonaldTrump/posts/114597966895334541
sajet,Kim Sajet,30_05_2025,may25,3,,12,
npg,National Portrait Gallery,30_05_2025,may25,,,10,
dei,"Diversity, Equity & Inclusion",30_05_2025,may25,,,12,
af,America First,30_05_2025,may25,,,1,
,,,,,,,
p198,Post 198,30_05_2025,may25,,,12,https://truthsocial.com/@realDonaldTrump/posts/114598269085729861
musk,Elon Musk,30_05_2025,may25,2,,12,
wh,Washington,30_05_2025,may25,,,12,
af,America First,30_05_2025,may25,,,1,
b,Business,30_05_2025,may25,,,6,
,,,,,,,
p199,Post 199,30_05_2025,may25,,,12,https://truthsocial.com/@realDonaldTrump/posts/114598642369146101
zito,Salena Zito,30_05_2025,may25,3,,12,
book,Book “BUTLER”,30_05_2025,may25,,,19,
af,America First,30_05_2025,may25,,,1,
amer,American People,30_05_2025,may25,,,12,
,,,,,,,
p200,Post 200,30_05_2025,may25,,,12,https://truthsocial.com/@realDonaldTrump/posts/114599330494282325
steel,Steel Industry,30_05_2025,may25,,,6,
alu,Aluminum Industry,30_05_2025,may25,,,6,
usa,United States of America,30_05_2025,may25,,,12,
t,Tariffs,30_05_2025,may25,,,6,
af,America First,30_05_2025,may25,,,1,
,,,,,,,
p201,Post 201,30_05_2025,may25,,,12,https://truthsocial.com/@realDonaldTrump/posts/114599417835206103
danp,Dan Patrick,30_05_2025,may25,2,2,12,
txsen,Texas Senate,30_05_2025,may25,,2,12,
txhouse,Texas House,30_05_2025,may25,,2,12,
txle,Texas Law Enforcement,30_05_2025,may25,,,4,
usa,Federal Government / USA,30_05_2025,may25,,,12,
m,Criminals / Illegal Immigrants,30_05_2025,may25,,,12,
af,America First,30_05_2025,may25,,,1,
,,,,,,,
p202,Post 202,30_05_2025,may25,,,12,https://truthsocial.com/@realDonaldTrump/posts/114599557006933759
steel,Steel Industry,30_05_2025,may25,,,6,
pitt,Pittsburgh,30_05_2025,may25,,,6,
shang,Shanghai,30_05_2025,may25,,,6,
af,America First,30_05_2025,may25,,,1,
,,,,,,,
p203,Post 203,31_05_2025,may25,,,12,https://truthsocial.com/@realDonaldTrump/posts/114602629020606637
workers,Workers / Labor,31_05_2025,may25,,,6,
usa,United States of America,31_05_2025,may25,,,12,
af,America First,31_05_2025,may25,,,1,
,,,,,,,
p204,Post 204,31_05_2025,may25,,,12,https://truthsocial.com/@realDonaldTrump/posts/114602636801002520
bbb,Big Beautiful Bill,31_05_2025,may25,,,12,
amer,American Families,31_05_2025,may25,,,12,
wclass,Working-class Americans,31_05_2025,may25,,,12,
m,Illegal Aliens / Criminals,31_05_2025,may25,,,12,
med,Medicaid,31_05_2025,may25,,,2,
af,America First,31_05_2025,may25,,,1,
,,,,,,,
p205,Post 205,31_05_2025,may25,,,12,https://truthsocial.com/@realDonaldTrump/posts/114604190866906781
pi,Paul Ingrassia,31_05_2025,may25,2,,12,
osc,Office of Special Counsel,31_05_2025,may25,,,12,
th,Tom Homan,31_05_2025,may25,2,,12,
border,U.S. Border,31_05_2025,may25,,,12,
sp,S&P / Stock Market,31_05_2025,may25,,,6,
rp,Senator Rand Paul,31_05_2025,may25,2,2,12,
rl,Radical Left Democrats,31_05_2025,may25,,1,12,
bbb,Big Beautiful Bill,31_05_2025,may25,,,12,
usd,U.S. Debt,31_05_2025,may25,,,6,
usa,United States of America,31_05_2025,may25,,,12,
af,America First,31_05_2025,may25,,,1,
,,,,,,,
p206,Post 206,31_05_2025,may25,,,12,https://truthsocial.com/@realDonaldTrump/posts/114605138646113482
ss,Social Security,31_05_2025,may25,,,2,
ta,Taxes / Deductions,31_05_2025,may25,,,6,
af,America First,31_05_2025,may25,,,1,
,,,,,,,
p207,Post 207,31_05_2025,may25,,,12,https://truthsocial.com/@realDonaldTrump/posts/114605559474286180
ji,Jared Isaacman,31_05_2025,may25,2,,11,
nasa,NASA,31_05_2025,may25,,,11,
af,America First,31_05_2025,may25,,,1,
,,,,,,,
p208,Post 208,01_06_2025,jun25,,,4,https://truthsocial.com/@realDonaldTrump/posts/114606254307800195
dm,David Mamet,01_06_2025,jun25,2,1,4,
td,"The Disenlightenment, Politics, Horror, and Entertainment",01_06_2025,jun25,,,4,
boo,books,01_06_2025,jun25,,,4,
,,,,,,,
p209,Post 209,01_06_2025,jun25,,,,
sz,Salena Zito,01_06_2025,jun25,1,1,4,https://truthsocial.com/@realDonaldTrump/posts/114608606195747467
butler,BUTLER: The Untold Story of the Near Assassination of Donald Trump,01_06_2025,jun25,,,4,
maga,Make America Great Again (MAGA),01_06_2025,jun25,,,1,
usa,United States of America,01_06_2025,jun25,,,12,
bb,Book,01_06_2025,jun25,,,4,
,,,,,,,
p210,Post 210,01_06_2025,jun25,,,12,https://truthsocial.com/@realDonaldTrump/posts/114608902357322907
be,Bill Essayli,01_06_2025,jun25,2,,12,
usa_att,United States Attorney,01_06_2025,jun25,,,12,
ctf,Criminal Task Force,01_06_2025,jun25,,,12,
hf,Homelessness Funds,01_06_2025,jun25,,,5,
fc,Fraud and Corruption,01_06_2025,jun25,,,12,
usa,United States of America,01_06_2025,jun25,,,12,
,,,,,,,
p211,Post 211,01_06_2025,jun25,,,6,https://truthsocial.com/@realDonaldTrump/posts/114609088288599288
pat,Patriots,01_06_2025,jun25,,1,1,
steel_pa,Pennsylvania Steel,01_06_2025,jun25,,,6,
usa,United States of America,01_06_2025,jun25,,,12,
energy,Energy Production,01_06_2025,jun25,,,6,
metal,Metal Industry,01_06_2025,jun25,,,6,
,,,,,,,
p212,Post 212,01_06_2025,jun25,,,6,https://truthsocial.com/@realDonaldTrump/posts/114609401400916551
courts,Courts,01_06_2025,jun25,,,12,
t,Tariffs,01_06_2025,jun25,,,6,
oc,Other Countries,01_06_2025,jun25,,,11,
usa,United States of America,01_06_2025,jun25,,,12,
af,America First,01_06_2025,jun25,,,1,
,,,,,,,
p213,Post 213,02_06_2025,jun25,,,12,https://truthsocial.com/@realDonaldTrump/posts/114614695646992423
boulder,"Boulder, Colorado",02_06_2025,jun25,,,12,
rad,Anti-American Radical,02_06_2025,jun25,,,8,
biden_ob,Biden / Open Border Policy,02_06_2025,jun25,,,12,
usa,United States of America,02_06_2025,jun25,,,12,
af,Trump Policy / America First,02_06_2025,jun25,,,1,
le,Law Enforcement,02_06_2025,jun25,,,12,
dep,deportation,02_06_2025,jun25,,,12,
bs,border safety,02_06_2025,jun25,,,12,
,,,,,,,
p214,Post 214,02_06_2025,jun25,,,11,https://truthsocial.com/@realDonaldTrump/posts/114616038217949758
irn,Iran,02_06_2025,jun25,,,11,
uen,Uranium enrichment,02_06_2025,jun25,,,6,
aut,AUTOPEN,02_06_2025,jun25,,,12,
agr,Potential Agreement,02_06_2025,jun25,,,11,
usa,United States of America,02_06_2025,jun25,,,12,
af,America First,02_06_2025,jun25,,,1,
,,,,,,,
p215,Post 215,02_06_2025,jun25,,,7,https://truthsocial.com/@realDonaldTrump/posts/114616063852488330
ml,Military Leaders,02_06_2025,jun25,,,7,
umf,US Military Forces,02_06_2025,jun25,,,7,
wep,Weapons,02_06_2025,jun25,,,7,
usa,United States of America,02_06_2025,jun25,,,12,
af,America First,02_06_2025,jun25,,2,1,
nas,National Security,02_06_2025,jun25,,,12,
ng,National Guards,02_06_2025,jun25,,,7,
,,,,,,,
p216,Post 216,02_06_2025,jun25,,,12,https://truthsocial.com/@realDonaldTrump/posts/114616192602509494
bbb,Big Beautiful Bill,02_06_2025,jun25,,,12,
usa,United States of America,02_06_2025,jun25,,,12,
ta,Taxes,02_06_2025,jun25,,,6,
sc,Spending Cuts,02_06_2025,jun25,,,6,
ep,Energy Policy,02_06_2025,jun25,,,15,
spr,Strategic Petroleum Reserve,02_06_2025,jun25,,,15,
t,Tariffs,02_06_2025,jun25,,,6,
p,Press,02_06_2025,jun25,,,10,
fos,Freedom of Speech,02_06_2025,jun25,,,10,
pa,Personal Attacks,02_06_2025,jun25,,,9,
le,Law Enforcement,02_06_2025,jun25,,,4,
mu,Murderer / Criminals,02_06_2025,jun25,,,8,
cm,Crime,02_06_2025,jun25,,,8,
sch,School System,02_06_2025,jun25,,,5,
c,Children,02_06_2025,jun25,,,18,
w,Wife,02_06_2025,jun25,,,18,
af,America First,02_06_2025,jun25,,,1,
,,,,,,,
p217,Post 217,02_06_2025,jun25,,,12,https://truthsocial.com/@realDonaldTrump/posts/114616207227510153
bbb,Big Beautiful Bill,02_06_2025,jun25,,,12,
ss,Social Security,02_06_2025,jun25,,,6,
me,Medication,02_06_2025,jun25,,,6,
med,Medicaid,02_06_2025,jun25,,,6,
dem,Democrats,02_06_2025,jun25,,2,12,
wfa,"Waste, Fraud, Abuse",02_06_2025,jun25,,,12,
af,America First,02_06_2025,jun25,,,1,
,,,,,,,
p218,Post 218,02_06_2025,jun25,,,10,https://truthsocial.com/@realDonaldTrump/posts/114616348045430286
mw,Michael Wolff,02_06_2025,jun25,2,,10,
fk,Fake News,02_06_2025,jun25,,,10,
harv,Harvard University,02_06_2025,jun25,,,5,
wh,Wharton School of Finance,02_06_2025,jun25,,,5,
upa,University of Pennsylvania,02_06_2025,jun25,,,5,
boo,Books,02_06_2025,jun25,,,19,
af,America First,02_06_2025,jun25,,2,1,
,,,,,,,
p219,Post 219,02_06_2025,jun25,,,6,https://truthsocial.com/@realDonaldTrump/posts/114616351910119498
t,Tariffs,02_06_2025,jun25,,,6,
iv,Investments,02_06_2025,jun25,,,6,
af,America First,02_06_2025,jun25,,2,1,
,,,,,,,
p220,Post 220,04_06_2025,jun25,,,12,https://truthsocial.com/@realDonaldTrump/posts/114627858736860268
im,Immigration,04_06_2025,jun25,,,12,
nas,National Security,04_06_2025,jun25,,,12,
le,Law Enforcement,04_06_2025,jun25,,,4,
af,America First,04_06_2025,jun25,,,1,
,,,,,,,
p221,Post 221,05_06_2025,jun25,,,6,https://truthsocial.com/@realDonaldTrump/posts/114631295762726849
iv,Investments,05_06_2025,jun25,,,6,
chn,China,05_06_2025,jun25,,,11,
pair,Political Alliances & Int. Rel.,05_06_2025,jun25,,,11,
af,America First,05_06_2025,jun25,,,1,
td,trade deal,05_06_2025,jun25,,,6,
,,,,,,,
p222,Post 222,05_06_2025,jun25,,,6,https://truthsocial.com/@realDonaldTrump/posts/114631479329996984
iv,Investments,05_06_2025,jun25,,,6,
t,Tariffs,05_06_2025,jun25,,,6,
af,America First,05_06_2025,jun25,,2,1,
,,,,,,,
p223,Post 223,05_06_2025,jun25,,,12,https://truthsocial.com/@realDonaldTrump/posts/114632205177163456
elon,Elon Musk,05_06_2025,jun25,2,,12,
af,America First,05_06_2025,jun25,,2,1,
t,Tariffs,05_06_2025,jun25,,,6,
,,,,,,,
p224,Post 224,05_06_2025,jun25,,,12,https://truthsocial.com/@realDonaldTrump/posts/114632555927229642
bbb,Big Beautiful Bill,05_06_2025,jun25,,,12,
af,America First,05_06_2025,jun25,,2,1,
t,Tariffs,05_06_2025,jun25,,,6,
elon,Elon Musk,05_06_2025,jun25,2,1,12,
maga,,05_06_2025,jun25,,,1,
ta,taxes,05_06_2025,jun25,,,6,
,,,,,,,
p225,Post 225,06_06_2025,jun25,,,12,https://truthsocial.com/@realDonaldTrump/posts/114636148473122568
fk,Fake News,06_06_2025,jun25,,,10,
p,Press,06_06_2025,jun25,,,10,
maga,MAKE AMERICA GREAT AGAIN,06_06_2025,jun25,,,12,
nyt,New York Times,06_06_2025,jun25,,,10,
wcp,Washington ComPost,06_06_2025,jun25,,,10,
d,Democrats,06_06_2025,jun25,,1,2,
,,,,,,,
p226,Post 226,06_06_2025,jun25,,,12,https://truthsocial.com/@realDonaldTrump/posts/114636249329541108
if,Inflation,06_06_2025,jun25,,,6,
t,Tariffs,06_06_2025,jun25,,,6,
bd,Border,06_06_2025,jun25,,,12,
iv,Investments,06_06_2025,jun25,,,6,
gas,Gasoline,06_06_2025,jun25,,,6,
c,Companies,06_06_2025,jun25,,,6,
maga,MAKE AMERICA GREAT AGAIN,06_06_2025,jun25,,,12,
,,,,,,,
p227,Post 227,06_06_2025,jun25,,,6,https://truthsocial.com/@realDonaldTrump/posts/114636734825372318
tl,Top Late (Powell),06_06_2025,jun25,2,,12,
rate,Rate,06_06_2025,jun25,,,6,
inf,Inflation,06_06_2025,jun25,,,6,
debt,Debt,06_06_2025,jun25,,,6,
short,Short-term borrowing,06_06_2025,jun25,,,6,
long,Long-term borrowing,06_06_2025,jun25,,,6,
gp,george powell,06_06_2025,jun25,,,,
,,,,,,,
p228,Post 228,06_06_2025,jun25,,,12,https://truthsocial.com/@realDonaldTrump/posts/114637373477221541
tc,Ted Cruz,06_06_2025,jun25,2,2,12,
rw,Roger Wicker,06_06_2025,jun25,2,2,12,
to,Tom Cotton,06_06_2025,jun25,2,2,12,
nas,National Security,06_06_2025,jun25,,,12,
bbb,Big Beautiful Bill (THE GREAT BIG BEAUTIFUL BILL),06_06_2025,jun25,,,12,
,,,,,,,
p229,Post 229,07_06_2025,jun25,,,12,https://truthsocial.com/@realDonaldTrump/posts/114643566832017351
jc,Jack Ciattarelli,07_06_2025,jun25,2,2,12,
nj,New Jersey,07_06_2025,jun25,,,12,
ensr,Endorsement,07_06_2025,jun25,,,12,
,,,,,,,
p230,Post 230,07_06_2025,jun25,,,8,https://truthsocial.com/@realDonaldTrump/posts/114644899133296098
gn,Gavin Newscum,07_06_2025,jun25,2,1,12,
kb,Karen Bass,07_06_2025,jun25,1,1,12,
cali,California,07_06_2025,jun25,,,12,
la,Los Angeles,07_06_2025,jun25,,,12,
rl,Radical Left,07_06_2025,jun25,,,12,
cm,Crime,07_06_2025,jun25,,,8,
,,,,,,,
p231,Post 231,08_06_2025,jun25,,,8,https://truthsocial.com/@realDonaldTrump/posts/114646378582957392
la,Los Angeles,08_06_2025,jun25,,,12,
gn,Gavin Newscum,08_06_2025,jun25,2,1,12,
kb,Karen Bass,08_06_2025,jun25,1,1,12,
rl,Radical Left,08_06_2025,jun25,,,12,
cm,Crime,08_06_2025,jun25,,,8,
ng,National Guard,08_06_2025,jun25,,,12,
,,,,,,,
p232,Post 232,08_06_2025,jun25,,,8,https://truthsocial.com/@realDonaldTrump/posts/114649780431129598
la,Los Angeles,08_06_2025,jun25,,,12,
kn,Kristi Noem,08_06_2025,jun25,1,1,12,
ph,Pete Hegseth,08_06_2025,jun25,2,1,12,
pb,Pam Bondi,08_06_2025,jun25,1,1,12,
cm,Crime,08_06_2025,jun25,,,8,
m,Migrants,08_06_2025,jun25,,,8,
db,Deportation,08_06_2025,jun25,,,12,
ng,National Guard,08_06_2025,jun25,,,12,
dhs,Department of Homeland Sec.,08_06_2025,jun25,,,12,
dod,Department of Defense,08_06_2025,jun25,,,12,
ag,Attorney General,08_06_2025,jun25,,,12,
,,,,,,,
p233,Post 233,09_06_2025,jun25,,,8,https://truthsocial.com/@realDonaldTrump/posts/114651462358753429
jmd,Jim McDonnell,09_06_2025,jun25,2,1,12,
lapd,LAPD,09_06_2025,jun25,,,12,
la,Los Angeles,09_06_2025,jun25,,,12,
cm,Crime,09_06_2025,jun25,,,8,
ng,National Guard,09_06_2025,jun25,,,12,
m,Migrants,09_06_2025,jun25,,,8,
,,,,,,,
p234,Post 234,09_06_2025,jun25,,,8,https://truthsocial.com/@realDonaldTrump/posts/114654277401980803
ng,National Guard,09_06_2025,jun25,,,12,
la,Los Angeles,09_06_2025,jun25,,,12,
gn,Gavin Newscum,09_06_2025,jun25,2,1,12,
kb,Karen Bass,09_06_2025,jun25,1,1,12,
cm,Crime,09_06_2025,jun25,,,8,
le,Law Enforcement,09_06_2025,jun25,,,12,
af,America First,09_06_2025,jun25,,,1,
,,,,,,,
p235,Post 235,10_06_2025,jun25,,,8,
la,Los Angeles,10_06_2025,jun25,,,12,
gn,Gavin Newscum,10_06_2025,jun25,2,1,12,
kb,Karen Bass,10_06_2025,jun25,1,1,12,
fed,Federal Permitting,10_06_2025,jun25,,,12,
ng,National Guard,10_06_2025,jun25,,,12,
af,America First,10_06_2025,jun25,,,1,
,,,,,,,
p236,Post 236,10_06_2025,jun25,,,8,https://truthsocial.com/@realDonaldTrump/posts/114660202617448574
obbb,One Big Beautiful Bill,10_06_2025,jun25,,,6,
child_a,"$1,000 Child Trump Accounts",10_06_2025,jun25,,,6,
af,America First,10_06_2025,jun25,,,1,
,,,,,,,
p237,Post 237,10_06_2025,jun25,,,1,https://truthsocial.com/@realDonaldTrump/posts/114661266771433205
brad_l,Brad Little,10_06_2025,jun25,m,,12,
idaho,Idaho,10_06_2025,jun25,,,12,
border,Border Security,10_06_2025,jun25,,,12,
military,Military/Veterans,10_06_2025,jun25,,,7,
le,Law Enforcement,10_06_2025,jun25,,,4,
sa,Second Amendment,10_06_2025,jun25,,,12,
ta,Taxes & Regulations,10_06_2025,jun25,,,6,
farmers,Farmers/Ranchers,10_06_2025,jun25,,,6,
,,,,,,,
p238,Post 238,10_06_2025,jun25,,,1,https://truthsocial.com/@realDonaldTrump/posts/114661594047511147
army,U.S. Army,10_06_2025,jun25,,,7,
blackh,Blackhawks,10_06_2025,jun25,,,7,
artillery,Artillery Units,10_06_2025,jun25,,,7,
infantry,Infantry Brigade,10_06_2025,jun25,,,7,
,,,,,,,
p239,Post 239,10_06_2025,jun25,,,1,https://truthsocial.com/@realDonaldTrump/posts/114661611675544476
army,U.S. Army,10_06_2025,jun25,,,7,
flag,American Flag,10_06_2025,jun25,,,7,
nas,National Security,10_06_2025,jun25,,,7,
af,America First,10_06_2025,jun25,,,12,
,,,,,,,
p240,Post 240,10_06_2025,jun25,,,1,https://truthsocial.com/@realDonaldTrump/posts/114661616289278861
army,U.S. Army,10_06_2025,jun25,,,7,
flag,American Flag,10_06_2025,jun25,,,7,
nas,National Security,10_06_2025,jun25,,,7,
af,America First,10_06_2025,jun25,,,12,
,,,,,,,
p241,Post 241,10_06_2025,jun25,,,1,https://truthsocial.com/@realDonaldTrump/posts/114661875773869479
army,U.S. Army,10_06_2025,jun25,,,7,
nas,National Security,10_06_2025,jun25,,,7,
af,America First,10_06_2025,jun25,,,12,
cali,California,10_06_2025,jun25,,,12,
,,,,,,,
p242,Post 242,11_06_2025,jun25,,,1,https://truthsocial.com/@realDonaldTrump/posts/114664317659540633
t,Tariffs,11_06_2025,jun25,,,6,
usa,United States,11_06_2025,jun25,,,12,
prot,protectionism,11_06_2025,jun25,,,6,
fac,federal appeals court,11_06_2025,jun25,,,6,
,,,,,,,
p243,Post 243,11_06_2025,jun25,,,12,https://truthsocial.com/@realDonaldTrump/posts/114664350602686558
gov_ca,Governor of California,11_06_2025,jun25,,,12,
ice_officers,ICE Officers,11_06_2025,jun25,,,12,
agitators,Agitators ,11_06_2025,jun25,,,12,
,,,,,,,
p244,Post244,12_06_2025,jun25,,,12,https://truthsocial.com/@realDonaldTrump/posts/114670085083632579
ng,National Guard,12_06_2025,jun25,,,7,
ma,Marines,12_06_2025,jun25,,,7,
cali,Los Angeles,12_06_2025,jun25,,,12,
le,L.A. Police,12_06_2025,jun25,,,4,
pa,Gavin Newscum,12_06_2025,jun25,2,1,9,
cm,crime,12_06_2025,jun25,,,8,
,,,,,,,
p245,Post245,12_06_2025,jun25,,,6,https://truthsocial.com/@realDonaldTrump/posts/114670309710000195
bbb,Big Beautiful Bill,12_06_2025,jun25,,,6,
amer,Americans,12_06_2025,jun25,,,12,
ta,taxes,12_06_2025,jun25,,,6,
cm,crime,12_06_2025,jun25,,,8,
,,,,,,,
p246,Post246,12_06_2025,jun25,,,1,https://truthsocial.com/@realDonaldTrump/posts/114670486632619754
rs,Rand Paul,12_06_2025,jun25,2,1,1,
w,wife,12_06_2025,jun25,1,,18,
c,children,12_06_2025,jun25,,,18,
bbb,Big Beautiful Bill,12_06_2025,jun25,,,6,
amer,Americans,12_06_2025,jun25,,,12,
,,,,,,,
p247,Post247,12_06_2025,jun25,,,11,https://truthsocial.com/@realDonaldTrump/posts/114670526015735789
chn,China,12_06_2025,jun25,,,11,
td,Trade Deal,12_06_2025,jun25,,,11,
amer,Americans,12_06_2025,jun25,,,12,
,,,,,,,
p248,Post248,12_06_2025,jun25,,,12,https://truthsocial.com/@realDonaldTrump/posts/114670684664650262
migrants,Criminals/Illegal Aliens,12_06_2025,jun25,,,8,
farmer,Farmers,12_06_2025,jun25,,,12,
hlb,Hotel and Leisure Business,12_06_2025,jun25,,,12,
biden,Joe Biden,12_06_2025,jun25,2,1,12,
amer,Americans,12_06_2025,jun25,,,12,
,,,,,,,
p249,Post249,12_06_2025,jun25,,,6,https://truthsocial.com/@realDonaldTrump/posts/114671658277148795
amer,Americans,12_06_2025,jun25,,,6,
usa,United States of America,12_06_2025,jun25,,,6,
tc,Trump Card,12_06_2025,jun25,,,6,
budget,Federal Budget,12_06_2025,jun25,,,6,
,,,,,,,
p250,Post250,12_06_2025,jun25,,,12,https://truthsocial.com/@realDonaldTrump/posts/114671706526373660
biden,Joe Biden,12_06_2025,jun25,2,1,12,
ice,ICE,12_06_2025,jun25,,,7,
cbp,CBP,12_06_2025,jun25,,,7,
amer,Americans,12_06_2025,jun25,,,12,
ohio,"Springfield, Ohio",12_06_2025,jun25,,,12,
border,Border Patrol,12_06_2025,jun25,,,7,
aliens,Illegal Aliens,12_06_2025,jun25,,,8,
schools,Public Schools,12_06_2025,jun25,,,5,
hospitals,Hospitals,12_06_2025,jun25,,,2,
parks,Community Parks,12_06_2025,jun25,,,12,
resources,Community Resources,12_06_2025,jun25,,,12,
jobs,American Jobs,12_06_2025,jun25,,,6,
welfare,Welfare Funds,12_06_2025,jun25,,,6,
,,,,,,,
p251,Post251,12_06_2025,jun25,,,12,https://truthsocial.com/@realDonaldTrump/posts/114671982391481893
house,House of Representatives,12_06_2025,jun25,,,1,
npr,NPR,12_06_2025,jun25,,,10,
pbs,PBS,12_06_2025,jun25,,,10,
rep,Republican Party,12_06_2025,jun25,,2,1,
aid,Foreign Aid,12_06_2025,jun25,,,11,
bill,Rescissions Bill,12_06_2025,jun25,,,12,
t,Tariffs,12_06_2025,jun25,,,6,
illegals,Illegal Aliens,12_06_2025,jun25,,,8,
economy,Economy,12_06_2025,jun25,,,6,
bbb,Big Beautiful Bill,12_06_2025,jun25,,,6,
,,,,,,,
p252,Post252,12_06_2025,jun25,,,11,https://truthsocial.com/@realDonaldTrump/posts/114672438335170335
irn,Iran,12_06_2025,jun25,,,11,
us,United States,12_06_2025,jun25,,,11,
nuke,Nuclear Issue,12_06_2025,jun25,,,11,
dipl,Diplomatic Negotiations,12_06_2025,jun25,,,11,
,,,,,,,
p253,Post253,12_06_2025,jun25,,,12,https://truthsocial.com/@realDonaldTrump/posts/114672816056718064
biden,Joe Biden Administration,12_06_2025,jun25,2,1,12,
newscum,Gavin Newscum,12_06_2025,jun25,2,1,12,
ice,ICE Officers,12_06_2025,jun25,,,12,
amer,Americans,12_06_2025,jun25,,,12,
illegals,Illegal Aliens,12_06_2025,jun25,,,12,
schools,Schools,12_06_2025,jun25,,,12,
hospitals,Hospitals,12_06_2025,jun25,,,12,
communities,Communities,12_06_2025,jun25,,,12,
welfare,Free Welfare,12_06_2025,jun25,,,12,
,,,,,,,
p254,Post254,13_06_2025,jun25,,,11,https://truthsocial.com/@realDonaldTrump/posts/114675456780398208
iran,Iran,13_06_2025,jun25,,,11,
usmil,United States Military,13_06_2025,jun25,,,7,
isr,Israel,13_06_2025,jun25,,,11,
,,,,,,,
p255,Post255,13_06_2025,jun25,,,7,https://truthsocial.com/@realDonaldTrump/posts/114675518227311570
ng,National Guard,13_06_2025,jun25,,,7,
usmil,United States Military,13_06_2025,jun25,,,7,
cali,Los Angeles,13_06_2025,jun25,,,12,
,,,,,,,
p256,Post256,13_06_2025,jun25,,,11,https://truthsocial.com/@realDonaldTrump/posts/114675841423085927
iran,Iran,13_06_2025,jun25,,,11,
ult,60‑Day Ultimatum,13_06_2025,jun25,,,11,
deal,Nuclear Deal,13_06_2025,jun25,,,11,
second_chance,Second Chance,13_06_2025,jun25,,,11,
,,,,,,,
p257,Post257,14_06_2025,jun25,,,8,https://truthsocial.com/@realDonaldTrump/posts/114682713948931541
ag,Attorney General Pam Bondi,14_06_2025,jun25,1,2,4,
fbi,FBI,14_06_2025,jun25,,,4,
mnlaw1,Melissa Hortman,14_06_2025,jun25,1,1,4,
mnlaw2,John Hoffman,14_06_2025,jun25,2,1,4,
mn,Minnesota,14_06_2025,jun25,,,12,
violence,Targeted Shooting / Political Violence,14_06_2025,jun25,,,8,
minl,Minnesota Lawmakers,14_06_2025,jun25,,,4,
,,,,,,,
p258,Post258,14_06_2025,jun25,,,11,https://truthsocial.com/@realDonaldTrump/posts/114683261634430212
putin,President Vladimir Putin,14_06_2025,jun25,2,3,11,
iran,Iran,14_06_2025,jun25,,,11,
rus,Russia,14_06_2025,jun25,,,11,
isr,Israel,14_06_2025,jun25,,,11,
prisoners,Prisoner Exchange,14_06_2025,jun25,,,11,
,,,,,,,
p259,Post259,15_06_2025,jun25,,,11,https://truthsocial.com/@realDonaldTrump/posts/114685507052179501
iran,Iran,15_06_2025,jun25,,,11,
usmil,U.S. Armed Forces,15_06_2025,jun25,,,7,
isr,Israel,15_06_2025,jun25,,,11,
deal,Iran‑Israel Deal,15_06_2025,jun25,,,11,
,,,,,,,
p260,Post260,15_06_2025,jun25,,,11,https://truthsocial.com/@realDonaldTrump/posts/114687664442020232
iran,Iran,15_06_2025,jun25,,,11,
isr,Israel,15_06_2025,jun25,,,11,
india,India,15_06_2025,jun25,,,11,
pak,Pakistan,15_06_2025,jun25,,,11,
serbia,Serbia,15_06_2025,jun25,,,11,
kosovo,Kosovo,15_06_2025,jun25,,,11,
egypt,Egypt,15_06_2025,jun25,,,11,
ethiopia,Ethiopia,15_06_2025,jun25,,,11,
nile_dam,Nile Dam Dispute,15_06_2025,jun25,,,11,
trade_us,Trade with U.S.,15_06_2025,jun25,,,11,
,,,,,,,
p261,Post261,15_06_2025,jun25,,,12,https://truthsocial.com/@realDonaldTrump/posts/114690267066155731
ice,ICE Officers,15_06_2025,jun25,,,8,
fb,FBI,15_06_2025,jun25,,,8,
dea,DEA,15_06_2025,jun25,,,8,
atf,ATF,15_06_2025,jun25,,,8,
pentagon,Pentagon,15_06_2025,jun25,,,7,
state_dept,U.S. State Department,15_06_2025,jun25,,,11,
americans,Americans,15_06_2025,jun25,,,12,
la,Los Angeles,15_06_2025,jun25,,,12,
ny,New York,15_06_2025,jun25,,,12,
chi,Chicago,15_06_2025,jun25,,,12,
sanctuary,Sanctuary Cities,15_06_2025,jun25,,,12,
dems,Radical Left Democrats,15_06_2025,jun25,,1,12,
,,,,,,,
p262,Post262,16_06_2025,jun25,,,1,https://truthsocial.com/@realDonaldTrump/posts/114691752952220639
hamadeh,Abe Hamadeh,16_06_2025,jun25,2,2,1,
az8,Arizona 8th Congressional District,16_06_2025,jun25,,,1,
army,U.S. Army,16_06_2025,jun25,,,7,
border,Southern Border,16_06_2025,jun25,,,12,
economy,U.S. Economy,16_06_2025,jun25,,,2,
taxes,Tax Cuts,16_06_2025,jun25,,,2,
military,U.S. Military / Veterans,16_06_2025,jun25,,,7,
elections,U.S. Elections,16_06_2025,jun25,,,1,
second_amend,Second Amendment,16_06_2025,jun25,,,1,
,,,,,,,
p263,Post263,16_06_2025,jun25,,,11,https://truthsocial.com/@realDonaldTrump/posts/114695407357588413
irn,Iran,16_06_2025,jun25,,,11,
nuw,Nuclear Weapon,16_06_2025,jun25,,,11,
deal,Iran-Israel/Nuclear Deal,16_06_2025,jun25,,,11,
evac,Evacuation of Tehran,16_06_2025,jun25,,,11,
us,United States,16_06_2025,jun25,,,11,
,,,,,,,
p264,Post264,16_06_2025,jun25,,,10,https://truthsocial.com/@realDonaldTrump/posts/114695595047194931
tc,Tucker Carlson,16_06_2025,jun25,2,3,10,
iran,Iran,16_06_2025,jun25,,,11,
nuw,Nuclear Weapon,16_06_2025,jun25,,,11,
us,United States,16_06_2025,jun25,,,11,
,,,,,,,
p265,Post265,16_06_2025,jun25,,,11,https://truthsocial.com/@realDonaldTrump/posts/114695621681197460
america_first,America First,16_06_2025,jun25,,,1,
irn,Iran,16_06_2025,jun25,,,11,
nuw,Nuclear Weapon,16_06_2025,jun25,,,11,
us,United States,16_06_2025,jun25,,,11,
maga,,16_06_2025,jun25,,,1,
,,,,,,,
p266,Post266,16_06_2025,jun25,,,12,https://truthsocial.com/@realDonaldTrump/posts/114696663907260212
newsom,gn,16_06_2025,jun25,2,1,12,
la,Los Angeles,16_06_2025,jun25,,,12,
natguard,National Guard,16_06_2025,jun25,,,7,
pa,Personal Attacks,16_06_2025,jun25,,,10,
us,United States,16_06_2025,jun25,,,12,
,,,,,,,
p257,Post257,17_06_2025,jun25,,,10,https://rollcall.com/factbase/trump/topic/social/?platform=truth+social&sort=date&sort_order=asc&dateFilter=last_year&page=37
macron,Emmanuel Macron,17_06_2025,jun25,2,3,11,
g7summit,G7 Summit (Canada),17_06_2025,jun25,,,11,
ceasefire,Cease Fire,17_06_2025,jun25,,,11,
us,United States,17_06_2025,jun25,,,11,
isr,Israel,17_06_2025,jun25,,,11,
irn,Iran,17_06_2025,jun25,,,11,
,,,,,,,
p258,Post258,17_06_2025,jun25,,,10,https://truthsocial.com/@realDonaldTrump/posts/114697964891587065
irn,Iran,17_06_2025,jun25,,,11,
peace_talks,Peace Talks with Iran,17_06_2025,jun25,,,11,
fake_news,Fake News,17_06_2025,jun25,,,10,
us,United States,17_06_2025,jun25,,,11,
,,,,,,,
p259,Post259,17_06_2025,jun25,,,11,https://truthsocial.com/@realDonaldTrump/posts/114699514822488706
irn,Iran,17_06_2025,jun25,,,11,
usmil,U.S. Military (Armed Forces / Airpower),17_06_2025,jun25,,,7,
airspace,Control of Iranian Skies,17_06_2025,jun25,,,11,
,,,,,,,
p260,Post260,17_06_2025,jun25,,,11,https://truthsocial.com/@realDonaldTrump/posts/114699610769479275
supreme,Supreme Leader of Iran,17_06_2025,jun25,2,,11,
irn,Iran,17_06_2025,jun25,,,11,
us,United States,17_06_2025,jun25,,,11,
usmil,U.S. Military / Soldiers,17_06_2025,jun25,,,7,
civ,Civilians,17_06_2025,jun25,,,11,
missiles,Missile Attacks,17_06_2025,jun25,,,11,
,,,,,,,
p261,Post261,17_06_2025,jun25,,,12,https://truthsocial.com/@realDonaldTrump/posts/114701503810958743
wh,White House,17_06_2025,jun25,,,12,
flags,Flags / Flag Poles,17_06_2025,jun25,,,12,
,,,,,,,
p262,Post262,18_06_2025,jun25,,,6,https://truthsocial.com/@realDonaldTrump/posts/114707090627277644
sen,Senate,18_06_2025,jun25,,,6,
ha,House of Representatives,18_06_2025,jun25,,,6,
da,Digital Assets,18_06_2025,jun25,,,3,
ga,GENIUS Act,18_06_2025,jun25,,,3,
,,,,,,,
p263,Post263,18_06_2025,jun25,,,4,https://truthsocial.com/@realDonaldTrump/posts/114707471801579663
cm,Chad Meredith,18_06_2025,jun25,2,3,4,
usc,"United States District Court, Eastern District of Kentucky",18_06_2025,jun25,,,4,
rol,Rule of Law,18_06_2025,jun25,,,4,
,,,,,,,
p264,Post264,18_06_2025,jun25,,,3,https://truthsocial.com/@realDonaldTrump/posts/114708015987777473
jp,Jerome Powell,18_06_2025,jun25,2,3,3,
pa,personal attacks,18_06_2025,jun25,,,9,
p265,Post265,19_06_2025,jun25,,,1,https://truthsocial.com/@realDonaldTrump/posts/114710162640808420
fn,Fox News,19_06_2025,jun25,,,10,
pa,personal attacks,19_06_2025,jun25,,,9,
,,,,,,,
p266,Post266,19_06_2025,jun25,,,3,https://truthsocial.com/@realDonaldTrump/posts/114710405985383754
jp,Jerome Powell,19_06_2025,jun25,2,2,3,
pa,personal attacks,19_06_2025,jun25,,,9,
if,inflation,19_06_2025,jun25,,,,
,,,,,,,
p267,Post267,19_06_2025,jun25,,,12,https://truthsocial.com/@realDonaldTrump/posts/114710716146853661
ttb,TikTok Ban,19_06_2025,jun25,,,12,
,,,,,,,
p268,Post268,19_06_2025,jun25,,,12,https://truthsocial.com/@realDonaldTrump/posts/114712424314242751
tn,Tennessee,19_06_2025,jun25,,,12,
al,Alabama,19_06_2025,jun25,,,12,
ar,Arkansas,19_06_2025,jun25,,,12,
northc,North Carolina,19_06_2025,jun25,,,12,
,,,,,,,
p269,Post269,19_06_2025,jun25,,,12,https://truthsocial.com/@realDonaldTrump/posts/114712523496772999
nwh,Non-Working Holidays,19_06_2025,jun25,,,12,
af,MAGA,19_06_2025,jun25,,,1,
,,,,,,,
p270,Post270,19_06_2025,jun25,,,12,https://truthsocial.com/@realDonaldTrump/posts/114713649415085279
le,Law Enforcement,19_06_2025,jun25,,,4,
ng,National Guard,19_06_2025,jun25,,,7,
cali,California,19_06_2025,jun25,,,12,
amer,Americans,19_06_2025,jun25,,,12,
rol,Rule of Law,19_06_2025,jun25,,,4,
njc,Ninth Circuit Court of Appeals,19_06_2025,jun25,,,4,
,,,,,,,
p271,Post271,20_06_2025,jun25,,,1,https://truthsocial.com/@realDonaldTrump/posts/114715950565535905
biden,Joe Biden,20_06_2025,jun25,2,1,1,
pa,personal attacks,20_06_2025,jun25,,,9,
o,opposition,20_06_2025,jun25,,,1,
amer,Americans,20_06_2025,jun25,,,12,
rs,Republican Senators,20_06_2025,jun25,,,12,
ice,ICE,20_06_2025,jun25,,,12,
m,migrants,20_06_2025,jun25,,,12,
,,,,,,,
p272,Post272,20_06_2025,jun25,,,5,https://truthsocial.com/@realDonaldTrump/posts/114717387393069944
harv,Harvard University,20_06_2025,jun25,,,5,
amer,Americans,20_06_2025,jun25,,,12,
,,,,,,,
p273,Post273,20_06_2025,jun25,,,12,https://truthsocial.com/@realDonaldTrump/posts/114717929371967424
pow,Jerome Powell,20_06_2025,jun25,2,3,12,
pa,personal attacks,20_06_2025,jun25,,,9,
if,inflation,20_06_2025,jun25,,,6,
iv,investments,20_06_2025,jun25,,,6,
t,tariffs,20_06_2025,jun25,,,6,
,,,,,,,
p274,Post274,20_06_2025,jun25,,,19,https://truthsocial.com/@realDonaldTrump/posts/114717932061341718
rubio,Marco Rubio,20_06_2025,jun25,2,1,11,
drc,Democratic Republic of the Congo,20_06_2025,jun25,,,11,
rwa,Republic of Rwanda,20_06_2025,jun25,,,11,
npp,Nobel Peace Prize,20_06_2025,jun25,,,19,
p275,post275,20_06_2025,jun25,,,,https://truthsocial.com/@realDonaldTrump/posts/114718072561660622
jt,Jessica Tarlov,20_06_2025,jun25,1,1,12,
fn,Fox News,20_06_2025,jun25,,,12,
rp,Rasmussen Poll,20_06_2025,jun25,,,1,
ia,Insider Advantage,20_06_2025,jun25,,,1,
biden,Biden,20_06_2025,jun25,2,1,12,
ka,Kamala Harris,20_06_2025,jun25,1,1,12,
j,Jesse,20_06_2025,jun25,2,3,12,
gg,Greg,20_06_2025,jun25,2,3,12,
maga,MAGA,20_06_2025,jun25,,,12,
ef,election fraud,20_06_2025,jun25,,,1,
pa,personal attacks,20_06_2025,jun25,,,9,
nas,national security,20_06_2025,jun25,,,12,
im,immigration,20_06_2025,jun25,,,12,
p276,Post276,21_06_2025,jun25,,,,https://truthsocial.com/@realDonaldTrump/posts/114722976310902061
gtb,Big Beautiful Bill,21_06_2025,jun25,,,19,
wt,Wind turbines,21_06_2025,jun25,,,15,
cc,Climate change,21_06_2025,jun25,,,15,
ep,Energy policy,21_06_2025,jun25,,,15,
chn,China,21_06_2025,jun25,,,11,
,,,,,,,
p276,Post 276,21_06_2025,jun25,,,7,https://truthsocial.com/@realDonaldTrump/posts/114724035571020048
irn,Iran,21_06_2025,jun25,,,11,
fdw,Fordow Nuclear Site,21_06_2025,jun25,,,7,
ntz,Natanz Nuclear Site,21_06_2025,jun25,,,7,
esf,Esfahan Nuclear Site,21_06_2025,jun25,,,7,
umf,American Warriors,21_06_2025,jun25,,,7,
,,,,,,,
p277,Post 277,21_06_2025,jun25,,,7,https://truthsocial.com/@realDonaldTrump/posts/114724124909451419
wh,White House,21_06_2025,jun25,,,7,
usa,United States of America,21_06_2025,jun25,,,11,
isr,Israel,21_06_2025,jun25,,,11,
irn,Iran,21_06_2025,jun25,,,11,
umf,American Warriors,21_06_2025,jun25,,,7,
,,,,,,,
p278,Post 278,22_06_2025,jun25,,,1,https://truthsocial.com/@realDonaldTrump/posts/114727722676535055
rep,Republican Party,22_06_2025,jun25,,2,1,
bbb,Big Beautiful Bill,22_06_2025,jun25,,,19,
maga,MAGA,22_06_2025,jun25,,,12,
,,,,,,,
p279,Post 279,22_06_2025,jun25,,,1,https://truthsocial.com/@realDonaldTrump/posts/114728311939211877
tm,Thomas Massie,22_06_2025,jun25,2,2,1,
rep,Republican Party,22_06_2025,jun25,,1,1,
maga,MAGA,22_06_2025,jun25,,,12,
bbb,Big Beautiful Bill,22_06_2025,jun25,,,12,
umf,American Military Forces,22_06_2025,jun25,,,7,
irn,Iran,22_06_2025,jun25,,,11,
rp,"Rand Paul, Jr.",22_06_2025,jun25,2,1,1,
,,,,,,,
p280,Post 280,22_06_2025,jun25,,,7,https://truthsocial.com/@realDonaldTrump/posts/114728970221252806
irn,Iran,22_06_2025,jun25,,,11,
umf,American Military Forces,22_06_2025,jun25,,,7,
ins,iran nuclear sites,22_06_2025,jun25,,,11,
,,,,,,,
p281,Post 281,22_06_2025,jun25,,,11,https://truthsocial.com/@realDonaldTrump/posts/114729009239087163
iran,Iran,22_06_2025,jun25,,,11,
ir_regime,Current Iranian Regime,22_06_2025,jun25,,,11,
,,,,,,,
p282,Post 282,22_06_2025,jun25,,,7,https://truthsocial.com/@realDonaldTrump/posts/114730186433008075
iran,Iran,22_06_2025,jun25,,,11,
ins,Iran Nuclear Sites,22_06_2025,jun25,,,7,
umf,American Military Forces,22_06_2025,jun25,,,7,
,,,,,,,
p283,Post 283,23_06_2025,jun25,,,7,https://truthsocial.com/@realDonaldTrump/posts/114733380709403439
russia,Russia,23_06_2025,jun25,,,11,
fpm,Former President Medvedev,23_06_2025,jun25,2,,11,
ins,Iran Nuclear Sites,23_06_2025,jun25,,,7,
umf,American Military Forces,23_06_2025,jun25,,,7,
ns,Nuclear Submarines,23_06_2025,jun25,,,7,
fp,Fighter Pilots,23_06_2025,jun25,,,7,
cc,Captain and Crew,23_06_2025,jun25,,,7,
,,,,,,,
p284,Post 284,23_06_2025,jun25,,,3,https://truthsocial.com/@realDonaldTrump/posts/114734021412822365
ins,Iran Nuclear Sites,23_06_2025,jun25,,,7,
ac,Allison Cooper,23_06_2025,jun25,1,2,10,
blr,Brian L. Roberts,23_06_2025,jun25,2,2,10,
jk,Jonny Karl,23_06_2025,jun25,2,2,10,
cnn,CNN,23_06_2025,jun25,,,10,
abc,ABC,23_06_2025,jun25,,,10,
nbc,NBC,23_06_2025,jun25,,,10,
con,Concast,23_06_2025,jun25,,,10,
,,,,,,,
p285,Post 285,23_06_2025,jun25,,,7,https://truthsocial.com/@realDonaldTrump/posts/114734424268466099
irn,Iran,23_06_2025,jun25,,,11,
ins,Iran Nuclear Sites,23_06_2025,jun25,,,7,
umf,American Military Forces,23_06_2025,jun25,,,7,
isr,Israel,23_06_2025,jun25,,,11,
,,,,,,,
p286,Post 286,23_06_2025,jun25,,,12,https://truthsocial.com/@realDonaldTrump/posts/114734934153569653
irn,Iran,23_06_2025,jun25,,,11,
isr,Israel,23_06_2025,jun25,,,11,
mid,Middle East,23_06_2025,jun25,,,11,
usa,United States of America,23_06_2025,jun25,,,12,
,,,,,,,
p287,Post 287,23_06_2025,jun25,,,12,https://truthsocial.com/@realDonaldTrump/posts/114735940283355339
irn,Iran,23_06_2025,jun25,,,11,
isr,Israel,23_06_2025,jun25,,,11,
mid,Middle East,23_06_2025,jun25,,,11,
wor,World,23_06_2025,jun25,,,11,
,,,,,,,
p288,Post 288,24_06_2025,jun25,,,6,https://truthsocial.com/@realDonaldTrump/posts/114736702510423652
jp,Jerome Powell,24_06_2025,jun25,2,,6,
fed,Federal Reserve,24_06_2025,jun25,,,6,
usa,United States of America,24_06_2025,jun25,,,6,
congress,US Congress,24_06_2025,jun25,,,12,
,,,,,,,
p289,Post 289,24_06_2025,jun25,,,11,https://truthsocial.com/@realDonaldTrump/posts/114738104789842114
isr,Israel,24_06_2025,jun25,,,11,
irn,Iran,24_06_2025,jun25,,,11,
cf,Ceasefire,24_06_2025,jun25,,,11,
,,,,,,,
p289,Post 289,24_06_2025,jun25,,,11,https://truthsocial.com/@realDonaldTrump/posts/114738519652958827
nato,NATO,24_06_2025,jun25,,,11,
eur,European Allies,24_06_2025,jun25,,,11,
usa,United States of America,24_06_2025,jun25,,,11,
isr,Israel,24_06_2025,jun25,,,11,
irn,Iran,24_06_2025,jun25,,,11,
,,,,,,,
p290,Post 290,24_06_2025,jun25,,,11,https://truthsocial.com/@realDonaldTrump/posts/114738521695017472
chi,China,24_06_2025,jun25,,,11,
irn,Iran,24_06_2025,jun25,,,11,
usa,United States of America,24_06_2025,jun25,,,11,
,,,,,,,
p291,Post 291,24_06_2025,jun25,,,12,https://truthsocial.com/@realDonaldTrump/posts/114738530800440064
tm,Thomas Massie,24_06_2025,jun25,2,2,12,
usa,United States of America,24_06_2025,jun25,,,12,
gb,"Great, Big, Beautiful Bill",24_06_2025,jun25,,,12,
,,,,,,,
p292,Post 292,24_06_2025,jun25,,,12,https://truthsocial.com/@realDonaldTrump/posts/114738685142153877
aoc,Alexandria Ocasio-Cortez,24_06_2025,jun25,1,1,9,
cs,Chuck Schumer,24_06_2025,jun25,2,1,12,
d,Democrats,24_06_2025,jun25,,1,9,
pa,personal attacks,24_06_2025,jun25,,,9,
usa,United States of America,24_06_2025,jun25,,,12,
,,,,,,,
p293,Post 293,24_06_2025,jun25,,,12,https://truthsocial.com/@realDonaldTrump/posts/114738729363742349
gb,"Great, Big, Beautiful Bill",24_06_2025,jun25,,,12,
usa,United States of America,24_06_2025,jun25,,,12,
senate,US Senate,24_06_2025,jun25,,,12,
house,US House of Representatives,24_06_2025,jun25,,,12,
,,,,,,,
p294,Post 294,24_06_2025,jun25,,,11,https://truthsocial.com/@realDonaldTrump/posts/114741478150368433
cnn,CNN,24_06_2025,jun25,,,10,
nyt,The New York Times,24_06_2025,jun25,,,10,
ins,Iran Nuclear Sites,24_06_2025,jun25,,,7,
media,Media (general),24_06_2025,jun25,,,10,
,,,,,,,
p295,Post 295,25_06_2025,jun25,,,11,https://truthsocial.com/@realDonaldTrump/posts/114742858969719244
net,Netherlands,25_06_2025,jun25,,,11,
king,King of Netherlands,25_06_2025,jun25,2,,11,
queen,Queen of Netherlands,25_06_2025,jun25,1,,11,
nato,NATO,25_06_2025,jun25,,,11,
usa,United States of America,25_06_2025,jun25,,,11,
,,,,,,,
p296,Post 296,25_06_2025,jun25,,,11,https://truthsocial.com/@realDonaldTrump/posts/114744772916804667
usa,United States of America,25_06_2025,jun25,,,11,
ins,Iran Nuclear Sites,25_06_2025,jun25,,,7,
peace,Historic Ceasefire,25_06_2025,jun25,,,11,
isr,Israel,25_06_2025,jun25,,,11,
iran,Iran,25_06_2025,jun25,,,11,
,,,,,,,
p297,Post 297,25_06_2025,jun25,,,11,https://truthsocial.com/@realDonaldTrump/posts/114744949125614209
cnn,CNN,25_06_2025,jun25,,,10,
nyt,The New York Times,25_06_2025,jun25,,,10,
b2,B-2 Pilots,25_06_2025,jun25,,,7,
pa,personal attacks,25_06_2025,jun25,,,9,
ins,Iran Nuclear Sites,25_06_2025,jun25,,,7,
media,Media (general),25_06_2025,jun25,,,10,
,,,,,,,
p298,Post 298,25_06_2025,jun25,,,11,https://truthsocial.com/@realDonaldTrump/posts/114745403809459125
nber,Natasha Bertrand,25_06_2025,jun25,1,,9,
cnn,CNN,25_06_2025,jun25,,,10,
b2,B-2 Pilots,25_06_2025,jun25,,,7,
ins,Iran Nuclear Sites,25_06_2025,jun25,,,7,
pa,personal attacks,25_06_2025,jun25,,,9,
media,Media (general),25_06_2025,jun25,,,10,
,,,,,,,
p299,Post 299,25_06_2025,jun25,,,11,https://truthsocial.com/@realDonaldTrump/posts/114746355912265245
bibi,Bibi Netanyahu,25_06_2025,jun25,2,,11,
israel,Israel,25_06_2025,jun25,,,11,
court,Israeli Court,25_06_2025,jun25,,,12,
pa,personal attacks,25_06_2025,jun25,,,9,
usa,United States of America,25_06_2025,jun25,,,11,
ins,Iran Nuclear Sites,25_06_2025,jun25,,,7,
,,,,,,,
p300,Post 300,25_06_2025,jun25,,,11,https://truthsocial.com/@realDonaldTrump/posts/114747234182168375
cnn,CNN,25_06_2025,jun25,,,10,
pa,personal attacks,25_06_2025,jun25,,,9,
anchors,Anchors of CNN,25_06_2025,jun25,,,9,
media,Media (general),25_06_2025,jun25,,,10,
,,,,,,,
p301,Post 301,26_06_2025,jun25,,,11,https://truthsocial.com/@realDonaldTrump/posts/114749580476669594
cnn,CNN,26_06_2025,jun25,,,10,
nyt,The New York Times,26_06_2025,jun25,,,10,
reporters,CNN/NYT Reporters,26_06_2025,jun25,,,9,
media,Media (general),26_06_2025,jun25,,,10,
,,,,,,,
p302,Post 302,26_06_2025,jun25,,,11,https://truthsocial.com/@realDonaldTrump/posts/114749815668266552
pres,Press Conference,26_06_2025,jun25,,,10,
media,Media (general),26_06_2025,jun25,,,10,
pa,personal attacks,26_06_2025,jun25,,,9,
witch,Witch Hunt,26_06_2025,jun25,,,9,
war,U.S. Military,26_06_2025,jun25,,,7,
,,,,,,,
p303,Post 303,26_06_2025,jun25,,,11,https://truthsocial.com/@realDonaldTrump/posts/114749839848044904
ins,Iran Nuclear Sites,26_06_2025,jun25,,,7,
media,Media (general),26_06_2025,jun25,,,10,
war,U.S. Military Operation,26_06_2025,jun25,,,7,
rumor,rumor,26_06_2025,jun25,,,9,
,,,,,,,
p304,Post 304,26_06_2025,jun25,,,11,https://truthsocial.com/@realDonaldTrump/posts/114749872416313793
nato,NATO,26_06_2025,jun25,,,11,
summit,NATO Summit,26_06_2025,jun25,,,11,
leaders,NATO Leaders,26_06_2025,jun25,,,11,
,,,,,,,
p305,Post 305,26_06_2025,jun25,,,11,https://truthsocial.com/@realDonaldTrump/posts/114750055630968441
cnn,CNN,26_06_2025,jun25,,,10,
nyt,The New York Times,26_06_2025,jun25,,,10,
rep,Reporters (CNN/NYT),26_06_2025,jun25,,,9,
pa,personal attacks,26_06_2025,jun25,,,9,
media,Media (general),26_06_2025,jun25,,,10,
,,,,,,,
p306,Post 306,27_06_2025,jun25,,,12,https://truthsocial.com/@realDonaldTrump/posts/114755893176827573
sc,U.S. Supreme Court,27_06_2025,jun25,,,12,
brc,Birthright Citizenship,27_06_2025,jun25,,,12,
doj,U.S. Department of Justice,27_06_2025,jun25,,,12,
bondi,Pam Bondi,27_06_2025,jun25,1,1,12,
sauer,John Sauer,27_06_2025,jun25,2,1,12,
wh,White House,27_06_2025,jun25,,,12,
pa,personal attacks,27_06_2025,jun25,,,9,
imm,U.S. Immigration System,27_06_2025,jun25,,,12,
,,,,,,,
p307,Post 307,27_06_2025,jun25,,,11,https://truthsocial.com/@realDonaldTrump/posts/114756430889057942
kham,Ayatollah Ali Khamenei,27_06_2025,jun25,2,3,11,
irn,Iran,27_06_2025,jun25,,,11,
isr,Israel,27_06_2025,jun25,,,11,
usaf,U.S. Armed Forces,27_06_2025,jun25,,,7,
ins,Iran nuclear sites,27_06_2025,jun25,,,7,
sanc,Sanctions on Iran,27_06_2025,jun25,,,3,
pa,personal attacks,27_06_2025,jun25,,,9,
econ,Iranian economy,27_06_2025,jun25,,,6,
,,,,,,,
p308,post308,27_06_2025,jun25,,,3,https://truthsocial.com/@realDonaldTrump/posts/114756567645919781
can,Canada,27_06_2025,jun25,,,11,
atc,American Technology Companies,27_06_2025,jun25,,,3,
euorg,European Union,27_06_2025,jun25,,,11,
usa,United States of America,27_06_2025,jun25,,,11,
t,tariffs,27_06_2025,jun25,,,3,
tech,technology,27_06_2025,jun25,,,3,
eu,European Union,27_06_2025,jun25,,,11,
,,,,,,,
p309,post309,27_06_2025,jun25,,,1,https://truthsocial.com/@realDonaldTrump/posts/114756635237936002
uss,U.S. Senate,27_06_2025,jun25,,,12,
hor,House of Representatives,27_06_2025,jun25,,,12,
afam,American Families,27_06_2025,jun25,,,12,
ta,taxes,27_06_2025,jun25,,,3,
eco,economy,27_06_2025,jun25,,,6,
heca,healthcare,27_06_2025,jun25,,,2,
ma,military,27_06_2025,jun25,,,7,
aogo,appointment of government officials,27_06_2025,jun25,,,12,
,,,,,,,
p310,post310,27_06_2025,jun25,,,10,https://truthsocial.com/@realDonaldTrump/posts/114758739525947038
cnn,CNN,27_06_2025,jun25,,,10,
aph,Abby Phillip,27_06_2025,jun25,,,10,
t,tariffs,27_06_2025,jun25,,,3,
eco,economy,27_06_2025,jun25,,,6,
mc,media criticism,27_06_2025,jun25,,,10,
,,,,,,,
p311,post311,28_06_2025,jun25,,,8,https://truthsocial.com/@realDonaldTrump/posts/114760648289760105
gc,Gianni Caldwell,28_06_2025,jun25,2,1,18,
fn,Fox News,28_06_2025,jun25,,,10,
amer,Americans,28_06_2025,jun25,,,18,
mu,murderer,28_06_2025,jun25,,,8,
cr,criminals,28_06_2025,jun25,,,8,
cm,crime,28_06_2025,jun25,,,8,
,,,,,,,
p312,post312,28_06_2025,jun25,,,10,https://truthsocial.com/@realDonaldTrump/posts/114760752117553870
ffw,Fox & Friends Weekend,28_06_2025,jun25,,,10,
fnn,Fake News Network,28_06_2025,jun25,,,10,
mc,media criticism,28_06_2025,jun25,,,10,
p313,post313,28_06_2025,jun25,,,12,https://truthsocial.com/@realDonaldTrump/posts/114760849989232091
kk,Congressman Kevin Kiley,28_06_2025,jun25,,,12,
radg,Radicalized Groups,28_06_2025,jun25,,,8,
adm,Administration,28_06_2025,jun25,,,12,
ta,taxes,28_06_2025,jun25,,,3,
cm,crime,28_06_2025,jun25,,,8,
budg,Budget,28_06_2025,jun25,,,3,
p314,post314,28_06_2025,jun25,,,12,https://truthsocial.com/@realDonaldTrump/posts/114761132349818150
dem,Democrats,28_06_2025,jun25,,,12,
o,opposition,28_06_2025,jun25,,,12,
p315,post315,28_06_2025,jun25,,,11,https://truthsocial.com/@realDonaldTrump/posts/114761144946167016
nato,NATO,28_06_2025,jun25,,,11,
wl,World Leaders,28_06_2025,jun25,,,11,
pair,Political Alliances & International Relations,28_06_2025,jun25,,,11,
pm,Political Meetings,28_06_2025,jun25,,,11,
,,,,,,,
316,post316,28_06_2025,jun25,,,11,https://truthsocial.com/@realDonaldTrump/posts/114763460580044614
bn,Bibi Netanyahu,28_06_2025,jun25,2,3,11,
isr,Israel,28_06_2025,jun25,,,11,
usa,United States of America,28_06_2025,jun25,,,11,
irn,Iran,28_06_2025,jun25,,,11,
ham,Hamas,28_06_2025,jun25,,,11,
proc,Prosecutors,28_06_2025,jun25,,,4,
war,war,28_06_2025,jun25,,,7,
nas,national security,28_06_2025,jun25,,,11,
js,justice system,28_06_2025,jun25,,,4,
,,,,,,,
p317,post317,28_06_2025,jun25,,,12,https://truthsocial.com/@realDonaldTrump/posts/114763460580044614
tt,Senator Thom Tillis,28_06_2025,jun25,2,1,12,
dem,Democrats,28_06_2025,jun25,,,12,
nc,North Carolina,28_06_2025,jun25,,,18,
tob,Tobacco Industry,28_06_2025,jun25,,,12,
chn,China,28_06_2025,jun25,,,11,
jb,Joe Biden,28_06_2025,jun25,2,2,12,
gpnc,Great People of North Carolina,28_06_2025,jun25,,,18,
ta,taxes,28_06_2025,jun25,,,3,
budg,Budget,28_06_2025,jun25,,,3,
ma,military,28_06_2025,jun25,,,7,
eco,economy,28_06_2025,jun25,,,6,
wf,Wildfires / Floods,28_06_2025,jun25,,,6,
,,,,,,,
p318,post318,28_06_2025,jun25,,,12,https://truthsocial.com/@realDonaldTrump/posts/114764221948518343
rep,Republicans,28_06_2025,jun25,,,12,
dem,Democrats,28_06_2025,jun25,,,12,
hsr,House and Senate Rules / Congressional Leaders,28_06_2025,jun25,,,12,
usa,United States of America,28_06_2025,jun25,,,12,
budg,Debt Extension,28_06_2025,jun25,,,3,
ta,taxes,28_06_2025,jun25,,,3,
ma,military,28_06_2025,jun25,,,7,
rol,Rule of Law / Governance,28_06_2025,jun25,,,12,
o,opposition,28_06_2025,jun25,,,12,
,,,,,,,
p319,post319,29_06_2025,jun25,,,12,https://truthsocial.com/@realDonaldTrump/posts/114764751535867998
rs,Senator Rick Scott,29_06_2025,jun25,2,1,12,
ml,Senator Mike Lee,29_06_2025,jun25,2,1,12,
rj,Senator Ron Johnson,29_06_2025,jun25,2,1,12,
cl,Senator Cynthia Lummis,29_06_2025,jun25,2,1,12,
rep,Republican Patriots,29_06_2025,jun25,,,12,
usa,USA / Country,29_06_2025,jun25,,,12,
eco,economy,29_06_2025,jun25,,,6,
ta,taxes / spending,29_06_2025,jun25,,,3,
ma,military,29_06_2025,jun25,,,7,
heca,healthcare,29_06_2025,jun25,,,2,
sec,Second Amendment,29_06_2025,jun25,,,12,
,,,,,,,
p320,post320,29_06_2025,jun25,,,12,https://truthsocial.com/@realDonaldTrump/posts/114767780661985069
usa,United States of America,29_06_2025,jun25,,,12,
eco,economy,29_06_2025,jun25,,,6,
,,,,,,,
p321,post321,29_06_2025,jun25,,,12,https://truthsocial.com/@realDonaldTrump/posts/114767834317484874
biden,Joe Biden,29_06_2025,jun25,2,2,12,
bor,Border / Immigration,29_06_2025,jun25,,,12,
im,Immigration,29_06_2025,jun25,,,12,
,,,,,,,
p322,post322,29_06_2025,jun25,,,12,https://truthsocial.com/@realDonaldTrump/posts/114768769011733248
rep,Republicans / Cost-Cutting Republicans,29_06_2025,jun25,,,12,
eco,Growth / Economy,29_06_2025,jun25,,,6,
budg,Budget / Cost-Cutting,29_06_2025,jun25,,,3,
,,,,,,,
p323,post323,30_06_2025,jun25,,,12,https://truthsocial.com/@realDonaldTrump/posts/114770861740243689
bbb,BIG BEAUTIFUL BILL,30_06_2025,jun25,,,12,
usa,United States of America,30_06_2025,jun25,,,12,
budg,Budget / Policy,30_06_2025,jun25,,,3,
eco,Economy,30_06_2025,jun25,,,6,
,,,,,,,
p324,post324,30_06_2025,jun25,,,12,https://truthsocial.com/@realDonaldTrump/posts/114770877118105998
ta,Trump Administration,30_06_2025,jun25,,,12,
ac,American Consumer,30_06_2025,jun25,,,18,
budg,Budget / Cost Reduction,30_06_2025,jun25,,,3,
eco,Economy,30_06_2025,jun25,,,6,
,,,,,,,
p325,post325,30_06_2025,jun25,,,12,https://truthsocial.com/@realDonaldTrump/posts/114773418889111055
jp,Jerome “Too Late” Powell,30_06_2025,jun25,2,1,12,
frb,Federal Reserve Board,30_06_2025,jun25,,,12,
usa,United States,30_06_2025,jun25,,,12,
budg,Budget / Interest,30_06_2025,jun25,,,3,
eco,Economy,30_06_2025,jun25,,,6,
p326,post326,30_06_2025,jun25,,,12,https://truthsocial.com/@realDonaldTrump/posts/114773601644828833
usa,United States of America,30_06_2025,jun25,,,12,
jpn,Japan,30_06_2025,jun25,,,11,
t,tariffs,30_06_2025,jun25,,,3,
pair,Political Alliances & Trade Partner,30_06_2025,jun25,,,11,
td,trade,30_06_2025,jun25,,,11,
,,,,,,,
p327,post327,30_06_2025,jun25,,,12,https://truthsocial.com/@realDonaldTrump/posts/114773696636727417
att,AT&T,30_06_2025,jun25,,,12,
fl,Faith Leaders / Conference Participants,30_06_2025,jun25,,,12,
pm,Political Meetings / Conference,30_06_2025,jun25,,,11,
tech,Technology / Telecom,30_06_2025,jun25,,,3,
,,,,,,,
p328,post328,01_07_2025,jul25,,,1,https://truthsocial.com/@realDonaldTrump/posts/114775981239886599
rep,Republicans,01_07_2025,jul25,,1,1,
bbb,Big Beautiful Bill,01_07_2025,jul25,,,12,
ta,taxes,01_07_2025,jul25,,,6,
bor,border,01_07_2025,jul25,,,12,
,,,,,,,
p329,post329,01_07_2025,jul25,,,12,https://truthsocial.com/@realDonaldTrump/posts/114776149269773065
em,Elon Musk,01_07_2025,jul25,2,1,6,
doge,DOGE,01_07_2025,jul25,,,12,
usa,United States,01_07_2025,jul25,,,12,
ep,energy policy,01_07_2025,jul25,,,15,
eco,economy,01_07_2025,jul25,,,6,
ensr,endorsement,01_07_2025,jul25,,,1,
,,,,,,,
p330,post330,01_07_2025,jul25,,,12,https://truthsocial.com/@realDonaldTrump/posts/114779394158777330
rep,Republicans,01_07_2025,jul25,,2,1,
sen,United States Senate,01_07_2025,jul25,,,12,
hgop,House GOP,01_07_2025,jul25,,2,1,
dem,Democrats,01_07_2025,jul25,,1,1,
amer,American People,01_07_2025,jul25,,,18,
usa,United States,01_07_2025,jul25,,,12,
bbb,Big Beautiful Bill,01_07_2025,jul25,,,12,
ta,taxes,01_07_2025,jul25,,,3,
bor,border,01_07_2025,jul25,,,12,
eco,economy,01_07_2025,jul25,,,6,
socs,Social Security,01_07_2025,jul25,,,2,
heca,healthcare,01_07_2025,jul25,,,2,
,,,,,,,
p331,post331,01_07_2025,jul25,,,1,https://truthsocial.com/@realDonaldTrump/posts/114779396905472324
iowa,Iowa,01_07_2025,jul25,,,1,
farm,Farmers,01_07_2025,jul25,,,6,
sb,Small Businesses,01_07_2025,jul25,,,6,
usa,United States / America,01_07_2025,jul25,,,17,
hero,American Heroes,01_07_2025,jul25,,,7,
af,America First,01_07_2025,jul25,,,1,
pm,political meetings,01_07_2025,jul25,,,1,
pat,patriotism,01_07_2025,jul25,,,17,
t,tariffs,01_07_2025,jul25,,,3,
,,,,,,,
p332,post332,01_07_2025,jul25,,,12,https://truthsocial.com/@realDonaldTrump/posts/114779398795489578
biden,Joe Biden,01_07_2025,jul25,2,1,12,
alc,Alcatraz Prison,01_07_2025,jul25,,,8,
pdf,Prison Development Firms,01_07_2025,jul25,,,12,
m,migrants,01_07_2025,jul25,,,12,
usa,United States,01_07_2025,jul25,,,12,
im,immigration,01_07_2025,jul25,,,12,
bor,border,01_07_2025,jul25,,,12,
cm,crime,01_07_2025,jul25,,,8,
le,law enforcement,01_07_2025,jul25,,,4,
,,,,,,,
p333,post333,01_07_2025,jul25,,,11,https://truthsocial.com/@realDonaldTrump/posts/114780321031653396
israel,Israel,01_07_2025,jul25,,,11,
hamas,Hamas,01_07_2025,jul25,,,13,
qatar,Qatar,01_07_2025,jul25,,,11,
egypt,Egypt,01_07_2025,jul25,,,11,
meast,Middle East,01_07_2025,jul25,,,11,
usr,U.S. Representatives,01_07_2025,jul25,,,11,
isr,Israel,01_07_2025,jul25,,,11,
ham,Hamas,01_07_2025,jul25,,,13,
gaz,Gaza Stripe,01_07_2025,jul25,,,13,
pair,political alliances & international relations,01_07_2025,jul25,,,11,
peace,peace,01_07_2025,jul25,,,13,
me,Middle East,01_07_2025,jul25,,,11,
,,,,,,,
p334,post334,02_07_25,jul25,,,6,https://truthsocial.com/@realDonaldTrump/posts/114783440783668830
jb,Joe Biden,02_07_25,jul25,2,2,12,
dem,Democrats,02_07_25,jul25,,1,12,
rep,Republicans,02_07_25,jul25,,,12,
usa,United States,02_07_25,jul25,,,12,
ust,U.S. Treasury,02_07_25,jul25,,,12,
bbb,Big Beautiful Bill,02_07_25,jul25,,,6,
t,tariffs,02_07_25,jul25,,,6,
eco,economy,02_07_25,jul25,,,6,
iv,investments,02_07_25,jul25,,,6,
o,opposition,02_07_25,jul25,,,1,
,,,,,,,
p335,post335,02_07_25,jul25,,,12,https://truthsocial.com/@realDonaldTrump/posts/114783678604446726
ny,New York,02_07_25,jul25,,,12,
usa,United States,02_07_25,jul25,,,12,
o,opposition,02_07_25,jul25,,,3,
,,,,,,,
p336,post336,02_07_25,jul25,,,11,https://truthsocial.com/@realDonaldTrump/posts/114784098546698642
ven,Vietnam,02_07_25,jul25,,,11,
pair,political alliances & international relations,02_07_25,jul25,,,11,
usa,United States,02_07_25,jul25,,,11,
,,,,,,,
p337,post337,02_07_25,jul25,,,11,https://truthsocial.com/@realDonaldTrump/posts/114784170652465525
ven,Vietnam,02_07_25,jul25,,,11,
to,To Lam,02_07_25,jul25,,,11,
usa,United States,02_07_25,jul25,,,11,
t,tariffs,02_07_25,jul25,,,6,
pair,political alliances & international relations,02_07_25,jul25,,,11,
suv,SUV / Large Engine Vehicle,02_07_25,jul25,,,6,
,,,,,,,
p338,post338,02_07_25,jul25,,,6,https://truthsocial.com/@realDonaldTrump/posts/114784201810637218
usa,United States,02_07_25,jul25,,,6,
bbb,Big Beautiful Bill,02_07_25,jul25,,,6,
eco,economy,02_07_25,jul25,,,6,
iv,investments,02_07_25,jul25,,,6,
budg,Budget,02_07_25,jul25,,,6,
,,,,,,,
p339,post339,02_07_25,jul25,,,12,https://truthsocial.com/@realDonaldTrump/posts/114785848171178962
jd,Joshua D. Dunlap,02_07_25,jul25,2,3,12,
usa,United States,02_07_25,jul25,,,12,
me,Maine,02_07_25,jul25,,,12,
aogo,appointment of government officials,02_07_25,jul25,,,12,
pierce,Pierce Atwood LLP,02_07_25,jul25,,,12,
nd,Notre Dame,02_07_25,jul25,,,12,
,,,,,,,
p340,post340,02_07_25,jul25,,,12,https://truthsocial.com/@realDonaldTrump/posts/114785849333345518
et,Eric Tung,02_07_25,jul25,2,3,12,
usa,United States,02_07_25,jul25,,,12,
ca,California,02_07_25,jul25,,,12,
or,Oregon,02_07_25,jul25,,,12,
wa,Washington,02_07_25,jul25,,,12,
aogo,appointment of government officials,02_07_25,jul25,,,12,
sc,Supreme Court,02_07_25,jul25,,,12,
dos,Department of Justice,02_07_25,jul25,,,12,
cdca,Central District of California,02_07_25,jul25,,,12,
asusa,Assistant U.S. Attorney,02_07_25,jul25,,,12,
as,Antonin Scalia,02_07_25,jul25,2,3,12,
ng,Neil Gorsuch,02_07_25,jul25,2,3,12,
,,,,,,,
p341,post341,02_07_25,jul25,,,12,https://truthsocial.com/@realDonaldTrump/posts/114786058561428668
bp,Border Patrol,02_07_25,jul25,,,12,
ice,ICE,02_07_25,jul25,,,12,
cbp,Customs and Border Protection,02_07_25,jul25,,,12,
usa,United States,02_07_25,jul25,,,12,
bbb,Big Beautiful Bill,02_07_25,jul25,,,12,
nas,national security,02_07_25,jul25,,,12,
,,,,,,,
p342,post342,02_07_25,jul25,,,6,https://truthsocial.com/@realDonaldTrump/posts/114786643420185373
house,House of Representatives,02_07_25,jul25,,,6,
repubs,Republican House Majority,02_07_25,jul25,,2,6,
usa,United States,02_07_25,jul25,,,6,
eco,economy,02_07_25,jul25,,,6,
,,,,,,,
p343,post343,02_07_25,jul25,,,6,https://truthsocial.com/@realDonaldTrump/posts/114786727426991370
usa,United States,02_07_25,jul25,,,6,
rep,Republican Party,02_07_25,jul25,,2,6,
dem,Democrats,02_07_25,jul25,,1,6,
eco,economy,02_07_25,jul25,,,6,
,,,,,,,
p344,post344,03_07_25,jul25,,,6,https://truthsocial.com/@realDonaldTrump/posts/114787348610777027
rep,Republican Party,03_07_25,jul25,,1,6,
dem,Democrats,03_07_25,jul25,,2,6,
usa,United States,03_07_25,jul25,,,6,
eco,economy,03_07_25,jul25,,,6,
,,,,,,,
p345,post345,03_07_25,jul25,,,11,https://truthsocial.com/@realDonaldTrump/posts/114789577865630441
putin,Vladimir Putin,03_07_25,jul25,2,3,11,
rus,Russia,03_07_25,jul25,,3,11,
,,,,,,,
p346,post346,03_07_25,jul25,,,6,https://truthsocial.com/@realDonaldTrump/posts/114789587389423371
usa,United States,03_07_25,jul25,,,6,
eco,economy,03_07_25,jul25,,,6,
,,,,,,,
p347,post347,03_07_25,jul25,,,6,https://truthsocial.com/@realDonaldTrump/posts/114791607974974301
repubs,Republican Party,03_07_25,jul25,,2,6,
house,House of Representatives,03_07_25,jul25,,3,6,
senate,U.S. Senate,03_07_25,jul25,,3,6,
mj,Mike Johnson,03_07_25,jul25,2,2,6,
jt,John Thune,03_07_25,jul25,2,2,6,
usa,United States,03_07_25,jul25,,,6,
bbb,Big Beautiful Bill,03_07_25,jul25,,,6,
,,,,,,,
p348,post348,03_07_25,jul25,,,12,https://truthsocial.com/@realDonaldTrump/posts/114791663683765056
te,Tom Emmer,03_07_25,jul25,2,2,12,
jackie,Jacqueline Emmer,03_07_25,jul25,1,3,12,
rep,Republican Party,03_07_25,jul25,,2,12,
usa,United States,03_07_25,jul25,,,12,
bbb,Big Beautiful Bill,03_07_25,jul25,,,12,
,,,,,,,
p349,post349,03_07_25,jul25,,,12,https://truthsocial.com/@realDonaldTrump/posts/114791750195814667
ss,Steve Scalise,03_07_25,jul25,2,2,12,
jenn,Jennifer Scalise,03_07_25,jul25,1,3,12,
rep,Republican Party,03_07_25,jul25,,2,12,
usa,United States,03_07_25,jul25,,,12,
bbb,Big Beautiful Bill,03_07_25,jul25,,,12,
,,,,,,,
p350,post350,03_07_25,jul25,,,12,https://truthsocial.com/@realDonaldTrump/posts/114791836935107927
mj,Mike Johnson,03_07_25,jul25,2,1,12,
rep,Republican Party,03_07_25,jul25,,2,12,
usa,United States,03_07_25,jul25,,,12,
bbb,Big Beautiful Bill,03_07_25,jul25,,,12,
,,,,,,,
p351,post351,03_07_25,jul25,,,12,https://truthsocial.com/@realDonaldTrump/posts/114791858483483184
jt,John Thune,03_07_25,jul25,2,2,12,
rep,Republican Party,03_07_25,jul25,,2,12,
bbb,Big Beautiful Bill,03_07_25,jul25,,,12,
,,,,,,,
p352,post352,03_07_25,jul25,,,12,https://truthsocial.com/@realDonaldTrump/posts/114791916303307611
sb,Scott Bessent,03_07_25,jul25,2,3,12,
rep,Republican Party,03_07_25,jul25,,2,12,
bbb,Big Beautiful Bill,03_07_25,jul25,,,12,
,,,,,,,
p353,post353,04_07_25,jul25,,,19,https://truthsocial.com/@realDonaldTrump/posts/114795415752881784
ng,Newt Gingrich,04_07_25,jul25,2,2,19,
boo,books,04_07_25,jul25,,,19,
,,,,,,,
p354,post354,04_07_25,jul25,,,11,https://truthsocial.com/@realDonaldTrump/posts/114795512010210371
ea,Edan Alexander,04_07_25,jul25,2,3,11,
ham,Hamas,04_07_25,jul25,,3,11,
,,,,,,,
p355,post355,05_07_25,jul25,,,12,https://truthsocial.com/@realDonaldTrump/posts/114801653749329102
ice,ICE Officers,05_07_25,jul25,,,12,
cm,crime,05_07_25,jul25,,,8,
remig,remigration,05_07_25,jul25,,,12,
pat,MAGA / Patriotism,05_07_25,jul25,,,12,
,,,,,,,
p356,post356,05_07_25,jul25,,,12,https://truthsocial.com/@realDonaldTrump/posts/114802591195240494
bor,border,05_07_25,jul25,,,12,
eco,economy,05_07_25,jul25,,,6,
ma,military,05_07_25,jul25,,,7,
maga,MAGA ,05_07_25,jul25,,,12,
pat,patriotism ,05_07_25,jul25,,,1,
,,,,,,,
p357,post357,06_07_25,jul25,,,12,https://truthsocial.com/@realDonaldTrump/posts/114806881411557795
emerg,Emergency management,06_07_25,jul25,,,12,
ma,U.S. Coast Guard,06_07_25,jul25,,,7,
tx,Texas,06_07_25,jul25,,,12,
pat,Patriotism,06_07_25,jul25,,,12,
gov,Greg Abbott,06_07_25,jul25,2,1,12,
knoem,Kristi Noem,06_07_25,jul25,1,1,12,
fr,First Responders,06_07_25,jul25,,,12,
,,,,,,,
p358,post358,06_07_25,jul25,,,12,https://truthsocial.com/@realDonaldTrump/posts/114808616176041421
elon,Elon Musk,06_07_25,jul25,2,3,12,
tp,Third Parties,06_07_25,jul25,,3,12,
ev,Electric Vehicle Mandate,06_07_25,jul25,,,12,
nasa,NASA,06_07_25,jul25,,,12,
repub,Republican Party,06_07_25,jul25,,2,12,
o,Opposition / Radical Left Democrats,06_07_25,jul25,,1,12,
ensr,Endorsement,06_07_25,jul25,,,12,
pat,American Public / Patriotism,06_07_25,jul25,,,12,
friend,Close Friend of Elon Musk,06_07_25,jul25,2,1,12,
,,,,,,,
p359,post359,06_07_25,jul25,,,6,https://truthsocial.com/@realDonaldTrump/posts/114809528606729733
usa,United States,06_07_25,jul25,,,6,
t,Tariffs,06_07_25,jul25,,,6,
pair,Political Alliances / International Relations,06_07_25,jul25,,,6,
countries,Various Countries,06_07_25,jul25,,,6,
,,,,,,,
p360,post360,06_07_25,jul25,,,6,https://truthsocial.com/@realDonaldTrump/posts/114809574296066307
t,Tariffs,06_07_25,jul25,,,6,
pair,Political Alliances / International Relations,06_07_25,jul25,,,6,
brics,BRICS Countries,06_07_25,jul25,,,6,
usa,United States,06_07_25,jul25,,,6,
,,,,,,,
p361,post361,07_07_25,jul25,,,11,https://truthsocial.com/@realDonaldTrump/posts/114812490799920916
brl,Brazil,07_07_25,jul25,,,11,
jb,Jair Bolsonaro,07_07_25,jul25,2,3,11,
pair,Political Alliances / International Relations,07_07_25,jul25,,,11,
o,Political Opposition,07_07_25,jul25,,,11,
ef,Elections / Election Fraud,07_07_25,jul25,,,11,
t,Trade,07_07_25,jul25,,,6,
,,,,,,,
p362,post362,08_07_25,jul25,,,6,https://truthsocial.com/@realDonaldTrump/posts/114818149310161097
t,Tariffs,08_07_25,jul25,,,6,
pair,Political Alliances / International Relations,08_07_25,jul25,,,11,
,,,,,,,
p363,post363,08_07_25,jul25,,,6,https://truthsocial.com/@realDonaldTrump/posts/114819184205071380
cea,Council of Economic Advisers,08_07_25,jul25,,,6,
mir,Dr. Stephen Miran,08_07_25,jul25,2,3,6,
t,Tariffs,08_07_25,jul25,,,6,
if,Inflation,08_07_25,jul25,,,6,
iv,Investments,08_07_25,jul25,,,6,
jp,Jobs,08_07_25,jul25,,,6,
fn,Factories,08_07_25,jul25,,,6,
jp,Jerome Powell,08_07_25,jul25,2,2,12,
tl,too late,08_07_25,jul25,,,9,
,,,,,,,
p364,post364,08_07_25,jul25,,,6,https://truthsocial.com/@realDonaldTrump/posts/114820176419744768
t,Tariffs,08_07_25,jul25,,,6,
c1,Country1,08_07_25,jul25,,,6,
c2,Country2,08_07_25,jul25,,,6,
c3,Country3,08_07_25,jul25,,,6,
c4,Country4,08_07_25,jul25,,,6,
c5,Country5,08_07_25,jul25,,,6,
c6,Country6,08_07_25,jul25,,,6,
c7,Country7,08_07_25,jul25,,,6,
,,,,,,,
p365,post365,08_07_25,jul25,,,6,https://truthsocial.com/@realDonaldTrump/posts/114820908713657769
sc,Spending Cuts,08_07_25,jul25,,,6,
dem,Democrats,08_07_25,jul25,,1,6,
crooked,crooked,08_07_25,jul25,,,9,
,,,,,,,
p366,post366,09_07_25,jul25,,,3,https://truthsocial.com/@realDonaldTrump/posts/114826039777950636
rm,Roger Marshall,09_07_25,jul25,2,2,1,
ma,Military/Veterans,09_07_25,jul25,,,7,
peace,Peace / Foreign Policy,09_07_25,jul25,,,11,
eco,Economy,09_07_25,jul25,,,6,
ta,Taxes & Regulations,09_07_25,jul25,,,6,
bor,Southern Border,09_07_25,jul25,,,12,
ep,Energy Policy,09_07_25,jul25,,,6,
sec,Second Amendment,09_07_25,jul25,,,12,
,,,,,,,
p367,post367,09_07_25,jul25,,,3,https://truthsocial.com/@realDonaldTrump/posts/114826040324238044
rm,Roger Marshall,09_07_25,jul25,2,2,1,
ks,Kansas,09_07_25,jul25,,,12,
ma,Military/Veterans,09_07_25,jul25,,,7,
eco,Economy,09_07_25,jul25,,,6,
ta,Taxes & Regulations,09_07_25,jul25,,,6,
bor,Southern Border,09_07_25,jul25,,,12,
ep,Energy Policy,09_07_25,jul25,,,6,
sec,Second Amendment,09_07_25,jul25,,,12,
,,,,,,,
p368,post368,09_07_25,jul25,,,1,https://truthsocial.com/@realDonaldTrump/posts/114826044404420382
lg,Lindsey Graham,09_07_25,jul25,2,2,1,
sc,South Carolina,09_07_25,jul25,,,12,
,,,,,,,
p369,post369,09_07_25,jul25,,,6,https://truthsocial.com/@realDonaldTrump/posts/114826107762484260
copper,Copper,09_07_25,jul25,,,6,
nas,National Security Assessment,09_07_25,jul25,,,11,
us,United States,09_07_25,jul25,,,11,
dod,Department of Defense,09_07_25,jul25,,,7,
,,,,,,,
p370,post370,09_07_25,jul25,,,12,https://truthsocial.com/@realDonaldTrump/posts/114826109463640311
sduffy,Sean Duffy,09_07_25,jul25,2,2,12,
nasa,NASA,09_07_25,jul25,,,7,
transport,U.S. Transportation,09_07_25,jul25,,,12,
atc,Air Traffic Control System,09_07_25,jul25,,,12,
roads,Roads & Bridges,09_07_25,jul25,,,12,
,,,,,,,
p371,post371,10_07_25,jul25,,,6,https://truthsocial.com/@realDonaldTrump/posts/114829408208555940
tech,Tech Stocks,10_07_25,jul25,,,6,
indust,Industrial Stocks,10_07_25,jul25,,,6,
nasdaq,NASDAQ,10_07_25,jul25,,,6,
crypto,Crypto,10_07_25,jul25,,,6,
nvidia,NVIDIA,10_07_25,jul25,,,6,
tariffs,U.S. Tariffs,10_07_25,jul25,,,6,
fed,Federal Reserve,10_07_25,jul25,,,6,
usa,USA,10_07_25,jul25,,,6,
,,,,,,,
p372,post372,10_07_25,jul25,,,6,https://truthsocial.com/@realDonaldTrump/posts/114829442018326447
fed,Federal Reserve,10_07_25,jul25,,,6,
jp,Jerome Powell,10_07_25,jul25,2,1,6,
usa,USA,10_07_25,jul25,,,6,
,,,,,,,
p373,post373,10_07_25,jul25,,,4,https://truthsocial.com/@realDonaldTrump/posts/114831433790826577
wwm,William W. Mercer,10_07_25,jul25,2,3,4,
usdc,United States District Court – Montana,10_07_25,jul25,,,4,
doj,Department of Justice,10_07_25,jul25,,,4,
,,,,,,,
p374,post374,10_07_25,jul25,,,10,https://truthsocial.com/@realDonaldTrump/posts/114831435031070955
cpb,Corporation for Public Broadcasting (PBS & NPR),10_07_25,jul25,,,10,
cnn,CNN,10_07_25,jul25,,,10,
msdnc,MSDNC,10_07_25,jul25,,,10,
,,,,,,,
p375,post375,11_07_25,jul25,,,7,https://truthsocial.com/@realDonaldTrump/posts/114835102167904861
phe,Pete Hegseth,11_07_25,jul25,2,2,7,
bv,Brett Velicovich,11_07_25,jul25,2,3,7,
fn,FoxNews,11_07_25,jul25,,,10,
maga,MAGA,11_07_25,jul25,,,12,
,,,,,,,
p376,post376,11_07_25,jul25,,,8,https://truthsocial.com/@realDonaldTrump/posts/114837208737137477
ice,ICE,11_07_25,jul25,,,12,
knoem,Kristi Noem,11_07_25,jul25,1,2,12,
thoman,Tom Homan,11_07_25,jul25,2,3,12,
le,Law Enforcement Officers,11_07_25,jul25,,,12,
thugs,THUGS,11_07_25,jul25,,,8,
maga,MAGA,11_07_25,jul25,,,12,
,,,,,,,
p377,post377,11_07_25,jul25,,,19,https://truthsocial.com/@realDonaldTrump/posts/114837554019633896
sz,Salena Zito,11_07_25,jul25,1,3,19,
boo,books,11_07_25,jul25,,,19,
maga,MAGA,11_07_25,jul25,,,12,
,,,,,,,
p378,post378,11_07_25,jul25,,,1,https://truthsocial.com/@realDonaldTrump/posts/114837597286883732
zn,Zach Nunn,11_07_25,jul25,2,2,1,
iowa,Iowa,11_07_25,jul25,,,12,
sec,second amendment,11_07_25,jul25,,,12,
ta,taxes,11_07_25,jul25,,,6,
maga,MAGA,11_07_25,jul25,,,12,
f,farmers,11_07_25,jul25,,,6,
,,,,,,,
p379,post379,12_07_25,jul25,,,1,https://truthsocial.com/@realDonaldTrump/posts/114842356238631061
pb,Pam Bondi,12_07_25,jul25,1,2,4,
jep,Jeffrey Epstein,12_07_25,jul25,2,3,9,
ob,Obama,12_07_25,jul25,2,2,11,
hc,Hillary Clinton,12_07_25,jul25,1,1,11,
jc,John Comey,12_07_25,jul25,2,2,11,
db,John Brennan,12_07_25,jul25,2,1,11,
ba,Biden Administration,12_07_25,jul25,,2,11,
kp,Kash Patel,12_07_25,jul25,2,2,4,
fbi,FBI,12_07_25,jul25,,,4,
,,,,,,,
p380,post380,12_07_25,jul25,,,1,https://truthsocial.com/@realDonaldTrump/posts/114842941355477197
lt,Lara Trump,12_07_25,jul25,1,2,1,
fn,Fox News,12_07_25,jul25,,,10,
,,,,,,,
p381,post381,14_07_25,jul25,,,11,https://truthsocial.com/@realDonaldTrump/posts/114851420581462592
usa,United States of America,14_07_25,jul25,,,11,
fr,friend countries,14_07_25,jul25,,,11,
fo,foe countries,14_07_25,jul25,,,11,
,,,,,,,
p382,post382,14_07_25,jul25,,,5,https://truthsocial.com/@realDonaldTrump/posts/114854251111136308
sc,United States Supreme Court,14_07_25,jul25,,,5,
lmc,Linda McMahon,14_07_25,jul25,1,2,5,
usa,United States of America,14_07_25,jul25,,,5,
parents,Parents,14_07_25,jul25,,,5,
students,Students,14_07_25,jul25,,,5,
,,,,,,,
p383,post383,15_07_25,jul25,,,11,https://truthsocial.com/@realDonaldTrump/posts/114857569436636352
ind,Indonesia,15_07_25,jul25,,,11,
pres,President of Indonesia,15_07_25,jul25,,,11,
usa,United States of America,15_07_25,jul25,,,11,
,,,,,,,
p384,post384,15_07_25,jul25,,,6,https://truthsocial.com/@realDonaldTrump/posts/114857617089281818
cp,Consumer Prices,15_07_25,jul25,,,6,
fed,Federal Reserve,15_07_25,jul25,,,6,
,,,,,,,
p385,post385,15_07_25,jul25,,,4,https://truthsocial.com/@realDonaldTrump/posts/114857687712359546
as,Adam Schiff,15_07_25,jul25,2,1,4,
fm,Fannie Mae Financial Crimes Division,15_07_25,jul25,,,4,
md,Maryland,15_07_25,jul25,,,12,
ca,California,15_07_25,jul25,,,12,
,,,,,,,
p386,post386,15_07_25,jul25,,,1,https://truthsocial.com/@realDonaldTrump/posts/114857889773040947
tx,Texas,15_07_25,jul25,,3,12,
cong_tx,Congressmen and Women of Texas,15_07_25,jul25,,3,1,
mx,Mexico,15_07_25,jul25,,3,11,
,,,,,,,
p387,post387,15_07_25,jul25,,,1,https://truthsocial.com/@realDonaldTrump/posts/114857957325423668
genius,GENIUS Act,15_07_25,jul25,,,6,
crypto,Digital Assets / Crypto,15_07_25,jul25,,,6,
china,China,15_07_25,jul25,,,11,
eu,Europe,15_07_25,jul25,,,11,
senate,United States Senate,15_07_25,jul25,,,1,
house,United States House,15_07_25,jul25,,,1,
,,,,,,,
p388,post388,15_07_25,jul25,,,1,https://truthsocial.com/@realDonaldTrump/posts/114858589029028619
indonesia,Republic of Indonesia,15_07_25,jul25,,3,11,
prabowo,Prabowo Subianto,15_07_25,jul25,2,3,11,
energy,U.S. Energy,15_07_25,jul25,,3,6,
agri,American Agricultural Products,15_07_25,jul25,,3,6,
boeing,Boeing Jets,15_07_25,jul25,,3,6,
ranchers,U.S. Ranchers,15_07_25,jul25,,3,6,
farmers,U.S. Farmers,15_07_25,jul25,,3,6,
fishermen,U.S. Fishermen,15_07_25,jul25,,3,6,
t,Tariffs,15_07_25,jul25,,3,6,
us,United States,15_07_25,jul25,,3,12,
,,,,,,,
p389,post389,15_07_25,jul25,,,1,https://truthsocial.com/@realDonaldTrump/posts/114858589852139958
nj,New Jersey,15_07_25,jul25,,3,12,
jvd,Jeff Van Drew,15_07_25,jul25,2,2,12,
windmills,Windmill projects,15_07_25,jul25,,3,15,
beaches,Beaches,15_07_25,jul25,,3,12,
,,,,,,,
p390,post390,15_07_25,jul25,,,12,https://truthsocial.com/@realDonaldTrump/posts/114859554812594090
fl,Florida State Court,15_07_25,jul25,,,12,
ts,TRUTH Social,15_07_25,jul25,,,10,
pt,President (Trump),15_07_25,jul25,2,2,12,
,,,,,,,
p391,post391,15_07_25,jul25,,,12,https://truthsocial.com/@realDonaldTrump/posts/114860136006223294
mj,Mike Johnson,15_07_25,jul25,2,2,12,
cong,Congressmen/women,15_07_25,jul25,,,12,
maga,MAGA,15_07_25,jul25,,,12,
,,,,,,,
p392,post392,16_07_25,jul25,,,12,https://truthsocial.com/@realDonaldTrump/posts/114863203348237352
dem, Democrats,16_07_25,jul25,,1,12,
fn,Fake News,16_07_25,jul25,,,12,
jep,Jeffrey Epstein,16_07_25,jul25,2,3,12,
maga,MAGA,16_07_25,jul25,,,12,
,,,,,,,
p393,post393,16_07_25,jul25,,,12,https://truthsocial.com/@realDonaldTrump/posts/114864763487869986
coke,Coca-Cola,16_07_25,jul25,,,12,
caaa,Corporate Announcements,16_07_25,jul25,,,12,
,,,,,,,
p394,post394,16_07_25,jul25,,,12,https://truthsocial.com/@realDonaldTrump/posts/114865352052263270
jm,Jennifer Mascott,16_07_25,jul25,1,3,12,
aogo,Appointment of government officials,16_07_25,jul25,,,12,
,,,,,,,
p395,post395,16_07_25,jul25,,,12,https://truthsocial.com/@realDonaldTrump/posts/114865506222851432
sdu,Sean Duffy,16_07_25,jul25,2,2,12,
ca,Gavin Newsom,16_07_25,jul25,2,1,12,
ct,Congestion toll,16_07_25,jul25,,,12,
taxpayer,Taxpayers,16_07_25,jul25,,,12,
,,,,,,,
p396,post396,16_07_25,jul25,,,2,https://truthsocial.com/@realDonaldTrump/posts/114865507306954051
rep,Republicans,16_07_25,jul25,,1,2,
dem,Democrats,16_07_25,jul25,,2,2,
heca,healthcare,16_07_25,jul25,,,2,
hosp,Hospitals,16_07_25,jul25,,,2,
amer,Americans,16_07_25,jul25,,,2,
,,,,,,,
p397,post397,17_07_25,jul25,,,10,https://truthsocial.com/@realDonaldTrump/posts/114871422727186590
wsj,Wall Street Journal,17_07_25,jul25,,,10,
rm,Rupert Murdoch,17_07_25,jul25,2,,10,
et,Emma Tucker,17_07_25,jul25,2,,10,
kl,Karoline Leavitt,17_07_25,jul25,1,,10,
abc,ABC,17_07_25,jul25,,,10,
cbs,CBS,17_07_25,jul25,,,10,
trump,Donald J. Trump,17_07_25,jul25,2,,10,
jep,Jeffrey Epstein,17_07_25,jul25,2,,10,
nc,NewsCorp,17_07_25,jul25,,,10,
gs,George Stephanopoulos,17_07_25,jul25,2,,10,
,,,,,,,
p398,post398,17_07_25,jul25,,,12,https://truthsocial.com/@realDonaldTrump/posts/114871557460531003
jep,Jeffrey Epstein,17_07_25,jul25,2,3,12,
pb,Pam Bondi,17_07_25,jul25,1,,12,
dem,democrats,17_07_25,jul25,,1,12,
scam,scam,17_07_25,jul25,,,,
,,,,,,,
p399,post399,17_07_25,jul25,,,12,https://truthsocial.com/@realDonaldTrump/posts/114871752316281496
jep,Jeffrey Epstein,17_07_25,jul25,2,3,10,
wsj,Wall Street Journal,17_07_25,jul25,,,10,
rm,Rupert Murdoch,17_07_25,jul25,2,3,12,
fake,fake news,17_07_25,jul25,,,10,
mc,media criticism,17_07_25,jul25,,,10,
,,,,,,,
p400,post400,18_07_25,jul25,,,12,https://truthsocial.com/@realDonaldTrump/posts/114872393229075156
pep,Public Broadcasting,18_07_25,jul25,,,12,
rep,Republicans,18_07_25,jul25,,1,12,
npr,NPR,18_07_25,jul25,,,12,
,,,,,,,
p401,post401,18_07_25,jul25,,,6,https://truthsocial.com/@realDonaldTrump/posts/114873827864802531
tl,Too Late,18_07_25,jul25,,,6,
jp,Jerome Powell,18_07_25,jul25,,,6,
hm,Housing Market,18_07_25,jul25,,,6,
yp,Young People,18_07_25,jul25,,,6,
sj,Sleepy Joe,18_07_25,jul25,,,12,
fb,Fed Board,18_07_25,jul25,,,6,
ic,Interest Costs,18_07_25,jul25,,,6,
if,inflation,18_07_25,jul25,,,6,
jb,biden,18_07_25,jul25,,,12,
,,,,,,,
p402,post402,18_07_25,jul25,,,12,https://truthsocial.com/@realDonaldTrump/posts/114874138131177867
jep,Jeffrey Epstein,18_07_25,jul25,,,12,
dem,Democrats,18_07_25,jul25,,,12,
mg,Merrick Garland,18_07_25,jul25,,,12,
jc,James Comey,18_07_25,jul25,,,12,
files,Files,18_07_25,jul25,,,12,
sg,Smoking Gun,18_07_25,jul25,,,12,
,,,,,,,
p403,post403,18_07_25,jul25,,,10,https://truthsocial.com/@realDonaldTrump/posts/114874422468516376
sc,Stephen Colbert,18_07_25,jul25,,,10,
jk,Jimmy Kimmel,18_07_25,jul25,,,9,
gg,Greg Gutfeld,18_07_25,jul25,,,10,
nbc,NBC / Tonight Show,18_07_25,jul25,,,10,
ratings,Ratings,18_07_25,jul25,,,10,
talent,Talent,18_07_25,jul25,,,10,
,,,,,,,
p404,post404,18_07_25,jul25,,,12,https://truthsocial.com/@realDonaldTrump/posts/114874476139755852
wh,White House,18_07_25,jul25,,,12,
rep,Republicans,18_07_25,jul25,,,12,
dem,Democrats,18_07_25,jul25,,,12,
record,Accomplishments / Record,18_07_25,jul25,,,12,
criticism,Criticism / Complaining,18_07_25,jul25,,,12,
,,,,,,,
p405,post405,18_07_25,jul25,,,12,https://truthsocial.com/@realDonaldTrump/posts/114876632160599681
bg,Brandon Gill,18_07_25,jul25,2,1,12,
tx,Texas,18_07_25,jul25,,,12,
maga,MAGA,18_07_25,jul25,,,12,
economy,Economy / Growth,18_07_25,jul25,,,12,
taxes,Taxes / Regulations,18_07_25,jul25,,,12,
border,Border / Migrant Crime,18_07_25,jul25,,,12,
military,Military / Veterans,18_07_25,jul25,,,12,
energy,Energy Dominance,18_07_25,jul25,,,12,
secondamendment,Second Amendment,18_07_25,jul25,,,12,
,,,,,,,
p406,post406,18_07_2025,jul25,,,,
mm,Max Miller,18_07_2025,jul25,2,,12,https://truthsocial.com/@realDonaldTrump/posts/114876632946481372
usmc,U.S. Marine Corps,18_07_2025,jul25,,,12,
americans,Americans,18_07_2025,jul25,,,12,
farm,American Farmers,18_07_2025,jul25,,,1,
ensr,endorsement,18_07_2025,jul25,,,1,
im,immigration,18_07_2025,jul25,,,12,
m,migrants,18_07_2025,jul25,,,12,
cr,criminals,18_07_2025,jul25,,,8,
ma,Marine,18_07_2025,jul25,,,7,
ta,taxes,18_07_2025,jul25,,,3,
ep,energy policy,18_07_2025,jul25,,,6,
sec,second amendment,18_07_2025,jul25,,,12,
,,,,,,,
p407,post407,18_07_2025,jul25,,,1,https://truthsocial.com/@realDonaldTrump/posts/114876634662612316
sb,Stephanie Bice,18_07_2025,jul25,1,2,1,
ok5,Oklahoma 5th Congressional District,18_07_2025,jul25,,,1,
farm,Farmers,18_07_2025,jul25,,,6,
ran,Ranchers,18_07_2025,jul25,,,6,
eco,Economy,18_07_2025,jul25,,,6,
ta,Taxes,18_07_2025,jul25,,,3,
ep,Energy Policy,18_07_2025,jul25,,,6,
im,Immigration,18_07_2025,jul25,,,12,
m,Migrants,18_07_2025,jul25,,,12,
cr,Criminals,18_07_2025,jul25,,,8,
ma,Military/Veterans,18_07_2025,jul25,,,7,
sa,Second Amendment,18_07_2025,jul25,,,12,
ensr,Endorsement,18_07_2025,jul25,,,1,
,,,,,,,
p408,post408,18_07_2025,jul25,,,4,https://truthsocial.com/@realDonaldTrump/posts/114876683513144253
wsj,The Wall Street Journal,18_07_2025,jul25,,,10,
rm,Rupert Murdoch,18_07_2025,jul25,2,3,10,
rt,Robert Thomson,18_07_2025,jul25,2,3,10,
abc,ABC News,18_07_2025,jul25,,,10,
gs,George Stephanopoulos,18_07_2025,jul25,2,1,10,
cbs,CBS News,18_07_2025,jul25,,,10,
sm,60 Minutes,18_07_2025,jul25,,,10,
pp,Pulitzer Prize Board,18_07_2025,jul25,,,10,
amer,Americans,18_07_2025,jul25,,,18,
lp,legal proceedings,18_07_2025,jul25,,,4,
fk,fake news,18_07_2025,jul25,,,10,
mc,media criticism,18_07_2025,jul25,,,10,
p,press,18_07_2025,jul25,,,10,
,,,,,,,
p409,post409,18_07_2025,jul25,,,6,https://truthsocial.com/@realDonaldTrump/posts/114876927258467384
usa,United States of America,18_07_2025,jul25,,,6,
bit,Bitcoin,18_07_2025,jul25,,,6,
tech,technology sector,18_07_2025,jul25,,,6,
eco,economy,18_07_2025,jul25,,,6,
,,,,,,,
p410,post410,18_07_2025,jul25,,,12,https://truthsocial.com/@realDonaldTrump/posts/114877342999804008
usa,United States of America,18_07_2025,jul25,,,12,
bbb,Big Beautiful Bill,18_07_2025,jul25,,,12,
fy,Fentanyl,18_07_2025,jul25,,,12,
budg,Budget Policy,18_07_2025,jul25,,,12,
lp,Legal Proceedings / Legislation,18_07_2025,jul25,,,4,
tech,Technology Regulation,18_07_2025,jul25,,,6,
,,,,,,,
p411,post411,18_07_2025,jul25,,,11,https://truthsocial.com/@realDonaldTrump/posts/114880031264786538
irn,Iran,18_07_2025,jul25,,,11,
nuc,Nuclear Weapons,18_07_2025,jul25,,,7,
nas,National Security,18_07_2025,jul25,,,7,
war,War / Military Conflict,18_07_2025,jul25,,,13,
,,,,,,,
p412,post412,19_07_2025,jul25,,,4,https://truthsocial.com/@realDonaldTrump/posts/114880074981803996
jep,Jeffrey Epstein,19_07_2025,jul25,2,3,4,
doj,U.S. Department of Justice,19_07_2025,jul25,,,4,
,,,,,,,
p413,post413,19_07_2025,jul25,,,4,https://truthsocial.com/@realDonaldTrump/posts/114882442101879216
hf,Harrison Fields,19_07_2025,jul25,2,2,10,
tg,Tulsi Gabbard,19_07_2025,jul25,1,3,4,
bo,Barack Obama,19_07_2025,jul25,2,1,1,
fox,Fox News,19_07_2025,jul25,,,10,
,,,,,,,
p414,post414,20_07_2025,jul25,,,11,
amer,Americans,20_07_2025,jul25,,,12,
ic,international comparison,20_07_2025,jul25,,,11,
st,second term,20_07_2025,jul25,,,12,
anniversary,anniversary,20_07_2025,jul25,,,12,
,,,,,,,
p415,post415,20_07_2025,jul25,,,1,https://truthsocial.com/@realDonaldTrump/posts/114885474879269820
bor,Southern Border,20_07_2025,jul25,,,12,
amer,Americans,20_07_2025,jul25,,,12,
maga,MAGA Movement,20_07_2025,jul25,,,1,
pat,Patriotism,20_07_2025,jul25,,,12,
jep,Jeffrey Epstein,20_07_2025,jul25,,,12,
rl,radical left,20_07_2025,jul25,,,12,
,,,,,,,
417,post417,20_07_2025,jul25,,,6,https://truthsocial.com/@realDonaldTrump/posts/114886865806490349
wjp,William J. Pulte,20_07_2025,jul25,2,1,12,
hfa,Housing Finance Agency,20_07_2025,jul25,,,6,
rl,radical left,20_07_2025,jul25,,,9,
we,weaklings,20_07_2025,jul25,,,9,
,,,,,,,
p418,post418,20_07_2025,jul25,,,4,https://truthsocial.com/@realDonaldTrump/posts/114886877289379131
as,Adam Schiff,20_07_2025,jul25,2,2,4,
,,,,,,,
p419,post419,20_07_2025,jul25,,,,https://truthsocial.com/@realDonaldTrump/posts/114887221069099658
cbp,CBP Officer,20_07_2025,jul25,2,1,8,
biden,Joe Biden,20_07_2025,jul25,2,1,9,
,,,,,,,
p420,post420,20_07_2025,jul25,,,14,https://truthsocial.com/@realDonaldTrump/posts/114887236310446076
redskins,Washington Redskins,20_07_2025,jul25,,,14,
commanders,Washington Commanders,20_07_2025,jul25,,,14,
indians,Cleveland Indians,20_07_2025,jul25,,,14,
md,Matt Dolan,20_07_2025,jul25,2,3,14,
,,,,,,,
p421,post421,20_07_2025,jul25,,,6,https://truthsocial.com/@realDonaldTrump/posts/114887244433511273
wsj,The Wall Street Journal,20_07_2025,jul25,,,10,
sb,Scott Bessent,20_07_2025,jul25,2,1,6,
jp,Jerome Powell,20_07_2025,jul25,2,2,6,
fk,Fake News,20_07_2025,jul25,,,10,
mc,Media Criticism,20_07_2025,jul25,,,10,
pa,Personal Attacks,20_07_2025,jul25,,,9,
tl,Too Late,20_07_2025,jul25,,,9,
,,,,,,,
p422,post422,20_07_2025,jul25,,,19,https://truthsocial.com/@realDonaldTrump/posts/114888305041609390
ml,Mark Levin,20_07_2025,jul25,2,1,19,
boo,Books,20_07_2025,jul25,,,19,
,,,,,,,
p423,post423,20_07_2025,jul25,,,8,https://truthsocial.com/@realDonaldTrump/posts/114888488677783141
as,Adam Schiff,20_07_2025,jul25,2,2,8,
pa,Personal Attacks,20_07_2025,jul25,,,8,
pr,Prison,20_07_2025,jul25,,,8,
sc,Scam,20_07_2025,jul25,,,8,
,,,,,,,
p424,post424,21_07_2025,jul25,,,8,https://truthsocial.com/@realDonaldTrump/posts/114891542921713362
cr,Crime,21_07_2025,jul25,,,8,
le,Law Enforcement,21_07_2025,jul25,,,8,
cb,Cashless Bail,21_07_2025,jul25,,,8,
cmn,Criminals,21_07_2025,jul25,,,8,
,,,,,,,
p425,post425,21_07_2025,jul25,,,12,https://truthsocial.com/@realDonaldTrump/posts/114892270098322352
ds,Dan Sullivan,21_07_2025,jul25,2,1,1,
eco,Economy,21_07_2025,jul25,,,6,
ta,Taxes,21_07_2025,jul25,,,6,
sc,Spending Cuts/Regulations,21_07_2025,jul25,,,6,
bor,Border,21_07_2025,jul25,,,12,
mu,Military/Veterans,21_07_2025,jul25,,,7,
ep,Energy Policy,21_07_2025,jul25,,,6,
sec,Second Amendment,21_07_2025,jul25,,,12,
,,,,,,,
p426,post426,21_07_2025,jul25,,,,https://truthsocial.com/@realDonaldTrump/posts/114892485746950799
bk,Bryan Kohberger,21_07_2025,jul25,2,3,8,
id,Idaho,21_07_2025,jul25,,,11,
mu,Murderers,21_07_2025,jul25,,,8,
pr,Prison/Death Penalty,21_07_2025,jul25,,,8,
js,Judge,21_07_2025,jul25,,,4,
,,,,,,,
p427,post427,21_07_2025,jul25,,,1,https://truthsocial.com/@realDonaldTrump/posts/114892486666754017
harv,Harvard University,21_07_2025,jul25,,,5,
mj,Massachusetts Judge,21_07_2025,jul25,,,4,
ob,Obama,21_07_2025,jul25,2,2,11,
us,United States,21_07_2025,jul25,,,12,
edu,Schools/Colleges/Institutions,21_07_2025,jul25,,,5,
p428,post428,21_07_2025,jul25,,,1,https://truthsocial.com/@realDonaldTrump/posts/114892689845138877
mr,Mike Rounds,21_07_2025,jul25,2,1,1,
sd,South Dakota,21_07_2025,jul25,,,12,
amer,Americans/Farmers/Ranchers,21_07_2025,jul25,,,6,
mil,Military/Veterans,21_07_2025,jul25,,,7,
le,Law Enforcement,21_07_2025,jul25,,,4,
sa,Second Amendment,21_07_2025,jul25,,,12,
ene,American Energy DOMINANCE,21_07_2025,jul25,,,6,
,,,,,,,
p429,post429,21_07_2025,jul25,,,1,
kn,Kristi Noem,21_07_2025,jul25,1,2,12,https://truthsocial.com/@realDonaldTrump/posts/114892895177732471
th,Tom Homan,21_07_2025,jul25,2,3,12,
rs,Rodney Scott,21_07_2025,jul25,2,2,12,
pb,Pam Bondi,21_07_2025,jul25,1,2,4,
phe,Pete Hegseth,21_07_2025,jul25,2,3,7,
bp,Border Patrol,21_07_2025,jul25,,,12,
ice,ICE,21_07_2025,jul25,,,12,
,,,,,,,
p430,post430,21_07_2025,jul25,,,1,https://truthsocial.com/@realDonaldTrump/posts/114893947519507520
aa,Abbas Araghchi,21_07_2025,jul25,2,3,11,
bb,Bret Baier,21_07_2025,jul25,2,3,10,
cnn,CNN,21_07_2025,jul25,,,10,
msdnc,MSDNC,21_07_2025,jul25,,,10,
loser,Loser,21_07_2025,jul25,,,10,
,,,,,,,
p431,post431,21_07_2025,jul25,,,1,https://truthsocial.com/@realDonaldTrump/posts/114893984552850709
ob,Barack Obama,21_07_2025,jul25,2,2,8,
ch,Hillary Clinton,21_07_2025,jul25,1,2,8,
biden,biden,21_07_2025,jul25,2,2,8,
rh,russian hoax,21_07_2025,jul25,,,8,
,,,,,,,
p432,post432,22_07_2025,jul25,,1,10,https://truthsocial.com/@realDonaldTrump/posts/114897600777919524
jk,Jimmy Kimmel,22_07_2025,jul25,2,1,10,
jf,Jimmy Fallon,22_07_2025,jul25,2,1,10,
gg,Greg Gutfeld,22_07_2025,jul25,2,2,10,
,,,,,,,
p434,post434,22_07_2025,jul25,,1,1,https://truthsocial.com/@realDonaldTrump/posts/114898069194751986
fm,Ferdinand Marcos,22_07_2025,jul25,2,3,11,
phl,Philippines,22_07_2025,jul25,,,11,
,,,,,,,
p435,post435,22_07_2025,jul25,,,10,https://truthsocial.com/@realDonaldTrump/posts/114898229237459086
cbs,CBS,22_07_2025,jul25,,,10,
pm,Paramount,22_07_2025,jul25,,,10,
si60,60 Minutes,22_07_2025,jul25,,,10,
abc,ABC,22_07_2025,jul25,,,10,
gs,George Slopadopoulos,22_07_2025,jul25,2,1,10,
wsj,Wall Street Journal,22_07_2025,jul25,,,10,
nyt,New York Times,22_07_2025,jul25,,,10,
wapo,Washington Post,22_07_2025,jul25,,,10,
msdnc,MSDNC,22_07_2025,jul25,,,10,
cnn,CNN,22_07_2025,jul25,,,10,
fn,Fake News,22_07_2025,jul25,,,10,
,,,,,,,
p436,post436,22_07_2025,jul25,,,11,https://truthsocial.com/@realDonaldTrump/posts/114899417740854572
jpn,Japan,22_07_2025,jul25,,,11,
usa,United States,22_07_2025,jul25,,,11,
p437,post437,23_07_2025,jul25,,,6,
tl," ""Too Late"" ",23_07_2025,jul25,2,12,6,
fed,Federal Reserve,23_07_2025,jul25,,,6,
jp,jerome powell ,23_07_2025,jul25,,,6,
,,,,,,,
p438,post438,23_07_2025,jul25,,,3,https://truthsocial.com/@realDonaldTrump/posts/114902743574618008
jpn,Japan,23_07_2025,jul25,,,11,
usa,United States,23_07_2025,jul25,,,11,
mil,Military Equipment,23_07_2025,jul25,,,7,
ag,Agricultural Products,23_07_2025,jul25,,,6,
rice,Rice,23_07_2025,jul25,,,6,
,,,,,,,
p439,post439,23_07_2025,jul25,,,11,https://truthsocial.com/@realDonaldTrump/posts/114902760700024238
indonesia,Indonesia,23_07_2025,jul25,,,11,
jpn,Japan,23_07_2025,jul25,,,11,
p440,post440,23_07_2025,jul25,,,11,https://truthsocial.com/@realDonaldTrump/posts/114902777792812157
major_countries,Major Countries,23_07_2025,jul25,,,11,
p441,post441,23_07_2025,jul25,,,11,https://truthsocial.com/@realDonaldTrump/posts/114902814296069974
p442,post442,23_07_2025,jul25,,,5,https://truthsocial.com/@realDonaldTrump/posts/114905836425012707
columbia,Columbia University,23_07_2025,jul25,,,5,
lmc,Linda McMahon,23_07_2025,jul25,2,2,12,
p443,post443,24_07_2025,jul25,,,6,https://truthsocial.com/@realDonaldTrump/posts/114908467282299011
elon,Elon Musk,24_07_2025,jul25,2,1,12,
,,,,,,,
p444,Epstein Scam / Russia Hoax accusation,24_07_2025,jul25,,,9,https://truthsocial.com/@realDonaldTrump/posts/114911132620191745
radical_left,Radical Left Democrats,24_07_2025,jul25,,,9,
epstein,Jeffrey Epstein,24_07_2025,jul25,,,9,
scam,Scam,24_07_2025,jul25,,,9,
russia_hoax,Russian Hoax,24_07_2025,jul25,,,9,
maga,Make America Great Again,24_07_2025,jul25,,,9,
p445,Post445,25_07_2025,jul25,,,1,https://truthsocial.com/@realDonaldTrump/posts/114914339003272307
aus,Australia,25_07_2025,jul25,,,1,
us_beef,U.S. Beef,25_07_2025,jul25,,,1,
farmers,U.S. Farmers,25_07_2025,jul25,,,1,
maga,Make America Great Again,25_07_2025,jul25,,,9,
,,,,,,,
p446,Trump call to stop Cambodia–Thailand war,26_07_2025,jul25,,,11,https://truthsocial.com/@realDonaldTrump/posts/114920242180121128
cambodia,Cambodia,26_07_2025,jul25,,,11,
thailand,Thailand,26_07_2025,jul25,,,11,
war,War,26_07_2025,jul25,,,11,
ceasefire,Ceasefire,26_07_2025,jul25,,,11,
trade,Trade negotiations,26_07_2025,jul25,,,6,
india,India,26_07_2025,jul25,,,11,
pakistan,Pakistan,26_07_2025,jul25,,,11,
,,,,,,,
p447,post447,26_07_2025,jul25,,,1,https://truthsocial.com/@realDonaldTrump/posts/114922194000687458
bey,Beyoncé,26_07_2025,jul25,1,3,12,
opr,Oprah Winfrey,26_07_2025,jul25,1,3,12,
als,Al Sharpton,26_07_2025,jul25,2,3,12,
kam,Kamala Harris,26_07_2025,jul25,1,2,12,
dem,Democratic Party,26_07_2025,jul25,,,12,
ensr,endorsement,26_07_2025,jul25,,,12,
cor,corruption,26_07_2025,jul25,,,12,
caaa,corporate and administrative announcements,26_07_2025,jul25,,,12,
,,,,,,,
p447,post447,26_07_2025,jul25,,,10,https://truthsocial.com/@realDonaldTrump/posts/114922310106523572
net,TV Networks,26_07_2025,jul25,,,10,
dem,Democratic Party,26_07_2025,jul25,,2,10,
mc,media criticism,26_07_2025,jul25,,,10,
p,press,26_07_2025,jul25,,,10,
,,,,,,,
p448,post448,28_07_2025,jul25,,,11,https://truthsocial.com/@realDonaldTrump/posts/114931438809653171
tha,Thailand,28_07_2025,jul25,,,11,
kam,Cambodia,28_07_2025,jul25,,,11,
tt,Trade Team,28_07_2025,jul25,,,11,
tha,Thailand (subcategory),28_07_2025,jul25,,,11,
kam,Cambodia (subcategory),28_07_2025,jul25,,,11,
war,war,28_07_2025,jul25,,,13,
peace,peace,28_07_2025,jul25,,,11,
t,tariffs,28_07_2025,jul25,,,3,
,,,,,,,
p449,post449,28_07_2025,jul25,,,11,https://truthsocial.com/@realDonaldTrump/posts/114934191239714896
sco,Scotland,28_07_2025,jul25,,,11,
eu,European Union,28_07_2025,jul25,,,11,
usa,United States,28_07_2025,jul25,,,11,
eu,European Union,28_07_2025,jul25,,,11,
pair,political alliances & international relations,28_07_2025,jul25,,,11,
,,,,,,,
p450,post450,28_07_2025,jul25,,,11,https://truthsocial.com/@realDonaldTrump/posts/114934232969144109
chn,China,28_07_2025,jul25,,,11,
xi,Xi Jinping,28_07_2025,jul25,2,3,11,
fk,Fake News,28_07_2025,jul25,,,11,
ic,International Comparison,28_07_2025,jul25,,,11,
,,,,,,,
p451,post451,29_07_2025,jul25,,,6,https://truthsocial.com/@realDonaldTrump/posts/114935401735258022
uk,United Kingdom,29_07_2025,jul25,,,6,
ns,North Sea,29_07_2025,jul25,,,6,
eco,economy,29_07_2025,jul25,,,6,
ta,taxes,29_07_2025,jul25,,,3,
,,,,,,,
p452,post452,29_07_2025,jul25,,,12,https://truthsocial.com/@realDonaldTrump/posts/114938820270436889
cg,Chuck Grassley,29_07_2025,jul25,2,2,12,
dem,Democratic Party,29_07_2025,jul25,,,12,
sch,Chuck Schumer,29_07_2025,jul25,2,1,12,
war,Mark Warner,29_07_2025,jul25,2,1,12,
kai,Tim Kaine,29_07_2025,jul25,2,1,12,
boo,Cory Booker,29_07_2025,jul25,2,1,12,
schf,Adam Schiff,29_07_2025,jul25,2,1,12,
biden,Joe Biden,29_07_2025,jul25,2,1,12,
aogo,Appointment of Government Officials,29_07_2025,jul25,,,12,
rs,Republican Senators,29_07_2025,jul25,,1,12,
rol,Rule of Law,29_07_2025,jul25,,,12,
cor,Corruption,29_07_2025,jul25,,,4,
cali,California,29_07_2025,jul25,,,12,
ny,New York,29_07_2025,jul25,,,12,
nj,New Jersey,29_07_2025,jul25,,,12,
il,Illinois,29_07_2025,jul25,,,12,
va,Virginia,29_07_2025,jul25,,,12,
,,,,,,,
p453,post453,29_07_2025,jul25,,,12,https://truthsocial.com/@realDonaldTrump/posts/114938996274231550
ice,ICE,29_07_2025,jul25,,,12,
le,Law Enforcement,29_07_2025,jul25,,,12,
jb,Biden,29_07_2025,jul25,2,1,12,
cr,Criminals,29_07_2025,jul25,,,8,
im,Immigration,29_07_2025,jul25,,,12,
pa,Personal Attacks,29_07_2025,jul25,,,9,
,,,,,,,
p454,post454,30_07_2025,jul25,,,11,https://truthsocial.com/@realDonaldTrump/posts/114942106248731470
ind,India,30_07_2025,jul25,,,11,
t,Tariffs,30_07_2025,jul25,,,3,
ic,International Comparison,30_07_2025,jul25,,,11,
rus,Russia,30_07_2025,jul25,,,11,
ep,Energy Policy,30_07_2025,jul25,,,15,
,,,,,,,
p455,post455,30_07_2025,jul25,,,6,https://truthsocial.com/@realDonaldTrump/posts/114942222209732295
eco,Economy,30_07_2025,jul25,,,6,
budg,Budget,30_07_2025,jul25,,,6,
if,Inflation,30_07_2025,jul25,,,6,
,,,,,,,
p456,post456,30_07_2025,jul25,,,11,https://truthsocial.com/@realDonaldTrump/posts/114943927434273211
t,Tariffs ,30_07_2025,jul25,,,6,
sk,South Korea,30_07_2025,jul25,,,11,
pak,Pakistan,30_07_2025,jul25,,,11,
ind,India,30_07_2025,jul25,,,11,
eco,Economy,30_07_2025,jul25,,,6,
,,,,,,,
p457,post457,31_07_2025,jul25,,,11,https://truthsocial.com/@realDonaldTrump/posts/114945847973193713
ind,India,31_07_2025,jul25,,,11,
rus,Russia,31_07_2025,jul25,,,11,
t,Tariffs,31_07_2025,jul25,,,6,
im,International Comparison,31_07_2025,jul25,,,11,
med,Dmitry Medvedev,31_07_2025,jul25,2,3,11,
,,,,,,,
p458,post458,31_07_2025,jul25,,,11,https://truthsocial.com/@realDonaldTrump/posts/114945962278773358
can,Canada,31_07_2025,jul25,,,11,
pal,Palestine,31_07_2025,jul25,,,11,
pair,Political Alliances & International Relations,31_07_2025,jul25,,,11,
t,Tariffs,31_07_2025,jul25,,,3,
,,,,,,,
p459,post459,31_07_2025,jul25,,,6,https://truthsocial.com/@realDonaldTrump/posts/114947373855664074
t,Tariffs,31_07_2025,jul25,,,3,
eco,Economy,31_07_2025,jul25,,,6,
pa,Personal Attacks,31_07_2025,jul25,,,9,
,,,,,,,
p460,post460,31_07_2025,jul25,,,6,https://truthsocial.com/@realDonaldTrump/posts/114947427321891876
t,Tariffs / trade policy,31_07_2025,jul25,,,3,
eco,Economy,31_07_2025,jul25,,,6,
lp,Lawyers / Legal Proceedings,31_07_2025,jul25,,,12,
,,,,,,,
p461,post461,31_07_2025,jul25,,,6,https://truthsocial.com/@realDonaldTrump/posts/114947541528857255
pow,Jerome Powell,31_07_2025,jul25,2,2,9,
budg,Budget / Interest Rates / Fed,31_07_2025,jul25,,,3,
eco,Economy,31_07_2025,jul25,,,6,
pa,Personal Attacks,31_07_2025,jul25,,,9,
,,,,,,,
p462,post462,31_07_2025,jul25,,,12,https://truthsocial.com/@realDonaldTrump/posts/114950241999184378
dem,Democratic Party,31_07_2025,jul25,,,12,
aogo,Appointment of Government Officials,31_07_2025,jul25,,,12,
rol,Rule of Law / Senate Customs,31_07_2025,jul25,,,12,
hist,History,31_07_2025,jul25,,,17,
pa,Personal Attacks,31_07_2025,jul25,,,9,
,,,,,,,
p463,post463,31_07_2025,jul25,,,12,https://truthsocial.com/@realDonaldTrump/posts/114951042178223048
rs,Republican Senators,31_07_2025,jul25,,,12,
sc,Susan Collins,31_07_2025,jul25,1,2,12,
pa,Personal Attacks,31_07_2025,jul25,,,9,
,,,,,,,
p464,post464,01_08_2025,aug25,,,6,https://truthsocial.com/@realDonaldTrump/posts/114953049546233760
jp,Jerome Powell,01_08_2025,jul25,2,2,6,
budg,Budget / Interest Rates / Fed,01_08_2025,aug25,,,3,
pa,Personal Attacks,01_08_2025,aug25,,,9,
,,,,,,,
p465,post465,01_08_2025,aug25,,,8,https://truthsocial.com/@realDonaldTrump/posts/114953114494129479
rus,Russia,01_08_2025,aug25,,,11,
cr,Crime,01_08_2025,aug25,,,8,
pa,Personal Attacks,01_08_2025,aug25,,,9,
,,,,,,,
p466,post466,01_08_2025,aug25,,,6,https://truthsocial.com/@realDonaldTrump/posts/114953595203270237
pow,Jerome Powell,01_08_2025,aug25,2,1,6,
budg,Budget / Interest Rates / Fed,01_08_2025,aug25,,,3,
t,Tariffs / Trade Policy,01_08_2025,aug25,,,3,
eco,Economy,01_08_2025,aug25,,,6,
,,,,,,,
p467,post467,01_08_2025,aug25,,,13,https://truthsocial.com/@realDonaldTrump/posts/114954267210702518
rus,Russia,01_08_2025,aug25,,,11,
ukr,Ukraine,01_08_2025,aug25,,,11,
war,War / Conflict,01_08_2025,aug25,,,11,
pa,Personal Attacks,01_08_2025,aug25,,,9,
jb,biden,01_08_2025,aug25,,,11,
,,,,,,,
p468,post468,01_08_2025,aug25,,,6,https://truthsocial.com/@realDonaldTrump/posts/114954846612623858
jobs,Jobs Numbers,01_08_2025,aug25,,,6,
pa,Personal Attacks,01_08_2025,aug25,,,9,
budg,Budget ,01_08_2025,aug25,,,3,
eco,Economy,01_08_2025,aug25,,,6,
aogo,Appointment of Government Officials / Political Appointees,01_08_2025,aug25,,,12,
jp,Jerome Powell,01_08_2025,aug25,2,3,12,
,,,,,,,
p469,post469,01_08_2025,aug25,,,6,https://truthsocial.com/@realDonaldTrump/posts/114955222046259464
jobs,Jobs Numbers / Labor Statistics,01_08_2025,aug25,,,6,
pow,Jerome Powell,01_08_2025,aug25,2,3,6,
eco,Economy,01_08_2025,aug25,,,6,
pa,Personal Attacks,01_08_2025,aug25,,,9,
,,,,,,,
p470,post470,02_08_2025,aug25,,,8,https://truthsocial.com/@realDonaldTrump/posts/114959044159495165
im,Immigration,02_08_2025,aug25,,,8,
pa,Personal Attacks,02_08_2025,aug25,,,9,
me,Media,02_08_2025,aug25,,,10,
en, Endorsements,02_08_2025,aug25,,,15,
biden,Joe Biden,02_08_2025,aug25,2,2,12,
harris,Kamala Harris,02_08_2025,aug25,1,2,12,
,,,,,,,
p471,post471,02_08_2025,aug25,,,12,https://truthsocial.com/@realDonaldTrump/posts/114961147474079611
aogo,Appointment of Government Officials / Nominations,02_08_2025,aug25,,,12,
dem,Democratic Party,02_08_2025,aug25,,,4,
rep,Republican Party,02_08_2025,aug25,,,4,
pa,Personal Attacks,02_08_2025,aug25,,,9,
en,Endorsements,02_08_2025,aug25,,,15,
jt,John Thune,02_08_2025,aug25,2,2,12,
,,,,,,,
p472,post472,02_08_2025,aug25,,,12,https://truthsocial.com/@realDonaldTrump/posts/114961522912167613
aogo,Appointment of Government Officials / Nominations,02_08_2025,aug25,,,12,
dem,Democratic Party,02_08_2025,aug25,,,4,
rep,Republican Party,02_08_2025,aug25,,,4,
pa,Personal Attacks,02_08_2025,aug25,,,9,
cs,Chuck Schumer,02_08_2025,aug25,2,2,12,
rl,Radical Left,02_08_2025,aug25,,,4,
maga,,02_08_2025,aug25,,,12,
,,,,,,,
p473,post473,02_08_2025,aug25,,,9,https://truthsocial.com/@realDonaldTrump/posts/114961541517491341
dem,Democratic Party,02_08_2025,aug25,,,9,
rep,Republican Party,02_08_2025,aug25,,,12,
eco,Economy,02_08_2025,aug25,,,6,
pa,Personal Attacks,02_08_2025,aug25,,,9,
maga,Make America Great Again,02_08_2025,aug25,,,4,
,,,,,,,
p474,post474,02_08_2025,aug25,,,3,https://truthsocial.com/@realDonaldTrump/posts/114961565654617117
rep,Republican Party,02_08_2025,aug25,,,4,
maga,Make America Great Again,02_08_2025,aug25,,,4,
leg,Legislation,02_08_2025,aug25,,,3,
pe,Public Endorsements / Praise,02_08_2025,aug25,,,15,
jt,John Thune,02_08_2025,aug25,2,1,12,
mj,Mike Johnson,02_08_2025,aug25,2,1,12,
,,,,,,,
p475,post475,03_08_2025,aug25,,,4,https://truthsocial.com/@realDonaldTrump/posts/114963263700328714
maga,Make America Great Again,03_08_2025,aug25,,,4,
eco,Economy,03_08_2025,aug25,,,6,
im,Immigration,03_08_2025,aug25,,,8,
fp,Foreign Policy / Wars,03_08_2025,aug25,,,10,
pa,Personal Attacks,03_08_2025,aug25,,,9,
jb,Joe Biden,03_08_2025,aug25,2,2,10,
kh,Kamala Harris,03_08_2025,aug25,1,2,10,
lt,Lara Trump,03_08_2025,aug25,1,1,10,
cmtg,Charlamagne tha God,03_08_2025,aug25,1,3,10,
en,Endorsements,03_08_2025,aug25,,,15,
me,Media,03_08_2025,aug25,,,10,
,,,,,,,
p476,post476,03_08_2025,aug25,,,6,https://truthsocial.com/@realDonaldTrump/posts/114966671063911029
jobs,Jobs Numbers / Labor Statistics,03_08_2025,aug25,,,6,
eco,Economy,03_08_2025,aug25,,,6,
pa,Personal Attacks,03_08_2025,aug25,,,9,
aogo,Appointment of Government Officials / Removal,03_08_2025,aug25,,,12,
scam,Scam,03_08_2025,aug25,,,11,
el,Elections,03_08_2025,aug25,,,5,
,,,,,,,
p477,post477,03_08_2025,aug25,,,12,https://truthsocial.com/@realDonaldTrump/posts/114968330079746127
dem,Democratic Party,03_08_2025,aug25,,,4,
rep,Republican Party,03_08_2025,aug25,,,4,
cs,Chuck Schumer,03_08_2025,aug25,2,1,12,
rl,Radical Left,03_08_2025,aug25,,,4,
aogo,Appointment of Government Officials / Nominations,03_08_2025,aug25,,,12,
pa,Personal Attacks,03_08_2025,aug25,,,9,
scam,Scam / Fraud Allegation,03_08_2025,aug25,,,11,
,,,,,,,
p478,post478,04_08_2025,aug25,,,6,https://truthsocial.com/@realDonaldTrump/posts/114970631477859993
jobs,Jobs Numbers / Labor Statistics,04_08_2025,aug25,,,6,
scam,Scam / Fraud Allegation,04_08_2025,aug25,,,11,
elect,Elections,04_08_2025,aug25,,,5,
dem,Democratic Party,04_08_2025,aug25,,,4,
rl,Radical Left,04_08_2025,aug25,,,4,
rep,Republican Party,04_08_2025,aug25,,,4,
aogo,Appointment of Government Officials / Replacement,04_08_2025,aug25,,,12,
maga,Make America Great Again,04_08_2025,aug25,,,4,
,,,,,,,
p479,post479,04_08_2025,aug25,,,6,https://truthsocial.com/@realDonaldTrump/posts/114970970276629752
eco,Economy,04_08_2025,aug25,,,6,
tax,Taxes,04_08_2025,aug25,,,12,
energy,Energy / Policy,04_08_2025,aug25,,,15,
pa,Personal Attacks,04_08_2025,aug25,,,9,
ew,Elizabeth Warren,04_08_2025,aug25,1,1,9,
pe,Public Endorsements / Praise,04_08_2025,aug25,,,15,
maga,Make America Great Again,04_08_2025,aug25,,,4,
,,,,,,,
p480,post480,04_08_2025,aug25,,,9,https://truthsocial.com/@realDonaldTrump/posts/114970981123138842
ew,Elizabeth Warren,04_08_2025,aug25,1,1,9,
pa,Personal Attacks,04_08_2025,aug25,,,9,
scam,Scam / Fraud Allegation,04_08_2025,aug25,,,11,
maga,Make America Great Again,04_08_2025,aug25,,,4,
,,,,,,,
p481,post481,04_08_2025,aug25,,,11,https://truthsocial.com/@realDonaldTrump/posts/114971053091282290
ind,India,04_08_2025,aug25,,,11,
rus,Russia,04_08_2025,aug25,,,11,
ukr,Ukraine,04_08_2025,aug25,,,11,
t,Tariffs,04_08_2025,aug25,,,6,
eco,Economy,04_08_2025,aug25,,,6,
fp,Foreign Policy / Wars,04_08_2025,aug25,,,11,
pa,Personal Attacks,04_08_2025,aug25,,,9,
maga,Make America Great Again,04_08_2025,aug25,,,4,
,,,,,,,
p482,post482,05_08_2025,aug25,,,4,https://truthsocial.com/@realDonaldTrump/posts/114978749252122903
dem,Democratic Party,05_08_2025,aug25,,,4,
pa,Personal Attacks,05_08_2025,aug25,,,9,
scam,Scam / Fraud Allegation,05_08_2025,aug25,,,11,
maga,Make America Great Again,05_08_2025,aug25,,,4,
,,,,,,,
p483,post483,06_08_2025,aug25,,,12,https://truthsocial.com/@realDonaldTrump/posts/114982518659334871
aogo,Appointment / Pay / Salary,06_08_2025,aug25,,,12,
ph,White House Renovations / People’s House,06_08_2025,aug25,,,12,
en,Public Endorsements / Praise,06_08_2025,aug25,,,15,
maga,Make America Great Again,06_08_2025,aug25,,,4,
,,,,,,,
,,,,,,,
p484,post484,06_08_2025,aug25,,,6,https://truthsocial.com/@realDonaldTrump/posts/114985420201139599
t,Tariffs,06_08_2025,aug25,,,6,
eco,Economy,06_08_2025,aug25,,,6,
rl,Radical Left,06_08_2025,aug25,,,4,
pa,Personal Attacks,06_08_2025,aug25,,,9,
maga,Make America Great Again,06_08_2025,aug25,,,4,
,,,,,,,
p485,post485,07_08_2025,aug25,,,11,https://truthsocial.com/@realDonaldTrump/posts/114987257158661963
irn,Iran,07_08_2025,aug25,,,11,
mec,Middle Eastern Countries,07_08_2025,aug25,,,11,
ac,Abraham Accords,07_08_2025,aug25,,,11,
fp,Foreign Policy,07_08_2025,aug25,,,11,
pe,Peace in the Middle East,07_08_2025,aug25,,,10,
maga,Make America Great Again,07_08_2025,aug25,,,4,
obl,Iran Nuclear Arsenal Obliterated,07_08_2025,aug25,,,11,
,,,,,,,
p486,post486,07_08_2025,aug25,,,19,https://truthsocial.com/@realDonaldTrump/posts/114990543084538507
mel,Melania Trump,07_08_2025,aug25,1,3,12,
en,Endorsements,07_08_2025,aug25,,,15,
maga,Make America Great Again,07_08_2025,aug25,,,4,
,,,,,,,
p487,post487,08_08_2025,aug25,,,6,https://truthsocial.com/@realDonaldTrump/posts/114993652992825116
t,Tariffs,08_08_2025,aug25,,,6,
sm,Stock Market,08_08_2025,aug25,,,6,
eco,Economy,08_08_2025,aug25,,,6,
rl,Radical Left,08_08_2025,aug25,,,4,
cs,Court System,08_08_2025,aug25,,,4,
pa,Personal Attacks,08_08_2025,aug25,,,9,
pe,Public Endorsements / Praise,08_08_2025,aug25,,,15,
maga,Make America Great Again,08_08_2025,aug25,,,4,
,,,,,,,
p488,post488,09_08_2025,aug25,,,9,https://truthsocial.com/@realDonaldTrump/posts/115001339487533426
np,Nancy Pelosi,09_08_2025,aug25,1,2,9,
pa,Personal Attacks,09_08_2025,aug25,,,9,
ins,Insider Information,09_08_2025,aug25,,,11,
maga,Make America Great Again,09_08_2025,aug25,,,4,
sc,Scandal,09_08_2025,aug25,,,11,
,,,,,,,
p489,post489,10_08_2025,aug25,,,12,https://truthsocial.com/@realDonaldTrump/posts/115005075016157889
ph,White House / Capital Renovations,10_08_2025,aug25,,,12,
hom,Homeless / Housing Policy,10_08_2025,aug25,,,12,
cr,Criminals / Law Enforcement,10_08_2025,aug25,,,8,
pa,Personal Attacks,10_08_2025,aug25,,,9,
maga,Make America Great Again,10_08_2025,aug25,,,4,
,,,,,,,
p490,post490,10_08_2025,aug25,,,6,https://truthsocial.com/@realDonaldTrump/posts/115007977998503665
chi,China,10_08_2025,aug25,,,11,
fa,Farmers / Agriculture,10_08_2025,aug25,,,6,
trade,Trade,10_08_2025,aug25,,,6,
eco,Economy,10_08_2025,aug25,,,6,
fp,Foreign Policy,10_08_2025,aug25,,,11,
maga,Make America Great Again,10_08_2025,aug25,,,4,
xi,President XI,10_08_2025,aug25,2,3,11,
,,,,,,,
p491,post491,11_08_2025,aug25,,,12,https://truthsocial.com/@realDonaldTrump/posts/115010061198729847
ph,White House / Capital Renovations,11_08_2025,aug25,,,12,
cr,Criminals,11_08_2025,aug25,,,8,
pa,Personal Attacks,11_08_2025,aug25,,,9,
maga,Make America Great Again,11_08_2025,aug25,,,4,
bor,borders,11_08_2025,aug25,,,12,
,,,,,,,
p492,post492,11_08_2025,aug25,,,8,https://truthsocial.com/@realDonaldTrump/posts/115011030509341542
cr,Criminals,11_08_2025,aug25,,,8,
col,Colombia,11_08_2025,aug25,,,11,
maga,Make America Great Again,11_08_2025,aug25,,,4,
w,washington,11_08_2025,aug25,,,8,
,,,,,,,
p493,post493,11_08_2025,aug25,,,6,https://truthsocial.com/@realDonaldTrump/posts/115012532470689820
ea,E.J. Antoni,11_08_2025,aug25,3,3,6,
eco,Economy,11_08_2025,aug25,,,6,
en,Personal Endorsements / Praise,11_08_2025,aug25,,,15,
maga,Make America Great Again,11_08_2025,aug25,,,4,
,,,,,,,
p494,post494,12_08_2025,aug25,,,19,https://truthsocial.com/@realDonaldTrump/posts/115015798555807745
kc,Kennedy Center,12_08_2025,aug25,,,19,
aw,Awards / Honors,12_08_2025,aug25,,,19,
pa,Personal Endorsements / Praise,12_08_2025,aug25,,,15,
maga,Make America Great Again,12_08_2025,aug25,,,4,
,,,,,,,
p495,post495,12_08_2025,aug25,,,10,https://truthsocial.com/@realDonaldTrump/posts/115015483801151739
ct,Chuck Todd,12_08_2025,aug25,2,3,10,
db,David Brody,12_08_2025,aug25,2,3,10,
nbc,NBC,12_08_2025,aug25,,,10,
fa,Fake News ,12_08_2025,aug25,,,10,
en,Endorsements / Praise,12_08_2025,aug25,,,15,
maga,Make America Great Again,12_08_2025,aug25,,,4,
,,,,,,,
p496,post496,12_08_2025,aug25,,,6,https://truthsocial.com/@realDonaldTrump/posts/115016089386029482
tl,"Jerome ""Too Late"" Powell",12_08_2025,aug25,2,3,6,
sm,"Steve ""Manouychin""",12_08_2025,aug25,2,3,6,
eco,Economy,12_08_2025,aug25,,,6,
pa,Personal Attacks,12_08_2025,aug25,,,9,
maga,Make America Great Again,12_08_2025,aug25,,,4,
jp,Jerome Powell,12_08_2025,aug25,2,3,6,
,,,,,,,
p497,post497,12_08_2025,aug25,,,6,https://truthsocial.com/@realDonaldTrump/posts/115016246479417087
t,Tariffs,12_08_2025,aug25,,,6,
eco,Economy,12_08_2025,aug25,,,6,
sm,David Solomon,12_08_2025,aug25,2,3,6,
gs,Goldman Sachs,12_08_2025,aug25,,,6,
pa,Personal Attacks,12_08_2025,aug25,,,9,
maga,Make America Great Again,12_08_2025,aug25,,,4,
,,,,,,,
p498,post498,12_08_2025,aug25,,,4,https://truthsocial.com/@realDonaldTrump/posts/115017723403358459
jm,James Maxwell,12_08_2025,aug25,2,3,4,
js,Justice System / Courts,12_08_2025,aug25,,,4,
rol,Rule of Law,12_08_2025,aug25,,,4,
en,Endorsements / Praise,12_08_2025,aug25,,,15,
maga,Make America Great Again,12_08_2025,aug25,,,4,
,,,,,,,
p499,post499,12_08_2025,aug25,,,4,https://truthsocial.com/@realDonaldTrump/posts/115017724357338500
rc,Robert Chamberlin,12_08_2025,aug25,2,3,4,
js,Justice System ,12_08_2025,aug25,,,4,
rol,Rule of Law,12_08_2025,aug25,,,4,
en,Endorsements / Praise,12_08_2025,aug25,,,15,
maga,Make America Great Again,12_08_2025,aug25,,,4,
,,,,,,,
p500,post500,13_08_2025,aug25,,,10,https://truthsocial.com/@realDonaldTrump/posts/115021272837599192
put,Vladimir Putin,13_08_2025,aug25,2,3,11,
jb,John Bolton,13_08_2025,aug25,2,3,11,
fa,Fake News / Media Criticism,13_08_2025,aug25,,,10,
cor,Corruption,13_08_2025,aug25,,,8,
en,Endorsements,13_08_2025,aug25,,,15,
maga,Make America Great Again,13_08_2025,aug25,,,4,
,,,,,,,
p501,post501,14_08_2025,aug25,,,12,https://truthsocial.com/@realDonaldTrump/posts/115028539481492668
bbb,Big Beautiful Bill,14_08_2025,aug25,,,12,
socs,Social Security,14_08_2025,aug25,,,12,
pa,Personal Attacks,14_08_2025,aug25,,,9,
maga,Make America Great Again,14_08_2025,aug25,,,4,
,,,,,,,
p502,post502,14_08_2025,aug25,,,4, https://truthsocial.com/@realDonaldTrump/posts/115029606475866015
rt,Rebecca Taibleson,14_08_2025,aug25,1,1,4,
js,Justice System / Courts,14_08_2025,aug25,,,4,
le,Rule of Law,14_08_2025,aug25,,,4,
en,Endorsements / Praise,14_08_2025,aug25,,,15,
maga,Make America Great Again,14_08_2025,aug25,,,4,
,,,,,,,
p503,post503,15_08_2025,aug25,,,8,https://truthsocial.com/@realDonaldTrump/posts/115033574125099183
dem,Democrat Party,15_08_2025,aug25,,,3,
cr,Criminals,15_08_2025,aug25,,,8,
pa,Personal Attacks,15_08_2025,aug25,,,9,
maga,Make America Great Again,15_08_2025,aug25,,,4,
,,,,,,,
p504,post504,16_08_2025,aug25,,,11,https://truthsocial.com/@realDonaldTrump/posts/115037569702889410
put,Vladimir Putin,16_08_2025,aug25,2,3,11,
zel,Volodymyr Zelenskyy,16_08_2025,aug25,2,3,11,
nato,NATO ,16_08_2025,aug25,,,11,
pe,Peace,16_08_2025,aug25,,,11,
maga,Make America Great Again,16_08_2025,aug25,,,4,
,,,,,,,
p505,post505,17_08_2025,aug25,,,10,https://truthsocial.com/@realDonaldTrump/posts/115044243039440041
fn,Fake News / Media Criticism,17_08_2025,aug25,,,10,
pe,Peace / Diplomacy,17_08_2025,aug25,,,11,
pa,Personal Attacks,17_08_2025,aug25,,,12,
maga,Make America Great Again,17_08_2025,aug25,,,4,
,,,,,,,
p506,post506,17_08_2025,aug25,,,10,https://truthsocial.com/@realDonaldTrump/posts/115044273350523209
fn,Fake News / Media Criticism,17_08_2025,aug25,,,10,
dem,Democrat Party,17_08_2025,aug25,,,2,
rl,Radical Left,17_08_2025,aug25,,,3,
pe,Peace / Diplomacy,17_08_2025,aug25,,,11,
maga,Make America Great Again,17_08_2025,aug25,,,4,
,,,,,,,
p507,post507,17_08_2025,aug25,,,10,https://truthsocial.com/@realDonaldTrump/posts/115046837910548412
fn,Fake News,17_08_2025,aug25,,,10,
dem,Democrat Party,17_08_2025,aug25,,,2,
rl,Radical Left,17_08_2025,aug25,,,3,
pe,Peace,17_08_2025,aug25,,,11,
cr,Crime,17_08_2025,aug25,,,8,
bb,Southern Border,17_08_2025,aug25,,,12,
maga,Make America Great Again,17_08_2025,aug25,,,4,
,,,,,,,
p508,post508,17_08_2025,aug25,,,11,https://truthsocial.com/@realDonaldTrump/posts/115047099758548722
pe,Peace / Diplomacy,17_08_2025,aug25,,,11,
fn,Fake News / Media Criticism,17_08_2025,aug25,,,10,
dem,Democrat Party,17_08_2025,aug25,,,2,
rl,Radical Left,17_08_2025,aug25,,,3,
cb,Chris Murphy,17_08_2025,aug25,2,2,11,
jb,John Bolton,17_08_2025,aug25,2,3,11,
,,,,,,,
p509,post509,17_08_2025,aug25,,,11,https://truthsocial.com/@realDonaldTrump/posts/115047128460078066
pe,Peace / Diplomacy,17_08_2025,aug25,,,11,
fn,Fake News / Media Criticism,17_08_2025,aug25,,,10,
vz,President Zelenskyy,17_08_2025,aug25,2,3,11,
rus,Russia,17_08_2025,aug25,,,11,
ob,Barack Obama,17_08_2025,aug25,2,1,11,
,,,,,,,
p510,post510,17_08_2025,aug25,,,12,https://truthsocial.com/@realDonaldTrump/posts/115047181541136552
eco,Economy,17_08_2025,aug25,,,1,
maga,MAGA,17_08_2025,aug25,,,1,
,,,,,,,
p511,post511,18_08_2025,aug25,,,1,https://truthsocial.com/@realDonaldTrump/posts/115049902258471066
scam,Election Scam,18_08_2025,aug25,,,1,
election,Election Integrity,18_08_2025,aug25,,,1,
rl,Radical Left,18_08_2025,aug25,,,12,
rep,Republican Party,18_08_2025,aug25,,,12,
,,,,,,,
p512,post512,19_08_2025,aug25,,,11,https://truthsocial.com/@realDonaldTrump/posts/115049974697549520
ham,Hamas,18_08_2025,aug25,,,11,
pe,Peace,18_08_2025,aug25,,,11,
nuc,Iran Nuclear Facilities,18_08_2025,aug25,,,7,
,,,,,,,
p513,post513,18_08_2025,aug25,,,12,https://truthsocial.com/@realDonaldTrump/posts/115049974697549520
dc,D.C. Safety Praise,18_08_2025,aug25,,,12,
fn,Fake Crime Numbers,18_08_2025,aug25,,,8,
ud,Urban Development,18_08_2025,aug25,,,6,
,,,,,,,
p514,post514,18_08_2025,aug25,,,11,https://truthsocial.com/@realDonaldTrump/posts/115050064654728051
fn,Fake News Media,18_08_2025,aug25,,,12,
rl,Radical Left Democrats,18_08_2025,aug25,,,12,
pe,Peace,18_08_2025,aug25,,,11,
russia,russia,18_08_2025,aug25,,,11,
,,,,,,,
p515,post515,18_08_2025,aug25,,,12,https://truthsocial.com/@realDonaldTrump/posts/115051906127274792
caa,New Congressional Map Bill,18_08_2025,aug25,,,12,
pair,Texas Political Leadership,18_08_2025,aug25,,,12,
rep,Republican State Legislators,18_08_2025,aug25,,,12,
,,,,,,,
p516,post516,18_08_2025,aug25,,,11,https://truthsocial.com/@realDonaldTrump/posts/115052030103944534
pe,Peace / Diplomacy,18_08_2025,aug25,,,11,
pm,Political Meeting,18_08_2025,aug25,,,12,
nato,NATO / Security Coordination,18_08_2025,aug25,,,11,
vz,Volodymyr Zelenskyy,18_08_2025,aug25,2,3,11,
em,Emmanuel Macron,18_08_2025,aug25,2,3,11,
as,Alexander Stubb,18_08_2025,aug25,2,3,11,
gm,Giorgia Meloni,18_08_2025,aug25,1,3,11,
ks,Keir Starmer,18_08_2025,aug25,2,3,11,
fm,Friedrich Merz,18_08_2025,aug25,2,3,11,
uvl,Ursula von der Leyen,18_08_2025,aug25,1,3,11,
mr,Mark Rutte,18_08_2025,aug25,2,3,11,
vp,JD Vance,18_08_2025,aug25,2,2,12,
mrub,Marco Rubio,18_08_2025,aug25,2,1,12,
sw,Steve Witkoff,18_08_2025,aug25,2,3,12,
putin,Putin,18_08_2025,aug25,2,3,11,
,,,,,,,
p517,post517,18_08_2025,aug25,,,12,https://truthsocial.com/@realDonaldTrump/posts/115052358324894178
mc,Missing Children / Child Protection,18_08_2025,aug25,,,12,
pair,International Cooperation,18_08_2025,aug25,,,11,
uvl,Ursula von der Leyen,18_08_2025,aug25,1,3,11,
mel,Melania Trump,18_08_2025,aug25,1,2,12,
,,,,,,,
p518,post518,19_08_2025,aug25,,,12,https://truthsocial.com/@realDonaldTrump/posts/115055190585472069
ep,Energy Policy,19_08_2025,aug25,,,12,
wind,Wind Energy / Windmills,19_08_2025,aug25,,,12,
epr,Energy Prices,19_08_2025,aug25,,,12,
,,,,,,,
p519,post519,19_08_2025,aug25,,,12,https://truthsocial.com/@realDonaldTrump/posts/115057827631877948
fed,Federal Reserve ,19_08_2025,aug25,,,12,
eco,Housing Market / Economy,19_08_2025,aug25,,,12,
if,Inflation,19_08_2025,aug25,,,12,
pa,Personal Attack,19_08_2025,aug25,,,12,
jp,Jerome Powell,19_08_2025,aug25,2,3,12,
,,,,,,,
p520,post520,20_08_2025,aug25,,,12,https://truthsocial.com/@realDonaldTrump/posts/115061417084982814
ep,Energy Policy,20_08_2025,aug25,,,12,
wind,Wind Energy / Windmills,20_08_2025,aug25,,,12,
sol,Solar Energy,20_08_2025,aug25,,,12,
ec,Energy Costs,20_08_2025,aug25,,,12,
maga,MAGA,20_08_2025,aug25,,,1,
,,,,,,,
p521,post521,20_08_2025,aug25,,,1,https://truthsocial.com/@realDonaldTrump/posts/115064705209848959
election,Elections / Voting Systems,20_08_2025,aug25,,,1,
vf,Voter Fraud / Mail-in Voting,20_08_2025,aug25,,,1,
rep,Republican Party,20_08_2025,aug25,,,1,
eco,Economy,20_08_2025,aug25,,,12,
gun,Second Amendment / Gun Rights,20_08_2025,aug25,,,12,
,,,,,,,
p522,post522,20_08_2025,aug25,,,1,https://truthsocial.com/@realDonaldTrump/posts/115064726295507295
election,Elections / Voting Systems,20_08_2025,aug25,,,1,
vf,Voter Fraud / Mail-in Voting,20_08_2025,aug25,,,1,
rep,Republican Party,20_08_2025,aug25,,,1,
,,,,,,,
p523,post523,20_08_2025,aug25,,,12,https://truthsocial.com/@realDonaldTrump/posts/115064763272706560
ca,California,20_08_2025,aug25,,,12,
rep,Republican Party,20_08_2025,aug25,,,12,
gn,Gavin Newscum,20_08_2025,aug25,2,2,12,
,,,,,,,
p524,post524,20_08_2025,aug25,,,5,https://truthsocial.com/@realDonaldTrump/posts/115064840755804065
msnbc,MSNBC,20_08_2025,aug25,,,5,
concast,Concast / Brian Roberts,20_08_2025,aug25,,,5,
,,,,,,,
p525,post525,21_08_2025,aug25,,,3,https://truthsocial.com/@realDonaldTrump/posts/115064867714909057
dc,Washington D.C.,21_08_2025,aug25,,,3,
border,Southern Border,21_08_2025,aug25,,,3,
,,,,,,,
p526,post526,21_08_2025,aug25,,,12,https://truthsocial.com/@realDonaldTrump/posts/115066339632774609
ca,California,21_08_2025,aug25,,,12,
ed,School Districts,21_08_2025,aug25,,,12,
rl,Radical Left,21_08_2025,aug25,,,12,
,,,,,,,
p527,post527,21_08_2025,aug25,,,12,https://truthsocial.com/@realDonaldTrump/posts/115067581427069480
ny,New York,21_08_2025,aug25,,,12,
rl,Radical Left,21_08_2025,aug25,,,12,
lg,Legal / Courts,21_08_2025,aug25,,,12,
,,,,,,,
p528,post528,22_08_2025,aug25,,,12,
ny,New York,22_08_2025,aug25,,,12,
lg,Legal,22_08_2025,aug25,,,12,
rl,Radical Left,22_08_2025,aug25,,,12,
,,,,,,,
p528,post528,22_08_2025,aug25,,,4,https://truthsocial.com/@realDonaldTrump/posts/115070802633295008
lj,Leticia James,22_08_2025,aug25,1,2,4,
nyag,New York State Attorney General,22_08_2025,aug25,,3,4,
nyj,New York State Judge,22_08_2025,aug25,,3,4,
apd,Appellate Division,22_08_2025,aug25,,,4,
njs,New York Judicial System,22_08_2025,aug25,,,4,
,,,,,,,
p529,post529,22_08_2025,aug25,,,6,https://truthsocial.com/@realDonaldTrump/posts/115074267817502694
t,tariffs,22_08_2025,aug25,,,6,
nc,North Carolina,22_08_2025,aug25,,,6,
sc,South Carolina,22_08_2025,aug25,,,6,
mi,Michigan,22_08_2025,aug25,,,6,
usa,United States,22_08_2025,aug25,,,6,
fb,Furniture Business,22_08_2025,aug25,,,6,
,,,,,,,
p530,post530,22_08_2025,aug25,,,6,https://truthsocial.com/@realDonaldTrump/posts/115074268844516691
rl,Radical Left,22_08_2025,aug25,,1,12,
cbo,Congressional Budget Office,22_08_2025,aug25,,,6,
t,tariffs,22_08_2025,aug25,,,6,
suc,success,22_08_2025,aug25,,,6,
ep,energy prices,22_08_2025,aug25,,,6,
ta,taxes,22_08_2025,aug25,,,6,
,,,,,,,
p531,post531,23_08_2025,aug25,,,14,
kb,Keegan Bradley,23_08_2025,aug25,2,2,14,
pgat,PGA Tour,23_08_2025,aug25,,,14,
ry,Ryder Cup,23_08_2025,aug25,,,14,