id,name,date,month,sex,party,topcategory,link
cf,campaign fundraising,,,,,1,
ef,election fraud,,,,,1,
suc,surrogate campaigning,,,,,1,
af,America First,,,,,1,
dam,downsyndrrom awareness month,,,,,2,
fy,Fentanyl,,,,,2,
ty,Tylenol,,,,,2,
if,inflation,,,,,3,
iv,investments,,,,,3,
sc,spending cuts,,,,,3,
cor,corruption,,,,,8,
doge,DOGE,,,,,3,
js,justice system,,,,,4,
par,pardon,,,,,4,
le,law enforcement,,,,,4,
sec,second amendment,,,,,4,
fos,freedom of speech,,,,,4,
lp,legal proceedings,,,,,4,
sch,school system,,,,,5,
uni,universities,,,,,5,
ta,taxes,,,,,6,
caaa,corporate and administrative announcements,,,,,6,
ng,national guards,,,,,7,
nwt,nuclear weapons testing,,,,,7,
ma,Marine,,,,,7,
mu,murderer,,,,,8,
cr,criminals,,,,,8,
rl,radical left,,,,,9,
fk,fake news,,,,,10,
mc,flori,,,,,10,
u,Univision,,,,,10,
p,press,,,,,10,
tva,TV appearances,,,,,10,
t,tariffs,,,,,11,
ttb,TikTok Ban,,,,,11,
eu,European Union,,,,,11,
afd,Alternative für Deutschland,,,,,11,
ham,Hamas,,,,,11,
pair,political alliances & international relations,,,,,11,
pm,political meetings,,,,,11,
ic,international comparison,,,,,11,
un,United Nations,,,,,11,
aogo,appointment of government officials,,,,,12,
bbb,Big Beautiful Bill,,,,,12,
o,opposition,,,,,12,
ack,Attentat auf Charlie Kirk,,,,,12,
d,democrats ,,,,,12,
ice,ICE,,,,,12,
isr,Israel,,,,,13,
rus,Russia,,,,,13,
ukr,Ukraine,,,,,13,
gaz,Gaza Stripe,,,,,13,
tha,Thailand,,,,,13,
kam,Kambodscha,,,,,13,
grl,Greenland,,,,,13,
irn,Iran,,,,,13,
ven,Venezuela,,,,,13,
cap,capitol riot ,,,,,13,
b,Blutbad (Bloodbath in Bezug auf Russland/Ukraine),,,,,13,
g,Golf,,,,,14,
ba,Basketball,,,,,14,
wt,wind turbines,,,,,15,
cc,climate change,,,,,15,
ep,energy policy,,,,,15,
rb,religious beliefs,,,,,16,
jew,jews,,,,,16,
npp,nobel peace price,,,,,19,
fpp,FIFA Peace Prize,,,,,19,
pa,personal attaks,,,,,9,
nas,national security,,,,,7,
me,medicaments,,,,,2,
w,wife,,,,,18,
c,children,,,,,18,
usdod,Department of Defense,,,,,7,
aa,Academy Awards,,,,,19,
boo,books,,,,,10,
fball,football,,,,,14,
r,republican,,,,,12,
hist,history,,,,,17,
cm,crime,,,,,8,
gol,golf,,,,,14,
war,war,,,,,13,
ment,mental health,,,,,2,
immi,immigration,,,,,13,
,,,,,,,
,,,,,,,
,,,,,,,
,,,,,,,
,,,,,,,
,,,,,,,
,,,,,,,
,,,,,,,
,,,,,,,
,,,,,,,
,,,,,,,
,,,,,,,
p1,post1,01_09_25,sep25,,,,https://truthsocial.com/@realDonaldTrump/posts/115128853265372429
mb,Muriel Bowser,,,1,1,,
jbp,J. B. Pritzker,,,2,1,,
wm,Wes Moore,,,2,1,,
gn,Gavin Newsom,,,2,1,,
lapd,Law Enforcement Officer,,,,,,
pdc,people of D.C.,,,,,,
cw,City of Washington D.C.,,,,,,
cc,City of Chicago,,,,,,
cla,City od Los Angeles,,,,,,
cny,City of New York,,,,,,
cb,City of Baltimore,,,,,,
nguar,National Guards,,,,,,
,,,,,,,
p2,post2,01_09_25,sep25,,,,https://truthsocial.com/@realDonaldTrump/posts/115128985245605660
rkjr,Robert F. Kennedy Jr.,,,2,3,,
pf,Pfizer,,,,,,
dc,fc,,,,,,
cdc,Centers for Disease Control and Prevention,,,,,,
ows,Operation Warp Speed,,,,,,
tp,The public,,,,,,
,,,,,,,
p3,post3,01_09_25,sep25,,,,https://truthsocial.com/@realDonaldTrump/posts/115129261076571259
i,India,,,,,,
russi,Russia,,,,,,
us,United States,,,,,,
,,,,,,,
p4,post4,01_09_25,sep25,,,,https://truthsocial.com/@realDonaldTrump/posts/115130857021044948
rg,Rudy Giuliani,,,2,2,,
pmf,The Presidential Medal of Freedom,,,,,,
,,,,,,,
p5,post5,02_09_25,sep25,,,,https://truthsocial.com/@realDonaldTrump/posts/115134530741891730
,,,,,,,
p6,post6,02_09_25,sep25,,,,https://truthsocial.com/@realDonaldTrump/posts/115134772860379495
,,,,,,,
p7,post7,02_09_25,sep25,,,,https://truthsocial.com/@realDonaldTrump/posts/115136375132635794
ussc,U.S. Space Command,,,,,,
hv,Huntsville,,,,,,
ab,Alabama,,,,,,
,,,,,,,
p8,post8,02_09_25,sep25,,,,https://truthsocial.com/@realDonaldTrump/posts/115136798909755892
umf,U.S. Military Forces,,,,,,
usc,U.S. Southern Command,,,,,,
tda,Tren de Aragua,,,,,,
wh,Western Hemisphere,,,,,,
nm,Nicolás Maduro,,,,,,
,,,,,,,
p9,post9,02_09_25,sep25,,,,https://truthsocial.com/@realDonaldTrump/posts/115137717177283585
xi,Xi Jinping,,,2,3,,
chi,China,,,,,,
vp,Vladimir Putin,,,2,3,,
kju,Kim Jong Un,,,2,3,,
amer,Americans,,,,,,
,,,,,,,
p10,post10,03_09_25,sep25,,,,https://truthsocial.com/@realDonaldTrump/posts/115141027239026556
hama,Hamas,,,,,,
host,hostages,,,,,,
,,,,,,,
p11,post11,03_09_25,sep25,,,,https://truthsocial.com/@realDonaldTrump/posts/115143490689155283
rod,Rosie O'Donell,,,1,3,,
,,,,,,,
p12,post12,04_09_25,sep25,,,,https://truthsocial.com/@realDonaldTrump/posts/115144078281517668
mc,Mayor of Chicago,,,2,1,,
goi,Govenor of Illinois,,,2,1,,
,,,,,,,
p13,post13,05_09_25,sep25,,,,https://truthsocial.com/@realDonaldTrump/posts/115151159839778614
,,,,,,,
p14,post14,05_09_25,sep25,,,,https://truthsocial.com/@realDonaldTrump/posts/115151165397446776
jn,Jerry Nadler,,,2,1,,
np,Nancy Pelosi,,,1,1,,
uc,US Congress,,,,,,
,,,,,,,
p15,post15,05_09_25,sep25,,,,https://truthsocial.com/@realDonaldTrump/posts/115152031890524220
je,Jeffrey Epstein,,,2,3,,
epsti,Epstein Island,,,,,,
vic,victims,,,,,,
bida,Biden Administration,,,,,,
democ,Democratic Party,,,,,,
rep,Republicans,,,,,,
doj,Department of Justice,,,,,,
,,,,,,,
p16,post16,05_09_25,sep25,,,,https://truthsocial.com/@realDonaldTrump/posts/115152111914572913
jp,Jerome Powell,,,2,2,,
,,,,,,,
p17,post17,05_09_25,sep25,,,,https://truthsocial.com/@realDonaldTrump/posts/115153232183118149
goog,Google,,,,,,
appl,Apple,,,,,,
amtc,American Tech Companies,,,,,,
atp,American Taxpayers,,,,,,
tan,Trump Administration,,,,,,
euro,Europe,,,,,,
,,,,,,,
p18,post18,05_09_25,sep25,,,,https://truthsocial.com/@realDonaldTrump/posts/115153378284802465
euroun,European Union,,,,,,
ac,American Companies,,,,,,
,,,,,,,
p19,post19,05_09_25,sep25,,,,https://truthsocial.com/@realDonaldTrump/posts/115153443118480614
demo,Democrats,,,,,,
,,,,,,,
p20,post20,05_09_25,sep25,,,,https://truthsocial.com/@realDonaldTrump/posts/115154159518653872
ah,Ashley Hinson,,,1,2,,
uss,United States Senate,,,,,,
iw,Iowa,,,,,,
,,,,,,,
p21,post21,07_09_25,sep25,,,,https://truthsocial.com/@realDonaldTrump/posts/115164113502668318
count,Countries,,,,,,
poli,Politicians,,,,,,
windt,Wind turbines,,,,,,
pop,Polpulations,,,,,,
,,,,,,,
p22,post22,07_09_25,sep25,,,,https://truthsocial.com/@realDonaldTrump/posts/115164422928262033
israe,Israelis,,,,,,
hama,Hamas,,,,,,
,,,,,,,
p23,post23,07_09_25,sep25,,,,https://truthsocial.com/@realDonaldTrump/posts/115165715028507857
hy,Hyundai,,,,,,
fc,Foreign Companies,,,,,,
amw,American Workers,,,,,,
,,,,,,,
p24,post24,08_09_25,sep25,,,,https://truthsocial.com/@realDonaldTrump/posts/115168717159863645
jb,Joe Biden,,,2,1,,
pe,2020 Presidential Election,,,,,,
,,,,,,,
p25,post25,08_09_25,sep25,,,,https://truthsocial.com/@realDonaldTrump/posts/115168758828419703
th,Tom Hanks,,,2,3,,
wp,West Point,,,,,,
aaw,Academy Awards,,,,,,
oas,other Award Shows,,,,,,
,,,,,,,
p26,post26,08_09_25,sep25,,,,https://truthsocial.com/@realDonaldTrump/posts/115168778764944128
,,,,,,,
p27,post27,08_09_25,sep25,,,,https://truthsocial.com/@realDonaldTrump/posts/115168933967621443
illi,Illinois,,,,,,
crim,criminals,,,,,,
fg,federal government,,,,,,
,,,,,,,
p28,post28,08_09_25,sep25,,,,https://truthsocial.com/@realDonaldTrump/posts/115169254084774448
mar,Mary,,,,,,
,,,,,,,
p29,post29,08_09_25,sep25,,,,https://truthsocial.com/@realDonaldTrump/posts/115169727944499112
,,,,,,,
p30,post30,08_09_25,sep25,,,,https://truthsocial.com/@realDonaldTrump/posts/115169843962994945
gc,Gianno Caldwell,,,2,,,
ccw,Christian Caldwell,,,2,,,
,,,,,,,
p31,post31,08_09_25,sep25,,,,https://truthsocial.com/@realDonaldTrump/posts/115170494005487289
ur,Ukrainian refugee,,,,,,
rc,Roy Cooper,,,2,1,,
mw,Michael Whatley,,,2,2,,
perp,Perpetrator,,,,,,
mainme,Mainstream Media,,,,,,
norc,North Carolina,,,,,,
,,,,,,,
p32,post32,08_09_25,sep25,,,,https://truthsocial.com/@realDonaldTrump/posts/115171248213293804
nb,Nick Bosa,,,2,3,,
sfers,San Francisco 49ers,,,,,,
ssh,Seattle Seahawks,,,,,,
,,,,,,,
p33,post33,08_09_25,sep25,,,,https://truthsocial.com/@realDonaldTrump/posts/115171801902619547
,,,,,,,
p34,post34,09_09_25,sep25,,,,https://truthsocial.com/@realDonaldTrump/posts/115176193823019593
qat,Qatar,,,,,,
bn,Benjamin Netanyahu,,,,,,
sw,Steve Witkoff,,,,,,
mr,Marco Rubio,,,,,,
eoq,Emir of Qatar,,,,,,
pmoc,Prime Minister of Qatar,,,,,,
,,,,,,,
p35,post35,09_09_25,sep25,,,,https://truthsocial.com/@realDonaldTrump/posts/115176212194047212
et,Elizabeth Tsurkov  ,,,1,3,,
soet,Sister of Elizabeth Tsurkov,,,1,3,,
kh,Kata’ib Hezbollah,,,,,,
aeii,American Embassy in Iraq,,,,,,
,,,,,,,
p36,post36,09_09_25,sep25,,,,https://truthsocial.com/@realDonaldTrump/posts/115176472700835865
nm,Narendra Modi,,,2,3,,
,,,,,,,
p37,post37,09_09_25,sep25,,,,https://truthsocial.com/@realDonaldTrump/posts/115176746512388246
mis,Missouri,,,,,,
missl,Missouri State Legislator,,,,,,
mse,Missouri Senate,,,,,,
,,,,,,,
p38,post38,10_09_25,sep25,,,,https://truthsocial.com/@realDonaldTrump/posts/115180060678818221
,,,,,,,
p39,post39,10_09_25,sep25,,,,https://truthsocial.com/@realDonaldTrump/posts/115180154793561569
,,,,,,,
p40,post40,10_09_25,sep25,,,,https://truthsocial.com/@realDonaldTrump/posts/115180631135047280
pola,Poland,,,,,,
,,,,,,,
,,,,,,,
p41,post41,10_09_25,sep25,,,,https://truthsocial.com/@realDonaldTrump/posts/115181549363103818
ck,Charlie Kirk,,,2,2,,
,,,,,,,
p42,post42,10_09_25,sep25,,,,https://truthsocial.com/@realDonaldTrump/posts/115181934991844419
mt,Melania Trump,,,1,3,,
ek,Erica Kirk,,,1,3,,
yotus,Youth of the United States,,,,,,
,,,,,,,
p43,post43,10_09_25,sep25,,,,https://truthsocial.com/@realDonaldTrump/posts/115182019266546196
,,,,,,,
p44,post44,11_09_25,sep25,,,,https://truthsocial.com/@realDonaldTrump/posts/115183827069786801
mh,Mark Harris,,,2,2,,
fn,Fox News,,,,,,
,,,,,,,
p45,post45,11_09_25,sep25,,,,https://truthsocial.com/@realDonaldTrump/posts/115186203931436783
,,,,,,,
p46,post46,11_09_25,sep25,,,,https://truthsocial.com/@realDonaldTrump/posts/115186228312744900
amer,Americans,,,,,,
vir,Virginia,,,,,,
ny,New York,,,,,,
penn,Pennsylvania,,,,,,
,,,,,,,
p47,post47,11_09_25,sep25,,,,https://truthsocial.com/@realDonaldTrump/posts/115186230726893391
pent,Pentagon,,,,,,
cowor,construction workers,,,,,,
potriv,Potomac River,,,,,,
,,,,,,,
p48,post48,11_09_25,sep25,,,,https://truthsocial.com/@realDonaldTrump/posts/115186868794986559
rm,Roger Marshall,,,2,2,,
usm,U.S. Military,,,,,,
vet,Veterans,,,,,,
kans,Kansas,,,,,,
afarm,American Farmers,,,,,,
agri,American Agriculture,,,,,,
,,,,,,,
p49,post49,11_09_25,sep25,,,,https://truthsocial.com/@realDonaldTrump/posts/115186969669045268
tb, Ted Budd,,,2,2,,
ncr,North Carolina Republicans,,,,,,
js,Josh Stein,,,2,1,,
rc,Roy Cooper,,,2,1,,
,,,,,,,
p50,post50,11_09_25,sep25,,,,https://truthsocial.com/@realDonaldTrump/posts/115187205784578767
kans,Kansas ,,,,,,
rm,Roger Marshall,,,2,2,,
jm,Jerry Moran,,,2,2,,
rmoc,Republican Members of Congress,,,,,,
rsl,Republican State Legislature,,,,,,
,,,,,,,
p51,post51,11_09_25,sep25,,,,https://truthsocial.com/@realDonaldTrump/posts/115187206020244589
jt,John Thune,,,2,2,,
swot,Sisseton-Wahpeton Oyate Tribe,,,,,,
sd,South Dakota,,,,,,
posd,people of South Dakota,,,,,,
,,,,,,,
p52,post52,11_09_25,sep25,,,,https://truthsocial.com/@realDonaldTrump/posts/115187206743663378
rj,Ron Johnson,,,2,2,,
wisc,Wisconsin,,,,,,
pow,people of Wisconsin,,,,,,
,,,,,,,
p53,post53,12_09_25,sep25,,,,https://truthsocial.com/@realDonaldTrump/posts/115193110827591178
col,Cindy O'Laughlin,,,1,2,,
tl,Tony Luetkemeyer,,,2,2,,
cp,Chad Perkins,,,2,2,,
dd,Dirk Deaton,,,2,2,,
missrl,Missouri Republican Legislators,,,,,,
,,,,,,,
p54,post54,12_09_25,sep25,,,,https://truthsocial.com/@realDonaldTrump/posts/115196697263809382
nat,NATO,,,,,,
jb,Joe Biden,,,2,1,,
vz,Volodymyr Zelenskyy,,,2,3,,
,,,,,,,
p55,post55,13_09_25,sep25,,,,https://truthsocial.com/@realDonaldTrump/posts/115198530237918666
ccurl,Cian Curley,,,2,3,,
tngc,Trump National Golf Club,,,,,,
wc,Westchester,,,,,,
,,,,,,,
p56,post56,13_09_25,sep25,,,,https://truthsocial.com/@realDonaldTrump/posts/115199460946450022
memphi,Memphis,,,,,,
cc,Chicago,,,,,,
cla,City of Los Angeles,,,,,,
cw,"City of Washington, D.C.",,,,,,
fbi,FBI,,,,,,
fg,Federal Government,,,,,,
,,,,,,,
p57,post57,14_09_25,sep25,,,,https://truthsocial.com/@realDonaldTrump/posts/115203966487358380
jc,Joe Concha,,,2,3,,
medi,Media ,,,,,,
trum,Trump Movement,,,,,,
,,,,,,,
p58,post58,14_09_25,sep25,,,,https://truthsocial.com/@realDonaldTrump/posts/115204049358078594
fc,Foreign Companies,,,,,,
us,United States,,,,,,
,,,,,,,
p59,post59,14_09_25,sep25,,,,https://truthsocial.com/@realDonaldTrump/posts/115205301127455058
gtm,George “Tyrus” Murdoch,,,2,3,,
gg,Greg Gutfeld,,,2,3,,
lnt,Late Night Television,,,,,,
rlef,Radical Left,,,,,,
dth,Deranged Trump Haters,,,,,,
,,,,,,,
p60,post60,14_09_25,sep25,,,,https://truthsocial.com/@realDonaldTrump/posts/115205520510774944
cn,Chandra Nagamallaiah,,,2,3,,
dal,Dallas,,,,,,
tex,Texas,,,,,,
kn,Kristi Noem,,,1,2,,
pb,Pam Bondi,,,1,2,,
th,Tom Homan,,,2,,,
,,,,,,,
,,,,,,,
p61,post61,15_09_25,sep25,,,,https://truthsocial.com/@realDonaldTrump/posts/115206570863756188
cw,"City of Washington, D.C.",,,,,,
fg,Federal Government,,,,,,
rlde,Radical Left Democrats,,,,,,
ice,ICE,,,,,,
mpd,Metropolitan Police Department,,,,,,
,,,,,,,
,,,,,,,
p62,post62,15_09_25,sep25,,,,https://truthsocial.com/@realDonaldTrump/posts/115207991871277413
kh,Kathy Hochul ,,,1,1,,
zm,Zohran Mamdani,,,2,1,,
cny,City of New York,,,,,,
ny,New York,,,,,,
wash,Washington,,,,,,
,,,,,,,
p63,post63,15_09_25,sep25,,,,https://truthsocial.com/@realDonaldTrump/posts/115208143657180249
nfl,NFL,,,,,,
cfl,College Football,,,,,,
,,,,,,,
p64,post64,15_09_25,sep25,,,,https://truthsocial.com/@realDonaldTrump/posts/115208219886830624
ussaec,U.S. Securities and Exchange Commission,,,,,,
cac,Companies and Corporations,,,,,,
chi,China,,,,,,
,,,,,,,
p65,post65,15_09_25,sep25,,,,https://truthsocial.com/@realDonaldTrump/posts/115208260926006345
us,United States  ,,,,,,
chi,China,,,,,,
xi,xi,,,,,,
euro,Europe,,,,,,
,,,,,,,
p66,post66,15_09_25,sep25,,,,https://truthsocial.com/@realDonaldTrump/posts/115209308362990527
etru,Eric Trump,,,,,,
,,,,,,,
p67,post67,15_09_25,sep25,,,,https://truthsocial.com/@realDonaldTrump/posts/115209549037822166
rmoc,Republican Members of Congress,,,,,,
jt,John Thune,,,2,2,,
mj,Mike Johnson,,,2,2,,
cs,Chuck Schumer,,,2,1,,
hor,House of Representatives,,,,,,
demo,Democrats,,,,,,
rep,Republicans,,,,,,
,,,,,,,
p68,post68,15_09_25,sep25,,,,https://truthsocial.com/@realDonaldTrump/posts/115210075167747572
umf,U.S. Military Forces,,,,,,
usc,United States Southern Command,,,,,,
dtc,Drug Trafficking Cartels,,,,,,
narco,Narcoterrorists,,,,,,
vene,Venezuela,,,,,,
us,United State ,,,,,,
,,,,,,,
p69,post69,15_09_25,sep25,,,,https://truthsocial.com/@realDonaldTrump/posts/115210251262068973
hama,Hamas ,,,,,,
isra,Israel,,,,,,
host,hostages,,,,,,
,,,,,,,
p70,post70,15_09_25,sep25,,,,https://truthsocial.com/@realDonaldTrump/posts/115210542156462323
bl,Bill Lee,,,2,2,,
memp,Memphis,,,,,,
mstf,Memphis Safe Task Force,,,,,,
,,,,,,,
p71,post71,15_09_25,sep25,,,,https://truthsocial.com/@realDonaldTrump/posts/115211918198289404
tnyt,The New York Times,,,,,,
kh,1,,,1,1,,
gs,George Slopadopoulos,,,2,3,,
abc,ABC,,,,,,
dis,Disney,,,,,,
minu,60 Minutes,,,,,,
cbs,CBS,,,,,,
para,Paramount,,,,,,
maga,MAGA,,,,,,
rlde,Radical Left Democrats,,,,,,
,,,,,,,
p72,post72,16_09_25,sep25,,,,https://truthsocial.com/@realDonaldTrump/posts/115215261916717696
rep,Republicans,,,,,,
,,,,,,,
p73,post73,16_09_25,sep25,,,,https://truthsocial.com/@realDonaldTrump/posts/115215278610415981
nm,Narendra Modi,,,2,3,,
russi,Russia,,,,,,
ukra,Ukraine,,,,,,
,,,,,,,
p74,post74,16_09_25,sep25,,,,https://truthsocial.com/@realDonaldTrump/posts/115215419860494912
kba,Karen Bass,,,1,1,,
lz,Lee Zeldin,,,2,2,,
epa,Environmental Protection Agency,,,,,,
jlin,John Lindsay,,,2,3,,
ppa,Pacific Palisades,,,,,,
ccit,California Citizens,,,,,,
,,,,,,,
,,,,,,,
p75,post75,16_09_25,sep25,,,,https://truthsocial.com/@realDonaldTrump/posts/115215531079925851
ial,Ilham Aliyev,,,2,,,
npa,Nikol Pashinyan,,,2,,,
us,United States,,,,,,
aze,Azerbaijan,,,,,,
arme,Armenia,,,,,,
,,,,,,,
p76,post76,16_09_25,sep25,,,,https://truthsocial.com/@realDonaldTrump/posts/115215588649960500
fw,Fani Willis,,,1,1,,
nwa,Nathan Wade,,,2,3,,
gsc,Georgia Supreme Court,,,,,,
bida,Biden Administration,,,,,,
jsmi,Jack Smith,,,2,3,,
demo,Democrats,,,,,,
gamp,Great American Patriots,,,,,,
ajs,American Justice System,,,,,,
tog,Taxpayers of Georgia,,,,,,
,,,,,,,
p77,post77,16_09_25,sep25,,,,https://truthsocial.com/@realDonaldTrump/posts/115216434940272027
tnyt,The New York Times,,,,,,
raleme,Radical Left Media,,,,,,
flori,Florida,,,,,,
us,United States,,,,,,
,,,,,,,
p78,post78,16_09_25,sep25,,,,https://truthsocial.com/@realDonaldTrump/posts/115217256645822887
tpusa,Turning Point USA,,,,,,
ck,Charlie Kirk,,,2,,,
jsmi,Jack Smith,,,2,3,,
bida,Biden Administration,,,,,,
doj,Department of Justice,,,,,,
kh,Kamala Harris,,,1,1,,
us,United States,,,,,,
judg,Judge,,,,,,
,,,,,,,
,,,,,,,
p79,post79,17_09_25,sep25,,,,https://truthsocial.com/@realDonaldTrump/posts/115222372625104790
jkim,Jimmy Kimmel,,,2,3,,
abc,ABC,,,,,,
scol,Stephen Colbert,,,2,3,,
semey,Seth Meyers,,,2,3,,
nbc,NBC,,,,,,
us,United States,,,,,,
,,,,,,,
p80,post80,17_09_25,sep25,,,,https://truthsocial.com/@realDonaldTrump/posts/115222459539841970
anti,ANTIFA,,,,,,
gamp,Great American Patriots,,,,,,
,,,,,,,
p81,post81,18_09_25,sep25,,,,
hrepu,House Republicans,,,,,,
cs,Chuck Schumer,,,2,1,,
demo,Democrats,,,,,,
us,United States,,,,,,
,,,,,,,
p82,post82,18_09_25,sep25,,,,https://truthsocial.com/@realDonaldTrump/posts/115227391845966364
jkim,Jimmy Kimmel,,,2,,,
jkw,Kimmel’s wife,,,1,,,
jkag,Kimmel’s agent,,,2,,,
aa,Academy Awards,,,,,,
,,,,,,,
p83,post83,18_09_25,sep25,,,,https://truthsocial.com/@realDonaldTrump/posts/115227570336805813
chill,Chicago Illegals,,,,,,
us,United States,,,,,,
,,,,,,,
p84,post84,18_09_25,sep25,,,,https://truthsocial.com/@realDonaldTrump/posts/115227590551904968
ilom,Ilhan Omar,,,1,1,,
soma,Somalia,,,,,,
peop,people,,,,,,
,,,,,,,
p85,post85,18_09_25,sep25,,,,https://truthsocial.com/@realDonaldTrump/posts/115227870570776224
ilom,Ilhan Omar,,,1,1,,
soma,Somalia,,,,,,
us,United States,,,,,,
,,,,,,,
p86,post86,19_09_25,sep25,,,,https://truthsocial.com/@realDonaldTrump/posts/115231649861246548
xi,Xi Jinping,,,2,3,,
russi,Russia,,,,,,
ukra,Ukraine,,,,,,
soukor,South Korea,,,,,,
chi,China,,,,,,
us,United States,,,,,,
tito,TikTok,,,,,,
apec,Asia-Pacific Economic Cooperation,,,,,,
,,,,,,,
p87,post87,19_09_25,sep25,,,,https://truthsocial.com/@realDonaldTrump/posts/115232256964155055
rte,Recep Tayyip Erdoğan,,,2,3,,
boe,Boeing F-16,,,,,,
boei,Boeing F-35,,,,,,
whiho,White House,,,,,,
tur,Turkey,,,,,,
us,United States,,,,,,
,,,,,,,
p88,post88,19_09_25,sep25,,,,https://truthsocial.com/@realDonaldTrump/posts/115233272162019294
amerp,American People,,,,,,
atp,American Taxpayers,,,,,,
illali,Illegal Aliens,,,,,,
corp,Corporations,,,,,,
ttgc,The Trump Gold Card,,,,,,
,,,,,,,
p89,post89,19_09_25,sep25,,,,https://truthsocial.com/@realDonaldTrump/posts/115233273741566911
hrepu,House Republicans,,,,,,
hdemo,House Democrats,,,,,,
serep,Senate Republicans,,,,,,
jfe,John Fetterman,,,2,1,,
demo,Democrats,,,,,,
ck,Charlie Kirk,,,,,,
us,United States,,,,,,
dc,D.C.,,,,,,
,,,,,,,
p90,post90,19_09_25,sep25,,,,https://truthsocial.com/@realDonaldTrump/posts/115233555445134712
phe,Pete Hegseth,,,2,2,,
usc,U.S. Southern Command,,,,,,
dto,Designated Terrorist Organization,,,,,,
umf,U.S. Military Forces,,,,,,
amer,Americans,,,,,,
,,,,,,,
p91,post91,19_09_25,sep25,,,,https://truthsocial.com/@realDonaldTrump/posts/115233821158063044
rep,Republicans,,,,,,
us,United States,,,,,,
,,,,,,,
p92,post92,19_09_25,sep25,,,,https://truthsocial.com/@realDonaldTrump/posts/115233841743981161
dlet,David Letterman,,,2,3,,
us,United States,,,,,,
,,,,,,,
p93,post93,20_09_25,sep25,,,,https://truthsocial.com/@realDonaldTrump/posts/115234681538876098
ersie,Erik Siebert,,,2,2,,
mawar,Mark Warner,,,2,1,,
tkai,Tim Kaine,,,2,1,,
rep,Republicans,,,,,,
,,,,,,,
,,,,,,,
p94,post94,20_09_25,sep25,,,,https://truthsocial.com/@realDonaldTrump/posts/115237675581682288
vene,Venezuela,,,,,,
us,United States,,,,,,
mhi,Mental Health Institutions ,,,,,,
pr,Prisoners,,,,,,
,,,,,,,
p95,post95,20_09_25,sep25,,,,https://truthsocial.com/@realDonaldTrump/posts/115238637490866159
np,Nicole Parker,,,1,3,,
fn,Fox News,,,,,,
,,,,,,,
p96,post96,20_09_25,sep25,,,,https://truthsocial.com/@realDonaldTrump/posts/115238745589536576
afg,Afghanistan,,,,,,
baa,Bagram Airbase,,,,,,
us,United States,,,,,,
,,,,,,,
p97,post97,20_09_25,sep25,,,,https://truthsocial.com/@realDonaldTrump/posts/115239012437859070
cw,"Washington, D.C.",,,,,,
,,,,,,,
p98,post98,20_09_25,sep25,,,,https://truthsocial.com/@realDonaldTrump/posts/115239306164275142
pb,Pam Bondi,,,1,2,,
lhal,Lindsey Halligan,,,1,,,
ersie,Erik Siebert,,,2,2,,
,,,,,,,
p99,post99,20_09_25,sep25,,,,https://truthsocial.com/@realDonaldTrump/posts/115239776714791650
lhal,Lindsey Halligan,,,1,,,
pb,Pam Bondi,,,1,2,,
tobla,Todd Blanche,,,2,2,,
jb,Joe Biden,,,2,1,,
demo,Democrats,,,,,,
whiho,White House,,,,,,
marla,Mar-a-Lago,,,,,,
lawfirm,Largest Law Firm in Florida,,,2,2,,
ersie,Erik Siebert,,,,,,
,,,,,,,
p100,post100,22_09_25,sep25,,,,https://truthsocial.com/@realDonaldTrump/posts/115248712390172467
vmil,Venezuelan Militia,,,,,,
,,,,,,,
p101,post101,22_09_25,sep25,,,,https://truthsocial.com/@realDonaldTrump/posts/115249076293700355
kjkt,Kassym-Jomart Kemeluly Tokayev,,,2,3,,
kaz,Kazakhstan,,,,,,
usri,U.S. Rail Industry,,,,,,
faen,Fake Environmentalists,,,,,,
,,,,,,,
p102,post102,22_09_25,sep25,,,,https://truthsocial.com/@realDonaldTrump/posts/115250311291343080
mir,Shavkat Mirziyoyev,,,2,3,,
uzb,Uzbekistan,,,,,,
uza,Uzbekistan Airways,,,,,,
boein,Boeing,,,,,,
amer,Americans,,,,,,
,,,,,,,
p103,post103,23_09_25,sep25,,,,https://truthsocial.com/@realDonaldTrump/posts/115253901757845391
demopa,Democrat Party,,,,,,
demo,Democrats,,,,,,
rep,Republicans,,,,,,
gov,Government of the United States,,,,,,
amerci,American Citizens,,,,,,
atp,American Taxpayers,,,,,,
illali,Illegal Aliens,,,,,,
,,,,,,,
p104,post104,23_09_25,sep25,,,,https://truthsocial.com/@realDonaldTrump/posts/115254363337739989
una,United Nations,,,,,,
,,,,,,,
p105,post105,23_09_25,sep25,,,,https://truthsocial.com/@realDonaldTrump/posts/115254544745193117
mil,Javier Milei,,,2,3,,
arg,Argentina,,,,,,
jb,Joe Biden,,,2,1,,
,,,,,,,
p106,post106,23_09_25,sep25,,,,https://truthsocial.com/@realDonaldTrump/posts/115255115250137156
pb,Pam Bondi,,,1,2,,
tobla,Todd Blanche,,,2,2,,
doj,Department of Justice,,,,,,
judg,Judge,,,,,,
jur,Jury,,,,,,
sser,Secret Service,,,,,,
fdle,Florida Department of Law Enforcement,,,,,,
sher,Sheriff’s Office,,,,,,
att,Assassin,,,,,,
amer,Americans,,,,,,
,,,,,,,
p107,post107,23_09_25,sep25,,,,https://truthsocial.com/@realDonaldTrump/posts/115255130298104593
ukra,Ukraine,,,,,,
russi,Russia,,,,,,
euroun,European Union,,,,,,
nato,NATO,,,,,,
,,,,,,,
p108,post108,23_09_25,sep25,,,,https://truthsocial.com/@realDonaldTrump/posts/115256938634035559
abc,ABC,,,,,,
jkim,Jimmy Kimmel,,,2,,,
dnc,Democratic National Committee,,,,,,
demo,Democrats,,,3,1,,
,,,,,,,
p109,post109,24_09_25,sep25,,,,https://truthsocial.com/@realDonaldTrump/posts/115260622454907511
demopa,Democrat Party,,,,,,
demo,Democrats,,,,,,
rep,Republicans,,,,,,
gov,Government of the United States,,,,,,
amerci,American Citizens,,,,,,
atp,American Taxpayers,,,,,,
illali,Illegal Aliens,,,,,,
,,,,,,,
p110,post110,24_09_25,sep25,,,,https://truthsocial.com/@realDonaldTrump/posts/115260643704742189
demo,Democrats,,,,,,
rlno,Radical Left News Outfits,,,,,,
illali,Illegal Aliens,,,,,,
crim,Criminals,,,,,,
amerci,American Citizens,,,,,,
,,,,,,,
p111,post111,24_09_25,sep25,,,,https://truthsocial.com/@realDonaldTrump/posts/115261106680507707
icefo,ICE Field Office,,,,,,
att,Deranged Shooter,,,,,,
demo,Democrats,,,,,,
lae,Law Enforcement,,,,,,
anti,ANTIFA,,,,,,
dt,Domestic Terrorism Networks,,,,,,
,,,,,,,
p112,post112,24_09_25,sep25,,,,https://truthsocial.com/@realDonaldTrump/posts/115261110149678466
kh,Kamala Harris,,,1,1,,
demopa,Democrat Party,,,,,,
fn,Fox News,,,,,,
gb,Bush,,,,,,
ec,Electoral College,,,,,,
pv,Popular Vote,,,,,,
,,,,,,,
p113,post113,24_09_25,sep25,,,,https://truthsocial.com/@realDonaldTrump/posts/115261466629181518
una,United Nations,,,,,,
mt,Melania Trump,,,,,,
sser,Secret Service,,,,,,
,,,,,,,
p114,post114,25_09_25,sep25,,,,https://truthsocial.com/@realDonaldTrump/posts/115264848871452989
jc,Jack Ciattarelli,,,2,2,,
ms,Mikie Sherrill,,,1,1,,
nj,New Jersey,,,,,,
cny,City of New York,,,,,,
,,,,,,,
p115,post115,25_09_25,sep25,,,,https://truthsocial.com/@realDonaldTrump/posts/115267382531822964
htm,Heavy Truck Manufacturers,,,,,,
pbt,Peterbilt,,,,,,
knw,Kenworth,,,,,,
fln,Freightliner,,,,,,
mck,Mack Trucks,,,,,,
truk,Truckers,,,,,,
us,United States,,,,,,
,,,,,,,
p116,post116,25_09_25,sep25,,,,https://truthsocial.com/@realDonaldTrump/posts/115267459188661048
uscab,US Cabinet Manufacturers,,,,,,
usfur,US Furniture Manufacturers,,,,,,
usman,US Manufacturing Sector,,,,,,
us,United States,,,,,,
,,,,,,,
p117,post117,25_09_25,sep25,,,,https://truthsocial.com/@realDonaldTrump/posts/115267512131958759
phco,Pharmaceutical Companies,,,,,,
usphm,U.S. Pharmaceutical Manufacturing,,,,,,
us,United States,,,,,,
,,,,,,,
p118,post118,25_09_25,sep25,,,,https://truthsocial.com/@realDonaldTrump/posts/115267513846352215
jco,James Comey,,,2,3,,
fbi,Federal Bureau of Investigation,,,,,,
gj,Grand Jury,,,,,,
us,United States,,,,,,
,,,,,,,
p119,post119,25_09_25,sep25,,,,https://truthsocial.com/@realDonaldTrump/posts/115267566687091858
jp,Jerome Powell,,,2,2,,
us,United States,,,,,,
,,,,,,,
p120,post120,26_09_25,sep25,,,,https://truthsocial.com/@realDonaldTrump/posts/115270236987768479
jco,James Comey,,,2,2,,
jb,Joe Biden,,,2,1,,
judg,Judge,,,,,,
us,United States,,,,,,
,,,,,,,
p121,post121,26_09_25,sep25,,,,https://truthsocial.com/@realDonaldTrump/posts/115270250599016202
jco,James Comey,,,2,2,,
us,United States,,,,,,
,,,,,,,
p122,post122,26_09_25,sep25,,,,https://truthsocial.com/@realDonaldTrump/posts/115271135823530018
ty,Tylenol,,,,,,
me,medicaments,,,,,,
c,Children,,,,,,
tp,The public,,,,,,
,,,,,,,
p123,post123,26_09_25,sep25,,,,https://truthsocial.com/@realDonaldTrump/posts/115272539858157742
aa,Amelia Earhart,,,1,3,,
us,United States,,,,,,
,,,,,,,
p124,post124,26_09_25,sep25,,,,https://truthsocial.com/@realDonaldTrump/posts/115272758814629814
lm,Lisa Monaco,,,1,1,,
aw,Andrew Weissmann,,,2,,,
mg,Merrick Garland,,,2,1,,
jb,Joe Biden,,,2,1,,
ms,Microsoft,,,,,,
us,United States,,,,,,
,,,,,,,
p125,post125,26_09_25,sep25,,,,https://truthsocial.com/@realDonaldTrump/posts/115272791741064606
bc,Brendan Carr,,,2,2,,
fcc,Federal Communications Commission,,,,,,
tan,Trump Administration,,,,,,
atp,American Taxpayers,,,,,,
,,,,,,,
p126,post126,26_09_25,sep25,,,,https://truthsocial.com/@realDonaldTrump/posts/115272913573921379
ham,Hamas,,,,,,
isra,Israel,,,,,,
bn,Benjamin Netanyahu,,,2,3,,
host,Hostages,,,,,,
amer,Americans,,,,,,
,,,,,,,
p127,post127,26_09_25,sep25,,,,https://truthsocial.com/@realDonaldTrump/posts/115273002921064922
jc,James Comey,,,2,2,,
kbp,Kash Patel,,,2,,,
fbi,FBI,,,,,,
lhal,Lindsey Halligan,,,1,,,
doj,Department of Justice,,,,,,
,,,,,,,
p128,post128,27_09_25,sep25,,,,https://truthsocial.com/@realDonaldTrump/posts/115276694936263266
kn,Kristi Noem,,,1,2,,
ph,Pete Hegseth,,,2,2,,
ice,ICE,,,,,,
anti,ANTIFA,,,,,,
usm,U.S. Military,,,,,,
por,"Portland, Oregon",,,,,,
,,,,,,,
p129,post129,27_09_25,sep25,,,,https://truthsocial.com/@realDonaldTrump/posts/115277207989888806
fbi,Federal Bureau of Investigation,,,,,,
cw,Christopher Wray,,,2,2,,
jc,James Comey,,,2,2,,
pat,American Patriots,,,,,,
pol,Politicians (unspecific),,,,,,
,,,,,,,
p130,post130,27_09_25,sep25,,,,https://truthsocial.com/@realDonaldTrump/posts/115277958170081067
cw,Christopher Wray,,,2,2,,
ccr,Chris Christie,,,2,2,,
,,,,,,,
p131,post131,27_09_25,sep25,,,,https://truthsocial.com/@realDonaldTrump/posts/115279734861052153
dm,Douglas Murray,,,2,3,,
,,,,,,,
p132,post132,28_09_25,sep25,,,,https://truthsocial.com/@realDonaldTrump/posts/115282475594529474
kc,King Charles,,,2,,,
qc,Queen Camilla,,,3,,,
rfam,Royal Family,,,,,,
,,,,,,,
p133,post133,28_09_25,sep25,,,,https://truthsocial.com/@realDonaldTrump/posts/115283020712432544
fbi,FBI,,,,,,
tan,Trump Administration,,,,,,
tp,The Public,,,,,,
,,,,,,,
p134,post134,28_09_25,sep25,,,,https://truthsocial.com/@realDonaldTrump/posts/115283456384015419
rmn,Russell M. Nelson,,,2,3,,
wnel,Wendy Nelson,,,1,2,,
cjcls,Church of Jesus Christ of Latter-day Saints,,,,,,
,,,,,,,
p135,post135,28_09_25,sep25,,,,https://truthsocial.com/@realDonaldTrump/posts/115283825662825835
whiho,White House,,,,,,
,,,,,,,
p136,post136,28_09_25,sep25,,,,https://truthsocial.com/@realDonaldTrump/posts/115285407847623317
nfl,NFL,,,,,,
,,,,,,,
p137,post137,29_09_25,sep25,,,,https://truthsocial.com/@realDonaldTrump/posts/115287641147640374
zm,Zohran Mamdani,,,2,3,,
rep,Republicans,,,,,,
cny,City of New York,,,,,,
,,,,,,,
p138,post138,29_09_25,sep25,,,,https://truthsocial.com/@realDonaldTrump/posts/115287691323395767
us,United States,,,,,,
cali,California,,,,,,
,,,,,,,
p139,post139,29_09_25,sep25,,,,https://truthsocial.com/@realDonaldTrump/posts/115287723938349086
noca,North Carolina,,,,,,
us,United States,,,,,,
,,,,,,,
p140,post140,01_10_25,oct25,,,,https://truthsocial.com/@realDonaldTrump/posts/115300118756896774
nguar,National Guards,,,,,,
ore,Oregon,,,,,,
lae,Law Enforcement,,,,,,
anti,ANTIFA,,,,,,
demo,Democrats,,,,,,
,,,,,,,
p141,post141,01_10_25,oct25,,,,https://truthsocial.com/@realDonaldTrump/posts/115300121637799728
ore,Oregon,,,,,,
pat,American Patriots,,,,,,
,,,,,,,
p142,post142,01_10_25,oct25,,,,https://truthsocial.com/@realDonaldTrump/posts/115300187189696754
afarm,American Farmers,,,,,,
us,United States,,,,,,
chi,China,,,,,,
,,,,,,,
p143,post143,01_10_25,oct25,,,,https://truthsocial.com/@realDonaldTrump/posts/115300247218302066
jp,Jerome Powell,,,,,,
,,,,,,,
p144,post144,01_10_25,oct25,,,,https://truthsocial.com/@realDonaldTrump/posts/115300785090391636
mw,Maxine Waters,,,,,,
illali,Illegal Aliens,,,,,,
atp,American Taxpayers,,,,,,
,,,,,,,
p145,post145,01_10_25,oct25,,,,https://truthsocial.com/@realDonaldTrump/posts/115302268694968810
rep,Republicans,,,,,,
demo,Democrats,,,,,,
,,,,,,,
p146,post146,02_10_25,oct25,,,,https://truthsocial.com/@realDonaldTrump/posts/115304401783234720
demo,Democrats,,,,,,
illali,Illegal Aliens,,,,,,
atp,American Taxpayers,,,,,,
,,,,,,,
p147,post147,02_10_25,oct25,,,,https://truthsocial.com/@realDonaldTrump/posts/115304455138824245
rv,Russ Vought,,,2,2,,
demo,Democrats,,,,,,
,,,,,,,
p148,post148,02_10_25,oct25,,,,https://truthsocial.com/@realDonaldTrump/posts/115304536210429622
rep,Republicans,,,,,,
demo,Democrats,,,,,,
zm,Zohran Mamdani,,,,,,
,,,,,,,
p149,post149,03_10_25,oct25,,,,https://truthsocial.com/@realDonaldTrump/posts/115310630808491399
hama,Hamas,,,,,,
isra,Israel,,,,,,
us,United States,,,,,,
host,hostages,,,,,,
,,,,,,,
p150,post150,03_10_25,oct25,,,,https://truthsocial.com/@realDonaldTrump/posts/115311008657859843
idah,Idaho,,,,,,
jrisch,Jim Risch,,,2,2,,
vet,Veterans,,,,,,
,,,,,,,
p151,post151,03_10_25,oct25,,,,https://truthsocial.com/@realDonaldTrump/posts/115311232842528048
cny,City of New York,,,,,,
ny,New York State,,,,,,
hs,Homeland Security,,,,,,
ct,Counterterrorism,,,,,,
,,,,,,,
p152,post152,03_10_25,oct25,,,,https://truthsocial.com/@realDonaldTrump/posts/115311360340851958
vene,Venezuela,,,,,,
us,United States,,,,,,
dtc,Drug Trafficking Cartels,,,,,,
,,,,,,,
p153,post153,03_10_25,oct25,,,,https://truthsocial.com/@realDonaldTrump/posts/115311560762123348
mve,Matt Van Epps,,,2,2,,
jjordan,Jim Jordan,,,2,2,,
uc,US Congress,,,,,,
rep,Republicans,,,,,,
vet,Veterans,,,,,,
,,,,,,,
p154,post154,03_10_25,oct25,,,,https://truthsocial.com/@realDonaldTrump/posts/115312298602997974
hama,Hamas,,,,,,
isra,Israel,,,,,,
host,hostages,,,,,,
us,United States,,,,,,
,,,,,,,
p155,post155,03_10_25,oct25,,,,https://truthsocial.com/@realDonaldTrump/posts/115312550655380642
ussn,U.S. Navy,,,,,,
ph,Pete Hegseth,,,2,2,,
jp,John Phelan,,,2,2,,
cs,Chuck Schumer,,,2,1,,
hjeff,Hakeem Jeffries,,,2,1,,
demo,Democrats,,,,,,
umf,U.S. Military Forces,,,,,,
vir,Virginia,,,,,,
us,United States,,,,,,
,,,,,,,
p156,post156,03_10_25,oct25,,,,https://truthsocial.com/@realDonaldTrump/posts/115312821068691123
ice,ICE,,,,,,
lae,Law Enforcement,,,,,,
umf,U.S. Military Forces,,,,,,
,,,,,,,
p157,post157,04_10_25,oct25,,,,https://truthsocial.com/@realDonaldTrump/posts/115316576281168745
isra,Israel,,,,,,
hama,Hamas,,,,,,
host,hostages,,,,,,
us,United States,,,,,,
,,,,,,,
p158,post158,04_10_25,oct25,,,,https://truthsocial.com/@realDonaldTrump/posts/115317676598981431
lj,Letitia James,,,1,1,,
kh,Kathy Hochul,,,1,1,,
nystate,New York State,,,,,,
corp,Companies / Corporations,,,,,,
txex,Texas Exchange,,,,,,
demo,Democrats,,,,,,
,,,,,,,
p159,post159,04_10_25,oct25,,,,https://truthsocial.com/@realDonaldTrump/posts/115317679562891817
isra,Israel,,,,,,
hama,Hamas,,,,,,
host,hostages,,,,,,
pr,Prisoners,,,,,,
us,United States,,,,,,
,,,,,,,
p160,post160,04_10_25,oct25,,,,https://truthsocial.com/@realDonaldTrump/posts/115318223084524890
u,Univision,,,,,,
goog,Google,,,,,,
rep,Republicans,,,,,,
,,,,,,,
p161,post161,05_10_25,oct25,,,,https://truthsocial.com/@realDonaldTrump/posts/115321994845181490
umf,U.S. Military Forces,,,,,,
us,United States,,,,,,
,,,,,,,
p162,post162,05_10_25,oct25,,,,https://truthsocial.com/@realDonaldTrump/posts/115322323424244142
jj,Jay Jones,,,2,1,,
jm,Jason Miyares,,,2,2,,
as,Abigail Spanberger,,,1,1,,
va,Virginia,,,,,,
rep,Republicans,,,,,,
demo,Democrats,,,,,,
,,,,,,,
p163,post163,05_10_25,oct25,,,,https://truthsocial.com/@realDonaldTrump/posts/115322333732211990
fn,Fox News,,,,,,
pd,Peter Doocy,,,2,3,,
mkel,Mark Kelly,,,2,1,,
demo,Democrats,,,,,,
rep,Republicans,,,,,,
,,,,,,,
p164,post164,05_10_25,oct25,,,,https://truthsocial.com/@realDonaldTrump/posts/115323790604734426
hama,Hamas,,,,,,
host,hostages,,,,,,
isra,Israel,,,,,,
gaza,Gaza Stripe,,,,,,
count,Countries,,,,,,
egy,Egypt,,,,,,
,,,,,,,
p165,post165,05_10_25,oct25,,,,https://truthsocial.com/@realDonaldTrump/posts/115324114715261770
opec,OPEC,,,,,,
bhb,Big Homebuilders,,,,,,
fm,Fannie Mae,,,,,,
fmac,Freddie Mac,,,,,,
,,,,,,,
p166,post166,05_10_25,oct25,,,,https://truthsocial.com/@realDonaldTrump/posts/115324116995053528
as,Al Sharpton,,,2,1,,
br,Brian Roberts,,,2,1,,
nbc,NBC,,,,,,
abc,ABC,,,,,,
fcc,Federal Communications Commission,,,,,,
demo,Democrats,,,,,,
rep,Republicans,,,,,,
,,,,,,,
p167,post167,06_10_25,oct25,,,,https://truthsocial.com/@realDonaldTrump/posts/115327091437197645
us,United States,,,,,,
,,,,,,,
p168,post168,06_10_25,oct25,,,,https://truthsocial.com/@realDonaldTrump/posts/115327555965429625
jpn,Japan,,,,,,
pmj,Female Prime Minister of Japan,,,1,3,,
,,,,,,,
p169,post169,06_10_25,oct25,,,,https://truthsocial.com/@realDonaldTrump/posts/115328193599837767
br,Brazil,,,,,,
us,United States,,,,,,
lula,President Lula,,,2,3,,
,,,,,,,
p170,post170,06_10_25,oct25,,,,https://truthsocial.com/@realDonaldTrump/posts/115328463321928109
us,United States,,,,,,
count,Countries,,,,,,
htm,Heavy Truck Manufacturers,,,,,,
,,,,,,,
p171,post171,06_10_25,oct25,,,,https://truthsocial.com/@realDonaldTrump/posts/115329671584864920
us,United States,,,,,,
demo,Democrats,,,,,,
amer,Americans,,,,,,
usgov,United States Government,,,,,,
,,,,,,,
p172,post172,07_10_25,oct25,,,,https://truthsocial.com/@realDonaldTrump/posts/115332793655857227
mbau,Michael Baumgartner,,,2,2,,
rep,Republicans,,,,,,
wa,Washington,,,,,,
mbart,Maria Bartiromo,,,1,,,
,,,,,,,
p173,post173,07_10_25,oct25,,,,https://truthsocial.com/@realDonaldTrump/posts/115332808536869094
jsmi,Jack Smith,,,2,3,,
,,,,,,,
p174,post174,07_10_25,oct25,,,,https://truthsocial.com/@realDonaldTrump/posts/115332976894666371
mve,Matt Van Epps,,,2,2,,
jt,Jim Jordan,,,2,2,,
vet,Veterans,,,,,,
us,United States,,,,,,
,,,,,,,
p175,post175,07_10_25,oct25,,,,https://truthsocial.com/@realDonaldTrump/posts/115335941705023271
rbl,Richard Blumenthal,,,2,1,,
us,United States,,,,,,
sen,U.S. Senate,,,,,,
vnm,Vietnam,,,,,,
,,,,,,,
p176,post176,07_10_25,oct25,,,,https://truthsocial.com/@realDonaldTrump/posts/115335985411793079
mve,Matt Van Epps,,,2,2,,
us,United States,,,,,,
,,,,,,,
p177,post177,07_10_25,oct25,,,,https://truthsocial.com/@realDonaldTrump/posts/115336083572186272
jsmi,Jack Smith,,,2,3,,
bidoj,Biden DOJ,,,,,,
repsen,Republican Senators,,,,,,
repcong,Republican Congressman,,,,,,
,,,,,,,
p178,post178,08_10_25,oct25,,,,https://truthsocial.com/@realDonaldTrump/posts/115336552194960046
cc,City of Chicago,,,,,,
,,,,,,,
p179,post179,08_10_25,oct25,,,,https://truthsocial.com/@realDonaldTrump/posts/115338509988551290
ice,ICE,,,,,,
,,,,,,,
,,,,,,,
,,,,,,,
p180,post180,08_10_25,oct25,,,,https://truthsocial.com/@realDonaldTrump/posts/115339108942948542
uth,James Uthmeier,,,2,2,,
us,United States,,,,,,
maga,MAGA,,,,,,
aa,Alligator Alcatraz,,,,,,
scot,United States Supreme Court,,,,,,
dsb,Deep State bureaucrats,,,,,,
cped,Criminal Pedophiles,,,,,,
c,Children,,,,,,
lemb,Members of Law Enforcement,,,,,,
fl,Florida,,,,,,
,,,,,,,
p181,post181,08_10_25,oct25,,,,https://truthsocial.com/@realDonaldTrump/posts/115339130014906858
csmi,Chris Smith,,,2,2,,
amer,Americans,,,,,,
amerf,American Forces / Military,,,,,,
us,United States,,,,,,
hcfa,House Committee on Foreign Affairs,,,,,,
,,,,,,,
p182,post182,08_10_25,oct25,,,,https://truthsocial.com/@realDonaldTrump/posts/115339214405326306
jvd,Jeff Van Drew,,,2,2,,
maga,MAGA,,,,,,
amer,Americans,,,,,,
amerf,American Forces,,,,,,
us,United States,,,,,,
hjso,House Judiciary Subcommittee on Oversight,,,,,,
ponj,People of New Jersey’s 2nd Congressional District,,,,,,
,,,,,,,
p183,post183,08_10_25,oct25,,,,https://truthsocial.com/@realDonaldTrump/posts/115340993884364431
isra,Israel,,,,,,
hama,Hamas,,,,,,
host,Hostages,,,,,,
us,United States,,,,,,
count,Countries,,,,,,
egy,Egypt,,,,,,
qat,Qatar,,,,,,
tur,Turkey,,,,,,
medi,Media,,,,,,
,,,,,,,
p184,post184,09_10_25,oct25,,,,https://truthsocial.com/@realDonaldTrump/posts/115344029460933968
mh,Mike Huckabee,,,2,2,,
us,United States,,,,,,
me,Middle East,,,,,,
,,,,,,,
p185,post185,09_10_25,oct25,,,,https://truthsocial.com/@realDonaldTrump/posts/115344056627930464
eyl,Eylon Levy,,,,,,
fn,FoxNews,,,,,,
me,Middle East,,,,,,
,,,,,,,
p181,post181,09_10_25,oct25,,,,https://truthsocial.com/@realDonaldTrump/posts/115344969648448054
bc,Ben Carson,,,2,2,,
usda,United States Department of Agriculture,,,,,,
us,United States,,,,,,
amer,Americans,,,,,,
,,,,,,,
p187,post187,09_10_25,oct25,,,,https://truthsocial.com/@realDonaldTrump/posts/115344973130792718
fbi,Federal Bureau of Investigation,,,,,,
cw,Christopher Wray,,,2,2,,
kbp,Kash Patel,,,2,2,,
pb,Pam Bondi,,,1,2,,
doj,Department of Justice,,,,,,
crim,Criminals,,,,,,
,,,,,,,
p188,post188,09_10_25,oct25,,,,https://truthsocial.com/@realDonaldTrump/posts/115345041705180674
us,United States,,,,,,
count,Countries,,,,,,
twc,Third World Countries,,,,,,
,,,,,,,
p189,post189,10_10_25,oct25,,,,https://truthsocial.com/@realDonaldTrump/posts/115350455734003647
chi,China,,,,,,
us,United States,,,,,,
count,Countries (unspecific),,,,,,
euro,Europe,,,,,,
xi,Xi Jinping,,,2,,,
apec,Asia-Pacific Economic Cooperation,,,,,,
soukor,South Korea,,,,,,
me,Middle East,,,,,,
,,,,,,,
p190,post190,10_10_25,oct25,,,,https://truthsocial.com/@realDonaldTrump/posts/115351840469973590
chi,China,,,,,,
us,United States,,,,,,
count,Countries,,,,,,
,,,,,,,
p191,post191,10_10_25,oct25,,,,https://truthsocial.com/@realDonaldTrump/posts/115353404685317152
uscab,U.S. Attorney in D.C.,,,,,,
cw,City of Washington D.C.,,,,,,
,,,,,,,
p192,post192,11_10_25,oct25,,,,https://truthsocial.com/@realDonaldTrump/posts/115356736998906023
cs,Chuck Schumer,,,2,1,,
demo,Democrats,,,,,,
tro,Troops,,,,,,
phe,Pete Hegseth,,,,,,
umf,U.S. Military Forces,,,,,,
,,,,,,,
p193,post193,11_10_25,oct25,,,,https://truthsocial.com/@realDonaldTrump/posts/115359097815090250
bb,Bill Brennan,,,2,,,
cnn,CNN,,,,,,
,,,,,,,
p194,post194,12_10_25,oct25,,,,https://truthsocial.com/@realDonaldTrump/posts/115359298785234325
ds,Dan Scavino,,,2,,,
sg,Sergio Gor,,,2,3,,
whppo,White House Presidential Personnel Office,,,,,,
ind,India,,,,,,
,,,,,,,
p195,post195,12_10_25,oct25,,,,https://truthsocial.com/@realDonaldTrump/posts/115359345947837427
fbi,FBI,,,,,,
fbiag,FBI Agents,,,,,,
,,,,,,,
p196,post196,12_10_25,oct25,,,,https://truthsocial.com/@realDonaldTrump/posts/115361806192142146
asch,Adam Schiff,,,2,1,,
uc,US Congress,,,,,,
,,,,,,,
p197,post197,12_10_25,oct25,,,,https://truthsocial.com/@realDonaldTrump/posts/115362196088273474
xi,Xi Jinping,,,2,3,,
chi,China,,,,,,
us,United States,,,,,,
,,,,,,,
p198,post198,12_10_25,oct25,,,,https://truthsocial.com/@realDonaldTrump/posts/115362973187528235
acu,America’s Colleges and Universities,,,,,,
you,Youth,,,,,,
soc,Society,,,,,,
fg,Federal Government,,,,,,
amer,Americans,,,,,,
,,,,,,,
p199,post199,12_10_25,oct25,,,,https://truthsocial.com/@realDonaldTrump/posts/115362978954725477
cb,Lord Conrad Black,,,2,3,,
isra,Israel,,,,,,
me,Middle East,,,,,,
,,,,,,,
p200,post200,13_10_25,oct25,,,,https://truthsocial.com/@realDonaldTrump/posts/115367574318732455
ussn,U.S. Navy,,,,,,
,,,,,,,
p201,post201,14_10_25,oct25,,,,https://truthsocial.com/@realDonaldTrump/posts/115370746210555899
gm,Giorgia Meloni,,,1,3,,
ital,People of Italy,,,,,,
,,,,,,,
p202,post202,14_10_25,oct25,,,,https://truthsocial.com/@realDonaldTrump/posts/115370891823342027
isra,Israel,,,,,,
egy,Egypt,,,,,,
gaza,Gaza Stripe,,,,,,
count,Great Countries,,,,,,
me,Middle East,,,,,,
,,,,,,,
p203,post203,14_10_25,oct25,,,,https://truthsocial.com/@realDonaldTrump/posts/115370899456605514
tm,Time Magazine,,,,,,
,,,,,,,
p204,post204,14_10_25,oct25,,,,https://truthsocial.com/@realDonaldTrump/posts/115373521310796812
ck,Charlie Kirk,,,2,2,,
me,Middle East,,,,,,
,,,,,,,
p205,post205,14_10_25,oct25,,,,https://truthsocial.com/@realDonaldTrump/posts/115373569028997850
host,Hostages,,,,,,
amer,Americans,,,,,,
,,,,,,,
p206,post206,14_10_25,oct25,,,,https://truthsocial.com/@realDonaldTrump/posts/115373650611754631
etru,Eric Trump,,,2,2,,
,,,,,,,
p207,post207,14_10_25,oct25,,,,https://truthsocial.com/@realDonaldTrump/posts/115373751811822463
phe,Pete Hegseth,,,2,2,,
vsl,Vessel,,,,,,
dto,Designated Terrorist Organization,,,,,,
us,United States,,,,,,
usc,U.S. Southern Command,,,,,,
vene,Venezuela,,,,,,
ntw,Narcoterrorists,,,,,,
,,,,,,,
p208,post208,14_10_25,oct25,,,,https://truthsocial.com/@realDonaldTrump/posts/115374202790006886
chi,China,,,,,,
us,United States,,,,,,
afarm,American Farmers,,,,,,
,,,,,,,
p209,post209,14_10_25,oct25,,,,https://truthsocial.com/@realDonaldTrump/posts/115374972311663773
jm,Javier Milei,,,2,3,,
arg,Argentina,,,,,,
peopa,people of Argentina,,,,,,
,,,,,,,
p210,post210,14_10_25,oct25,,,,https://truthsocial.com/@realDonaldTrump/posts/115375105881550079
bo,Bob Onder,,,2,2,,
mo,Missouri,,,,,,
vet,Veterans,,,,,,
,,,,,,,
p211,post211,14_10_25,oct25,,,,https://truthsocial.com/@realDonaldTrump/posts/115375106561964982
nd,Neal Dunn,,,2,2,,
fl,Florida,,,,,,
vet,Veterans,,,,,,
,,,,,,,
p212,post212,14_10_25,oct25,,,,https://truthsocial.com/@realDonaldTrump/posts/115375107170577916
kc,Kat Cammack,,,1,2,,
fl,Florida,,,,,,
vet,Veterans,,,,,,
afarm,American Farmers,,,,,,
,,,,,,,
p213,post213,14_10_25,oct25,,,,https://truthsocial.com/@realDonaldTrump/posts/115375107555771159
ll,Laurel Lee,,,1,2,,
umf,U.S. Military Forces,,,,,,
vet,Veterans,,,,,,
,,,,,,,
p214,post214,14_10_25,oct25,,,,https://truthsocial.com/@realDonaldTrump/posts/115375108572896191
tm,Tim Moore,,,2,2,,
umf,U.S. Military Forces,,,,,,
vet,Veterans,,,,,,
,,,,,,,
p215,post215,14_10_25,oct25,,,,https://truthsocial.com/@realDonaldTrump/posts/115375108797044323
vf,Vince Fong,,,2,2,,
umf,U.S. Military Forces,,,,,,
vet,Veterans,,,,,,
afarm,American Farmers,,,,,,
,,,,,,,
p216,post216,14_10_25,oct25,,,,https://truthsocial.com/@realDonaldTrump/posts/115375109495548501
wt,William Timmons,,,2,2,,
umf,U.S. Military Forces,,,,,,
vet,Veterans,,,,,,
lae,Law Enforcement,,,,,,
,,,,,,,
p217,post217,14_10_25,oct25,,,,https://truthsocial.com/@realDonaldTrump/posts/115375110148150196
rf,Russell Fry,,,2,2,,
umf,U.S. Military Forces,,,,,,
vet,Veterans,,,,,,
,,,,,,,
p218,post218,14_10_25,oct25,,,,https://truthsocial.com/@realDonaldTrump/posts/115375110884191581
tc,Tom Cole,,,2,2,,
umf,U.S. Military Forces,,,,,,
vet,Veterans,,,,,,
,,,,,,,https://truthsocial.com/@realDonaldTrump/posts/115375111830070922
p219,post219,14_10_25,oct25,,,,
jm,John Moolenaar,,,2,2,,
umf,U.S. Military Forces,,,,,,
vet,Veterans,,,,,,
,,,,,,,
p220,post220,16_10_25,oct25,,,,https://truthsocial.com/@realDonaldTrump/posts/115384523296720119
vp,Vladimir Putin,,,2,3,,
,,,,,,,
p213,post213,16_10_25,oct25,,,,https://truthsocial.com/@realDonaldTrump/posts/115384956858741387
vp,Vladimir Putin,,,2,3,,
russi,Russia,,,,,,
us,United States,,,,,,
ukra,Ukraine,,,,,,
mt,Melania Trump,,,1,,,
c,Children,,,,,,
mr,Marco Rubio,,,2,2,,
vz,Volodymyr Zelenskyy,,,2,3,,
whiho,White House,,,,,,
,,,,,,,
p214,post214,16_10_25,oct25,,,,https://truthsocial.com/@realDonaldTrump/posts/115385030312911724
hama,Hamas,,,,,,
gaza,Gaza Stripe,,,,,,
us,United States,,,,,,
,,,,,,,
p215,post215,16_10_25,oct25,,,,https://truthsocial.com/@realDonaldTrump/posts/115385308751129485
imo,International Maritime Organization,,,,,,
us,United States,,,,,,
atp,American Taxpayers,,,,,,
,,,,,,,
p216,post216,16_10_25,oct25,,,,https://truthsocial.com/@realDonaldTrump/posts/115386860322605604
rep,Republicans,,,,,,
democ,Democratic Party,,,,,,
usatt,U.S. Attorneys,,,,,,
demo ,Democrats,,,,,,
cg,Chuck Grassley,,,2,2,,
,,,,,,,
p217,post217,16_10_25,oct25,,,,https://truthsocial.com/@realDonaldTrump/posts/115386862652518090
afacad,U.S. Air Force Academy Cadets,,,,,,
cadchap,Cadet Chapel,,,,,,
fg,Federal Government,,,,,,
,,,,,,,
p218,post218,16_10_25,oct25,,,,https://truthsocial.com/@realDonaldTrump/posts/115387504970821391
rep,Republicans,,,,,,
democ,Democratic Party,,,,,,
usatt,U.S. Attorney Candidates,,,,,,
dsen,Democratic Senators,,,,,,
,,,,,,,
p219,post219,17_10_25,oct25,,,,https://truthsocial.com/@realDonaldTrump/posts/115391463725537040
ukra,Ukraine,,,,,,
vp,Vladimir Putin,,,,,,
vz,Volodymyr Zelenskyy,,,,,,
amer,Americans,,,,,,
,,,,,,,
p220,post220,17_10_25,oct25,,,,https://truthsocial.com/@realDonaldTrump/posts/115391496046848119
ncr,North Carolina Republicans,,,,,,
rep,Republicans,,,,,,
maga,MAGA Republicans,,,,,,
pop,people of North Carolina,,,,,,
amer,Americans,,,,,,
,,,,,,,
p221,post221,17_10_25,oct25,,,,https://truthsocial.com/@realDonaldTrump/posts/115391767709119144
gs,George Santos,,,2,2,,
rb,Richard Blumenthal,,,2,1,,
mil,Military,,,,,,
rep,Republicans,,,,,,
us,United States,,,,,,
amer,Americans,,,,,,
,,,,,,,
p222,post222,17_10_25,oct25,,,,https://truthsocial.com/@realDonaldTrump/posts/115391842662459841
rp,Rand Paul,,,2,2,,
tm,Thomas Massie,,,2,2,,
rep,Republicans,,,,,,
maga,MAGA,,,,,,
amer,Americans,,,,,,
us,United States,,,,,,
,,,,,,,
p223,post223,17_10_25,oct25,,,,https://truthsocial.com/@realDonaldTrump/posts/115391855540856433
tm,Thomas Massie,,,2,2,,
eg,Ed Gallrein,,,2,2,,
rep,Republicans,,,,,,
maga,MAGA,,,,,,
amer,Americans,,,,,,
mil,Military,,,,,,
afarm,American Farmers,,,,,,
cong,Congress,,,,,,
mig,Migrants,,,,,,
pk,People of Kentucky,,,,,,
,,,,,,,
p224,post224,18_10_25,oct25,,,,https://truthsocial.com/@realDonaldTrump/posts/115396632441470075
sub,Drug-carrying Submarine,,,,,,
usint,U.S. Intelligence,,,,,,
narco,Narcoterrorists,,,,,,
ecu,Ecuador,,,,,,
col,Colombia,,,,,,
usf,U.S. Forces,,,,,,
us,United States,,,,,,
amer,Americans,,,,,,
,,,,,,,
p225,post225,19_10_25,oct25,,,,https://truthsocial.com/@realDonaldTrump/posts/115401182824973489
gp,Gustavo Petro,,,,,,
col,Colombia,,,,,,
us,United States,,,,,,
amer,Americans,,,,,,
subsi,USA Payments,,,,,,
drugfields,Drug Production Fields in Colombia,,,,,,
,,,,,,,
p226,post226,19_10_25,oct25,,,,https://truthsocial.com/@realDonaldTrump/posts/115401193724514444
mbart,Maria Bartiromo,,,1,,,
fn,Fox News,,,,,,
,,,,,,,
p227,post227,19_10_25,oct25,,,,https://truthsocial.com/@realDonaldTrump/posts/115402354000676703
msav,Mark Savaya,,,2,,,
iraq,Republic of Iraq,,,,,,
amerp,American people,,,,,,
musam,Muslim Americans,,,,,,
mich,Michigan,,,,,,
,,,,,,,
p228,post228,20_10_25,oct25,,,,https://truthsocial.com/@realDonaldTrump/posts/115408277865887528
wcr,William Crain,,,2,,,
la,Louisiana,,,,,,
lsu,Louisiana State University,,,,,,
lsc,Louisiana Supreme Court,,,,,,
us,United States,,,,,,
usdcl,United States District Court for the Eastern District of Louisiana,,,,,,
crim,criminals,,,,,,
,,,,,,,
p229,post229,20_10_25,oct25,,,,https://truthsocial.com/@realDonaldTrump/posts/115408279042674945
avh,Alexander Van Hook,,,2,,,
la,Louisiana,,,,,,
ccl,Centenary College of Louisiana,,,,,,
lsu,Louisiana State University,,,,,,
us,United States,,,,,,
usdclw,United States District Court for the Western District of Louisiana,,,,,,
crights,Constitutional Rights,,,,,,
,,,,,,,
p230,post230,20_10_25,oct25,,,,https://truthsocial.com/@realDonaldTrump/posts/115408594704490513
whball,White House Ballroom,,,,,,
wh,White House,,,,,,
ew,East Wing,,,,,,
atp,American Taxpayers,,,,,,
gac,Great American Companies,,,,,,
pat,Patriots,,,,,,
,,,,,,,
p231,post231,20_10_25,oct25,,,,https://truthsocial.com/@realDonaldTrump/posts/115408916651989676
jc,Jack Ciattarelli,,,2,2,,
ms,Mikie Sherrill,,,1,1,,
nj,New Jersey,,,,,,
wash,Washington,,,,,,
whiho,White House,,,,,,
,,,,,,,
p232,post232,20_10_25,oct25,,,,https://truthsocial.com/@realDonaldTrump/posts/115408922697857899
jc,Jack Ciattarelli,,,2,2,,
ms,Mikie Sherrill,,,1,1,,
dem,Democrats,,,,,,
nj,New Jersey,,,,,,
country,Country,,,,,,
,,,,,,,
p233,post233,20_10_25,oct25,,,,https://truthsocial.com/@realDonaldTrump/posts/115408925114284473
fbi,FBI,,,,,,
kash,Kash,,,2,,,
dan,Dan,,,2,,,
andi,Andrew,,,2,,,
america,America,,,,,,
vcrim,Violent Criminals,,,,,,
cpred,child predators,,,,,,
htraf,human traffickers,,,,,,
cent,Criminal Enterprises,,,,,,
fent,Fentanyl,,,,,,
ichild,innocent children,,,,,,
,,,,,,,
p234,post234,21_10_25,oct25,,,,https://truthsocial.com/@realDonaldTrump/posts/115412289768445562
mea,Middle East Allies,,,,,,
gaza,Gaza,,,,,,
hama,Hamas,,,,,,
isra,Israel,,,,,,
indo,Indonesia,,,,,,
us,United States,,,,,,
,,,,,,,
p235,post235,21_10_25,oct25,,,,https://truthsocial.com/@realDonaldTrump/posts/115414670134103540
pg,Paul Gosar,,,2,2,,
az9,Arizona 9th Congressional District,,,,,,
milv,Military/Veterans,,,,,,
sa,Second Amendment,,,,,,
border,Border,,,,,,
eco,Economy,,,,,,
aenergy,American Energy,,,,,,
us,United States,,,,,,
,,,,,,,
p236,post236,22_10_25,oct25,,,,https://truthsocial.com/@realDonaldTrump/posts/115418813519600271
us,United States,,,,,,
br,Brazil,,,,,,
catr,Cattle Ranchers,,,,,,
cons,Consumers,,,,,,
,,,,,,,
p237,post237,22_10_25,oct25,,,,https://truthsocial.com/@realDonaldTrump/posts/115418834028774105
catr,Cattle Ranchers,,,,,,
count,Countries,,,,,,
,,,,,,,
p238,post238,22_10_25,oct25,,,,https://truthsocial.com/@realDonaldTrump/posts/115418866635313882
mbau,Mary Barra,,,1,,,
bf,Bill Ford,,,,,,
us,United States,,,,,,
tmf,Truck and Car Manufacturers,,,,,,
,,,,,,,
p239,post239,22_10_25,oct25,,,,https://truthsocial.com/@realDonaldTrump/posts/115419510654451460
rep,Republicans,,,,,,
demo,Democrats,,,,,,
pop,American Citizens,,,,,,
nj,New Jersey,,,,,,
vir,Virginia,,,,,,
,,,,,,,
p240,post240,22_10_25,oct25,,,,https://truthsocial.com/@realDonaldTrump/posts/115419577297297862
mk,Mike Kehoe,,,2,2,,
mo,Missouri,,,,,,
pat,Patriots,,,,,,
,,,,,,,
p241,post241,22_10_25,oct25,,,,https://truthsocial.com/@realDonaldTrump/posts/115419580763584285
jpill,Jim Pillen,,,2,2,,
neb,Nebraska,,,,,,
pop,Cornhusker State People,,,,,,
,,,,,,,
p242,post242,22_10_25,oct25,,,,https://truthsocial.com/@realDonaldTrump/posts/115419583758354199
llb,Leech Lake Band of Ojibwe,,,,,,
pop,Community Members,,,,,,
,,,,,,,
p243,post243,22_10_25,oct25,,,,https://truthsocial.com/@realDonaldTrump/posts/115419584805414647
md,Mike Dunleavy,,,2,2,,
ak,Alaska,,,,,,
pop,People of Alaska,,,,,,
,,,,,,,
p244,post244,22_10_25,oct25,,,,https://truthsocial.com/@realDonaldTrump/posts/115419589580674458
ws,Wilton Simpson,,,2,2,,
fl,Florida,,,,,,
afarm,American Farmers,,,,,,
catr,Cattle Ranchers,,,,,,
,,,,,,,
p245,post245,22_10_25,oct25,,,,https://truthsocial.com/@realDonaldTrump/posts/115419686256202789
wsj,The Wall Street Journal,,,,,,
us,United States,,,,,,
ukra,Ukraine,,,,,,
russi,Russia,,,,,,
,,,,,,,
p246,post246,22_10_25,oct25,,,,https://truthsocial.com/@realDonaldTrump/posts/115420411260976917
etru,Eric Trump,,,2,2,,
,,,,,,,
p247,post247,22_10_25,oct25,,,,https://truthsocial.com/@realDonaldTrump/posts/115420439983527137
bb,Bret Baier,,,2,3,,
tr,Teddy Roosevelt,,,2,2,,
us,United States,,,,,,
,,,,,,,
p248,post248,22_10_25,oct25,,,,
bo,Barack Obama,,,2,1,,
jb,Joe Biden,,,2,1,,
pe,2020 Presidential Election,,,,,,
pop,People of the United States,,,,,,
,,,,,,,
p249,post249,22_10_25,oct25,,,,https://truthsocial.com/@realDonaldTrump/posts/115420686286814272
cc,City of Chicago,,,,,,
fg,Federal Government,,,2,1,,
,,,,1,2,,
,,,,,,,
,,,,,,,
p250,post250,23_10_25,oct25,,,,https://truthsocial.com/@realDonaldTrump/posts/115421521228626427
ka,Kelly Armstrong,,,2,2,,
nd,North Dakota,,,,,,
pop,People of North Dakota,,,,,,
,,,,,,,
p251,post251,23_10_25,oct25,,,,https://truthsocial.com/@realDonaldTrump/posts/115424560133045127
cc,City of Chicago,,,,,,
cali,California,,,,,,
sf,San Francisco,,,,,,
dl,Daniel Lurie,,,2,1,,
jh,Jensen Huang,,,2,,,
mb,Marc Benioff,,,2,3,,
fg,Federal Government,,,,,,
,,,,,,,
p252,post252,23_10_25,oct25,,,,https://truthsocial.com/@realDonaldTrump/posts/115425827275887037
demo,Democrats,,,,,,
tp,The public,,,,,,
country,Country,,,,,,
,,,,,,,
p253,post253,23_10_25,oct25,,,,https://truthsocial.com/@realDonaldTrump/posts/115426103540693339
c,Children,,,,,,
par,Parents,,,,,,
country,Country,,,,,,
,,,,,,,
p254,post254,23_10_25,oct25,,,,https://truthsocial.com/@realDonaldTrump/posts/115426967566430347
rrf,Ronald Reagan Foundation,,,,,,
count,Canada,,,,,,
ussc,U.S. Supreme Court,,,,,,
,,,,,,,
p255,post255,24_10_25,oct25,,,,https://truthsocial.com/@realDonaldTrump/posts/115428798659352209
for,Ford,,,,,,
mbau,Mary Barra,,,,,,
,,,,,,,
p256,post256,24_10_25,oct25,,,,https://truthsocial.com/@realDonaldTrump/posts/115428874684902595
count,Canada,,,,,,
rrf,Ronald Reagan Foundation,,,,,,
ussc,U.S. Supreme Court,,,,,,
amer,Americans,,,,,,
,,,,,,,
p257,post257,24_10_25,oct25,,,,https://truthsocial.com/@realDonaldTrump/posts/115428915165145135
sm,Stock Market,,,,,,
,,,,,,,
p258,post258,24_10_25,oct25,,,,https://truthsocial.com/@realDonaldTrump/posts/115431695569678615
acly,Andrew Clyde,,,,,,
umf,U.S. Military Forces,,,,,,
vete,Veterans,,,,,,
us,United States,,,,,,
,,,,,,,
p259,post259,24_10_25,oct25,,,,https://truthsocial.com/@realDonaldTrump/posts/115432378654253078
cw,Christopher Wray,,,2,2,,
jsmi,Jack Smith,,,2,3,,
mg,Merrick Garland,,,2,1,,
lm,Lisa Monaco,,,1,1,,
bida,Biden Administration,,,,,,
democ,Democrats,,,,,,
,,,,,,,
p260,post260,25_10_25,oct25,,,,https://truthsocial.com/@realDonaldTrump/posts/115433006793180195
ec,Eli Crane,,,2,2,,
umf,U.S. Military Forces,,,,,,
amer,Americans,,,,,,
mil,Military,,,,,,
,,,,,,,
p261,post261,25_10_25,oct25,,,,https://truthsocial.com/@realDonaldTrump/posts/115433008069468996
nl,Nick Langworthy,,,2,2,,
nysrc,New York Republican State Committee,,,,,,
umf,U.S. Military Forces,,,,,,
vete,Veterans,,,,,,
us,United States,,,,,,
,,,,,,,
p262,post262,25_10_25,oct25,,,,https://truthsocial.com/@realDonaldTrump/posts/115433009519508016
ks,Keith Self,,,2,2,,
umf,U.S. Military Forces,,,,,,
vete,Veterans,,,,,,
us,United States,,,,,,
,,,,,,,
p263,post263,25_10_25,oct25,,,,https://truthsocial.com/@realDonaldTrump/posts/115433010108866479
tn,Troy Nehls,,,2,2,,
le,Law Enforcement,,,,,,
umf,U.S. Military Forces,,,,,,
vete,Veterans,,,,,,
us,United States,,,,,,
,,,,,,,
p264,post264,25_10_25,oct25,,,,https://truthsocial.com/@realDonaldTrump/posts/115433010735171759
lg,Lance Gooden,,,2,2,,
umf,U.S. Military Forces,,,,,,
vete,Veterans,,,,,,
us,United States,,,,,,
,,,,,,,
p265,post265,25_10_25,oct25,,,,https://truthsocial.com/@realDonaldTrump/posts/115433011374281959
je,Jake Ellzey,,,2,2,,
umf,U.S. Military Forces,,,,,,
vete,Veterans,,,,,,
us,United States,,,,,,
,,,,,,,
p266,post266,25_10_25,oct25,,,,https://truthsocial.com/@realDonaldTrump/posts/115433013192840304
rj,Ronny Jackson,,,2,2,,
umf,U.S. Military Forces,,,,,,
vete,Veterans,,,,,,
us,United States,,,,,,
,,,,,,,
p267,post267,25_10_25,oct25,,,,https://truthsocial.com/@realDonaldTrump/posts/115433013824981623
bb,Brian Babin,,,2,2,,
le,Law Enforcement,,,,,,
umf,U.S. Military Forces,,,,,,
vete,Veterans,,,,,,
us,United States,,,,,,
,,,,,,,
p268,post268,25_10_25,oct25,,,,https://truthsocial.com/@realDonaldTrump/posts/115434861975122052
gm,Greg Murphy,,,2,2,,
umf,U.S. Military Forces,,,,,,
vete,Veterans,,,,,,
us,United States,,,,,,
,,,,,,,
p269,post269,25_10_25,oct25,,,,https://truthsocial.com/@realDonaldTrump/posts/115434862488071211
ce,Chuck Edwards,,,2,2,,
umf,U.S. Military Forces,,,,,,
vete,Veterans,,,,,,
us,United States,,,,,,
,,,,,,,
p270,post270,25_10_25,oct25,,,,https://truthsocial.com/@realDonaldTrump/posts/115434864384907731
bk,Brad Knott,,,2,2,,
le,Law Enforcement,,,,,,
umf,U.S. Military Forces,,,,,,
vete,Veterans,,,,,,
us,United States,,,,,,
,,,,,,,
p271,post271,25_10_25,oct25,,,,https://truthsocial.com/@realDonaldTrump/posts/115434864876564194
me,Mike Ezell,,2,2,,,
le,Law Enforcement,,,,,,
umf,U.S. Military Forces,,,,,,
vete,Veterans,,,,,,
us,United States,,,,,,
,,,,,,,
p272,post272,25_10_25,oct25,,,,https://truthsocial.com/@realDonaldTrump/posts/115434866506983325
dlah,Darin LaHood,,,2,2,,
hvm,House Ways & Means Committee,,,,,,
amer,Americans,,,,,,
umfv,U.S. Military / Veterans,,,,,,
,,,,,,,
p273,post273,25_10_25,oct25,,,,https://truthsocial.com/@realDonaldTrump/posts/115434867478490056
mstz,Marlin Stutzman,,,2,2,,
amer,Americans,,,,,,
afarm,American Farmers,,,,,,
umfv,U.S. Military / Veterans,,,,,,
,,,,,,,
p274,post274,25_10_25,oct25,,,,https://truthsocial.com/@realDonaldTrump/posts/115434868395866889
aog,Andy Ogles,,,2,2,,
amer,Americans,,,,,,
umfv,U.S. Military / Veterans,,,,,,
,,,,,,,
p275,post275,25_10_25,oct25,,,,https://truthsocial.com/@realDonaldTrump/posts/115434869707731740
jhurd,Jeff Hurd,,,2,2,,
amer,Americans,,,,,,
umfv,U.S. Military / Veterans,,,,,,
,,,,,,,
p276,post276,25_10_25,oct25,,,,https://truthsocial.com/@realDonaldTrump/posts/115434873038322093
rfine,Randy Fine,,,2,2,,
amer,Americans,,,,,,
umfv,U.S. Military / Veterans,,,,,,
,,,,,,,
p277,post277,25_10_25,oct25,,,,https://truthsocial.com/@realDonaldTrump/posts/115434874266267478
mhar,Mike Haridopolos,,,2,2,,
amer,Americans,,,,,,
umfv,U.S. Military / Veterans,,,,,,
,,,,,,,
p278,post278,25_10_25,oct25,,,,https://truthsocial.com/@realDonaldTrump/posts/115434875694997684
gste,Greg Steube,,,2,2,,
amer,Americans,,,,,,
umfv,U.S. Military / Veterans,,,,,,
,,,,,,,
p279,post279,25_10_25,oct25,,,,https://truthsocial.com/@realDonaldTrump/posts/115434876884564053
lmc,Lisa McClain,,,1,2,,
amer,Americans,,,,,,
umfv,U.S. Military / Veterans,,,,,,
afarm,American Farmers,,,,,,
,,,,,,,
p280,post280,25_10_25,oct25,,,,https://truthsocial.com/@realDonaldTrump/posts/115434906751111005
jberg,Jack Bergman,,,2,2,,
amer,Americans,,,,,,
umfv,U.S. Military / Veterans,,,,,,
afarm,American Farmers,,,,,,
,,,,,,,
p281,post281,25_10_25,oct25,,,,https://truthsocial.com/@realDonaldTrump/posts/115435125397678740
nmall,Nicole Malliotakis,,,1,2,,
amer,Americans,,,,,,
umfv,U.S. Military / Veterans,,,,,,
nypd,NYPD,,,,,,
nyfd,NYFD,,,,,,
,,,,,,,
p282,post282,25_10_25,oct25,,,,https://truthsocial.com/@realDonaldTrump/posts/115435565492870939
amcd,Addison McDowell,,,1,2,,
farm,American Farmers / Agriculture,,,,,,
umfv,U.S. Military / Veterans,,,,,,
,,,,,,,
p283,post283,25_10_25,oct25,,,,https://truthsocial.com/@realDonaldTrump/posts/115435565975811522
drou,David Rouzer,,,2,2,,
farm,American Farmers / Agriculture,,,,,,
eco,Grow the Economy,,,,,,
umfv,U.S. Military / Veterans,,,,,,
,,,,,,,
p284,post284,25_10_25,oct25,,,,https://truthsocial.com/@realDonaldTrump/posts/115435567269756205
rhus,Richard Hudson,,,2,2,,
eco,Grow the Economy,,,,,,
farm,American Farmers / Agriculture,,,,,,
umfv,U.S. Military / Veterans,,,,,,
,,,,,,,
p285,post285,25_10_25,oct25,,,,https://truthsocial.com/@realDonaldTrump/posts/115436151669143136
jpat,Jimmy Patronis,,,2,2,,
eco,Grow the Economy,,,,,,
umfv,U.S. Military / Veterans,,,,,,
farm,American Farmers / Agriculture,,,,,,
,,,,,,,
p286,post286,25_10_25,oct25,,,,https://truthsocial.com/@realDonaldTrump/posts/115436558661444946
me,Middle East,,,,,,
hama,Hamas,,,,,,
count,Countries,,,,,,
,,,,,,,
p287,post287,25_10_25,oct25,,,,https://truthsocial.com/@realDonaldTrump/posts/115436697060819133
count,Canada,,,,,,
rrf,Ronald Reagan Foundation,,,,,,
ussc,U.S. Supreme Court,,,,,,
,,,,,,,
p288,post288,25_10_25,oct25,,,,https://truthsocial.com/@realDonaldTrump/posts/115437112529618205
kam,Cambodia,,,,,,
tha,Thailand,,,,,,
mal,Malaysia,,,,,,
qmth,Queen Mother of Thailand,,,,,,
popth,People of Thailand,,,,,,
pm,Prime Minister of Thailand,,,,,,
,,,,,,,
p289,post289,26_10_25,oct25,,,,https://truthsocial.com/@realDonaldTrump/posts/115441871289276790
demo,Democrats,,,,,,
pe,2020 Presidential Election,,,,,,
doj,Department of Justice,,,,,,
nba,NBA Players,,,,,,
coun,American Citizens,,,,,,
ca,California,,,,,,
rep,Republicans,,,,,,
,,,,,,,
p290,post290,26_10_25,oct25,,,,https://truthsocial.com/@realDonaldTrump/posts/115442316583935494
c,Children,,,,,,
pw,Pregnant Women,,,,,,
,,,,,,,
p291,post291,26_10_25,oct25,,,,https://truthsocial.com/@realDonaldTrump/posts/115443565409065734
mal,Malaysia,,,,,,
tha,Thailand,,,,,,
cam,Cambodia,,,,,,
jp,Japan,,,,,,
,,,,,,,
p292,post292,27_10_25,oct25,,,,https://truthsocial.com/@realDonaldTrump/posts/115444163384468198
jm,Javier Milei,,,,,,
peop,People of Argentina,,,,,,
arg,Argentina,,,,,,
,,,,,,,
p293,post293,27_10_25,oct25,,,,https://truthsocial.com/@realDonaldTrump/posts/115444830915442121
ms,Mikie Sherrill,,,1,1,,
as,Abigail Spanberger,,,1,1,,
nj,New Jersey,,,,,,
vir,Virginia,,,,,,
,,,,,,,
p294,post294,27_10_25,oct25,,,,https://truthsocial.com/@realDonaldTrump/posts/115444894900287475
kc,Kennedy Center,,,,,,
us,United States,,,,,,
,,,,,,,
p295,post295,27_10_25,oct25,,,,https://truthsocial.com/@realDonaldTrump/posts/115444908825959315
jm,Javier Milei,,,2,3,,
arg,Argentina,,,,,,
,,,,,,,
p296,post296,27_10_25,oct25,,,,https://truthsocial.com/@realDonaldTrump/posts/115444924244999128
pres,Presidents,,,,,,
,,,,,,,
p297,post297,27_10_25,oct25,,,,https://truthsocial.com/@realDonaldTrump/posts/115444936741535260
rep,Republicans,,,,,,
rl,Radical Left,,,,,,
people,People,,,,,,
,,,,,,,
p298,post298,27_10_25,oct25,,,,https://truthsocial.com/@realDonaldTrump/posts/115445084269284249
rep,Republicans,,,,,,
rl,Radical Left,,,,,,
people,People,,,,,,
,,,,,,,
p299,post299,28_10_25,oct25,,,,https://truthsocial.com/@realDonaldTrump/posts/115455332224820388
soukor,South Korea,,,,,,
count,Canada,,,,,,
,,,,,,,
p300,post300,29_10_25,oct25,,,,https://truthsocial.com/@realDonaldTrump/posts/115456708839350276
xi,Xi Jinping,,,,,,
chi,China,,,,,,
,,,,,,,
p301,post301,29_10_25,oct25,,,,https://truthsocial.com/@realDonaldTrump/posts/115458478288023570
soukor,South Korea,,,,,,
,,,,,,,
p302,post302,29_10_25,oct25,,,,https://truthsocial.com/@realDonaldTrump/posts/115459203578150327
zm,Zohran Mamdani,,,,,,
,,,,,,,
p303,post303,29_10_25,oct25,,,,https://truthsocial.com/@realDonaldTrump/posts/115459446440286252
wg,Walter Giardina,,,2,,,
jsmi,Jack Smith,,,2,3,,
lm,Lisa Monaco,,,1,1,,
aw,Andrew Weissmann,,,2,,,
jb,Jay Bratt,,,2,,,
ne,Norm Eisen,,,2,1,,
crew,crew,,,,,,
cw,Christopher Wray,,,2,2,,
mg,Merrick Garland,,,2,1,,
tw,Thomas Windom,,,2,,,
,,,,,,,
p304,post304,29_10_25,oct25,,,,https://truthsocial.com/@realDonaldTrump/posts/115459554252660428
xi,Xi Jinping,,,,,,
chi,China,,,,,,
,,,,,,,
p305,post305,29_10_25,oct25,,,,https://truthsocial.com/@realDonaldTrump/posts/115459612900259962
rep,Republicans,,,,,,
demo,Democrats,,,,,,
vir,Virginia,,,,,,
nj,New Jersey,,,,,,
,,,,,,,
p306,post306,29_10_25,oct25,,,,https://truthsocial.com/@realDonaldTrump/posts/115459641125796285
bg,Bill Gates,,,,,,
,,,,,,,
p307,post307,29_10_25,oct25,,,,https://truthsocial.com/@realDonaldTrump/posts/115459650821125830
sk,South Korea,,,,,,
us,United States,,,,,,
skco,South Korean Companies,,,,,,
ma,Military Alliance,,,,,,
,,,,,,,
p308,post308,29_10_25,oct25,,,,https://truthsocial.com/@realDonaldTrump/posts/115459712836946359
sk,South Korea,,,,,,
ps,Philadelphia Shipyards,,,,,,
us,United States,,,,,,
,,,,,,,
p309,post309,29_10_25,oct25,,,,https://truthsocial.com/@realDonaldTrump/posts/115460423936412555
us,United States,,,,,,
russi,Russia,,,,,,
chi,China,,,,,,
dow,Department of War,,,,,,
,,,,,,,
p310,post310,29_10_25,oct25,,,,https://truthsocial.com/@realDonaldTrump/posts/115460439199531354
gtwo,G2,,,,,,
,,,,,,,
p311,post311,30_10_25,oct25,,,,https://truthsocial.com/@realDonaldTrump/posts/115462006949579771
cs,Chuck Schumer,,2,1,,,
,,,,,,,
p312,post312,30_10_25,oct25,,,,https://truthsocial.com/@realDonaldTrump/posts/115462098072054944
xi,Xi Jinping,,,2,,,
chi,China,,,,,,
amer,Americans,,,,,,
cw,Chris Wray,,,2,2,,
db,Doug Burgum,,,2,2,,
et,Energy teams,,,,,,
count,Great Countries,,,,,,
mal,Malaysia,,,,,,
jpn,Japan,,,,,,
sk,South Korea,,,,,,
aus,Australia,,,,,,
can,Canada,,,,,,
nz,New Zealand,,,,,,
sgp,Singapore,,,,,,
tha,Thailand,,,,,,
vn,Vietnam,,,,,,
,,,,,,,
p313,post313,30_10_25,oct25,,,,https://truthsocial.com/@realDonaldTrump/posts/115464125214326353
us,United States,,,,,,
jpn,Japan,,,,,,
,,,,,,,
p314,post314,30_10_25,oct25,,,,https://truthsocial.com/@realDonaldTrump/posts/115464409692406079
lawenf,Law Enforcement,,,,,,
mdcstf,Make D.C. Safe Task Force,,,,,,
,,,,,,,
p315,post315,30_10_25,oct25,,,,https://truthsocial.com/@realDonaldTrump/posts/115466017324489749
demo,Democrats,,,,,,
obamac,Obamacare,,,,,,
,,,,,,,
p316,post316,30_10_25,oct25,,,,https://truthsocial.com/@realDonaldTrump/posts/115466450476422202
demo,Democrats,,,1,,,
rep,Republicans,,,2,,,
jt,John Thune,,,,,,
mj,Mike Johnson,,,,,,
jm,Joe Manchin,,,,,,
ks,Kyrsten Sinema,,,,,,
bo,Barack Hussein Obama,,,,,,
hr,Harry Reid,,,,,,
us,United States,,,,,,
ussc,U.S. Supreme Court,,,,,,
,,,,,,,
p317,post317,31_10_25,oct25,,,,https://truthsocial.com/@realDonaldTrump/posts/115469852646643521
whiho,White House,,,,,,
lincoln,Abraham Lincoln,,,,,,
,,,,,,,
p318,post318,31_10_25,oct25,,,,https://truthsocial.com/@realDonaldTrump/posts/115470031277654302
kennedy,Kennedy Center,,,,,,
amer,Americans,,,,,,
,,,,,,,
p319,post319,31_10_25,oct25,,,,https://truthsocial.com/@realDonaldTrump/posts/115470116607441456
christ,Christians,,,,,,
radislam,Radical Islamists,,,,,,
nigeria,Nigeria,,,,,,
rm,John Riley Moore,,,2,2,,
tc,Tom Cole,,,2,2,,
hapc,House Appropriations Committee,,,,,,
us,United States,,,,,,
,,,,,,,
p320,post320,31_10_25,oct25,,,,https://truthsocial.com/@realDonaldTrump/posts/115471065919157533
snap,SNAP,,,,,,
raddem,Radical Democrats,,,,,,
courts,Courts,,,,,,
uslaw,US Government Lawyers,,,,,,
sd,Senate Democrats,,,,,,
,,,,,,,
p321,post321,01_11_25,nov25,,,,https://truthsocial.com/@realDonaldTrump/posts/115476218592581611
semey,Seth Meyers,,,2,3,,
nbc,NBC,,,,,,
,,,,,,,
p322,post322,01_11_25,nov25,,,,https://truthsocial.com/@realDonaldTrump/posts/115476261248208645
xi,Xi Jinping,,,2,3,,
chi,China,,,,,,
us,United States,,,,,,
,,,,,,,
p323,post323,01_11_25,nov25,,,,https://truthsocial.com/@realDonaldTrump/posts/115476385101120405
nga,Nigerian Government,,,,,,
us,United States,,,,,,
it,Islamic Terrorists,,,,,,
chr,Christians,,,,,,
,,,,,,,
p324,post324,01_11_25,nov25,,,,https://truthsocial.com/@realDonaldTrump/posts/115476637068029863
rep,Republicans,,,,,,
dem,Democrats,,,,,,
amer,Americans,,,,,,
sc,US Supreme Court,,,,,,
,,,,,,,
p325,post325,02_11_25,Nov.25,,,,https://truthsocial.com/@realDonaldTrump/posts/115478361803609448
cc,City of Chicago,,,,,,
dod,L.A. Dodgers,,,,,,
,,,,,,,
p326,post326,02_11_25,nov25,,,,https://truthsocial.com/@realDonaldTrump/posts/115482790527492824
bb,Bruce Blakeman,,,2,2,,
le,Law Enforcement,,,,,,
ice,ICE,,,,,,
bp,Border Patrol,,,,,,
amer,Americans,,,,,,
,,,,,,,
p327,post327,02_11_25,nov25,,,,https://truthsocial.com/@realDonaldTrump/posts/115482797655964985
us,United States,,,,,,
chi,China,,,,,,
,,,,,,,
p328,post328,02_11_25,nov25,,,,https://truthsocial.com/@realDonaldTrump/posts/115482817545218922
jc,Jack Ciattarelli,,,2,2,,
us,United States,,,,,,
nj,New Jersey,,,,,,
jew,Orthodox Jewish communities,,,,,,
,,,,,,,
p329,post329,02_11_25,nov25,,,,https://truthsocial.com/@realDonaldTrump/posts/115482823879151068
minu,60 Minutes,,,,,,
nfl,NFL,,,,,,
kh,Kamala Harris,,,2,1,,
,,,,,,,
p330,post330,02_11_25,nov25,,,,https://truthsocial.com/@realDonaldTrump/posts/115482910469184199
nfl,NFL,,,,,,
cfl,College Football,,,,,,
minu,60 Minutes,,,,,,
,,,,,,,
p331,post331,02_11_25,nov25,,,,https://truthsocial.com/@realDonaldTrump/posts/115482954448237364
penn,Pennsylvania,,,,,,
rdemscj,Radical Democrat Supreme Court Justices,,,,,,
donohue,Donohue,,,,,,
dougherty,Dougherty,,,,,,
wecht,Wecht,,,,,,
jb,Joe Biden,,,2,1,,
,,,,,,,
p332,post332,02_11_25,nov25,,,,https://truthsocial.com/@realDonaldTrump/posts/115482990032900099
shuckabee,Sarah Huckabee Sanders,,,1,2,,
ark,Arkansas,,,,,,
whiho,White House,,,,,,
mil,Military,,,,,,
vete,Veterans,,,,,,
le,Law Enforcement,,,,,,
,,,,,,,
p333,post333,02_11_25,nov25,,,,https://truthsocial.com/@realDonaldTrump/posts/115482992338432058
mkelly,Mike Kelly,,,2,2,,
penn,Pennsylvania,,,,,,
hwc,House Ways & Means Committee,,,,,,
mil,Military,,,,,,
vete,Veterans,,,,,,
,,,,,,,
p334,post334,02_11_25,nov25,,,,https://truthsocial.com/@realDonaldTrump/posts/115482993389104673
mguest,Michael Guest,,,2,2,,
miss,Mississippi,,,,,,
hec,House Ethics Committee,,,,,,
mil,Military,,,,,,
vete,Veterans,,,,,,
,,,,,,,
p335,post335,02_11_25,nov25,,,,https://truthsocial.com/@realDonaldTrump/posts/115482994183924113
mmmeeks,Mariannette Miller-Meeks,,,1,2,,
iowa,Iowa,,,,,,
army,U.S. Army,,,,,,
mil,Military,,,,,,
vete,Veterans,,,,,,
,,,,,,,
p336,post336,02_11_25,nov25,,,,https://truthsocial.com/@realDonaldTrump/posts/115482994992396118
pfallon,Pat Fallon,,,2,2,,
tex,Texas,,,,,,
af,Air Force,,,,,,
mil,Military,,,,,,
vete,Veterans,,,,,,
nd,Notre Dame,,,,,,
,,,,,,,
p337,post337,02_11_25,nov25,,,,https://truthsocial.com/@realDonaldTrump/posts/115482995616124761
va,Virginia,,,,,,
nj,New Jersey,,,,,,
rep,Republican Party,,,,,,
demo,Democrats,,,,,,
,,,,,,,
p338,post338,02_11_25,nov25,,,,https://truthsocial.com/@realDonaldTrump/posts/115483014123680949
nj,New Jersey,,,,,,
va,Virginia,,,,,,
msherrill,Mikie Sherrill,,,1,1,,
aspanberger,Abigail Spanberger,,,,,,
rep,Republican Party,,,,,,
demo,Democrats,,,,,,
,,,,,,,
p339,post339,02_11_25,nov25,,,,https://truthsocial.com/@realDonaldTrump/posts/115483019659144300
nj,New Jersey,,,,,,
va,Virginia,,,,,,
rep,Republican Party,,,,,,
demo,Democrats,,,,,,
amer,American Citizens,,,,,,
,,,,,,,
p340,post340,02_11_25,nov25,,,,https://truthsocial.com/@realDonaldTrump/posts/115483334603209840
tkelly,Trent Kelly,,,2,2,,
miss,Mississippi,,,,,,
army,U.S. Army,,,,,,
le,Law Enforcement,,,,,,
mil,Military,,,,,,
vete,Veterans,,,,,,
,,,,,,,
p341,post341,02_11_25,nov25,,,,https://truthsocial.com/@realDonaldTrump/posts/115483335025617789
bmoore,Blake Moore,,,2,2,,
ut,Utah,,,,,,
mil,Military,,,,,,
vete,Veterans,,,,,,
le,Law Enforcement,,,,,,
,,,,,,,
p342,post342,02_11_25,nov25,,,,https://truthsocial.com/@realDonaldTrump/posts/115483335781073046
cmal,Celeste Maloy,,,1,2,,
uta,Utah’s 2nd Congressional District,,,,,,
comm,Community,,,,,,
mig,Migrants,,,,,,
milv,Military/Veterans,,,,,,
us,United States,,,,,,
,,,,,,,
p343,post343,02_11_25,Nov.25,,,,https://truthsocial.com/@realDonaldTrump/posts/115483337042625634
mken,Mike Kennedy,,,2,2,,
ut3,Utah’s 3rd Congressional District,,,,,,
comm,Community,,,,,,
mig,Migrants,,,,,,
milv,Military/Veterans,,,,,,
us,United States,,,,,,
,,,,,,,
p344,post344,02_11_25,nov25,,,,https://truthsocial.com/@realDonaldTrump/posts/115483339842449904
bo,Burgess Owens,,,2,2,,
ut4,Utah’s 4th Congressional District,,,,,,
pat,Patriot,,,,,,
mig,Migrants,,,,,,
milv,Military/Veterans,,,,,,
us,United States,,,,,,
,,,,,,,
p345,post345,02_11_25,nov25,,,,https://truthsocial.com/@realDonaldTrump/posts/115483345591728067
bg,Brett Guthrie,,,2,2,,
ky2,Kentucky’s 2nd Congressional District,,,,,,
milv,Military/Veterans,,,,,,
mig,Migrants,,,,,,
us,United States,,,,,,
,,,,,,,
p346,post346,02_11_25,nov25,,,,https://truthsocial.com/@realDonaldTrump/posts/115483346572613945
hr,Hal Rogers,,,2,2,,
ky5,Kentucky’s 5th Congressional District,,,,,,
milv,Military/Veterans,,,,,,
mig,Migrants,,,,,,
us,United States,,,,,,
,,,,,,,
p347,post347,02_11_25,nov25,,,,https://truthsocial.com/@realDonaldTrump/posts/115483347669595966
jc,James Comer,,,2,2,,
ky1,Kentucky’s 1st Congressional District,,,,,,
milv,Military/Veterans,,,,,,
mig,Migrants,,,,,,
us,United States,,,,,,
pat,Patriot,,,,,,
rl,Radical Left,,,,,,
,,,,,,,
p348,post348,02_11_2025,nov25,,,,https://truthsocial.com/@realDonaldTrump/posts/115483375767326344
sw,Steve Womack,,,2,2,,
umf,U.S. Military Forces,,,,,,
av,American Veterans,,,,,,
usa,U.S. Army,,,,,,
ae,American Energy,,,,,,
cong,Congress,,,,,,
,,,,,,,
p349,post349,02_11_2025,nov25,,,,https://truthsocial.com/@realDonaldTrump/posts/115483376777280289
rc,Rick Crawford,,,2,2,,
umf,U.S. Military Forces,,,,,,
usa,U.S. Army,,,,,,
ae,American Energy,,,,,,
afarm,American Farmers / Ranchers,,,,,,
cong,Congress,,,,,,
,,,,,,,
p350,post350,02_11_2025,nov25,,,,https://truthsocial.com/@realDonaldTrump/posts/115483381794647329
bw,Bruce Westerman,,,2,2,,
umf,U.S. Military Forces,,,,,,
ae,American Energy,,,,,,
afarm,American Farmers / Ranchers,,,,,,
cong,Congress,,,,,,
,,,,,,,
p351,post351,02_11_2025,nov25,,,,https://truthsocial.com/@realDonaldTrump/posts/115483382708030237
fh,French Hill,,,2,2,,
umf,U.S. Military Forces,,,,,,
ae,American Energy,,,,,,
afarm,American Workers,,,,,,
cong,Congress,,,,,,
,,,,,,,
p352,post352,02_11_2025,nov25,,,,https://truthsocial.com/@realDonaldTrump/posts/115483397195615826
mr,Mike Rogers,,,2,2,,
umf,U.S. Military Forces,,,,,,
ae,American Energy,,,,,,
afarm,American Workers,,,,,,
cong,Congress,,,,,,
,,,,,,,
p353,post353,02_11_2025,nov25,,,,https://truthsocial.com/@realDonaldTrump/posts/115483398591251199
ra,Robert Aderholt,,,2,2,,
umf,U.S. Military Forces,,,,,,
ae,American Energy,,,,,,
afarm,American Farmers,,,,,,
cong,Congress,,,,,,
,,,,,,,
p354,post354,02_11_2025,nov25,,,,https://truthsocial.com/@realDonaldTrump/posts/115483400223477879
ds,Dale Strong,,,2,2,,
umf,U.S. Military Forces,,,,,,
ae,American Energy,,,,,,
afarm,American Farmers,,,,,,
cong,Congress,,,,,,
,,,,,,,
gp,Gary Palmer,,,2,2,,https://truthsocial.com/@realDonaldTrump/posts/115483401027909719
umf,U.S. Military Forces,,,,,,
ae,American Energy,,,,,,
cong,Congress,,,,,,
ei,Election Integrity,,,,,,
,,,,,,,
p356,post356,02_11_2025,nov25,,,,https://truthsocial.com/@realDonaldTrump/posts/115483434354278744
ja,Jodey Arrington,,,2,2,,
umf,U.S. Military Forces,,,,,,
ae,American Energy,,,,,,
cong,Congress,,,,,,
,,,,,,,
p357,post357,02_11_2025,nov25,,,,https://truthsocial.com/@realDonaldTrump/posts/115483435191255103
ps,Pete Sessions,,,2,2,,
umf,U.S. Military Forces,,,,,,
af,America First Agenda,,,,,,
ae,American Energy,,,,,,
cong,Congress,,,,,,
,,,,,,,
p358,post358,02_11_2025,nov25,,,,https://truthsocial.com/@realDonaldTrump/posts/115483436982762122
bvd,Beth Van Duyne,,,1,2,,
umf,U.S. Military Forces,,,,,,
af,America First Agenda,,,,,,
ae,American Energy,,,,,,
cong,Congress,,,,,,
,,,,,,,
p359,post359,02_11_2025,nov25,,,,https://truthsocial.com/@realDonaldTrump/posts/115483437897423013
rw,Roger Williams,,,2,2,,
umf,U.S. Military Forces,,,,,,
af,America First Agenda,,,,,,
ae,American Energy,,,,,,
econ,Economy / Jobs,,,,,,
cong,Congress,,,,,,
,,,,,,,
post360,post360,02_11_25,nov25,,,,https://truthsocial.com/@realDonaldTrump/posts/115483440357834964
demo,Democrats,,,,,,
rep,Republicans,,,,,,
,,,,,,,
post361,post361,02_11_25,nov25,,,,https://truthsocial.com/@realDonaldTrump/posts/115483484532414248
ks,Keith Self,,,2,2,,
umf,U.S. Military Forces,,,,,,
atp,American Taxpayers,,,,,,
,,,,,,,
post362,post362,02_11_25,nov25,,,,https://truthsocial.com/@realDonaldTrump/posts/115483484931163272
lg,Lance Gooden,,,2,2,,
umf,U.S. Military Forces,,,,,,
atp,American Taxpayers,,,,,,
,,,,,,,
post363,post363,02_11_25,nov25,,,,https://truthsocial.com/@realDonaldTrump/posts/115483485693600679
je,Jake Ellzey,,,2,2,,
umf,U.S. Military Forces,,,,,,
atp,American Taxpayers,,,,,,
,,,,,,,
post364,post364,02_11_25,nov25,,,,https://truthsocial.com/@realDonaldTrump/posts/115483486488391164
apf,August Pfluger,,,2,2,,
umf,U.S. Military Forces,,,,,,
afarm,American Farmers,,,,,,
atp,American Taxpayers,,,,,,
,,,,,,,
post365,post365,02_11_25,nov25,,,,https://truthsocial.com/@realDonaldTrump/posts/115483487297164906
rj,Ronny Jackson,,,2,2,,
umf,U.S. Military Forces,,,,,,
atp,American Taxpayers,,,,,,
,,,,,,,
post366,post366,02_11_25,nov25,,,,https://truthsocial.com/@realDonaldTrump/posts/115483488236956361
mdlc,Monica De La Cruz,,,1,2,,
umf,U.S. Military Forces,,,,,,
atp,American Taxpayers,,,,,,
,,,,,,,
post367,post367,02_11_25,nov25,,,,https://truthsocial.com/@realDonaldTrump/posts/115483489851598217
bg,Brandon Gill,,,2,2,,
dan,Danielle,,,1,,,
c,Children,,,,,,
dds,Dinesh D’Souza,,,,,,
umf,U.S. Military Forces,,,,,,
maga,MAGA,,,,,,
,,,,,,,
post369,post369,02_11_25,Nov.25,,,,https://truthsocial.com/@realDonaldTrump/posts/115483490583943218
bb,Brian Babin,,,1,2,,
umf,U.S. Military Forces,,,,,,
le,Law Enforcement,,,,,,
v,Veterans,,,,,,
maga,MAGA,,,,,,
,,,,,,,
post370,post370,02_11_25,nov25,,,,https://truthsocial.com/@realDonaldTrump/posts/115483491309251871
rm,Ryan Mackenzie,,,2,2,,
am,American Military / Veterans,,,,,,
pa,People of Pennsylvania,,,,,,
ae,American Energy,,,,,,
,,,,,,,
post371,post371,02_11_25,nov25,,,,https://truthsocial.com/@realDonaldTrump/posts/115483492025820257
rb,Rob Bresnahan,,,2,2,,
am,American Military / Veterans,,,,,,
pa,People of Pennsylvania,,,,,,
ad,American Dream,,,,,,
,,,,,,,
post372,post372,02_11_25,nov25,,,,https://truthsocial.com/@realDonaldTrump/posts/115483493122773638
sp,Scott Perry,,,2,2,,
am,American Military / Veterans,,,,,,
pa,People of Pennsylvania,,,,,,
ec,Economy,,,,,,
rl,Rule of Law,,,,,,
pts,Peace Through Strength,,,,,,
,,,,,,,
post373,post373,02_11_25,nov25,,,,https://truthsocial.com/@realDonaldTrump/posts/115483493833786784
jj,John Joyce,,,2,2,,
am,American Military / Veterans,,,,,,
ae,American Energy,,,,,,
pts,Peace Through Strength,,,,,,
,,,,,,,
post374,post374,02_11_25,nov25,,,,https://truthsocial.com/@realDonaldTrump/posts/115483494581672791
gr,Guy Reschenthaler,,,2,2,,
am,American Military / Veterans,,,,,,
ae,American Energy,,,,,,
,,,,,,,
post375,post375,02_11_25,nov25,,,,https://truthsocial.com/@realDonaldTrump/posts/115483495393568211
dm,Dan Meuser,,,2,2,,
am,American Military / Veterans,,,,,,
ae,American Energy,,,,,,
,,,,,,,
post376,post376,02_11_25,nov25,,,,https://truthsocial.com/@realDonaldTrump/posts/115483496366694822
ls,Lloyd Smucker,,,2,2,,
am,American Military / Veterans,,,,,,
ae,American Energy,,,,,,
,,,,,,,
post377,post377,02_11_25,nov25,,,,https://truthsocial.com/@realDonaldTrump/posts/115483497131354385
gt,Glenn “GT” Thompson,,,2,2,,
am,American Military / Veterans,,,,,,
ae,American Energy,,,,,,
afr,American Farmers / Ranchers,,,,,,
,,,,,,,
post378,post378,02_11_25,nov25,,,,https://truthsocial.com/@realDonaldTrump/posts/115483506187792362
mm,Max Miller,,,2,2,,
am,American Military / Veterans,,,,,,
ae,American Energy,,,,,,
afr,American Farmers / Ranchers,,,,,,
,,,,,,,
post379,post379,02_11_25,nov25,,,,https://truthsocial.com/@realDonaldTrump/posts/115483506946659561
dt,Dave Taylor,,,2,2,,
am,American Military / Veterans,,,,,,
ae,American Energy,,,,,,
afr,American Farmers / Ranchers,,,,,,
,,,,,,,
post380,post380,02_11_25,nov25,,,,https://truthsocial.com/@realDonaldTrump/posts/115483583008573608
bl,Bob Latta,,,2,2,,
am,American Military / Veterans,,,,,,
ae,American Energy,,,,,,
,,,,,,,
post381,post381,02_11_25,nov25,,,,https://truthsocial.com/@realDonaldTrump/posts/115483585666476879
jjd,Jim Jordan,,,2,2,,
rl,Radical Left,,,,,,
ae,American Energy,,,,,,
,,,,,,,
post382,post382,02_11_25,nov25,,,,https://truthsocial.com/@realDonaldTrump/posts/115483588957385542
mr,Mike Rulli,,,2,2,,
am,American Military / Veterans,,,,,,
ae,American Energy,,,,,,
,,,,,,,
post383,post383,02_11_25,nov25,,,,https://truthsocial.com/@realDonaldTrump/posts/115483597298904555
mt,Mike Turner,,,2,2,,
am,American Military / Veterans,,,,,,
ae,American Energy,,,,,,
,,,,,,,
post384,post384,02_11_25,nov25,,,,https://truthsocial.com/@realDonaldTrump/posts/115483600717795173
wd,Warren Davidson,,,2,2,,
am,American Military / Veterans,,,,,,
ae,American Energy,,,,,,
,,,,,,,
post385,post385,02_11_25,nov25,,,,https://truthsocial.com/@realDonaldTrump/posts/115483604966976923
tb,Troy Balderson,,,2,2,,
am,American Military / Veterans,,,,,,
ae,American Energy,,,,,,
,,,,,,,
post386,post386,02_11_25,nov25,,,,https://truthsocial.com/@realDonaldTrump/posts/115483611124274810
dj,Dave Joyce,,,2,2,,
am,American Military / Veterans,,,,,,
ae,American Energy,,,,,,
,,,,,,,
post387,post387,02_11_25,nov25,,,,https://truthsocial.com/@realDonaldTrump/posts/115483612584051928
mc,Mike Carey,,,2,2,,
am,American Military / Veterans,,,,,,
ae,American Energy,,,,,,
,,,,,,,
post388,post388,03_11_25,nov25,,,,https://truthsocial.com/@realDonaldTrump/posts/115487407342367814
gb,Gus Bilirakis,,,2,2,,
am,American Military / Veterans,,,,,,
ae,American Energy,,,,,,
,,,,,,,
post389,post389,03_11_25,nov25,,,,https://truthsocial.com/@realDonaldTrump/posts/115487407766645489
vb,Vern Buchanan,,,2,2,,
am,American Military / Veterans,,,,,,
ae,American Energy,,,,,,
,,,,,,,
p390,post390,03_11_25,nov25,,,,https://truthsocial.com/@realDonaldTrump/posts/115487408895007566
sf,Scott Franklin,,,2,2,,
usna,U.S. Naval Academy,,,,,,
umf,U.S. Military Forces,,,,,,
amer,Americans,,,,,,
,,,,,,,
p391,post391,03_11_25,nov25,,,,https://truthsocial.com/@realDonaldTrump/posts/115487409928245363
mdb,Mario Diaz-Balart,,,2,2,,
umf,U.S. Military Forces,,,,,,
amer,Americans,,,,,,
usna,U.S. Naval Academy,,,,,,
,,,,,,,
p392,post392,03_11_25,nov25,,,,https://truthsocial.com/@realDonaldTrump/posts/115487413163865371
sfz,Scott Fitzgerald,,,2,2,,
umf,U.S. Military Forces,,,,,,
amer,Americans,,,,,,
afarm,American Farmers,,,,,,
,,,,,,,
p393,post393,03_11_25,nov25,,,,https://truthsocial.com/@realDonaldTrump/posts/115487413806174322
gg,Glen Grothman,,,2,2,,
umf,U.S. Military Forces,,,,,,
amer,Americans,,,,,,
afarm,American Farmers,,,,,,
,,,,,,,
p394,post394,03_11_25,nov25,,,,
tw,Tony Wied,,,2,2,,https://truthsocial.com/@realDonaldTrump/posts/115487414487226114
umf,U.S. Military Forces,,,,,,
amer,Americans,,,,,,
afarm,American Farmers,,,,,,
,,,,,,,
p395,post395,03_11_25,nov25,,,,https://truthsocial.com/@realDonaldTrump/posts/115487415350975092
bs,Bryan Steil,,,2,2,,
umf,U.S. Military Forces,,,,,,
afarm,American Farmers,,,,,,
amer,Americans,,,,,,
,,,,,,,
p396,post396,03_11_25,nov25,,,,https://truthsocial.com/@realDonaldTrump/posts/115487416040700648
dvo,Derrick Van Orden,,,2,2,,
umf,U.S. Military Forces,,,,,,
afarm,American Farmers,,,,,,
amer,Americans,,,,,,
,,,,,,,
p397,post397,03_11_25,nov25,,,,https://truthsocial.com/@realDonaldTrump/posts/115487416652012147
mf,Mike Flood,,,2,2,,
umf,U.S. Military Forces,,,,,,
amer,Americans,,,,,,
,,,,,,,
p398,post398,03_11_25,nov25,,,,https://truthsocial.com/@realDonaldTrump/posts/115487417269482211
as,Adrian Smith,,,2,2,,
umf,U.S. Military Forces,,,,,,
amer,Americans,,,,,,
,,,,,,,
p399,post399,03_11_25,nov25,,,,https://truthsocial.com/@realDonaldTrump/posts/115487417887119597
sg,Sam Graves,,,2,2,,
umf,U.S. Military Forces,,,,,,
amer,Americans,,,,,,
,,,,,,,
p400,post400,03_11_25,nov25,,,,https://truthsocial.com/@realDonaldTrump/posts/115487418490322231
eb,Eric Burlison,,,2,2,,
umf,U.S. Military Forces,,,,,,
amer,Americans,,,,,,
,,,,,,,
p401,post401,03_11_25,nov25,,,,https://truthsocial.com/@realDonaldTrump/posts/115487419101245893
js,Jason Smith,,,2,2,,
umf,U.S. Military Forces,,,,,,
amer,Americans,,,,,,
,,,,,,,
p402,post402,03_11_25,nov25,,,,https://truthsocial.com/@realDonaldTrump/posts/115487420258581068
aw,Ann Wagner,,,2,2,,
umf,U.S. Military Forces,,,,,,
amer,Americans,,,,,,
,,,,,,,
p403,post403,03_11_25,nov25,,,,https://truthsocial.com/@realDonaldTrump/posts/115487420927533924
bo,Bob Onder,,,2,2,,
umf,U.S. Military Forces,,,,,,
amer,Americans,,,,,,
,,,,,,,
p404,post404,03_11_25,nov25,,,,https://truthsocial.com/@realDonaldTrump/posts/115487421529452815
ma,Mark Alford,,,2,2,,
umf,U.S. Military Forces,,,,,,
amer,Americans,,,,,,
,,,,,,,
p405,post405,03_11_25,nov25,,,,https://truthsocial.com/@realDonaldTrump/posts/115487423040942295
te,Tom Emmer,,,1,2,,
umf,U.S. Military Forces,,,,,,
amer,Americans,,,,,,
,,,,,,,
p406,post406,03_11_25,nov25,,,,https://truthsocial.com/@realDonaldTrump/posts/115487423618581189
te,Michelle Fischbach,,,1,2,,
umf,U.S. Military Forces,,,,,,
amer,Americans,,,,,,
,,,,,,,
p407,post407,03_11_25,nov25,,,,https://truthsocial.com/@realDonaldTrump/posts/115487424416949967
ps,Pete Stauber,,,2,2,,
umf,U.S. Military Forces,,,,,,
leo,Law Enforcement Officers,,,,,,
amer,Americans,,,,,,
,,,,,,,
p408,post408,03_11_25,nov25,,,,https://truthsocial.com/@realDonaldTrump/posts/115487451093103232
rf,Russ Fulcher,,,2,2,,
umf,U.S. Military Forces,,,,,,
afarm,American Farmers,,,,,,
amer,Americans,,,,,,
,,,,,,,
p409,post409,03_11_25,nov25,,,,https://truthsocial.com/@realDonaldTrump/posts/115487451656777132
ms,Mike Simpson,,,2,2,,
umf,U.S. Military Forces,,,,,,
afarm,American Farmers,,,,,,
amer,Americans,,,,,,
leo,Law Enforcement Officers,,,,,,
,,,,,,,
p410,post410,03_11_25,nov25,,,,https://truthsocial.com/@realDonaldTrump/posts/115487452865254311
bc,Ben Cline,,,2,2,,
umf,U.S. Military Forces,,,,,,
leo,Law Enforcement Officers,,,,,,
amer,Americans,,,,,,
,,,,,,,
p411,post411,03_11_25,nov25,,,,https://truthsocial.com/@realDonaldTrump/posts/115487453441228308
mg,Morgan Griffith,,,2,2,,
umf,U.S. Military Forces,,,,,,
amer,Americans,,,,,,
,,,,,,,
p412,post412,03_11_25,nov25,,,,https://truthsocial.com/@realDonaldTrump/posts/115487454024721017
jk,Jen Kiggans,,,2,2,,
umf,U.S. Military Forces,,,,,,
amer,Americans,,,,,,
,,,,,,,
p413,post413,03_11_25,nov25,,,,https://truthsocial.com/@realDonaldTrump/posts/115487454603803196
jm,John McGuire,,,1,2,,
umf,U.S. Military Forces,,,,,,
amer,Americans,,,,,,
,,,,,,,
p414,post414,03_11_25,nov25,,,,https://truthsocial.com/@realDonaldTrump/posts/115487455722792140
dh,Diana Harshbarger,,,1,2,,
umf,U.S. Military Forces,,,,,,
afarm,American Farmers,,,,,,
amer,Americans,,,,,,
,,,,,,,
p415,post415,03_11_25,nov25,,,,https://truthsocial.com/@realDonaldTrump/posts/115487456380926200
tb,Tim Burchett,,,2,2,,
umf,U.S. Military Forces,,,,,,
leo,Law Enforcement Officers,,,,,,
amer,Americans,,,,,,
,,,,,,,
p416,post416,03_11_25,nov25,,,,https://truthsocial.com/@realDonaldTrump/posts/115487456971332644
cfm,Chuck Fleischmann,,,2,2,,
umf,U.S. Military Forces,,,,,,
leo,Law Enforcement Officers,,,,,,
amer,Americans,,,,,,
,,,,,,,
p417,post417,03_11_25,nov25,,,,https://truthsocial.com/@realDonaldTrump/posts/115487507787596823
dk,David Kustoff,,,2,2,,
umf,U.S. Military Forces,,,,,,
leo,Law Enforcement Officers,,,,,,
amer,Americans,,,,,,
,,,,,,,
p418,post418,03_11_25,nov25,,,,https://truthsocial.com/@realDonaldTrump/posts/115487509118195615
sd,Scott DesJarlais,,,1,2,,
umf,U.S. Military Forces,,,,,,
leo,Law Enforcement Officers,,,,,,
amer,Americans,,,,,,
,,,,,,,
p419,post419,03_11_25,nov25,,,,https://truthsocial.com/@realDonaldTrump/posts/115487516919335021
bf,Brad Finstad,,,2,2,,
umf,U.S. Military Forces,,,,,,
leo,Law Enforcement Officers,,,,,,
amer,Americans,,,,,,
,,,,,,,
p420,post420,03_11_25,nov25,,,,https://truthsocial.com/@realDonaldTrump/posts/115487520305552246
rz,Ryan Zinke,,,2,2,,
umf,U.S. Military Forces,,,,,,
leo,Law Enforcement Officers,,,,,,
amer,Americans,,,,,,
,,,,,,,
p421,post421,03_11_25,nov25,,,,https://truthsocial.com/@realDonaldTrump/posts/115487521272358814
td,Troy Downing,,,2,2,,
umf,U.S. Military Forces,,,,,,
amer,Americans,,,,,,
,,,,,,,
p422,post422,03_11_25,nov25,,,,https://truthsocial.com/@realDonaldTrump/posts/115487522476295727
mb,Michael Baumgartner,,,2,2,,
umf,U.S. Military Forces,,,,,,
amer,Americans,,,,,,
,,,,,,,
p423,post423,03_11_25,nov25,,,,https://truthsocial.com/@realDonaldTrump/posts/115487523238345065
ma,Mark Amodei,,,2,2,,
umf,U.S. Military Forces,,,,,,
amer,Americans,,,,,,
,,,,,,,
p424,post424,03_11_25,nov25,,,,https://truthsocial.com/@realDonaldTrump/posts/115487524223496553
jb,Josh Brecheen,,,2,2,,
umf,U.S. Military Forces,,,,,,
amer,Americans,,,,,,
,,,,,,,
p425,post425,03_11_25,nov25,,,,https://truthsocial.com/@realDonaldTrump/posts/115487525182720756
kh,Kevin Hern,,,2,2,,
umf,U.S. Military Forces,,,,,,
amer,Americans,,,,,,
,,,,,,,
p426,post426,03_11_25,nov25,,,,https://truthsocial.com/@realDonaldTrump/posts/115487525926377512
fl,Frank Lucas,,,2,2,,
umf,U.S. Military Forces,,,,,,
amer,Americans,,,,,,
,,,,,,,
p427,post427,03_11_25,nov25,,,,https://truthsocial.com/@realDonaldTrump/posts/115487526694807268
tc,Tom Cole,,,2,2,,
umf,U.S. Military Forces,,,,,,
amer,Americans,,,,,,
,,,,,,,
p428,post428,03_11_25,nov25,,,,https://truthsocial.com/@realDonaldTrump/posts/115487527449007567
sb,Stephanie Bice,,,1,2,,
umf,U.S. Military Forces,,,,,,
amer,Americans,,,,,,
,,,,,,,
p429,post429,03_11_25,nov25,,,,https://truthsocial.com/@realDonaldTrump/posts/115487528401379340
jw,Joe Wilson,,,2,2,,
umf,U.S. Military Forces,,,,,,
amer,Americans,,,,,,
,,,,,,,
p430,post430,03_11_25,nov25,,,,https://truthsocial.com/@realDonaldTrump/posts/115487529176186545
sb,Sheri Biggs,,,1,2,,
umf,U.S. Military Forces,,,,,,
amer,Americans,,,,,,
,,,,,,,
p431,post431,03_11_25,nov25,,,,https://truthsocial.com/@realDonaldTrump/posts/115487530794623341
wt,William Timmons,,,2,2,,
umf,U.S. Military Forces,,,,,,
leo,Law Enforcement Officers,,,,,,
amer,Americans,,,,,,
,,,,,,,
p432,post432,03_11_25,nov25,,,,https://truthsocial.com/@realDonaldTrump/posts/115487533079747054
rf,Russell Fry,,,2,2,,
umf,U.S. Military Forces,,,,,,
leo,Law Enforcement Officers,,,,,,
amer,Americans,,,,,,
,,,,,,,
p433,post433,03_11_25,nov25,,,,https://truthsocial.com/@realDonaldTrump/posts/115487534126970172
cb,Cliff Bentz,,,2,2,,
umf,U.S. Military Forces,,,,,,
leo,Law Enforcement Officers,,,,,,
amer,Americans,,,,,,
,,,,,,,
p434,post434,03_11_25,nov25,,,,https://truthsocial.com/@realDonaldTrump/posts/115487538389910575
eg,Ed Gallrein,,,2,2,,
tm,Thomas Massie,,,2,2,,
umf,U.S. Military Forces,,,,,,
vete,Veterans,,,,,,
gp,Great People of Kentucky,,,,,,
rl,Radical Left,,,,,,
leo,Law Enforcement Officers,,,,,,
amer,Americans,,,,,,
,,,,,,,
p435,post435,03_11_25,nov25,,,,https://truthsocial.com/@realDonaldTrump/posts/115487542470944967
mw,Michael Whatley,,,2,2,,
umf,U.S. Military Forces,,,,,,
vets,Military/Veterans,,,,,,
nc,Great State of North Carolina,,,,,,
leo,Law Enforcement Officers,,,,,,
amer,Americans,,,,,,
,,,,,,,
p436,post436,03_11_25,nov25,,,,https://truthsocial.com/@realDonaldTrump/posts/115487637340888017
ao,Andy Ogles,,,2,2,,
umf,U.S. Military Forces,,,,,,
vets,Military/Veterans,,,,,,
tn,Great People of Tennessee,,,,,,
leo,Law Enforcement Officers,,,,,,
amer,Americans,,,,,,
,,,,,,,
p437,post437,03_11_25,nov25,,,,https://truthsocial.com/@realDonaldTrump/posts/115487657312854919
nl,Nick LaLota,,,2,2,,
umf,U.S. Military Forces,,,,,,
vets,Military/Veterans,,,,,,
ny,Great People of New York,,,,,,
leo,Law Enforcement Officers,,,,,,
amer,Americans,,,,,,
,,,,,,,
p438,post438,03_11_25,nov25,,,,https://truthsocial.com/@realDonaldTrump/posts/115487670248355008
ag,Andrew Garbarino,,,2,2,,
umf,U.S. Military Forces,,,,,,
vets,Military/Veterans,,,,,,
ny,Great People of New York,,,,,,
,,,,,,,
p439,post439,03_11_25,nov25,,,,https://truthsocial.com/@realDonaldTrump/posts/115487671165225276
nm,Nicole Malliotakis,,,1,2,,
umf,U.S. Military Forces,,,,,,
vets,Military/Veterans,,,,,,
ny,Great People of New York,,,,,,
nypd,NYPD,,,,,,
nyfd,NYFD,,,,,,
,,,,,,,
p440,post440,03_11_25,nov25,,,,https://truthsocial.com/@realDonaldTrump/posts/115487671846603737
ml,Mike Lawler,,,2,2,,
umf,U.S. Military Forces,,,,,,
vets,Military/Veterans,,,,,,
ny,Great People of New York,,,,,,
leo,Law Enforcement Officers,,,,,,
,,,,,,,
p441,post441,03_11_25,nov25,,,,https://truthsocial.com/@realDonaldTrump/posts/115487672617211689
nl,Nick Langworthy,,,2,2,,
umf,U.S. Military Forces,,,,,,
vets,Military/Veterans,,,,,,
ny,Great People of New York,,,,,,
,,,,,,,
p442,post442,03_11_25,nov25,,,,https://truthsocial.com/@realDonaldTrump/posts/115488065843902022
kh,Kathy Hochul,,,1,1,,
ct,Connecticut,,,,,,
ne,New England,,,,,,
cny,City of New York,,,,,,
sd,Sean Duffy,,,2,2,,
,,,,,,,
p443,post443,03_11_25,nov25,,,,https://truthsocial.com/@realDonaldTrump/posts/115488069736938548
rlm,Radical Left Media,,,,,,
dem,Democrats,,,,,,
flw,Far Left Wingers,,,,,,
fn,Fake News,,,,,,
,,,,,,,
p444,post444,03_11_25,nov25,,,,https://truthsocial.com/@realDonaldTrump/posts/115488077072288045
zm,Zohran Mamdani,,,2,1,,
cny,New York City,,,,,,
demo,Democrat,,,,,,
cs,Curtis Sliwa,,,2,2,,
ac,Andrew Cuomo,,,2,1,,
comm,Communist,,,,,,
,,,,,,,
p445,post445,03_11_25,nov25,,,,https://truthsocial.com/@realDonaldTrump/posts/115488108743015746
rep,Republicans,,,,,,
demo,Democrats,,,,,,
va,Virginia,,,,,,
nj,New Jersey,,,,,,
,,,,,,,
p446,post446,03_11_25,nov25,,,,https://truthsocial.com/@realDonaldTrump/posts/115488447377350651
ml,Mark Lamb,,,,,,
le,Law Enforcement,,,,,,
vets,Military/Veterans,,,,,,
jf,Jay Feely,,,,,,
cong,Congress,,,,,,
ae,American Energy,,,,,,
,,,,,,,
p447,post447,03_11_25,nov25,,,,https://truthsocial.com/@realDonaldTrump/posts/115488447988115806
rep,Republicans,,,,,,
demo,Democrats,,,,,,
amer,Americans,,,,,,
nj,New Jersey,,,,,,
vir,Virginia,,,,,,
gove,Governor,,,,,,
ag,Attorney General,,,,,,
,,,,,,,
p448,post448,03_11_25,nov25,,,,https://truthsocial.com/@realDonaldTrump/posts/115488448679125333
rep,Republicans,,,,,,
demo,Democrats,,,,,,
amer,Americans,,,,,,
nj,New Jersey,,,,,,
vir,Virginia,,,,,,
ms,Mikie Sherrill,,,1,1,,
as,Abigail Spanberger,,,1,1,,
gov,Governor,,,,,,
ag,Attorney General,,,,,,
,,,,,,,
p449,post449,03_11_25,nov25,,,,https://truthsocial.com/@realDonaldTrump/posts/115488449295708606
rep,Republicans,,,,,,
demo,Democrats,,,,,,
amer,Americans,,,,,,
nj,New Jersey,,,,,,
vir,Virginia,,,,,,
,,,,,,,
p451,post451,04_11_25,nov25,,,,https://truthsocial.com/@realDonaldTrump/posts/115491634358714159
demo,Democrats,,,,,,
rep,Republicans,,,,,,
sc,Supreme Court,,,,,,
cong,Congress,,,,,,
ds,Democrat Senators,,,,,,
,,,,,,,
p452,post452,04_11_25,nov25,,,,https://truthsocial.com/@realDonaldTrump/posts/115491968446085363
je,Jewish person,,,,,,
zm,Zohran Mamdani,,,2,1,,
,,,,,,,
p453,post453,04_11_25,nov25,,,,https://truthsocial.com/@realDonaldTrump/posts/115491996994152487
rep,Republicans,,,,,,
,,,,,,,
p454,post454,04_11_25,nov25,,,,https://truthsocial.com/@realDonaldTrump/posts/115492078911838554
js,Joe Scarborough,,,2,2,,
msnbc,MSNBC,,,,,,
,,,,,,,
p455,post455,04_11_25,nov25,,,,https://truthsocial.com/@realDonaldTrump/posts/115492285081397189
jb,Joe Biden,,,,,,
demo,Democrats,,,,,,
,,,,,,,
p456,post456,04_11_25,nov25,,,,https://truthsocial.com/@realDonaldTrump/posts/115492361756063244
cali,California,,,,,,
rep,Republicans,,,,,,
,,,,,,,
p457,post457,04_11_25,nov25,,,,https://truthsocial.com/@realDonaldTrump/posts/115492832612668287
tenney,Claudia Tenney,,,1,2,,
heic,House Election Integrity Caucus,,,,,,
,,,,,,,
p458,post458,04_11_25,nov25,,,,https://truthsocial.com/@realDonaldTrump/posts/115492840195051630
rwi,Rob Wittman,,,2,2,,
hasc,House Armed Services Committee,,,,,,
,,,,,,,
p459,post459,04_11_25,nov25,,,,https://truthsocial.com/@realDonaldTrump/posts/115493671705492320
scotus,United States Supreme Court,,,,,,
,,,,,,,
p460,post460,04_11_25,nov25,,,,https://truthsocial.com/@realDonaldTrump/posts/115493742592679097
repswi,Representatives of Switzerland,,,,,,
jgreer,Jamieson Greer,,,,,,
,,,,,,,
p461,post461,04_11_25,nov25,,,,https://truthsocial.com/@realDonaldTrump/posts/115493792769655959
jc,Jack Ciattarelli,,,,,,
oj,Orthodox Jews in NJ,,,,,,
kol,Kollel students,,,,,,
yesh,Yeshiva students,,,,,,
,,,,,,,
p462,post462,04_11_25,nov25,,,,https://truthsocial.com/@realDonaldTrump/posts/115493839582779089
sdu,Sean Duffy,,,,,,
nasa,National Aeronautics and Space Administration,,,,,,
ji,Jared Isaacman,,,2,1,,
mi,Monica Isaacman,,,1,,,
mila,Mila Isaacman,,,1,,,
liv,Liv Isaacman,,,1,,,
,,,,,,,
p463,post463,04_11_25,nov25,,,,https://truthsocial.com/@realDonaldTrump/posts/115494928414626214
minu,60 Minutes,,,,,,
cbs,CBS,,,,,,
,,,,,,,
p464,post464,04_11_25,nov25,,,,https://truthsocial.com/@realDonaldTrump/posts/115495015896453646
rep,Republicans,,,,,,
,,,,,,,
p465,post465,04_11_25,nov25,,,,https://truthsocial.com/@realDonaldTrump/posts/115495081097004172
ussc,U.S. Supreme Court,,,,,,
,,,,,,,
p466,post466,05_11_25,nov25,,,,https://truthsocial.com/@realDonaldTrump/posts/115497796099239673
amerp,American People,,,,,,
us,United States,,,,,,
,,,,,,,
p467,post467,05_11_25,nov25,,,,https://truthsocial.com/@realDonaldTrump/posts/115499168374068086
cs,Chuck Schumer,,,2,1,,
cong,Congress,,,,,,
,,,,,,,
p468,post468,05_11_25,nov25,,,,https://truthsocial.com/@realDonaldTrump/posts/115499172943770311
demo,Democrats,,,,,,
amer,Americans,,,,,,
fg,Federal Government,,,,,,
trav,Travelers,,,,,,
,,,,,,,
p469,post469,05_11_25,nov25,,,,https://truthsocial.com/@realDonaldTrump/posts/115499177304548955
demo,Democrats,,,,,,
cong,Congress,,,,,,
amerp,American People,,,,,,
illali,Illegal Aliens,,,,,,
,,,,,,,
p470,post470,05_11_25,nov25,,,,https://truthsocial.com/@realDonaldTrump/posts/115499184567907673
amerp,American People,,,,,,
tp,The public,,,,,,
amw,American Workers,,,,,,
,,,,,,,
p471,post471,05_11_25,nov25,,,,https://truthsocial.com/@realDonaldTrump/posts/115499196526115634
us,United States,,,,,,
mil,Military,,,,,,
,,,,,,,
p472,post472,05_11_25,nov25,,,,https://truthsocial.com/@realDonaldTrump/posts/115499222370397593
us,United States,,,,,,
amerp,American People,,,,,,
ameco,American Economy,,,,,,
,,,,,,,
p473,post473,05_11_25,nov25,,,,https://truthsocial.com/@realDonaldTrump/posts/115499313489581846
fs,Francis Suarez,,,2,2,,
cmia,Miami,,,,,,
,,,,,,,
p474,post474,05_11_25,nov25,,,,https://truthsocial.com/@realDonaldTrump/posts/115499324245510580
us,United States,,,,,,
dow,Department of War,,,,,,
,,,,,,,
p475,post475,05_11_25,nov25,,,,https://truthsocial.com/@realDonaldTrump/posts/115499354921504983
us,United States,,,,,,
cp,Christian Population,,,,,,
nga,Nigeria,,,,,,
,,,,,,,
p476,post476,05_11_25,nov,,,,https://truthsocial.com/@realDonaldTrump/posts/115499436761437618
asia,Asia,,,,,,
us,United States,,,,,,
,,,,,,,
p478,post478,05_11_25,nov25,,,,https://truthsocial.com/@realDonaldTrump/posts/115499529258415888
st,Sanae Takaichi,,,1,3,,
jp,Japan,,,,,,
,,,,,,,
p479,post479,05_11_25,nov25,,,,https://truthsocial.com/@realDonaldTrump/posts/115499540273989970
xi,President Xi,,,2,3,,
chi,China,,,,,,
,,,,,,,
p480,post480,05_11_25,nov25,,,,https://truthsocial.com/@realDonaldTrump/posts/115499595196200926
cbob,Christina Bobb,,,1,2,,
jsmi,Jack Smith,,,2,3,,
bida,Biden Administration,,,,,,
amerp,American People,,,,,,
rlde,Radical Left Democrats,,,,,,
marla,Mar-a-Lago,,,,,,
trum,Trump Movement,,,,,,
,,,,,,,
p481,post481,05_11_25,nov25,,,,https://truthsocial.com/@realDonaldTrump/posts/115499601111135687
pnav,Peter Navarro,,,1,3,,
bida,Biden Administration,,,2,1,,
demo,Democrats,,,,,,
amerp,American People,,,,,,
gap,Great American Patriots,,,,,,
,,,,,,,
p482,post482,05_11_25,nov25,,,,https://truthsocial.com/@realDonaldTrump/posts/115499609714844979
blou,Barry Loudermilk,,,2,2,,
ga,Georgia,,,,,,
,,,,,,,
p483,post483,05_11_25,nov25,,,,https://truthsocial.com/@realDonaldTrump/posts/115499615432000308
gc,Gianno Caldwell,,,2,,,
cc,City of Chicago,,,,,,
,,,,,,,
p484,post484,05_11_25,nov25,,,,https://truthsocial.com/@realDonaldTrump/posts/115499621107006705
np,Nicole Parker,,,1,,,
fbi,FBI,,,,,,
,,,,,,,
p485,post485,05_11_25,nov25,,,,https://truthsocial.com/@realDonaldTrump/posts/115499622304174991
wm,Walmart,,,,,,
jb,Joe Biden,,,2,1,,
,,,,,,,
p486,post486,05_11_25,nov25,,,,https://truthsocial.com/@realDonaldTrump/posts/115499626990484138
ngov,Nigerian Government,,,,,,
ch,Christians,,,,,,
,,,,,,,
p487,post487,05_11_25,nov25,,,,https://truthsocial.com/@realDonaldTrump/posts/115499661270945292
ob,Obamacare,,,,,,
,,,,,,,
p488,post488,05_11_25,nov25,,,,https://truthsocial.com/@realDonaldTrump/posts/115499694708692358
rep,Republicans,,,,,,
,,,,,,,
p490,post490,05_11_25,nov25,,,,https://truthsocial.com/@realDonaldTrump/posts/115499724149347850
amer,American People,,,,,,
,,,,,,,
p491,post491,06_11_25,nov25,,,,https://truthsocial.com/@realDonaldTrump/posts/115503140217634129
jb,Joe Biden,,,,,,
demo,Democrats,,,,,,
wm,Walmart,,,,,,
,,,,,,,
p492,post492,06_11_25,nov25,,,,https://truthsocial.com/@realDonaldTrump/posts/115503780433465879
demo,Democrats,,,,,,
rep,Republicans,,,,,,
,,,,,,,
p493,post493,06_11_25,nov25,,,,https://truthsocial.com/@realDonaldTrump/posts/115504973020459337
jl,Joe Lombardo,,,2,2,,
le,Law Enforcement,,,,,,
umf,U.S. Military Forces,,,,,,
vet,Veterans,,,,,,
amer,American People,,,,,,
,,,,,,,
p494,Post 494,06_11_25,nov25,,,,https://truthsocial.com/@realDonaldTrump/posts/115505478418176575
bn,Benjamin Netanyahu,,,2,3,,
il,Israel,,,,,,
kt,Kassym-Jomart Tokayev,,,2,3,,
kz,Kazakhstan,,,,,,
co,Countries,,,,,,
aa,Abraham Accords,,,,,,
,,,,,,,
p495,Post 495,06_11_25,nov25,,,,https://truthsocial.com/@realDonaldTrump/posts/115506045885898474
us,United States,,,,,,
uz,Uzbekistan,,,,,,
sm,Shavkat Mirziyoyev,,,2,3,,
as,American Sectors,,,,,,
,,,,,,,
p496,post496,07_11_25,nov25,,,,https://truthsocial.com/@realDonaldTrump/posts/115508680705242553
np,Nancy Pelosi,,,1,1,,
amer,Americans,,,,,,
,,,,,,,
p497,post497,07_11_25,nov25,,,,https://truthsocial.com/@realDonaldTrump/posts/115508699750416036
rep,Republicans,,,,,,
demo,Democrats,,,,,,
,,,,,,,
p498,post498,07_11_25,nov25,,,,https://truthsocial.com/@realDonaldTrump/posts/115509306635941834
rep,Republicans,,,,,,
,,,,,,,
p499,post499,07_11_25,Nov.25,,,,https://truthsocial.com/@realDonaldTrump/posts/115510343852481018
doj,Department of Justice,,,,,,
afarm,American Farmers,,,,,,
atp,American Taxpayers,,,,,,
corp,Corporations,,,,,,
,,,,,,,
p500,post500,07_11_25,nov25,,,,https://truthsocial.com/@realDonaldTrump/posts/115510485436664476
uss,United States Senate,,,,,,
rep,Republicans,,,,,,
amerw,American Workers,,,,,,
,,,,,,,
p501,post501,07_11_25,nov25,,,,https://truthsocial.com/@realDonaldTrump/posts/115510666739916664
g20,G20,,,,,,
afrik,Afrikaners,,,,,,
southaf,South Africa,,,,,,
dutch,Dutch Settlers,,,,,,
french,French Immigrants,,,,,,
germ,German Immigrants,,,,,,
usoff,U.S. Government Official,,,,,,
cmia,Miami,,,,,,
fl,Florida,,,,,,
,,,,,,,
p502,post502,07_11_25,nov25,,,,https://truthsocial.com/@realDonaldTrump/posts/115510780457859130
jkenn,John Kennedy,,,2,1,,
rp,Rand Paul,,,2,2,,
moc,Members of Congress,,,,,,
cong,Congress,,,,,,
,,,,,,,
p503,post503,07_11_25,nov25,,,,https://truthsocial.com/@realDonaldTrump/posts/115511090849508843
nyt,The New York Times,,,,,,
lkuo,Lily Kuo,,,1,,,
dpi,David Pierson,,,2,,,
xi,Xi Jinping,,,2,3,,
chi,China,,,,,,
usa,United States,,,,,,
world,World,,,,,,
,,,,,,,
p504,post504,07_11_25,nov25,,,,https://truthsocial.com/@realDonaldTrump/posts/115511314225352462
repsen,Republican Senators,,,,,,
demo,Democrats,,,,,,
us,United States,,,,,,
,,,,,,,
p505,post505,07_11_25,nov25,,,,https://truthsocial.com/@realDonaldTrump/posts/115511412965888296
tok,Kassym-Jomart Tokayev,,,2,3,,
mirz,Shavkat Mirziyoyev,,,2,3,,
rahm,Emomali Rahmon,,,2,3,,
jap,Sadyr Japarov,,,2,3,,
berd,Serdar Berdimuhamedov,,,2,3,,
kaz,Kazakhstan,,,,,,
uzb,Uzbekistan,,,,,,
taj,Tajikistan,,,,,,
kyr,Kyrgyz Republic,,,,,,
turk,Turkmenistan,,,,,,
usa,United States,,,,,,
whiho,White House,,,,,,
c51,C5+1 Platform,,,,,,